[0.000000] (-) TimerEvent: {}
[0.000537] (arduino_bridge) JobQueued: {'identifier': 'arduino_bridge', 'dependencies': OrderedDict()}
[0.000666] (nv21_converter_pkg) JobQueued: {'identifier': 'nv21_converter_pkg', 'dependencies': OrderedDict()}
[0.000743] (robot_control) JobQueued: {'identifier': 'robot_control', 'dependencies': OrderedDict()}
[0.000784] (robot_description) JobQueued: {'identifier': 'robot_description', 'dependencies': OrderedDict()}
[0.000848] (robot_hardware) JobQueued: {'identifier': 'robot_hardware', 'dependencies': OrderedDict()}
[0.000905] (robot_interfaces) JobQueued: {'identifier': 'robot_interfaces', 'dependencies': OrderedDict()}
[0.000998] (robot_perception) JobQueued: {'identifier': 'robot_perception', 'dependencies': OrderedDict()}
[0.001026] (robot_sensors) JobQueued: {'identifier': 'robot_sensors', 'dependencies': OrderedDict()}
[0.001058] (ros2arduino_bridge) JobQueued: {'identifier': 'ros2arduino_bridge', 'dependencies': OrderedDict()}
[0.001088] (vision_system) JobQueued: {'identifier': 'vision_system', 'dependencies': OrderedDict()}
[0.001174] (robot_gazebo) JobQueued: {'identifier': 'robot_gazebo', 'dependencies': OrderedDict([('robot_control', '/root/Dojo/Dojo/install/robot_control'), ('robot_description', '/root/Dojo/Dojo/install/robot_description')])}
[0.001204] (robot_launch) JobQueued: {'identifier': 'robot_launch', 'dependencies': OrderedDict([('robot_control', '/root/Dojo/Dojo/install/robot_control'), ('robot_description', '/root/Dojo/Dojo/install/robot_description')])}
[0.001227] (robot_navigation) JobQueued: {'identifier': 'robot_navigation', 'dependencies': OrderedDict([('robot_control', '/root/Dojo/Dojo/install/robot_control'), ('robot_description', '/root/Dojo/Dojo/install/robot_description')])}
[0.001277] (robot_bringup) JobQueued: {'identifier': 'robot_bringup', 'dependencies': OrderedDict([('robot_control', '/root/Dojo/Dojo/install/robot_control'), ('robot_description', '/root/Dojo/Dojo/install/robot_description'), ('robot_hardware', '/root/Dojo/Dojo/install/robot_hardware'), ('robot_perception', '/root/Dojo/Dojo/install/robot_perception'), ('robot_navigation', '/root/Dojo/Dojo/install/robot_navigation')])}
[0.001309] (robot_control) JobStarted: {'identifier': 'robot_control'}
[0.007479] (robot_description) JobStarted: {'identifier': 'robot_description'}
[0.011153] (robot_hardware) JobStarted: {'identifier': 'robot_hardware'}
[0.016292] (robot_perception) JobStarted: {'identifier': 'robot_perception'}
[0.020320] (arduino_bridge) JobStarted: {'identifier': 'arduino_bridge'}
[0.026510] (nv21_converter_pkg) JobStarted: {'identifier': 'nv21_converter_pkg'}
[0.031536] (robot_interfaces) JobStarted: {'identifier': 'robot_interfaces'}
[0.035622] (robot_sensors) JobStarted: {'identifier': 'robot_sensors'}
[0.041038] (ros2arduino_bridge) JobStarted: {'identifier': 'ros2arduino_bridge'}
[0.046123] (vision_system) JobStarted: {'identifier': 'vision_system'}
[0.054348] (robot_control) JobProgress: {'identifier': 'robot_control', 'progress': 'cmake'}
[0.055108] (robot_control) Command: {'cmd': ['/usr/bin/cmake', '/root/Dojo/Dojo/src/robot_control', '-DAMENT_CMAKE_SYMLINK_INSTALL=1', '-DCMAKE_INSTALL_PREFIX=/root/Dojo/Dojo/install/robot_control'], 'cwd': '/root/Dojo/Dojo/build/robot_control', 'env': OrderedDict([('HOSTNAME', 'gareth-joel-HP-Pavilion-Gaming-Laptop-15-ec2xxx'), ('SHLVL', '1'), ('LD_LIBRARY_PATH', '/usr/lib/x86_64-linux-gnu/gazebo-11/plugins:/opt/ros/humble/opt/rviz_ogre_vendor/lib:/opt/ros/humble/lib/x86_64-linux-gnu:/opt/ros/humble/lib'), ('HOME', '/root'), ('OLDPWD', '/root/Dojo'), ('ROS_PYTHON_VERSION', '3'), ('COLCON_PREFIX_PATH', '/root/Dojo/install'), ('ROS_DISTRO', 'humble'), ('_', '/usr/bin/colcon'), ('ROS_VERSION', '2'), ('TERM', 'xterm'), ('ROS_LOCALHOST_ONLY', '0'), ('QT_X11_NO_MITSHM', '1'), ('PATH', '/opt/ros/humble/bin:/usr/local/sbin:/usr/local/bin:/usr/sbin:/usr/bin:/sbin:/bin'), ('DISPLAY', ':0'), ('LANG', 'C.UTF-8'), ('LS_COLORS', 'rs=0:di=01;34:ln=01;36:mh=00:pi=40;33:so=01;35:do=01;35:bd=40;33;01:cd=40;33;01:or=40;31;01:mi=00:su=37;41:sg=30;43:ca=30;41:tw=30;42:ow=34;42:st=37;44:ex=01;32:*.tar=01;31:*.tgz=01;31:*.arc=01;31:*.arj=01;31:*.taz=01;31:*.lha=01;31:*.lz4=01;31:*.lzh=01;31:*.lzma=01;31:*.tlz=01;31:*.txz=01;31:*.tzo=01;31:*.t7z=01;31:*.zip=01;31:*.z=01;31:*.dz=01;31:*.gz=01;31:*.lrz=01;31:*.lz=01;31:*.lzo=01;31:*.xz=01;31:*.zst=01;31:*.tzst=01;31:*.bz2=01;31:*.bz=01;31:*.tbz=01;31:*.tbz2=01;31:*.tz=01;31:*.deb=01;31:*.rpm=01;31:*.jar=01;31:*.war=01;31:*.ear=01;31:*.sar=01;31:*.rar=01;31:*.alz=01;31:*.ace=01;31:*.zoo=01;31:*.cpio=01;31:*.7z=01;31:*.rz=01;31:*.cab=01;31:*.wim=01;31:*.swm=01;31:*.dwm=01;31:*.esd=01;31:*.jpg=01;35:*.jpeg=01;35:*.mjpg=01;35:*.mjpeg=01;35:*.gif=01;35:*.bmp=01;35:*.pbm=01;35:*.pgm=01;35:*.ppm=01;35:*.tga=01;35:*.xbm=01;35:*.xpm=01;35:*.tif=01;35:*.tiff=01;35:*.png=01;35:*.svg=01;35:*.svgz=01;35:*.mng=01;35:*.pcx=01;35:*.mov=01;35:*.mpg=01;35:*.mpeg=01;35:*.m2v=01;35:*.mkv=01;35:*.webm=01;35:*.webp=01;35:*.ogm=01;35:*.mp4=01;35:*.m4v=01;35:*.mp4v=01;35:*.vob=01;35:*.qt=01;35:*.nuv=01;35:*.wmv=01;35:*.asf=01;35:*.rm=01;35:*.rmvb=01;35:*.flc=01;35:*.avi=01;35:*.fli=01;35:*.flv=01;35:*.gl=01;35:*.dl=01;35:*.xcf=01;35:*.xwd=01;35:*.yuv=01;35:*.cgm=01;35:*.emf=01;35:*.ogv=01;35:*.ogx=01;35:*.aac=00;36:*.au=00;36:*.flac=00;36:*.m4a=00;36:*.mid=00;36:*.midi=00;36:*.mka=00;36:*.mp3=00;36:*.mpc=00;36:*.ogg=00;36:*.ra=00;36:*.wav=00;36:*.oga=00;36:*.opus=00;36:*.spx=00;36:*.xspf=00;36:'), ('ROS_DOMAIN_ID', '7'), ('AMENT_PREFIX_PATH', '/root/Dojo/install/robot_hardware:/opt/ros/humble'), ('PWD', '/root/Dojo/Dojo/build/robot_control'), ('LC_ALL', 'C.UTF-8'), ('PYTHONPATH', '/root/Dojo/build/robot_hardware:/root/Dojo/install/robot_hardware/lib/python3.10/site-packages:/opt/ros/humble/lib/python3.10/site-packages:/opt/ros/humble/local/lib/python3.10/dist-packages'), ('COLCON', '1'), ('CMAKE_PREFIX_PATH', '/root/Dojo/install/robot_perception:/root/Dojo/install/robot_hardware:/opt/ros/humble')]), 'shell': False}
[0.057454] (robot_description) JobProgress: {'identifier': 'robot_description', 'progress': 'cmake'}
[0.058569] (robot_description) Command: {'cmd': ['/usr/bin/cmake', '/root/Dojo/Dojo/src/robot_description', '-DAMENT_CMAKE_SYMLINK_INSTALL=1', '-DCMAKE_INSTALL_PREFIX=/root/Dojo/Dojo/install/robot_description'], 'cwd': '/root/Dojo/Dojo/build/robot_description', 'env': OrderedDict([('HOSTNAME', 'gareth-joel-HP-Pavilion-Gaming-Laptop-15-ec2xxx'), ('SHLVL', '1'), ('LD_LIBRARY_PATH', '/usr/lib/x86_64-linux-gnu/gazebo-11/plugins:/opt/ros/humble/opt/rviz_ogre_vendor/lib:/opt/ros/humble/lib/x86_64-linux-gnu:/opt/ros/humble/lib'), ('HOME', '/root'), ('OLDPWD', '/root/Dojo'), ('ROS_PYTHON_VERSION', '3'), ('COLCON_PREFIX_PATH', '/root/Dojo/install'), ('ROS_DISTRO', 'humble'), ('_', '/usr/bin/colcon'), ('ROS_VERSION', '2'), ('TERM', 'xterm'), ('ROS_LOCALHOST_ONLY', '0'), ('QT_X11_NO_MITSHM', '1'), ('PATH', '/opt/ros/humble/bin:/usr/local/sbin:/usr/local/bin:/usr/sbin:/usr/bin:/sbin:/bin'), ('DISPLAY', ':0'), ('LANG', 'C.UTF-8'), ('LS_COLORS', 'rs=0:di=01;34:ln=01;36:mh=00:pi=40;33:so=01;35:do=01;35:bd=40;33;01:cd=40;33;01:or=40;31;01:mi=00:su=37;41:sg=30;43:ca=30;41:tw=30;42:ow=34;42:st=37;44:ex=01;32:*.tar=01;31:*.tgz=01;31:*.arc=01;31:*.arj=01;31:*.taz=01;31:*.lha=01;31:*.lz4=01;31:*.lzh=01;31:*.lzma=01;31:*.tlz=01;31:*.txz=01;31:*.tzo=01;31:*.t7z=01;31:*.zip=01;31:*.z=01;31:*.dz=01;31:*.gz=01;31:*.lrz=01;31:*.lz=01;31:*.lzo=01;31:*.xz=01;31:*.zst=01;31:*.tzst=01;31:*.bz2=01;31:*.bz=01;31:*.tbz=01;31:*.tbz2=01;31:*.tz=01;31:*.deb=01;31:*.rpm=01;31:*.jar=01;31:*.war=01;31:*.ear=01;31:*.sar=01;31:*.rar=01;31:*.alz=01;31:*.ace=01;31:*.zoo=01;31:*.cpio=01;31:*.7z=01;31:*.rz=01;31:*.cab=01;31:*.wim=01;31:*.swm=01;31:*.dwm=01;31:*.esd=01;31:*.jpg=01;35:*.jpeg=01;35:*.mjpg=01;35:*.mjpeg=01;35:*.gif=01;35:*.bmp=01;35:*.pbm=01;35:*.pgm=01;35:*.ppm=01;35:*.tga=01;35:*.xbm=01;35:*.xpm=01;35:*.tif=01;35:*.tiff=01;35:*.png=01;35:*.svg=01;35:*.svgz=01;35:*.mng=01;35:*.pcx=01;35:*.mov=01;35:*.mpg=01;35:*.mpeg=01;35:*.m2v=01;35:*.mkv=01;35:*.webm=01;35:*.webp=01;35:*.ogm=01;35:*.mp4=01;35:*.m4v=01;35:*.mp4v=01;35:*.vob=01;35:*.qt=01;35:*.nuv=01;35:*.wmv=01;35:*.asf=01;35:*.rm=01;35:*.rmvb=01;35:*.flc=01;35:*.avi=01;35:*.fli=01;35:*.flv=01;35:*.gl=01;35:*.dl=01;35:*.xcf=01;35:*.xwd=01;35:*.yuv=01;35:*.cgm=01;35:*.emf=01;35:*.ogv=01;35:*.ogx=01;35:*.aac=00;36:*.au=00;36:*.flac=00;36:*.m4a=00;36:*.mid=00;36:*.midi=00;36:*.mka=00;36:*.mp3=00;36:*.mpc=00;36:*.ogg=00;36:*.ra=00;36:*.wav=00;36:*.oga=00;36:*.opus=00;36:*.spx=00;36:*.xspf=00;36:'), ('ROS_DOMAIN_ID', '7'), ('AMENT_PREFIX_PATH', '/root/Dojo/install/robot_hardware:/opt/ros/humble'), ('PWD', '/root/Dojo/Dojo/build/robot_description'), ('LC_ALL', 'C.UTF-8'), ('PYTHONPATH', '/root/Dojo/build/robot_hardware:/root/Dojo/install/robot_hardware/lib/python3.10/site-packages:/opt/ros/humble/lib/python3.10/site-packages:/opt/ros/humble/local/lib/python3.10/dist-packages'), ('COLCON', '1'), ('CMAKE_PREFIX_PATH', '/root/Dojo/install/robot_perception:/root/Dojo/install/robot_hardware:/opt/ros/humble')]), 'shell': False}
[0.099681] (-) TimerEvent: {}
[0.199974] (-) TimerEvent: {}
[0.300305] (-) TimerEvent: {}
[0.394325] (robot_perception) JobProgress: {'identifier': 'robot_perception', 'progress': 'cmake'}
[0.394942] (robot_perception) Command: {'cmd': ['/usr/bin/cmake', '/root/Dojo/Dojo/src/robot_perception', '-DCMAKE_INSTALL_PREFIX=/root/Dojo/Dojo/install/robot_perception'], 'cwd': '/root/Dojo/Dojo/build/robot_perception', 'env': OrderedDict([('HOSTNAME', 'gareth-joel-HP-Pavilion-Gaming-Laptop-15-ec2xxx'), ('SHLVL', '1'), ('LD_LIBRARY_PATH', '/usr/lib/x86_64-linux-gnu/gazebo-11/plugins:/opt/ros/humble/opt/rviz_ogre_vendor/lib:/opt/ros/humble/lib/x86_64-linux-gnu:/opt/ros/humble/lib'), ('HOME', '/root'), ('OLDPWD', '/root/Dojo'), ('ROS_PYTHON_VERSION', '3'), ('COLCON_PREFIX_PATH', '/root/Dojo/install'), ('ROS_DISTRO', 'humble'), ('_', '/usr/bin/colcon'), ('ROS_VERSION', '2'), ('TERM', 'xterm'), ('ROS_LOCALHOST_ONLY', '0'), ('QT_X11_NO_MITSHM', '1'), ('PATH', '/opt/ros/humble/bin:/usr/local/sbin:/usr/local/bin:/usr/sbin:/usr/bin:/sbin:/bin'), ('DISPLAY', ':0'), ('LANG', 'C.UTF-8'), ('LS_COLORS', 'rs=0:di=01;34:ln=01;36:mh=00:pi=40;33:so=01;35:do=01;35:bd=40;33;01:cd=40;33;01:or=40;31;01:mi=00:su=37;41:sg=30;43:ca=30;41:tw=30;42:ow=34;42:st=37;44:ex=01;32:*.tar=01;31:*.tgz=01;31:*.arc=01;31:*.arj=01;31:*.taz=01;31:*.lha=01;31:*.lz4=01;31:*.lzh=01;31:*.lzma=01;31:*.tlz=01;31:*.txz=01;31:*.tzo=01;31:*.t7z=01;31:*.zip=01;31:*.z=01;31:*.dz=01;31:*.gz=01;31:*.lrz=01;31:*.lz=01;31:*.lzo=01;31:*.xz=01;31:*.zst=01;31:*.tzst=01;31:*.bz2=01;31:*.bz=01;31:*.tbz=01;31:*.tbz2=01;31:*.tz=01;31:*.deb=01;31:*.rpm=01;31:*.jar=01;31:*.war=01;31:*.ear=01;31:*.sar=01;31:*.rar=01;31:*.alz=01;31:*.ace=01;31:*.zoo=01;31:*.cpio=01;31:*.7z=01;31:*.rz=01;31:*.cab=01;31:*.wim=01;31:*.swm=01;31:*.dwm=01;31:*.esd=01;31:*.jpg=01;35:*.jpeg=01;35:*.mjpg=01;35:*.mjpeg=01;35:*.gif=01;35:*.bmp=01;35:*.pbm=01;35:*.pgm=01;35:*.ppm=01;35:*.tga=01;35:*.xbm=01;35:*.xpm=01;35:*.tif=01;35:*.tiff=01;35:*.png=01;35:*.svg=01;35:*.svgz=01;35:*.mng=01;35:*.pcx=01;35:*.mov=01;35:*.mpg=01;35:*.mpeg=01;35:*.m2v=01;35:*.mkv=01;35:*.webm=01;35:*.webp=01;35:*.ogm=01;35:*.mp4=01;35:*.m4v=01;35:*.mp4v=01;35:*.vob=01;35:*.qt=01;35:*.nuv=01;35:*.wmv=01;35:*.asf=01;35:*.rm=01;35:*.rmvb=01;35:*.flc=01;35:*.avi=01;35:*.fli=01;35:*.flv=01;35:*.gl=01;35:*.dl=01;35:*.xcf=01;35:*.xwd=01;35:*.yuv=01;35:*.cgm=01;35:*.emf=01;35:*.ogv=01;35:*.ogx=01;35:*.aac=00;36:*.au=00;36:*.flac=00;36:*.m4a=00;36:*.mid=00;36:*.midi=00;36:*.mka=00;36:*.mp3=00;36:*.mpc=00;36:*.ogg=00;36:*.ra=00;36:*.wav=00;36:*.oga=00;36:*.opus=00;36:*.spx=00;36:*.xspf=00;36:'), ('ROS_DOMAIN_ID', '7'), ('AMENT_PREFIX_PATH', '/root/Dojo/install/robot_hardware:/opt/ros/humble'), ('PWD', '/root/Dojo/Dojo/build/robot_perception'), ('LC_ALL', 'C.UTF-8'), ('PYTHONPATH', '/root/Dojo/build/robot_hardware:/root/Dojo/install/robot_hardware/lib/python3.10/site-packages:/opt/ros/humble/lib/python3.10/site-packages:/opt/ros/humble/local/lib/python3.10/dist-packages'), ('COLCON', '1'), ('CMAKE_PREFIX_PATH', '/root/Dojo/install/robot_perception')]), 'shell': False}
[0.400386] (-) TimerEvent: {}
[0.500696] (-) TimerEvent: {}
[0.601034] (-) TimerEvent: {}
[0.701380] (-) TimerEvent: {}
[0.801742] (-) TimerEvent: {}
[0.902083] (-) TimerEvent: {}
[1.002416] (-) TimerEvent: {}
[1.091034] (robot_interfaces) JobProgress: {'identifier': 'robot_interfaces', 'progress': 'cmake'}
[1.091770] (robot_interfaces) Command: {'cmd': ['/usr/bin/cmake', '/root/Dojo/Dojo/src/robot_interfaces', '-DAMENT_CMAKE_SYMLINK_INSTALL=1', '-DCMAKE_INSTALL_PREFIX=/root/Dojo/Dojo/install/robot_interfaces'], 'cwd': '/root/Dojo/Dojo/build/robot_interfaces', 'env': OrderedDict([('HOSTNAME', 'gareth-joel-HP-Pavilion-Gaming-Laptop-15-ec2xxx'), ('SHLVL', '1'), ('LD_LIBRARY_PATH', '/usr/lib/x86_64-linux-gnu/gazebo-11/plugins:/opt/ros/humble/opt/rviz_ogre_vendor/lib:/opt/ros/humble/lib/x86_64-linux-gnu:/opt/ros/humble/lib'), ('HOME', '/root'), ('OLDPWD', '/root/Dojo'), ('ROS_PYTHON_VERSION', '3'), ('COLCON_PREFIX_PATH', '/root/Dojo/install'), ('ROS_DISTRO', 'humble'), ('_', '/usr/bin/colcon'), ('ROS_VERSION', '2'), ('TERM', 'xterm'), ('ROS_LOCALHOST_ONLY', '0'), ('QT_X11_NO_MITSHM', '1'), ('PATH', '/opt/ros/humble/bin:/usr/local/sbin:/usr/local/bin:/usr/sbin:/usr/bin:/sbin:/bin'), ('DISPLAY', ':0'), ('LANG', 'C.UTF-8'), ('LS_COLORS', 'rs=0:di=01;34:ln=01;36:mh=00:pi=40;33:so=01;35:do=01;35:bd=40;33;01:cd=40;33;01:or=40;31;01:mi=00:su=37;41:sg=30;43:ca=30;41:tw=30;42:ow=34;42:st=37;44:ex=01;32:*.tar=01;31:*.tgz=01;31:*.arc=01;31:*.arj=01;31:*.taz=01;31:*.lha=01;31:*.lz4=01;31:*.lzh=01;31:*.lzma=01;31:*.tlz=01;31:*.txz=01;31:*.tzo=01;31:*.t7z=01;31:*.zip=01;31:*.z=01;31:*.dz=01;31:*.gz=01;31:*.lrz=01;31:*.lz=01;31:*.lzo=01;31:*.xz=01;31:*.zst=01;31:*.tzst=01;31:*.bz2=01;31:*.bz=01;31:*.tbz=01;31:*.tbz2=01;31:*.tz=01;31:*.deb=01;31:*.rpm=01;31:*.jar=01;31:*.war=01;31:*.ear=01;31:*.sar=01;31:*.rar=01;31:*.alz=01;31:*.ace=01;31:*.zoo=01;31:*.cpio=01;31:*.7z=01;31:*.rz=01;31:*.cab=01;31:*.wim=01;31:*.swm=01;31:*.dwm=01;31:*.esd=01;31:*.jpg=01;35:*.jpeg=01;35:*.mjpg=01;35:*.mjpeg=01;35:*.gif=01;35:*.bmp=01;35:*.pbm=01;35:*.pgm=01;35:*.ppm=01;35:*.tga=01;35:*.xbm=01;35:*.xpm=01;35:*.tif=01;35:*.tiff=01;35:*.png=01;35:*.svg=01;35:*.svgz=01;35:*.mng=01;35:*.pcx=01;35:*.mov=01;35:*.mpg=01;35:*.mpeg=01;35:*.m2v=01;35:*.mkv=01;35:*.webm=01;35:*.webp=01;35:*.ogm=01;35:*.mp4=01;35:*.m4v=01;35:*.mp4v=01;35:*.vob=01;35:*.qt=01;35:*.nuv=01;35:*.wmv=01;35:*.asf=01;35:*.rm=01;35:*.rmvb=01;35:*.flc=01;35:*.avi=01;35:*.fli=01;35:*.flv=01;35:*.gl=01;35:*.dl=01;35:*.xcf=01;35:*.xwd=01;35:*.yuv=01;35:*.cgm=01;35:*.emf=01;35:*.ogv=01;35:*.ogx=01;35:*.aac=00;36:*.au=00;36:*.flac=00;36:*.m4a=00;36:*.mid=00;36:*.midi=00;36:*.mka=00;36:*.mp3=00;36:*.mpc=00;36:*.ogg=00;36:*.ra=00;36:*.wav=00;36:*.oga=00;36:*.opus=00;36:*.spx=00;36:*.xspf=00;36:'), ('ROS_DOMAIN_ID', '7'), ('AMENT_PREFIX_PATH', '/root/Dojo/install/robot_hardware:/opt/ros/humble'), ('PWD', '/root/Dojo/Dojo/build/robot_interfaces'), ('LC_ALL', 'C.UTF-8'), ('PYTHONPATH', '/root/Dojo/build/robot_hardware:/root/Dojo/install/robot_hardware/lib/python3.10/site-packages:/opt/ros/humble/lib/python3.10/site-packages:/opt/ros/humble/local/lib/python3.10/dist-packages'), ('COLCON', '1'), ('CMAKE_PREFIX_PATH', '/root/Dojo/install/robot_perception:/root/Dojo/install/robot_hardware:/opt/ros/humble')]), 'shell': False}
[1.102506] (-) TimerEvent: {}
[1.202845] (-) TimerEvent: {}
[1.303151] (-) TimerEvent: {}
[1.403474] (-) TimerEvent: {}
[1.503809] (-) TimerEvent: {}
[1.604164] (-) TimerEvent: {}
[1.704517] (-) TimerEvent: {}
[1.788812] (robot_control) StdoutLine: {'line': b'-- Found ament_cmake: 1.3.12 (/opt/ros/humble/share/ament_cmake/cmake)\n'}
[1.789804] (robot_control) StdoutLine: {'line': b'-- Found Python3: /usr/bin/python3 (found version "3.10.12") found components: Interpreter \n'}
[1.790181] (robot_control) StdoutLine: {'line': b'-- Override CMake install command with custom implementation using symlinks instead of copying resources\n'}
[1.790390] (robot_control) StdoutLine: {'line': b'-- Found rclcpp: 16.0.15 (/opt/ros/humble/share/rclcpp/cmake)\n'}
[1.790919] (robot_control) StdoutLine: {'line': b'-- Found rosidl_generator_c: 3.1.7 (/opt/ros/humble/share/rosidl_generator_c/cmake)\n'}
[1.791017] (robot_control) StdoutLine: {'line': b'-- Found rosidl_adapter: 3.1.7 (/opt/ros/humble/share/rosidl_adapter/cmake)\n'}
[1.791134] (robot_control) StdoutLine: {'line': b'-- Found rosidl_generator_cpp: 3.1.7 (/opt/ros/humble/share/rosidl_generator_cpp/cmake)\n'}
[1.791250] (robot_control) StdoutLine: {'line': b'-- Using all available rosidl_typesupport_c: rosidl_typesupport_fastrtps_c;rosidl_typesupport_introspection_c\n'}
[1.791336] (robot_control) StdoutLine: {'line': b'-- Using all available rosidl_typesupport_cpp: rosidl_typesupport_fastrtps_cpp;rosidl_typesupport_introspection_cpp\n'}
[1.791436] (robot_control) StdoutLine: {'line': b'-- Found rmw_implementation_cmake: 6.1.2 (/opt/ros/humble/share/rmw_implementation_cmake/cmake)\n'}
[1.791569] (robot_control) StdoutLine: {'line': b'-- Found rmw_fastrtps_cpp: 6.2.8 (/opt/ros/humble/share/rmw_fastrtps_cpp/cmake)\n'}
[1.791652] (robot_control) StdoutLine: {'line': b"-- Using RMW implementation 'rmw_fastrtps_cpp' as default\n"}
[1.791728] (robot_control) StdoutLine: {'line': b'-- Found rclpy: 3.3.17 (/opt/ros/humble/share/rclpy/cmake)\n'}
[1.791802] (robot_control) StdoutLine: {'line': b'-- Found geometry_msgs: 4.9.0 (/opt/ros/humble/share/geometry_msgs/cmake)\n'}
[1.791876] (robot_control) StdoutLine: {'line': b'-- Found sensor_msgs: 4.9.0 (/opt/ros/humble/share/sensor_msgs/cmake)\n'}
[1.791950] (robot_control) StdoutLine: {'line': b'-- Found nav_msgs: 4.9.0 (/opt/ros/humble/share/nav_msgs/cmake)\n'}
[1.792025] (robot_control) StdoutLine: {'line': b'-- Found tf2_ros: 0.25.16 (/opt/ros/humble/share/tf2_ros/cmake)\n'}
[1.792103] (robot_control) StdoutLine: {'line': b'-- Found tf2_geometry_msgs: 0.25.16 (/opt/ros/humble/share/tf2_geometry_msgs/cmake)\n'}
[1.792183] (robot_control) StdoutLine: {'line': b'-- Found eigen3_cmake_module: 0.1.1 (/opt/ros/humble/share/eigen3_cmake_module/cmake)\n'}
[1.792264] (robot_control) StdoutLine: {'line': b'-- Ensuring Eigen3 include directory is part of orocos-kdl CMake target\n'}
[1.792342] (robot_control) StdoutLine: {'line': b'-- Found controller_interface: 2.52.0 (/opt/ros/humble/share/controller_interface/cmake)\n'}
[1.792435] (robot_control) StdoutLine: {'line': b'-- Found controller_manager: 2.52.0 (/opt/ros/humble/share/controller_manager/cmake)\n'}
[1.792512] (robot_control) StdoutLine: {'line': b'-- Found diagnostic_updater: 4.0.6 (/opt/ros/humble/share/diagnostic_updater/cmake)\n'}
[1.792586] (robot_control) StdoutLine: {'line': b'-- Found Python3: /usr/bin/python3 (found version "3.10.12") found components: Interpreter Development Development.Module Development.Embed \n'}
[1.792662] (robot_control) StdoutLine: {'line': b'-- Configuring done\n'}
[1.792738] (robot_control) StdoutLine: {'line': b'-- Generating done\n'}
[1.792815] (robot_control) StdoutLine: {'line': b'-- Build files have been written to: /root/Dojo/Dojo/build/robot_control\n'}
[1.792894] (robot_description) StdoutLine: {'line': b'-- Found ament_cmake: 1.3.12 (/opt/ros/humble/share/ament_cmake/cmake)\n'}
[1.792991] (robot_description) StdoutLine: {'line': b'-- Override CMake install command with custom implementation using symlinks instead of copying resources\n'}
[1.793067] (robot_description) StdoutLine: {'line': b'-- Found rclcpp: 16.0.15 (/opt/ros/humble/share/rclcpp/cmake)\n'}
[1.793141] (robot_description) StdoutLine: {'line': b'-- Found rosidl_generator_c: 3.1.7 (/opt/ros/humble/share/rosidl_generator_c/cmake)\n'}
[1.793213] (robot_description) StdoutLine: {'line': b'-- Found rosidl_adapter: 3.1.7 (/opt/ros/humble/share/rosidl_adapter/cmake)\n'}
[1.793283] (robot_description) StdoutLine: {'line': b'-- Found rosidl_generator_cpp: 3.1.7 (/opt/ros/humble/share/rosidl_generator_cpp/cmake)\n'}
[1.793360] (robot_description) StdoutLine: {'line': b'-- Using all available rosidl_typesupport_c: rosidl_typesupport_fastrtps_c;rosidl_typesupport_introspection_c\n'}
[1.793436] (robot_description) StdoutLine: {'line': b'-- Using all available rosidl_typesupport_cpp: rosidl_typesupport_fastrtps_cpp;rosidl_typesupport_introspection_cpp\n'}
[1.793501] (robot_description) StdoutLine: {'line': b'-- Found rmw_implementation_cmake: 6.1.2 (/opt/ros/humble/share/rmw_implementation_cmake/cmake)\n'}
[1.793564] (robot_description) StdoutLine: {'line': b'-- Found rmw_fastrtps_cpp: 6.2.8 (/opt/ros/humble/share/rmw_fastrtps_cpp/cmake)\n'}
[1.793627] (robot_description) StdoutLine: {'line': b"-- Using RMW implementation 'rmw_fastrtps_cpp' as default\n"}
[1.793683] (robot_description) StdoutLine: {'line': b'-- Found geometry_msgs: 4.9.0 (/opt/ros/humble/share/geometry_msgs/cmake)\n'}
[1.793744] (robot_description) StdoutLine: {'line': b'-- Found sensor_msgs: 4.9.0 (/opt/ros/humble/share/sensor_msgs/cmake)\n'}
[1.793800] (robot_description) StdoutLine: {'line': b'-- Found tf2_ros: 0.25.16 (/opt/ros/humble/share/tf2_ros/cmake)\n'}
[1.793872] (robot_description) StdoutLine: {'line': b'-- Found urdf: 2.6.1 (/opt/ros/humble/share/urdf/cmake)\n'}
[1.793946] (robot_description) StdoutLine: {'line': b'-- Found xacro: 2.1.1 (/opt/ros/humble/share/xacro/cmake)\n'}
[1.794022] (robot_description) StdoutLine: {'line': b'-- Found gazebo_ros2_control: 0.4.10 (/opt/ros/humble/share/gazebo_ros2_control/cmake)\n'}
[1.794097] (robot_description) StdoutLine: {'line': b'-- Found DART: /usr/include (Required is at least version "6.6") found components: dart \n'}
[1.794164] (robot_description) StdoutLine: {'line': b'-- Found Protobuf: /usr/lib/x86_64-linux-gnu/libprotobuf.so (found version "3.12.4") \n'}
[1.794231] (robot_description) StdoutLine: {'line': b'-- Looking for ignition-math6 -- found version 6.15.1\n'}
[1.794305] (robot_description) StdoutLine: {'line': b'-- Searching for dependencies of ignition-math6\n'}
[1.794381] (robot_description) StdoutLine: {'line': b'-- Looking for OGRE...\n'}
[1.794457] (robot_description) StdoutLine: {'line': b'-- Found Ogre Ghadamon (1.9.0)\n'}
[1.794526] (robot_description) StdoutLine: {'line': b'-- Found OGRE: optimized;/usr/lib/x86_64-linux-gnu/libOgreMain.so;debug;/usr/lib/x86_64-linux-gnu/libOgreMain.so\n'}
[1.794601] (robot_description) StdoutLine: {'line': b'-- Looking for OGRE_Paging...\n'}
[1.794682] (robot_description) StdoutLine: {'line': b'-- Found OGRE_Paging: optimized;/usr/lib/x86_64-linux-gnu/libOgrePaging.so;debug;/usr/lib/x86_64-linux-gnu/libOgrePaging.so\n'}
[1.794765] (robot_description) StdoutLine: {'line': b'-- Looking for OGRE_Terrain...\n'}
[1.794861] (robot_description) StdoutLine: {'line': b'-- Found OGRE_Terrain: optimized;/usr/lib/x86_64-linux-gnu/libOgreTerrain.so;debug;/usr/lib/x86_64-linux-gnu/libOgreTerrain.so\n'}
[1.794945] (robot_description) StdoutLine: {'line': b'-- Looking for OGRE_Property...\n'}
[1.795037] (robot_description) StdoutLine: {'line': b'-- Found OGRE_Property: optimized;/usr/lib/x86_64-linux-gnu/libOgreProperty.so;debug;/usr/lib/x86_64-linux-gnu/libOgreProperty.so\n'}
[1.795117] (robot_description) StdoutLine: {'line': b'-- Looking for OGRE_RTShaderSystem...\n'}
[1.795210] (robot_description) StdoutLine: {'line': b'-- Found OGRE_RTShaderSystem: optimized;/usr/lib/x86_64-linux-gnu/libOgreRTShaderSystem.so;debug;/usr/lib/x86_64-linux-gnu/libOgreRTShaderSystem.so\n'}
[1.795294] (robot_description) StdoutLine: {'line': b'-- Looking for OGRE_Volume...\n'}
[1.795374] (robot_description) StdoutLine: {'line': b'-- Found OGRE_Volume: optimized;/usr/lib/x86_64-linux-gnu/libOgreVolume.so;debug;/usr/lib/x86_64-linux-gnu/libOgreVolume.so\n'}
[1.795451] (robot_description) StdoutLine: {'line': b'-- Looking for OGRE_Overlay...\n'}
[1.795529] (robot_description) StdoutLine: {'line': b'-- Found OGRE_Overlay: optimized;/usr/lib/x86_64-linux-gnu/libOgreOverlay.so;debug;/usr/lib/x86_64-linux-gnu/libOgreOverlay.so\n'}
[1.795620] (robot_description) StdoutLine: {'line': b'-- Looking for ignition-math6 -- found version 6.15.1\n'}
[1.795707] (robot_description) StdoutLine: {'line': b'-- Looking for ignition-transport8 -- found version 8.2.1\n'}
[1.795786] (robot_description) StdoutLine: {'line': b'-- Searching for dependencies of ignition-transport8\n'}
[1.795879] (robot_description) StdoutLine: {'line': b'-- Found Protobuf: /usr/lib/x86_64-linux-gnu/libprotobuf.so (found suitable version "3.12.4", minimum required is "3") \n'}
[1.795978] (robot_description) StdoutLine: {'line': b'-- Config-file not installed for ZeroMQ -- checking for pkg-config\n'}
[1.796063] (robot_description) StdoutLine: {'line': b"-- Checking for module 'libzmq >= 4'\n"}
[1.796145] (robot_description) StdoutLine: {'line': b'--   Found libzmq , version 4.3.4\n'}
[1.796237] (robot_description) StdoutLine: {'line': b"-- Checking for module 'uuid'\n"}
[1.796311] (robot_description) StdoutLine: {'line': b'--   Found uuid, version 2.37.2\n'}
[1.796422] (robot_description) StdoutLine: {'line': b'-- Looking for ignition-msgs5 -- found version 5.8.1\n'}
[1.796519] (robot_description) StdoutLine: {'line': b'-- Searching for dependencies of ignition-msgs5\n'}
[1.796604] (robot_description) StdoutLine: {'line': b'-- Looking for ignition-math6 -- found version 6.15.1\n'}
[1.796706] (robot_description) StdoutLine: {'line': b'-- Looking for ignition-msgs5 -- found version 5.8.1\n'}
[1.796783] (robot_description) StdoutLine: {'line': b'-- Looking for ignition-common3 -- found version 3.14.0\n'}
[1.796855] (robot_description) StdoutLine: {'line': b'-- Searching for dependencies of ignition-common3\n'}
[1.796926] (robot_description) StdoutLine: {'line': b'-- Looking for dlfcn.h - found\n'}
[1.796996] (robot_description) StdoutLine: {'line': b'-- Looking for libdl - found\n'}
[1.797069] (robot_description) StdoutLine: {'line': b'-- Searching for <ignition-common3> component [graphics]\n'}
[1.797145] (robot_description) StdoutLine: {'line': b'-- Looking for ignition-common3-graphics -- found version 3.14.0\n'}
[1.797217] (robot_description) StdoutLine: {'line': b'-- Searching for dependencies of ignition-common3-graphics\n'}
[1.797286] (robot_description) StdoutLine: {'line': b'-- Looking for ignition-math6 -- found version 6.15.1\n'}
[1.797358] (robot_description) StdoutLine: {'line': b'-- Looking for ignition-fuel_tools4 -- found version 4.4.0\n'}
[1.797440] (robot_description) StdoutLine: {'line': b'-- Searching for dependencies of ignition-fuel_tools4\n'}
[1.797514] (robot_description) StdoutLine: {'line': b"-- Checking for module 'jsoncpp'\n"}
[1.797583] (robot_description) StdoutLine: {'line': b'--   Found jsoncpp, version 1.9.5\n'}
[1.797654] (robot_description) StdoutLine: {'line': b"-- Checking for module 'libzip'\n"}
[1.797723] (robot_description) StdoutLine: {'line': b'--   Found libzip, version 1.7.3\n'}
[1.797808] (robot_description) StdoutLine: {'line': b'-- Looking for ignition-common3 -- found version 3.14.0\n'}
[1.797884] (robot_description) StdoutLine: {'line': b'-- Looking for ignition-math6 -- found version 6.15.1\n'}
[1.797954] (robot_description) StdoutLine: {'line': b'-- Looking for ignition-msgs5 -- found version 5.8.1\n'}
[1.798024] (robot_description) StdoutLine: {'line': b'-- Gazebo version: 11.10\n'}
[1.798090] (robot_description) StdoutLine: {'line': b'-- Configuring done\n'}
[1.798160] (robot_description) StdoutLine: {'line': b'-- Generating done\n'}
[1.798228] (robot_description) StdoutLine: {'line': b'-- Build files have been written to: /root/Dojo/Dojo/build/robot_description\n'}
[1.798296] (robot_perception) StdoutLine: {'line': b'-- Found ament_cmake: 1.3.12 (/opt/ros/humble/share/ament_cmake/cmake)\n'}
[1.798398] (robot_perception) StdoutLine: {'line': b'-- Configuring done\n'}
[1.798472] (robot_perception) StdoutLine: {'line': b'-- Generating done\n'}
[1.798542] (robot_perception) StdoutLine: {'line': b'-- Build files have been written to: /root/Dojo/Dojo/build/robot_perception\n'}
[1.798607] (robot_interfaces) StdoutLine: {'line': b'-- Found ament_cmake: 1.3.12 (/opt/ros/humble/share/ament_cmake/cmake)\n'}
[1.798695] (robot_interfaces) StdoutLine: {'line': b'-- Override CMake install command with custom implementation using symlinks instead of copying resources\n'}
[1.798769] (robot_interfaces) StdoutLine: {'line': b'-- Found builtin_interfaces: 1.2.2 (/opt/ros/humble/share/builtin_interfaces/cmake)\n'}
[1.798834] (robot_interfaces) StdoutLine: {'line': b'-- Found rosidl_generator_c: 3.1.7 (/opt/ros/humble/share/rosidl_generator_c/cmake)\n'}
[1.798910] (robot_interfaces) StdoutLine: {'line': b'-- Found rosidl_adapter: 3.1.7 (/opt/ros/humble/share/rosidl_adapter/cmake)\n'}
[1.798974] (robot_interfaces) StdoutLine: {'line': b'-- Found rosidl_generator_cpp: 3.1.7 (/opt/ros/humble/share/rosidl_generator_cpp/cmake)\n'}
[1.799044] (robot_interfaces) StdoutLine: {'line': b'-- Using all available rosidl_typesupport_c: rosidl_typesupport_fastrtps_c;rosidl_typesupport_introspection_c\n'}
[1.799108] (robot_interfaces) StdoutLine: {'line': b'-- Using all available rosidl_typesupport_cpp: rosidl_typesupport_fastrtps_cpp;rosidl_typesupport_introspection_cpp\n'}
[1.799178] (robot_interfaces) StdoutLine: {'line': b'-- Found std_msgs: 4.9.0 (/opt/ros/humble/share/std_msgs/cmake)\n'}
[1.799243] (robot_interfaces) StdoutLine: {'line': b'-- Found geometry_msgs: 4.9.0 (/opt/ros/humble/share/geometry_msgs/cmake)\n'}
[1.799315] (robot_interfaces) StdoutLine: {'line': b'-- Found sensor_msgs: 4.9.0 (/opt/ros/humble/share/sensor_msgs/cmake)\n'}
[1.799470] (robot_interfaces) StdoutLine: {'line': b'-- Found rosidl_default_generators: 1.2.0 (/opt/ros/humble/share/rosidl_default_generators/cmake)\n'}
[1.799550] (robot_interfaces) StdoutLine: {'line': b'-- Found ament_cmake_ros: 0.10.0 (/opt/ros/humble/share/ament_cmake_ros/cmake)\n'}
[1.804621] (-) TimerEvent: {}
[1.904964] (-) TimerEvent: {}
[2.005291] (-) TimerEvent: {}
[2.105673] (-) TimerEvent: {}
[2.121407] (robot_perception) CommandEnded: {'returncode': 0}
[2.122867] (robot_perception) JobProgress: {'identifier': 'robot_perception', 'progress': 'build'}
[2.122966] (robot_perception) Command: {'cmd': ['/usr/bin/cmake', '--build', '/root/Dojo/Dojo/build/robot_perception', '--', '-j16', '-l16'], 'cwd': '/root/Dojo/Dojo/build/robot_perception', 'env': OrderedDict([('HOSTNAME', 'gareth-joel-HP-Pavilion-Gaming-Laptop-15-ec2xxx'), ('SHLVL', '1'), ('LD_LIBRARY_PATH', '/usr/lib/x86_64-linux-gnu/gazebo-11/plugins:/opt/ros/humble/opt/rviz_ogre_vendor/lib:/opt/ros/humble/lib/x86_64-linux-gnu:/opt/ros/humble/lib'), ('HOME', '/root'), ('OLDPWD', '/root/Dojo'), ('ROS_PYTHON_VERSION', '3'), ('COLCON_PREFIX_PATH', '/root/Dojo/install'), ('ROS_DISTRO', 'humble'), ('_', '/usr/bin/colcon'), ('ROS_VERSION', '2'), ('TERM', 'xterm'), ('ROS_LOCALHOST_ONLY', '0'), ('QT_X11_NO_MITSHM', '1'), ('PATH', '/opt/ros/humble/bin:/usr/local/sbin:/usr/local/bin:/usr/sbin:/usr/bin:/sbin:/bin'), ('DISPLAY', ':0'), ('LANG', 'C.UTF-8'), ('LS_COLORS', 'rs=0:di=01;34:ln=01;36:mh=00:pi=40;33:so=01;35:do=01;35:bd=40;33;01:cd=40;33;01:or=40;31;01:mi=00:su=37;41:sg=30;43:ca=30;41:tw=30;42:ow=34;42:st=37;44:ex=01;32:*.tar=01;31:*.tgz=01;31:*.arc=01;31:*.arj=01;31:*.taz=01;31:*.lha=01;31:*.lz4=01;31:*.lzh=01;31:*.lzma=01;31:*.tlz=01;31:*.txz=01;31:*.tzo=01;31:*.t7z=01;31:*.zip=01;31:*.z=01;31:*.dz=01;31:*.gz=01;31:*.lrz=01;31:*.lz=01;31:*.lzo=01;31:*.xz=01;31:*.zst=01;31:*.tzst=01;31:*.bz2=01;31:*.bz=01;31:*.tbz=01;31:*.tbz2=01;31:*.tz=01;31:*.deb=01;31:*.rpm=01;31:*.jar=01;31:*.war=01;31:*.ear=01;31:*.sar=01;31:*.rar=01;31:*.alz=01;31:*.ace=01;31:*.zoo=01;31:*.cpio=01;31:*.7z=01;31:*.rz=01;31:*.cab=01;31:*.wim=01;31:*.swm=01;31:*.dwm=01;31:*.esd=01;31:*.jpg=01;35:*.jpeg=01;35:*.mjpg=01;35:*.mjpeg=01;35:*.gif=01;35:*.bmp=01;35:*.pbm=01;35:*.pgm=01;35:*.ppm=01;35:*.tga=01;35:*.xbm=01;35:*.xpm=01;35:*.tif=01;35:*.tiff=01;35:*.png=01;35:*.svg=01;35:*.svgz=01;35:*.mng=01;35:*.pcx=01;35:*.mov=01;35:*.mpg=01;35:*.mpeg=01;35:*.m2v=01;35:*.mkv=01;35:*.webm=01;35:*.webp=01;35:*.ogm=01;35:*.mp4=01;35:*.m4v=01;35:*.mp4v=01;35:*.vob=01;35:*.qt=01;35:*.nuv=01;35:*.wmv=01;35:*.asf=01;35:*.rm=01;35:*.rmvb=01;35:*.flc=01;35:*.avi=01;35:*.fli=01;35:*.flv=01;35:*.gl=01;35:*.dl=01;35:*.xcf=01;35:*.xwd=01;35:*.yuv=01;35:*.cgm=01;35:*.emf=01;35:*.ogv=01;35:*.ogx=01;35:*.aac=00;36:*.au=00;36:*.flac=00;36:*.m4a=00;36:*.mid=00;36:*.midi=00;36:*.mka=00;36:*.mp3=00;36:*.mpc=00;36:*.ogg=00;36:*.ra=00;36:*.wav=00;36:*.oga=00;36:*.opus=00;36:*.spx=00;36:*.xspf=00;36:'), ('ROS_DOMAIN_ID', '7'), ('AMENT_PREFIX_PATH', '/root/Dojo/install/robot_hardware:/opt/ros/humble'), ('PWD', '/root/Dojo/Dojo/build/robot_perception'), ('LC_ALL', 'C.UTF-8'), ('PYTHONPATH', '/root/Dojo/build/robot_hardware:/root/Dojo/install/robot_hardware/lib/python3.10/site-packages:/opt/ros/humble/lib/python3.10/site-packages:/opt/ros/humble/local/lib/python3.10/dist-packages'), ('COLCON', '1'), ('CMAKE_PREFIX_PATH', '/root/Dojo/install/robot_perception')]), 'shell': False}
[2.123283] (robot_control) CommandEnded: {'returncode': 0}
[2.124243] (robot_control) JobProgress: {'identifier': 'robot_control', 'progress': 'build'}
[2.124336] (robot_control) Command: {'cmd': ['/usr/bin/cmake', '--build', '/root/Dojo/Dojo/build/robot_control', '--', '-j16', '-l16'], 'cwd': '/root/Dojo/Dojo/build/robot_control', 'env': OrderedDict([('HOSTNAME', 'gareth-joel-HP-Pavilion-Gaming-Laptop-15-ec2xxx'), ('SHLVL', '1'), ('LD_LIBRARY_PATH', '/usr/lib/x86_64-linux-gnu/gazebo-11/plugins:/opt/ros/humble/opt/rviz_ogre_vendor/lib:/opt/ros/humble/lib/x86_64-linux-gnu:/opt/ros/humble/lib'), ('HOME', '/root'), ('OLDPWD', '/root/Dojo'), ('ROS_PYTHON_VERSION', '3'), ('COLCON_PREFIX_PATH', '/root/Dojo/install'), ('ROS_DISTRO', 'humble'), ('_', '/usr/bin/colcon'), ('ROS_VERSION', '2'), ('TERM', 'xterm'), ('ROS_LOCALHOST_ONLY', '0'), ('QT_X11_NO_MITSHM', '1'), ('PATH', '/opt/ros/humble/bin:/usr/local/sbin:/usr/local/bin:/usr/sbin:/usr/bin:/sbin:/bin'), ('DISPLAY', ':0'), ('LANG', 'C.UTF-8'), ('LS_COLORS', 'rs=0:di=01;34:ln=01;36:mh=00:pi=40;33:so=01;35:do=01;35:bd=40;33;01:cd=40;33;01:or=40;31;01:mi=00:su=37;41:sg=30;43:ca=30;41:tw=30;42:ow=34;42:st=37;44:ex=01;32:*.tar=01;31:*.tgz=01;31:*.arc=01;31:*.arj=01;31:*.taz=01;31:*.lha=01;31:*.lz4=01;31:*.lzh=01;31:*.lzma=01;31:*.tlz=01;31:*.txz=01;31:*.tzo=01;31:*.t7z=01;31:*.zip=01;31:*.z=01;31:*.dz=01;31:*.gz=01;31:*.lrz=01;31:*.lz=01;31:*.lzo=01;31:*.xz=01;31:*.zst=01;31:*.tzst=01;31:*.bz2=01;31:*.bz=01;31:*.tbz=01;31:*.tbz2=01;31:*.tz=01;31:*.deb=01;31:*.rpm=01;31:*.jar=01;31:*.war=01;31:*.ear=01;31:*.sar=01;31:*.rar=01;31:*.alz=01;31:*.ace=01;31:*.zoo=01;31:*.cpio=01;31:*.7z=01;31:*.rz=01;31:*.cab=01;31:*.wim=01;31:*.swm=01;31:*.dwm=01;31:*.esd=01;31:*.jpg=01;35:*.jpeg=01;35:*.mjpg=01;35:*.mjpeg=01;35:*.gif=01;35:*.bmp=01;35:*.pbm=01;35:*.pgm=01;35:*.ppm=01;35:*.tga=01;35:*.xbm=01;35:*.xpm=01;35:*.tif=01;35:*.tiff=01;35:*.png=01;35:*.svg=01;35:*.svgz=01;35:*.mng=01;35:*.pcx=01;35:*.mov=01;35:*.mpg=01;35:*.mpeg=01;35:*.m2v=01;35:*.mkv=01;35:*.webm=01;35:*.webp=01;35:*.ogm=01;35:*.mp4=01;35:*.m4v=01;35:*.mp4v=01;35:*.vob=01;35:*.qt=01;35:*.nuv=01;35:*.wmv=01;35:*.asf=01;35:*.rm=01;35:*.rmvb=01;35:*.flc=01;35:*.avi=01;35:*.fli=01;35:*.flv=01;35:*.gl=01;35:*.dl=01;35:*.xcf=01;35:*.xwd=01;35:*.yuv=01;35:*.cgm=01;35:*.emf=01;35:*.ogv=01;35:*.ogx=01;35:*.aac=00;36:*.au=00;36:*.flac=00;36:*.m4a=00;36:*.mid=00;36:*.midi=00;36:*.mka=00;36:*.mp3=00;36:*.mpc=00;36:*.ogg=00;36:*.ra=00;36:*.wav=00;36:*.oga=00;36:*.opus=00;36:*.spx=00;36:*.xspf=00;36:'), ('ROS_DOMAIN_ID', '7'), ('AMENT_PREFIX_PATH', '/root/Dojo/install/robot_hardware:/opt/ros/humble'), ('PWD', '/root/Dojo/Dojo/build/robot_control'), ('LC_ALL', 'C.UTF-8'), ('PYTHONPATH', '/root/Dojo/build/robot_hardware:/root/Dojo/install/robot_hardware/lib/python3.10/site-packages:/opt/ros/humble/lib/python3.10/site-packages:/opt/ros/humble/local/lib/python3.10/dist-packages'), ('COLCON', '1'), ('CMAKE_PREFIX_PATH', '/root/Dojo/install/robot_perception:/root/Dojo/install/robot_hardware:/opt/ros/humble')]), 'shell': False}
[2.124790] (robot_interfaces) StdoutLine: {'line': b'-- Using all available rosidl_typesupport_c: rosidl_typesupport_fastrtps_c;rosidl_typesupport_introspection_c\n'}
[2.125167] (robot_description) CommandEnded: {'returncode': 0}
[2.126425] (robot_description) JobProgress: {'identifier': 'robot_description', 'progress': 'build'}
[2.126490] (robot_description) Command: {'cmd': ['/usr/bin/cmake', '--build', '/root/Dojo/Dojo/build/robot_description', '--', '-j16', '-l16'], 'cwd': '/root/Dojo/Dojo/build/robot_description', 'env': OrderedDict([('HOSTNAME', 'gareth-joel-HP-Pavilion-Gaming-Laptop-15-ec2xxx'), ('SHLVL', '1'), ('LD_LIBRARY_PATH', '/usr/lib/x86_64-linux-gnu/gazebo-11/plugins:/opt/ros/humble/opt/rviz_ogre_vendor/lib:/opt/ros/humble/lib/x86_64-linux-gnu:/opt/ros/humble/lib'), ('HOME', '/root'), ('OLDPWD', '/root/Dojo'), ('ROS_PYTHON_VERSION', '3'), ('COLCON_PREFIX_PATH', '/root/Dojo/install'), ('ROS_DISTRO', 'humble'), ('_', '/usr/bin/colcon'), ('ROS_VERSION', '2'), ('TERM', 'xterm'), ('ROS_LOCALHOST_ONLY', '0'), ('QT_X11_NO_MITSHM', '1'), ('PATH', '/opt/ros/humble/bin:/usr/local/sbin:/usr/local/bin:/usr/sbin:/usr/bin:/sbin:/bin'), ('DISPLAY', ':0'), ('LANG', 'C.UTF-8'), ('LS_COLORS', 'rs=0:di=01;34:ln=01;36:mh=00:pi=40;33:so=01;35:do=01;35:bd=40;33;01:cd=40;33;01:or=40;31;01:mi=00:su=37;41:sg=30;43:ca=30;41:tw=30;42:ow=34;42:st=37;44:ex=01;32:*.tar=01;31:*.tgz=01;31:*.arc=01;31:*.arj=01;31:*.taz=01;31:*.lha=01;31:*.lz4=01;31:*.lzh=01;31:*.lzma=01;31:*.tlz=01;31:*.txz=01;31:*.tzo=01;31:*.t7z=01;31:*.zip=01;31:*.z=01;31:*.dz=01;31:*.gz=01;31:*.lrz=01;31:*.lz=01;31:*.lzo=01;31:*.xz=01;31:*.zst=01;31:*.tzst=01;31:*.bz2=01;31:*.bz=01;31:*.tbz=01;31:*.tbz2=01;31:*.tz=01;31:*.deb=01;31:*.rpm=01;31:*.jar=01;31:*.war=01;31:*.ear=01;31:*.sar=01;31:*.rar=01;31:*.alz=01;31:*.ace=01;31:*.zoo=01;31:*.cpio=01;31:*.7z=01;31:*.rz=01;31:*.cab=01;31:*.wim=01;31:*.swm=01;31:*.dwm=01;31:*.esd=01;31:*.jpg=01;35:*.jpeg=01;35:*.mjpg=01;35:*.mjpeg=01;35:*.gif=01;35:*.bmp=01;35:*.pbm=01;35:*.pgm=01;35:*.ppm=01;35:*.tga=01;35:*.xbm=01;35:*.xpm=01;35:*.tif=01;35:*.tiff=01;35:*.png=01;35:*.svg=01;35:*.svgz=01;35:*.mng=01;35:*.pcx=01;35:*.mov=01;35:*.mpg=01;35:*.mpeg=01;35:*.m2v=01;35:*.mkv=01;35:*.webm=01;35:*.webp=01;35:*.ogm=01;35:*.mp4=01;35:*.m4v=01;35:*.mp4v=01;35:*.vob=01;35:*.qt=01;35:*.nuv=01;35:*.wmv=01;35:*.asf=01;35:*.rm=01;35:*.rmvb=01;35:*.flc=01;35:*.avi=01;35:*.fli=01;35:*.flv=01;35:*.gl=01;35:*.dl=01;35:*.xcf=01;35:*.xwd=01;35:*.yuv=01;35:*.cgm=01;35:*.emf=01;35:*.ogv=01;35:*.ogx=01;35:*.aac=00;36:*.au=00;36:*.flac=00;36:*.m4a=00;36:*.mid=00;36:*.midi=00;36:*.mka=00;36:*.mp3=00;36:*.mpc=00;36:*.ogg=00;36:*.ra=00;36:*.wav=00;36:*.oga=00;36:*.opus=00;36:*.spx=00;36:*.xspf=00;36:'), ('ROS_DOMAIN_ID', '7'), ('AMENT_PREFIX_PATH', '/root/Dojo/install/robot_hardware:/opt/ros/humble'), ('PWD', '/root/Dojo/Dojo/build/robot_description'), ('LC_ALL', 'C.UTF-8'), ('PYTHONPATH', '/root/Dojo/build/robot_hardware:/root/Dojo/install/robot_hardware/lib/python3.10/site-packages:/opt/ros/humble/lib/python3.10/site-packages:/opt/ros/humble/local/lib/python3.10/dist-packages'), ('COLCON', '1'), ('CMAKE_PREFIX_PATH', '/root/Dojo/install/robot_perception:/root/Dojo/install/robot_hardware:/opt/ros/humble')]), 'shell': False}
[2.170509] (robot_control) CommandEnded: {'returncode': 0}
[2.171355] (robot_control) JobProgress: {'identifier': 'robot_control', 'progress': 'install'}
[2.184433] (robot_control) Command: {'cmd': ['/usr/bin/cmake', '--install', '/root/Dojo/Dojo/build/robot_control'], 'cwd': '/root/Dojo/Dojo/build/robot_control', 'env': OrderedDict([('HOSTNAME', 'gareth-joel-HP-Pavilion-Gaming-Laptop-15-ec2xxx'), ('SHLVL', '1'), ('LD_LIBRARY_PATH', '/usr/lib/x86_64-linux-gnu/gazebo-11/plugins:/opt/ros/humble/opt/rviz_ogre_vendor/lib:/opt/ros/humble/lib/x86_64-linux-gnu:/opt/ros/humble/lib'), ('HOME', '/root'), ('OLDPWD', '/root/Dojo'), ('ROS_PYTHON_VERSION', '3'), ('COLCON_PREFIX_PATH', '/root/Dojo/install'), ('ROS_DISTRO', 'humble'), ('_', '/usr/bin/colcon'), ('ROS_VERSION', '2'), ('TERM', 'xterm'), ('ROS_LOCALHOST_ONLY', '0'), ('QT_X11_NO_MITSHM', '1'), ('PATH', '/opt/ros/humble/bin:/usr/local/sbin:/usr/local/bin:/usr/sbin:/usr/bin:/sbin:/bin'), ('DISPLAY', ':0'), ('LANG', 'C.UTF-8'), ('LS_COLORS', 'rs=0:di=01;34:ln=01;36:mh=00:pi=40;33:so=01;35:do=01;35:bd=40;33;01:cd=40;33;01:or=40;31;01:mi=00:su=37;41:sg=30;43:ca=30;41:tw=30;42:ow=34;42:st=37;44:ex=01;32:*.tar=01;31:*.tgz=01;31:*.arc=01;31:*.arj=01;31:*.taz=01;31:*.lha=01;31:*.lz4=01;31:*.lzh=01;31:*.lzma=01;31:*.tlz=01;31:*.txz=01;31:*.tzo=01;31:*.t7z=01;31:*.zip=01;31:*.z=01;31:*.dz=01;31:*.gz=01;31:*.lrz=01;31:*.lz=01;31:*.lzo=01;31:*.xz=01;31:*.zst=01;31:*.tzst=01;31:*.bz2=01;31:*.bz=01;31:*.tbz=01;31:*.tbz2=01;31:*.tz=01;31:*.deb=01;31:*.rpm=01;31:*.jar=01;31:*.war=01;31:*.ear=01;31:*.sar=01;31:*.rar=01;31:*.alz=01;31:*.ace=01;31:*.zoo=01;31:*.cpio=01;31:*.7z=01;31:*.rz=01;31:*.cab=01;31:*.wim=01;31:*.swm=01;31:*.dwm=01;31:*.esd=01;31:*.jpg=01;35:*.jpeg=01;35:*.mjpg=01;35:*.mjpeg=01;35:*.gif=01;35:*.bmp=01;35:*.pbm=01;35:*.pgm=01;35:*.ppm=01;35:*.tga=01;35:*.xbm=01;35:*.xpm=01;35:*.tif=01;35:*.tiff=01;35:*.png=01;35:*.svg=01;35:*.svgz=01;35:*.mng=01;35:*.pcx=01;35:*.mov=01;35:*.mpg=01;35:*.mpeg=01;35:*.m2v=01;35:*.mkv=01;35:*.webm=01;35:*.webp=01;35:*.ogm=01;35:*.mp4=01;35:*.m4v=01;35:*.mp4v=01;35:*.vob=01;35:*.qt=01;35:*.nuv=01;35:*.wmv=01;35:*.asf=01;35:*.rm=01;35:*.rmvb=01;35:*.flc=01;35:*.avi=01;35:*.fli=01;35:*.flv=01;35:*.gl=01;35:*.dl=01;35:*.xcf=01;35:*.xwd=01;35:*.yuv=01;35:*.cgm=01;35:*.emf=01;35:*.ogv=01;35:*.ogx=01;35:*.aac=00;36:*.au=00;36:*.flac=00;36:*.m4a=00;36:*.mid=00;36:*.midi=00;36:*.mka=00;36:*.mp3=00;36:*.mpc=00;36:*.ogg=00;36:*.ra=00;36:*.wav=00;36:*.oga=00;36:*.opus=00;36:*.spx=00;36:*.xspf=00;36:'), ('ROS_DOMAIN_ID', '7'), ('AMENT_PREFIX_PATH', '/root/Dojo/install/robot_hardware:/opt/ros/humble'), ('PWD', '/root/Dojo/Dojo/build/robot_control'), ('LC_ALL', 'C.UTF-8'), ('PYTHONPATH', '/root/Dojo/build/robot_hardware:/root/Dojo/install/robot_hardware/lib/python3.10/site-packages:/opt/ros/humble/lib/python3.10/site-packages:/opt/ros/humble/local/lib/python3.10/dist-packages'), ('COLCON', '1'), ('CMAKE_PREFIX_PATH', '/root/Dojo/install/robot_perception:/root/Dojo/install/robot_hardware:/opt/ros/humble')]), 'shell': False}
[2.186100] (robot_description) CommandEnded: {'returncode': 0}
[2.186797] (robot_description) JobProgress: {'identifier': 'robot_description', 'progress': 'install'}
[2.187558] (robot_description) Command: {'cmd': ['/usr/bin/cmake', '--install', '/root/Dojo/Dojo/build/robot_description'], 'cwd': '/root/Dojo/Dojo/build/robot_description', 'env': OrderedDict([('HOSTNAME', 'gareth-joel-HP-Pavilion-Gaming-Laptop-15-ec2xxx'), ('SHLVL', '1'), ('LD_LIBRARY_PATH', '/usr/lib/x86_64-linux-gnu/gazebo-11/plugins:/opt/ros/humble/opt/rviz_ogre_vendor/lib:/opt/ros/humble/lib/x86_64-linux-gnu:/opt/ros/humble/lib'), ('HOME', '/root'), ('OLDPWD', '/root/Dojo'), ('ROS_PYTHON_VERSION', '3'), ('COLCON_PREFIX_PATH', '/root/Dojo/install'), ('ROS_DISTRO', 'humble'), ('_', '/usr/bin/colcon'), ('ROS_VERSION', '2'), ('TERM', 'xterm'), ('ROS_LOCALHOST_ONLY', '0'), ('QT_X11_NO_MITSHM', '1'), ('PATH', '/opt/ros/humble/bin:/usr/local/sbin:/usr/local/bin:/usr/sbin:/usr/bin:/sbin:/bin'), ('DISPLAY', ':0'), ('LANG', 'C.UTF-8'), ('LS_COLORS', 'rs=0:di=01;34:ln=01;36:mh=00:pi=40;33:so=01;35:do=01;35:bd=40;33;01:cd=40;33;01:or=40;31;01:mi=00:su=37;41:sg=30;43:ca=30;41:tw=30;42:ow=34;42:st=37;44:ex=01;32:*.tar=01;31:*.tgz=01;31:*.arc=01;31:*.arj=01;31:*.taz=01;31:*.lha=01;31:*.lz4=01;31:*.lzh=01;31:*.lzma=01;31:*.tlz=01;31:*.txz=01;31:*.tzo=01;31:*.t7z=01;31:*.zip=01;31:*.z=01;31:*.dz=01;31:*.gz=01;31:*.lrz=01;31:*.lz=01;31:*.lzo=01;31:*.xz=01;31:*.zst=01;31:*.tzst=01;31:*.bz2=01;31:*.bz=01;31:*.tbz=01;31:*.tbz2=01;31:*.tz=01;31:*.deb=01;31:*.rpm=01;31:*.jar=01;31:*.war=01;31:*.ear=01;31:*.sar=01;31:*.rar=01;31:*.alz=01;31:*.ace=01;31:*.zoo=01;31:*.cpio=01;31:*.7z=01;31:*.rz=01;31:*.cab=01;31:*.wim=01;31:*.swm=01;31:*.dwm=01;31:*.esd=01;31:*.jpg=01;35:*.jpeg=01;35:*.mjpg=01;35:*.mjpeg=01;35:*.gif=01;35:*.bmp=01;35:*.pbm=01;35:*.pgm=01;35:*.ppm=01;35:*.tga=01;35:*.xbm=01;35:*.xpm=01;35:*.tif=01;35:*.tiff=01;35:*.png=01;35:*.svg=01;35:*.svgz=01;35:*.mng=01;35:*.pcx=01;35:*.mov=01;35:*.mpg=01;35:*.mpeg=01;35:*.m2v=01;35:*.mkv=01;35:*.webm=01;35:*.webp=01;35:*.ogm=01;35:*.mp4=01;35:*.m4v=01;35:*.mp4v=01;35:*.vob=01;35:*.qt=01;35:*.nuv=01;35:*.wmv=01;35:*.asf=01;35:*.rm=01;35:*.rmvb=01;35:*.flc=01;35:*.avi=01;35:*.fli=01;35:*.flv=01;35:*.gl=01;35:*.dl=01;35:*.xcf=01;35:*.xwd=01;35:*.yuv=01;35:*.cgm=01;35:*.emf=01;35:*.ogv=01;35:*.ogx=01;35:*.aac=00;36:*.au=00;36:*.flac=00;36:*.m4a=00;36:*.mid=00;36:*.midi=00;36:*.mka=00;36:*.mp3=00;36:*.mpc=00;36:*.ogg=00;36:*.ra=00;36:*.wav=00;36:*.oga=00;36:*.opus=00;36:*.spx=00;36:*.xspf=00;36:'), ('ROS_DOMAIN_ID', '7'), ('AMENT_PREFIX_PATH', '/root/Dojo/install/robot_hardware:/opt/ros/humble'), ('PWD', '/root/Dojo/Dojo/build/robot_description'), ('LC_ALL', 'C.UTF-8'), ('PYTHONPATH', '/root/Dojo/build/robot_hardware:/root/Dojo/install/robot_hardware/lib/python3.10/site-packages:/opt/ros/humble/lib/python3.10/site-packages:/opt/ros/humble/local/lib/python3.10/dist-packages'), ('COLCON', '1'), ('CMAKE_PREFIX_PATH', '/root/Dojo/install/robot_perception:/root/Dojo/install/robot_hardware:/opt/ros/humble')]), 'shell': False}
[2.192633] (robot_perception) StdoutLine: {'line': b'Built target ament_cmake_python_copy_robot_perception_setup\n'}
[2.194146] (robot_control) StdoutLine: {'line': b'-- Install configuration: "Release"\n'}
[2.194792] (robot_control) StdoutLine: {'line': b'-- Execute custom install script\n'}
[2.195452] (robot_control) StdoutLine: {'line': b'-- Up-to-date symlink: /root/Dojo/Dojo/install/robot_control/share/robot_control/launch/control.launch.py\n'}
[2.195654] (robot_control) StdoutLine: {'line': b'-- Up-to-date symlink: /root/Dojo/Dojo/install/robot_control/share/robot_control/launch/robot_control.launch.py\n'}
[2.197337] (robot_control) StdoutLine: {'line': b'-- Up-to-date symlink: /root/Dojo/Dojo/install/robot_control/share/robot_control/config/arduino.yaml\n'}
[2.197546] (robot_control) StdoutLine: {'line': b'-- Up-to-date symlink: /root/Dojo/Dojo/install/robot_control/share/robot_control/config/controllers.yaml\n'}
[2.197733] (robot_control) StdoutLine: {'line': b'-- Up-to-date symlink: /root/Dojo/Dojo/install/robot_control/share/robot_control/config/robot_control_params.yaml\n'}
[2.197911] (robot_control) StdoutLine: {'line': b'-- Up-to-date symlink: /root/Dojo/Dojo/install/robot_control/share/robot_control/config/twist_mux.yaml\n'}
[2.198115] (robot_control) StdoutLine: {'line': b'-- Up-to-date symlink: /root/Dojo/Dojo/install/robot_control/share/robot_control/package.xml\n'}
[2.198300] (robot_control) StdoutLine: {'line': b'-- Up-to-date symlink: /root/Dojo/Dojo/install/robot_control/share/robot_control/setup.py\n'}
[2.198773] (robot_control) StdoutLine: {'line': b'-- Up-to-date symlink: /root/Dojo/Dojo/install/robot_control/share/robot_control/setup.cfg\n'}
[2.198905] (robot_control) StdoutLine: {'line': b'-- Up-to-date symlink: /root/Dojo/Dojo/install/robot_control/share/ament_index/resource_index/package_run_dependencies/robot_control\n'}
[2.199015] (robot_control) StdoutLine: {'line': b'-- Up-to-date symlink: /root/Dojo/Dojo/install/robot_control/share/ament_index/resource_index/parent_prefix_path/robot_control\n'}
[2.199121] (robot_control) StdoutLine: {'line': b'-- Up-to-date symlink: /root/Dojo/Dojo/install/robot_control/share/robot_control/environment/ament_prefix_path.sh\n'}
[2.199228] (robot_control) StdoutLine: {'line': b'-- Up-to-date symlink: /root/Dojo/Dojo/install/robot_control/share/robot_control/environment/ament_prefix_path.dsv\n'}
[2.199337] (robot_control) StdoutLine: {'line': b'-- Up-to-date symlink: /root/Dojo/Dojo/install/robot_control/share/robot_control/environment/path.sh\n'}
[2.199594] (robot_control) StdoutLine: {'line': b'-- Up-to-date symlink: /root/Dojo/Dojo/install/robot_control/share/robot_control/environment/path.dsv\n'}
[2.199736] (robot_control) StdoutLine: {'line': b'-- Up-to-date symlink: /root/Dojo/Dojo/install/robot_control/share/robot_control/local_setup.bash\n'}
[2.199858] (robot_control) StdoutLine: {'line': b'-- Up-to-date symlink: /root/Dojo/Dojo/install/robot_control/share/robot_control/local_setup.sh\n'}
[2.199976] (robot_control) StdoutLine: {'line': b'-- Up-to-date symlink: /root/Dojo/Dojo/install/robot_control/share/robot_control/local_setup.zsh\n'}
[2.200094] (robot_description) StdoutLine: {'line': b'-- Install configuration: "Release"\n'}
[2.201513] (robot_description) StdoutLine: {'line': b'-- Execute custom install script\n'}
[2.201672] (robot_description) StdoutLine: {'line': b'-- Up-to-date symlink: /root/Dojo/Dojo/install/robot_description/share/robot_description/launch/description.launch.py\n'}
[2.201959] (robot_description) StdoutLine: {'line': b'-- Up-to-date symlink: /root/Dojo/Dojo/install/robot_description/share/robot_description/launch/display.launch.py\n'}
[2.202727] (robot_description) StdoutLine: {'line': b'-- Up-to-date symlink: /root/Dojo/Dojo/install/robot_description/share/robot_description/launch/robot_state_publisher.launch.py\n'}
[2.202890] (robot_description) StdoutLine: {'line': b'-- Up-to-date symlink: /root/Dojo/Dojo/install/robot_description/share/robot_description/config/robot_controllers.yaml\n'}
[2.203018] (robot_control) StdoutLine: {'line': b'-- Up-to-date symlink: /root/Dojo/Dojo/install/robot_control/share/robot_control/local_setup.dsv\n'}
[2.203160] (robot_control) StdoutLine: {'line': b'-- Symlinking: /root/Dojo/Dojo/install/robot_control/share/robot_control/package.dsv\n'}
[2.203272] (robot_description) StdoutLine: {'line': b'-- Up-to-date symlink: /root/Dojo/Dojo/install/robot_description/share/robot_description/common_properties.xacro\n'}
[2.203681] (robot_description) StdoutLine: {'line': b'-- Up-to-date symlink: /root/Dojo/Dojo/install/robot_description/share/robot_description/dojo_robot.gazebo\n'}
[2.204171] (robot_description) StdoutLine: {'line': b'-- Up-to-date symlink: /root/Dojo/Dojo/install/robot_description/share/robot_description/dojo_robot.urdf.xacro\n'}
[2.204401] (robot_description) StdoutLine: {'line': b'-- Up-to-date symlink: /root/Dojo/Dojo/install/robot_description/share/robot_description/robot.urdf\n'}
[2.204949] (robot_description) StdoutLine: {'line': b'-- Up-to-date symlink: /root/Dojo/Dojo/install/robot_description/share/robot_description/robot.urdf.xacro\n'}
[2.205072] (robot_description) StdoutLine: {'line': b'-- Up-to-date symlink: /root/Dojo/Dojo/install/robot_description/share/robot_description/robot.urdf.xacro.clean\n'}
[2.205180] (robot_description) StdoutLine: {'line': b'-- Up-to-date symlink: /root/Dojo/Dojo/install/robot_description/share/robot_description/sensors/rplidar.urdf.xacro\n'}
[2.205291] (robot_description) StdoutLine: {'line': b'-- Up-to-date symlink: /root/Dojo/Dojo/install/robot_description/share/robot_description/display.rviz\n'}
[2.205408] (robot_description) StdoutLine: {'line': b'-- Up-to-date symlink: /root/Dojo/Dojo/install/robot_description/share/robot_description/dojo_robot.rviz\n'}
[2.205510] (robot_description) StdoutLine: {'line': b'-- Up-to-date symlink: /root/Dojo/Dojo/install/robot_description/share/robot_description/robot.rviz\n'}
[2.205598] (robot_description) StdoutLine: {'line': b'-- Up-to-date symlink: /root/Dojo/Dojo/install/robot_description/lib/python3.10/site-packages/__init__.py\n'}
[2.205897] (-) TimerEvent: {}
[2.207044] (robot_description) StdoutLine: {'line': b'-- Up-to-date symlink: /root/Dojo/Dojo/install/robot_description/lib/python3.10/site-packages/robot_description/__init__.py\n'}
[2.207195] (robot_description) StdoutLine: {'line': b'-- Up-to-date symlink: /root/Dojo/Dojo/install/robot_description/lib/robot_description/display_robot.py\n'}
[2.207308] (robot_description) StdoutLine: {'line': b'-- Up-to-date symlink: /root/Dojo/Dojo/install/robot_description/share/robot_description/package.xml\n'}
[2.207478] (robot_description) StdoutLine: {'line': b'-- Up-to-date symlink: /root/Dojo/Dojo/install/robot_description/share/robot_description/setup.py\n'}
[2.207618] (robot_description) StdoutLine: {'line': b'-- Up-to-date symlink: /root/Dojo/Dojo/install/robot_description/share/robot_description/setup.cfg\n'}
[2.207735] (robot_description) StdoutLine: {'line': b'-- Up-to-date symlink: /root/Dojo/Dojo/install/robot_description/share/ament_index/resource_index/package_run_dependencies/robot_description\n'}
[2.207843] (robot_description) StdoutLine: {'line': b'-- Up-to-date symlink: /root/Dojo/Dojo/install/robot_description/share/ament_index/resource_index/parent_prefix_path/robot_description\n'}
[2.207943] (robot_description) StdoutLine: {'line': b'-- Up-to-date symlink: /root/Dojo/Dojo/install/robot_description/share/robot_description/environment/ament_prefix_path.sh\n'}
[2.208069] (robot_description) StdoutLine: {'line': b'-- Up-to-date symlink: /root/Dojo/Dojo/install/robot_description/share/robot_description/environment/ament_prefix_path.dsv\n'}
[2.208200] (robot_perception) StdoutLine: {'line': b'Built target ament_cmake_python_copy_robot_perception\n'}
[2.208329] (robot_description) StdoutLine: {'line': b'-- Up-to-date symlink: /root/Dojo/Dojo/install/robot_description/share/robot_description/environment/path.sh\n'}
[2.210203] (robot_description) StdoutLine: {'line': b'-- Up-to-date symlink: /root/Dojo/Dojo/install/robot_description/share/robot_description/environment/path.dsv\n'}
[2.210380] (robot_description) StdoutLine: {'line': b'-- Up-to-date symlink: /root/Dojo/Dojo/install/robot_description/share/robot_description/local_setup.bash\n'}
[2.210523] (robot_description) StdoutLine: {'line': b'-- Up-to-date symlink: /root/Dojo/Dojo/install/robot_description/share/robot_description/local_setup.sh\n'}
[2.210646] (robot_description) StdoutLine: {'line': b'-- Up-to-date symlink: /root/Dojo/Dojo/install/robot_description/share/robot_description/local_setup.zsh\n'}
[2.210776] (robot_description) StdoutLine: {'line': b'-- Up-to-date symlink: /root/Dojo/Dojo/install/robot_description/share/robot_description/local_setup.dsv\n'}
[2.210947] (robot_description) StdoutLine: {'line': b'-- Symlinking: /root/Dojo/Dojo/install/robot_description/share/robot_description/package.dsv\n'}
[2.214298] (robot_control) StdoutLine: {'line': b'-- Up-to-date symlink: /root/Dojo/Dojo/install/robot_control/share/ament_index/resource_index/packages/robot_control\n'}
[2.214585] (robot_control) StdoutLine: {'line': b'-- Up-to-date symlink: /root/Dojo/Dojo/install/robot_control/share/robot_control/cmake/robot_controlConfig.cmake\n'}
[2.214826] (robot_control) StdoutLine: {'line': b'-- Up-to-date symlink: /root/Dojo/Dojo/install/robot_control/share/robot_control/cmake/robot_controlConfig-version.cmake\n'}
[2.215021] (robot_control) StdoutLine: {'line': b'-- Up-to-date symlink: /root/Dojo/Dojo/install/robot_control/share/robot_control/package.xml\n'}
[2.215198] (robot_control) StdoutLine: {'line': b'-- Up-to-date: /robot_control\n'}
[2.215357] (robot_control) StdoutLine: {'line': b'-- Up-to-date: /robot_control/__init__.py\n'}
[2.221477] (robot_control) CommandEnded: {'returncode': 0}
[2.223780] (robot_description) StdoutLine: {'line': b'-- Up-to-date symlink: /root/Dojo/Dojo/install/robot_description/share/ament_index/resource_index/packages/robot_description\n'}
[2.224065] (robot_description) StdoutLine: {'line': b'-- Up-to-date symlink: /root/Dojo/Dojo/install/robot_description/share/robot_description/cmake/robot_descriptionConfig.cmake\n'}
[2.224555] (robot_description) StdoutLine: {'line': b'-- Up-to-date symlink: /root/Dojo/Dojo/install/robot_description/share/robot_description/cmake/robot_descriptionConfig-version.cmake\n'}
[2.224747] (robot_description) StdoutLine: {'line': b'-- Up-to-date symlink: /root/Dojo/Dojo/install/robot_description/share/robot_description/package.xml\n'}
[2.242429] (robot_control) JobEnded: {'identifier': 'robot_control', 'rc': 0}
[2.243540] (robot_description) CommandEnded: {'returncode': 0}
[2.265648] (robot_description) JobEnded: {'identifier': 'robot_description', 'rc': 0}
[2.266975] (robot_navigation) JobStarted: {'identifier': 'robot_navigation'}
[2.274223] (robot_gazebo) JobStarted: {'identifier': 'robot_gazebo'}
[2.280334] (robot_launch) JobStarted: {'identifier': 'robot_launch'}
[2.292436] (robot_navigation) JobProgress: {'identifier': 'robot_navigation', 'progress': 'cmake'}
[2.293913] (robot_navigation) Command: {'cmd': ['/usr/bin/cmake', '/root/Dojo/Dojo/src/robot_navigation', '-DAMENT_CMAKE_SYMLINK_INSTALL=1', '-DCMAKE_INSTALL_PREFIX=/root/Dojo/Dojo/install/robot_navigation'], 'cwd': '/root/Dojo/Dojo/build/robot_navigation', 'env': OrderedDict([('HOSTNAME', 'gareth-joel-HP-Pavilion-Gaming-Laptop-15-ec2xxx'), ('SHLVL', '1'), ('LD_LIBRARY_PATH', '/usr/lib/x86_64-linux-gnu/gazebo-11/plugins:/opt/ros/humble/opt/rviz_ogre_vendor/lib:/opt/ros/humble/lib/x86_64-linux-gnu:/opt/ros/humble/lib'), ('HOME', '/root'), ('OLDPWD', '/root/Dojo'), ('ROS_PYTHON_VERSION', '3'), ('COLCON_PREFIX_PATH', '/root/Dojo/install'), ('ROS_DISTRO', 'humble'), ('_', '/usr/bin/colcon'), ('ROS_VERSION', '2'), ('TERM', 'xterm'), ('ROS_LOCALHOST_ONLY', '0'), ('QT_X11_NO_MITSHM', '1'), ('PATH', '/opt/ros/humble/bin:/usr/local/sbin:/usr/local/bin:/usr/sbin:/usr/bin:/sbin:/bin'), ('DISPLAY', ':0'), ('LANG', 'C.UTF-8'), ('LS_COLORS', 'rs=0:di=01;34:ln=01;36:mh=00:pi=40;33:so=01;35:do=01;35:bd=40;33;01:cd=40;33;01:or=40;31;01:mi=00:su=37;41:sg=30;43:ca=30;41:tw=30;42:ow=34;42:st=37;44:ex=01;32:*.tar=01;31:*.tgz=01;31:*.arc=01;31:*.arj=01;31:*.taz=01;31:*.lha=01;31:*.lz4=01;31:*.lzh=01;31:*.lzma=01;31:*.tlz=01;31:*.txz=01;31:*.tzo=01;31:*.t7z=01;31:*.zip=01;31:*.z=01;31:*.dz=01;31:*.gz=01;31:*.lrz=01;31:*.lz=01;31:*.lzo=01;31:*.xz=01;31:*.zst=01;31:*.tzst=01;31:*.bz2=01;31:*.bz=01;31:*.tbz=01;31:*.tbz2=01;31:*.tz=01;31:*.deb=01;31:*.rpm=01;31:*.jar=01;31:*.war=01;31:*.ear=01;31:*.sar=01;31:*.rar=01;31:*.alz=01;31:*.ace=01;31:*.zoo=01;31:*.cpio=01;31:*.7z=01;31:*.rz=01;31:*.cab=01;31:*.wim=01;31:*.swm=01;31:*.dwm=01;31:*.esd=01;31:*.jpg=01;35:*.jpeg=01;35:*.mjpg=01;35:*.mjpeg=01;35:*.gif=01;35:*.bmp=01;35:*.pbm=01;35:*.pgm=01;35:*.ppm=01;35:*.tga=01;35:*.xbm=01;35:*.xpm=01;35:*.tif=01;35:*.tiff=01;35:*.png=01;35:*.svg=01;35:*.svgz=01;35:*.mng=01;35:*.pcx=01;35:*.mov=01;35:*.mpg=01;35:*.mpeg=01;35:*.m2v=01;35:*.mkv=01;35:*.webm=01;35:*.webp=01;35:*.ogm=01;35:*.mp4=01;35:*.m4v=01;35:*.mp4v=01;35:*.vob=01;35:*.qt=01;35:*.nuv=01;35:*.wmv=01;35:*.asf=01;35:*.rm=01;35:*.rmvb=01;35:*.flc=01;35:*.avi=01;35:*.fli=01;35:*.flv=01;35:*.gl=01;35:*.dl=01;35:*.xcf=01;35:*.xwd=01;35:*.yuv=01;35:*.cgm=01;35:*.emf=01;35:*.ogv=01;35:*.ogx=01;35:*.aac=00;36:*.au=00;36:*.flac=00;36:*.m4a=00;36:*.mid=00;36:*.midi=00;36:*.mka=00;36:*.mp3=00;36:*.mpc=00;36:*.ogg=00;36:*.ra=00;36:*.wav=00;36:*.oga=00;36:*.opus=00;36:*.spx=00;36:*.xspf=00;36:'), ('ROS_DOMAIN_ID', '7'), ('AMENT_PREFIX_PATH', '/root/Dojo/Dojo/install/robot_description:/root/Dojo/Dojo/install/robot_control:/root/Dojo/install/robot_hardware:/opt/ros/humble'), ('PWD', '/root/Dojo/Dojo/build/robot_navigation'), ('LC_ALL', 'C.UTF-8'), ('PYTHONPATH', '/root/Dojo/Dojo/install/robot_description/lib/python3.10/site-packages:/root/Dojo/build/robot_hardware:/root/Dojo/install/robot_hardware/lib/python3.10/site-packages:/opt/ros/humble/lib/python3.10/site-packages:/opt/ros/humble/local/lib/python3.10/dist-packages'), ('COLCON', '1'), ('CMAKE_PREFIX_PATH', '/root/Dojo/Dojo/install/robot_description:/root/Dojo/Dojo/install/robot_control:/root/Dojo/install/robot_perception:/root/Dojo/install/robot_hardware:/opt/ros/humble')]), 'shell': False}
[2.296847] (robot_gazebo) JobProgress: {'identifier': 'robot_gazebo', 'progress': 'cmake'}
[2.297464] (robot_gazebo) Command: {'cmd': ['/usr/bin/cmake', '/root/Dojo/Dojo/src/robot_gazebo', '-DAMENT_CMAKE_SYMLINK_INSTALL=1', '-DCMAKE_INSTALL_PREFIX=/root/Dojo/Dojo/install/robot_gazebo'], 'cwd': '/root/Dojo/Dojo/build/robot_gazebo', 'env': OrderedDict([('HOSTNAME', 'gareth-joel-HP-Pavilion-Gaming-Laptop-15-ec2xxx'), ('SHLVL', '1'), ('LD_LIBRARY_PATH', '/usr/lib/x86_64-linux-gnu/gazebo-11/plugins:/opt/ros/humble/opt/rviz_ogre_vendor/lib:/opt/ros/humble/lib/x86_64-linux-gnu:/opt/ros/humble/lib'), ('HOME', '/root'), ('OLDPWD', '/root/Dojo'), ('ROS_PYTHON_VERSION', '3'), ('COLCON_PREFIX_PATH', '/root/Dojo/install'), ('ROS_DISTRO', 'humble'), ('_', '/usr/bin/colcon'), ('ROS_VERSION', '2'), ('TERM', 'xterm'), ('ROS_LOCALHOST_ONLY', '0'), ('QT_X11_NO_MITSHM', '1'), ('PATH', '/opt/ros/humble/bin:/usr/local/sbin:/usr/local/bin:/usr/sbin:/usr/bin:/sbin:/bin'), ('DISPLAY', ':0'), ('LANG', 'C.UTF-8'), ('LS_COLORS', 'rs=0:di=01;34:ln=01;36:mh=00:pi=40;33:so=01;35:do=01;35:bd=40;33;01:cd=40;33;01:or=40;31;01:mi=00:su=37;41:sg=30;43:ca=30;41:tw=30;42:ow=34;42:st=37;44:ex=01;32:*.tar=01;31:*.tgz=01;31:*.arc=01;31:*.arj=01;31:*.taz=01;31:*.lha=01;31:*.lz4=01;31:*.lzh=01;31:*.lzma=01;31:*.tlz=01;31:*.txz=01;31:*.tzo=01;31:*.t7z=01;31:*.zip=01;31:*.z=01;31:*.dz=01;31:*.gz=01;31:*.lrz=01;31:*.lz=01;31:*.lzo=01;31:*.xz=01;31:*.zst=01;31:*.tzst=01;31:*.bz2=01;31:*.bz=01;31:*.tbz=01;31:*.tbz2=01;31:*.tz=01;31:*.deb=01;31:*.rpm=01;31:*.jar=01;31:*.war=01;31:*.ear=01;31:*.sar=01;31:*.rar=01;31:*.alz=01;31:*.ace=01;31:*.zoo=01;31:*.cpio=01;31:*.7z=01;31:*.rz=01;31:*.cab=01;31:*.wim=01;31:*.swm=01;31:*.dwm=01;31:*.esd=01;31:*.jpg=01;35:*.jpeg=01;35:*.mjpg=01;35:*.mjpeg=01;35:*.gif=01;35:*.bmp=01;35:*.pbm=01;35:*.pgm=01;35:*.ppm=01;35:*.tga=01;35:*.xbm=01;35:*.xpm=01;35:*.tif=01;35:*.tiff=01;35:*.png=01;35:*.svg=01;35:*.svgz=01;35:*.mng=01;35:*.pcx=01;35:*.mov=01;35:*.mpg=01;35:*.mpeg=01;35:*.m2v=01;35:*.mkv=01;35:*.webm=01;35:*.webp=01;35:*.ogm=01;35:*.mp4=01;35:*.m4v=01;35:*.mp4v=01;35:*.vob=01;35:*.qt=01;35:*.nuv=01;35:*.wmv=01;35:*.asf=01;35:*.rm=01;35:*.rmvb=01;35:*.flc=01;35:*.avi=01;35:*.fli=01;35:*.flv=01;35:*.gl=01;35:*.dl=01;35:*.xcf=01;35:*.xwd=01;35:*.yuv=01;35:*.cgm=01;35:*.emf=01;35:*.ogv=01;35:*.ogx=01;35:*.aac=00;36:*.au=00;36:*.flac=00;36:*.m4a=00;36:*.mid=00;36:*.midi=00;36:*.mka=00;36:*.mp3=00;36:*.mpc=00;36:*.ogg=00;36:*.ra=00;36:*.wav=00;36:*.oga=00;36:*.opus=00;36:*.spx=00;36:*.xspf=00;36:'), ('ROS_DOMAIN_ID', '7'), ('AMENT_PREFIX_PATH', '/root/Dojo/Dojo/install/robot_description:/root/Dojo/Dojo/install/robot_control:/root/Dojo/install/robot_hardware:/opt/ros/humble'), ('PWD', '/root/Dojo/Dojo/build/robot_gazebo'), ('LC_ALL', 'C.UTF-8'), ('PYTHONPATH', '/root/Dojo/Dojo/install/robot_description/lib/python3.10/site-packages:/root/Dojo/build/robot_hardware:/root/Dojo/install/robot_hardware/lib/python3.10/site-packages:/opt/ros/humble/lib/python3.10/site-packages:/opt/ros/humble/local/lib/python3.10/dist-packages'), ('COLCON', '1'), ('CMAKE_PREFIX_PATH', '/root/Dojo/Dojo/install/robot_description:/root/Dojo/Dojo/install/robot_control:/root/Dojo/install/robot_perception:/root/Dojo/install/robot_hardware:/opt/ros/humble')]), 'shell': False}
[2.306008] (-) TimerEvent: {}
[2.315248] (robot_navigation) StdoutLine: {'line': b'-- Found ament_cmake: 1.3.12 (/opt/ros/humble/share/ament_cmake/cmake)\n'}
[2.319184] (robot_gazebo) StdoutLine: {'line': b'-- Found ament_cmake: 1.3.12 (/opt/ros/humble/share/ament_cmake/cmake)\n'}
[2.359947] (robot_interfaces) StdoutLine: {'line': b'-- Using all available rosidl_typesupport_cpp: rosidl_typesupport_fastrtps_cpp;rosidl_typesupport_introspection_cpp\n'}
[2.393994] (robot_interfaces) StdoutLine: {'line': b'-- Found python_cmake_module: 0.10.0 (/opt/ros/humble/share/python_cmake_module/cmake)\n'}
[2.399198] (robot_gazebo) StdoutLine: {'line': b'-- Found Python3: /usr/bin/python3 (found version "3.10.12") found components: Interpreter \n'}
[2.406167] (-) TimerEvent: {}
[2.412749] (robot_navigation) StdoutLine: {'line': b'-- Found Python3: /usr/bin/python3 (found version "3.10.12") found components: Interpreter \n'}
[2.423458] (robot_interfaces) StdoutLine: {'line': b'-- Using PYTHON_EXECUTABLE: /usr/bin/python3\n'}
[2.425091] (robot_interfaces) StdoutLine: {'line': b'-- Using PYTHON_INCLUDE_DIRS: /usr/include/python3.10\n'}
[2.426299] (robot_interfaces) StdoutLine: {'line': b'-- Using PYTHON_LIBRARIES: /usr/lib/x86_64-linux-gnu/libpython3.10.so\n'}
[2.495052] (robot_interfaces) StdoutLine: {'line': b'-- Configuring done\n'}
[2.503885] (robot_gazebo) StdoutLine: {'line': b'-- Override CMake install command with custom implementation using symlinks instead of copying resources\n'}
[2.506257] (-) TimerEvent: {}
[2.515546] (robot_gazebo) StdoutLine: {'line': b'-- Found rclcpp: 16.0.15 (/opt/ros/humble/share/rclcpp/cmake)\n'}
[2.516414] (robot_navigation) StdoutLine: {'line': b'-- Override CMake install command with custom implementation using symlinks instead of copying resources\n'}
[2.531138] (robot_navigation) StdoutLine: {'line': b'-- Found rclcpp: 16.0.15 (/opt/ros/humble/share/rclcpp/cmake)\n'}
[2.568967] (robot_gazebo) StdoutLine: {'line': b'-- Found rosidl_generator_c: 3.1.7 (/opt/ros/humble/share/rosidl_generator_c/cmake)\n'}
[2.573305] (robot_gazebo) StdoutLine: {'line': b'-- Found rosidl_adapter: 3.1.7 (/opt/ros/humble/share/rosidl_adapter/cmake)\n'}
[2.575654] (robot_interfaces) StdoutLine: {'line': b'-- Generating done\n'}
[2.582866] (robot_gazebo) StdoutLine: {'line': b'-- Found rosidl_generator_cpp: 3.1.7 (/opt/ros/humble/share/rosidl_generator_cpp/cmake)\n'}
[2.585798] (robot_navigation) StdoutLine: {'line': b'-- Found rosidl_generator_c: 3.1.7 (/opt/ros/humble/share/rosidl_generator_c/cmake)\n'}
[2.590612] (robot_navigation) StdoutLine: {'line': b'-- Found rosidl_adapter: 3.1.7 (/opt/ros/humble/share/rosidl_adapter/cmake)\n'}
[2.599660] (robot_gazebo) StdoutLine: {'line': b'-- Using all available rosidl_typesupport_c: rosidl_typesupport_fastrtps_c;rosidl_typesupport_introspection_c\n'}
[2.600662] (robot_navigation) StdoutLine: {'line': b'-- Found rosidl_generator_cpp: 3.1.7 (/opt/ros/humble/share/rosidl_generator_cpp/cmake)\n'}
[2.606447] (-) TimerEvent: {}
[2.616090] (robot_navigation) StdoutLine: {'line': b'-- Using all available rosidl_typesupport_c: rosidl_typesupport_fastrtps_c;rosidl_typesupport_introspection_c\n'}
[2.620809] (robot_interfaces) StdoutLine: {'line': b'-- Build files have been written to: /root/Dojo/Dojo/build/robot_interfaces\n'}
[2.621099] (robot_gazebo) StdoutLine: {'line': b'-- Using all available rosidl_typesupport_cpp: rosidl_typesupport_fastrtps_cpp;rosidl_typesupport_introspection_cpp\n'}
[2.635932] (robot_navigation) StdoutLine: {'line': b'-- Using all available rosidl_typesupport_cpp: rosidl_typesupport_fastrtps_cpp;rosidl_typesupport_introspection_cpp\n'}
[2.674093] (robot_gazebo) StdoutLine: {'line': b'-- Found rmw_implementation_cmake: 6.1.2 (/opt/ros/humble/share/rmw_implementation_cmake/cmake)\n'}
[2.676302] (robot_gazebo) StdoutLine: {'line': b'-- Found rmw_fastrtps_cpp: 6.2.8 (/opt/ros/humble/share/rmw_fastrtps_cpp/cmake)\n'}
[2.683011] (robot_navigation) StdoutLine: {'line': b'-- Found rmw_implementation_cmake: 6.1.2 (/opt/ros/humble/share/rmw_implementation_cmake/cmake)\n'}
[2.685216] (robot_navigation) StdoutLine: {'line': b'-- Found rmw_fastrtps_cpp: 6.2.8 (/opt/ros/humble/share/rmw_fastrtps_cpp/cmake)\n'}
[2.701144] (robot_perception) StdoutLine: {'line': b'running egg_info\n'}
[2.706522] (-) TimerEvent: {}
[2.718001] (robot_perception) StdoutLine: {'line': b'writing robot_perception.egg-info/PKG-INFO\n'}
[2.718394] (robot_perception) StdoutLine: {'line': b'writing dependency_links to robot_perception.egg-info/dependency_links.txt\n'}
[2.718861] (robot_perception) StdoutLine: {'line': b'writing top-level names to robot_perception.egg-info/top_level.txt\n'}
[2.772002] (robot_perception) StdoutLine: {'line': b"reading manifest file 'robot_perception.egg-info/SOURCES.txt'\n"}
[2.773195] (robot_perception) StdoutLine: {'line': b"writing manifest file 'robot_perception.egg-info/SOURCES.txt'\n"}
[2.806632] (-) TimerEvent: {}
[2.818678] (robot_interfaces) CommandEnded: {'returncode': 0}
[2.821012] (robot_interfaces) JobProgress: {'identifier': 'robot_interfaces', 'progress': 'build'}
[2.821508] (robot_interfaces) Command: {'cmd': ['/usr/bin/cmake', '--build', '/root/Dojo/Dojo/build/robot_interfaces', '--', '-j16', '-l16'], 'cwd': '/root/Dojo/Dojo/build/robot_interfaces', 'env': OrderedDict([('HOSTNAME', 'gareth-joel-HP-Pavilion-Gaming-Laptop-15-ec2xxx'), ('SHLVL', '1'), ('LD_LIBRARY_PATH', '/usr/lib/x86_64-linux-gnu/gazebo-11/plugins:/opt/ros/humble/opt/rviz_ogre_vendor/lib:/opt/ros/humble/lib/x86_64-linux-gnu:/opt/ros/humble/lib'), ('HOME', '/root'), ('OLDPWD', '/root/Dojo'), ('ROS_PYTHON_VERSION', '3'), ('COLCON_PREFIX_PATH', '/root/Dojo/install'), ('ROS_DISTRO', 'humble'), ('_', '/usr/bin/colcon'), ('ROS_VERSION', '2'), ('TERM', 'xterm'), ('ROS_LOCALHOST_ONLY', '0'), ('QT_X11_NO_MITSHM', '1'), ('PATH', '/opt/ros/humble/bin:/usr/local/sbin:/usr/local/bin:/usr/sbin:/usr/bin:/sbin:/bin'), ('DISPLAY', ':0'), ('LANG', 'C.UTF-8'), ('LS_COLORS', 'rs=0:di=01;34:ln=01;36:mh=00:pi=40;33:so=01;35:do=01;35:bd=40;33;01:cd=40;33;01:or=40;31;01:mi=00:su=37;41:sg=30;43:ca=30;41:tw=30;42:ow=34;42:st=37;44:ex=01;32:*.tar=01;31:*.tgz=01;31:*.arc=01;31:*.arj=01;31:*.taz=01;31:*.lha=01;31:*.lz4=01;31:*.lzh=01;31:*.lzma=01;31:*.tlz=01;31:*.txz=01;31:*.tzo=01;31:*.t7z=01;31:*.zip=01;31:*.z=01;31:*.dz=01;31:*.gz=01;31:*.lrz=01;31:*.lz=01;31:*.lzo=01;31:*.xz=01;31:*.zst=01;31:*.tzst=01;31:*.bz2=01;31:*.bz=01;31:*.tbz=01;31:*.tbz2=01;31:*.tz=01;31:*.deb=01;31:*.rpm=01;31:*.jar=01;31:*.war=01;31:*.ear=01;31:*.sar=01;31:*.rar=01;31:*.alz=01;31:*.ace=01;31:*.zoo=01;31:*.cpio=01;31:*.7z=01;31:*.rz=01;31:*.cab=01;31:*.wim=01;31:*.swm=01;31:*.dwm=01;31:*.esd=01;31:*.jpg=01;35:*.jpeg=01;35:*.mjpg=01;35:*.mjpeg=01;35:*.gif=01;35:*.bmp=01;35:*.pbm=01;35:*.pgm=01;35:*.ppm=01;35:*.tga=01;35:*.xbm=01;35:*.xpm=01;35:*.tif=01;35:*.tiff=01;35:*.png=01;35:*.svg=01;35:*.svgz=01;35:*.mng=01;35:*.pcx=01;35:*.mov=01;35:*.mpg=01;35:*.mpeg=01;35:*.m2v=01;35:*.mkv=01;35:*.webm=01;35:*.webp=01;35:*.ogm=01;35:*.mp4=01;35:*.m4v=01;35:*.mp4v=01;35:*.vob=01;35:*.qt=01;35:*.nuv=01;35:*.wmv=01;35:*.asf=01;35:*.rm=01;35:*.rmvb=01;35:*.flc=01;35:*.avi=01;35:*.fli=01;35:*.flv=01;35:*.gl=01;35:*.dl=01;35:*.xcf=01;35:*.xwd=01;35:*.yuv=01;35:*.cgm=01;35:*.emf=01;35:*.ogv=01;35:*.ogx=01;35:*.aac=00;36:*.au=00;36:*.flac=00;36:*.m4a=00;36:*.mid=00;36:*.midi=00;36:*.mka=00;36:*.mp3=00;36:*.mpc=00;36:*.ogg=00;36:*.ra=00;36:*.wav=00;36:*.oga=00;36:*.opus=00;36:*.spx=00;36:*.xspf=00;36:'), ('ROS_DOMAIN_ID', '7'), ('AMENT_PREFIX_PATH', '/root/Dojo/install/robot_hardware:/opt/ros/humble'), ('PWD', '/root/Dojo/Dojo/build/robot_interfaces'), ('LC_ALL', 'C.UTF-8'), ('PYTHONPATH', '/root/Dojo/build/robot_hardware:/root/Dojo/install/robot_hardware/lib/python3.10/site-packages:/opt/ros/humble/lib/python3.10/site-packages:/opt/ros/humble/local/lib/python3.10/dist-packages'), ('COLCON', '1'), ('CMAKE_PREFIX_PATH', '/root/Dojo/install/robot_perception:/root/Dojo/install/robot_hardware:/opt/ros/humble')]), 'shell': False}
[2.844461] (robot_perception) StdoutLine: {'line': b'Built target ament_cmake_python_build_robot_perception_egg\n'}
[2.860129] (robot_perception) CommandEnded: {'returncode': 0}
[2.860881] (robot_perception) JobProgress: {'identifier': 'robot_perception', 'progress': 'install'}
[2.861127] (robot_perception) Command: {'cmd': ['/usr/bin/cmake', '--install', '/root/Dojo/Dojo/build/robot_perception'], 'cwd': '/root/Dojo/Dojo/build/robot_perception', 'env': OrderedDict([('HOSTNAME', 'gareth-joel-HP-Pavilion-Gaming-Laptop-15-ec2xxx'), ('SHLVL', '1'), ('LD_LIBRARY_PATH', '/usr/lib/x86_64-linux-gnu/gazebo-11/plugins:/opt/ros/humble/opt/rviz_ogre_vendor/lib:/opt/ros/humble/lib/x86_64-linux-gnu:/opt/ros/humble/lib'), ('HOME', '/root'), ('OLDPWD', '/root/Dojo'), ('ROS_PYTHON_VERSION', '3'), ('COLCON_PREFIX_PATH', '/root/Dojo/install'), ('ROS_DISTRO', 'humble'), ('_', '/usr/bin/colcon'), ('ROS_VERSION', '2'), ('TERM', 'xterm'), ('ROS_LOCALHOST_ONLY', '0'), ('QT_X11_NO_MITSHM', '1'), ('PATH', '/opt/ros/humble/bin:/usr/local/sbin:/usr/local/bin:/usr/sbin:/usr/bin:/sbin:/bin'), ('DISPLAY', ':0'), ('LANG', 'C.UTF-8'), ('LS_COLORS', 'rs=0:di=01;34:ln=01;36:mh=00:pi=40;33:so=01;35:do=01;35:bd=40;33;01:cd=40;33;01:or=40;31;01:mi=00:su=37;41:sg=30;43:ca=30;41:tw=30;42:ow=34;42:st=37;44:ex=01;32:*.tar=01;31:*.tgz=01;31:*.arc=01;31:*.arj=01;31:*.taz=01;31:*.lha=01;31:*.lz4=01;31:*.lzh=01;31:*.lzma=01;31:*.tlz=01;31:*.txz=01;31:*.tzo=01;31:*.t7z=01;31:*.zip=01;31:*.z=01;31:*.dz=01;31:*.gz=01;31:*.lrz=01;31:*.lz=01;31:*.lzo=01;31:*.xz=01;31:*.zst=01;31:*.tzst=01;31:*.bz2=01;31:*.bz=01;31:*.tbz=01;31:*.tbz2=01;31:*.tz=01;31:*.deb=01;31:*.rpm=01;31:*.jar=01;31:*.war=01;31:*.ear=01;31:*.sar=01;31:*.rar=01;31:*.alz=01;31:*.ace=01;31:*.zoo=01;31:*.cpio=01;31:*.7z=01;31:*.rz=01;31:*.cab=01;31:*.wim=01;31:*.swm=01;31:*.dwm=01;31:*.esd=01;31:*.jpg=01;35:*.jpeg=01;35:*.mjpg=01;35:*.mjpeg=01;35:*.gif=01;35:*.bmp=01;35:*.pbm=01;35:*.pgm=01;35:*.ppm=01;35:*.tga=01;35:*.xbm=01;35:*.xpm=01;35:*.tif=01;35:*.tiff=01;35:*.png=01;35:*.svg=01;35:*.svgz=01;35:*.mng=01;35:*.pcx=01;35:*.mov=01;35:*.mpg=01;35:*.mpeg=01;35:*.m2v=01;35:*.mkv=01;35:*.webm=01;35:*.webp=01;35:*.ogm=01;35:*.mp4=01;35:*.m4v=01;35:*.mp4v=01;35:*.vob=01;35:*.qt=01;35:*.nuv=01;35:*.wmv=01;35:*.asf=01;35:*.rm=01;35:*.rmvb=01;35:*.flc=01;35:*.avi=01;35:*.fli=01;35:*.flv=01;35:*.gl=01;35:*.dl=01;35:*.xcf=01;35:*.xwd=01;35:*.yuv=01;35:*.cgm=01;35:*.emf=01;35:*.ogv=01;35:*.ogx=01;35:*.aac=00;36:*.au=00;36:*.flac=00;36:*.m4a=00;36:*.mid=00;36:*.midi=00;36:*.mka=00;36:*.mp3=00;36:*.mpc=00;36:*.ogg=00;36:*.ra=00;36:*.wav=00;36:*.oga=00;36:*.opus=00;36:*.spx=00;36:*.xspf=00;36:'), ('ROS_DOMAIN_ID', '7'), ('AMENT_PREFIX_PATH', '/root/Dojo/install/robot_hardware:/opt/ros/humble'), ('PWD', '/root/Dojo/Dojo/build/robot_perception'), ('LC_ALL', 'C.UTF-8'), ('PYTHONPATH', '/root/Dojo/build/robot_hardware:/root/Dojo/install/robot_hardware/lib/python3.10/site-packages:/opt/ros/humble/lib/python3.10/site-packages:/opt/ros/humble/local/lib/python3.10/dist-packages'), ('COLCON', '1'), ('CMAKE_PREFIX_PATH', '/root/Dojo/install/robot_perception')]), 'shell': False}
[2.873797] (robot_perception) StdoutLine: {'line': b'-- Install configuration: "Release"\n'}
[2.874535] (robot_perception) StdoutLine: {'line': b'-- Up-to-date: /root/Dojo/Dojo/install/robot_perception/share/robot_perception/environment/pythonpath.sh\n'}
[2.875262] (robot_perception) StdoutLine: {'line': b'-- Installing: /root/Dojo/Dojo/install/robot_perception/share/robot_perception/environment/pythonpath.dsv\n'}
[2.875965] (robot_perception) StdoutLine: {'line': b'-- Up-to-date: /root/Dojo/Dojo/install/robot_perception/local/lib/python3.10/dist-packages/robot_perception-0.2.0-py3.10.egg-info\n'}
[2.876339] (robot_perception) StdoutLine: {'line': b'-- Installing: /root/Dojo/Dojo/install/robot_perception/local/lib/python3.10/dist-packages/robot_perception-0.2.0-py3.10.egg-info/SOURCES.txt\n'}
[2.876649] (robot_perception) StdoutLine: {'line': b'-- Installing: /root/Dojo/Dojo/install/robot_perception/local/lib/python3.10/dist-packages/robot_perception-0.2.0-py3.10.egg-info/dependency_links.txt\n'}
[2.876990] (robot_perception) StdoutLine: {'line': b'-- Installing: /root/Dojo/Dojo/install/robot_perception/local/lib/python3.10/dist-packages/robot_perception-0.2.0-py3.10.egg-info/PKG-INFO\n'}
[2.877466] (robot_perception) StdoutLine: {'line': b'-- Installing: /root/Dojo/Dojo/install/robot_perception/local/lib/python3.10/dist-packages/robot_perception-0.2.0-py3.10.egg-info/top_level.txt\n'}
[2.877966] (robot_perception) StdoutLine: {'line': b'-- Up-to-date: /root/Dojo/Dojo/install/robot_perception/local/lib/python3.10/dist-packages/robot_perception\n'}
[2.878387] (robot_perception) StdoutLine: {'line': b'-- Up-to-date: /root/Dojo/Dojo/install/robot_perception/local/lib/python3.10/dist-packages/robot_perception/yolov8n.pt\n'}
[2.878547] (robot_perception) StdoutLine: {'line': b'-- Up-to-date: /root/Dojo/Dojo/install/robot_perception/local/lib/python3.10/dist-packages/robot_perception/utils\n'}
[2.878674] (robot_perception) StdoutLine: {'line': b'-- Up-to-date: /root/Dojo/Dojo/install/robot_perception/local/lib/python3.10/dist-packages/robot_perception/utils/common.py\n'}
[2.878783] (robot_perception) StdoutLine: {'line': b'-- Up-to-date: /root/Dojo/Dojo/install/robot_perception/local/lib/python3.10/dist-packages/robot_perception/utils/__init__.py\n'}
[2.878881] (robot_perception) StdoutLine: {'line': b'-- Up-to-date: /root/Dojo/Dojo/install/robot_perception/local/lib/python3.10/dist-packages/robot_perception/utils/config.py\n'}
[2.878979] (robot_perception) StdoutLine: {'line': b'-- Up-to-date: /root/Dojo/Dojo/install/robot_perception/local/lib/python3.10/dist-packages/robot_perception/nodes\n'}
[2.879076] (robot_perception) StdoutLine: {'line': b'-- Up-to-date: /root/Dojo/Dojo/install/robot_perception/local/lib/python3.10/dist-packages/robot_perception/nodes/object_detector.py\n'}
[2.879174] (robot_perception) StdoutLine: {'line': b'-- Up-to-date: /root/Dojo/Dojo/install/robot_perception/local/lib/python3.10/dist-packages/robot_perception/nodes/perception_integrator.py\n'}
[2.879269] (robot_perception) StdoutLine: {'line': b'-- Up-to-date: /root/Dojo/Dojo/install/robot_perception/local/lib/python3.10/dist-packages/robot_perception/nodes/lidar_processor.py\n'}
[2.879371] (robot_perception) StdoutLine: {'line': b'-- Up-to-date: /root/Dojo/Dojo/install/robot_perception/local/lib/python3.10/dist-packages/robot_perception/nodes/camera_processor.py\n'}
[2.879491] (robot_perception) StdoutLine: {'line': b'-- Up-to-date: /root/Dojo/Dojo/install/robot_perception/local/lib/python3.10/dist-packages/robot_perception/nodes/__init__.py\n'}
[2.879579] (robot_perception) StdoutLine: {'line': b'-- Up-to-date: /root/Dojo/Dojo/install/robot_perception/local/lib/python3.10/dist-packages/robot_perception/__init__.py\n'}
[2.892577] (robot_gazebo) StdoutLine: {'line': b"-- Using RMW implementation 'rmw_fastrtps_cpp' as default\n"}
[2.894950] (robot_interfaces) StdoutLine: {'line': b'\x1b[35m\x1b[1mConsolidate compiler generated dependencies of target robot_interfaces__rosidl_generator_c\x1b[0m\n'}
[2.900496] (robot_navigation) StdoutLine: {'line': b"-- Using RMW implementation 'rmw_fastrtps_cpp' as default\n"}
[2.907387] (-) TimerEvent: {}
[2.914505] (robot_interfaces) StdoutLine: {'line': b'[  1%] Built target robot_interfaces__cpp\n'}
[2.929172] (robot_interfaces) StdoutLine: {'line': b'[  1%] Built target ament_cmake_python_symlink_robot_interfaces\n'}
[2.935807] (robot_perception) StdoutLine: {'line': b"Listing '/root/Dojo/Dojo/install/robot_perception/local/lib/python3.10/dist-packages/robot_perception'...\n"}
[2.938583] (robot_perception) StdoutLine: {'line': b"Listing '/root/Dojo/Dojo/install/robot_perception/local/lib/python3.10/dist-packages/robot_perception/nodes'...\n"}
[2.938907] (robot_perception) StdoutLine: {'line': b"Listing '/root/Dojo/Dojo/install/robot_perception/local/lib/python3.10/dist-packages/robot_perception/utils'...\n"}
[2.941025] (robot_interfaces) StdoutLine: {'line': b'\x1b[35m\x1b[1mConsolidate compiler generated dependencies of target robot_interfaces__rosidl_typesupport_cpp\x1b[0m\n'}
[2.947993] (robot_perception) StdoutLine: {'line': b'-- Up-to-date: /root/Dojo/Dojo/install/robot_perception/share/robot_perception/launch\n'}
[2.948789] (robot_perception) StdoutLine: {'line': b'-- Up-to-date: /root/Dojo/Dojo/install/robot_perception/share/robot_perception/launch/robot_perception.launch.py\n'}
[2.949584] (robot_perception) StdoutLine: {'line': b'-- Up-to-date: /root/Dojo/Dojo/install/robot_perception/share/robot_perception/launch/perception.launch.py\n'}
[2.950705] (robot_perception) StdoutLine: {'line': b'-- Up-to-date: /root/Dojo/Dojo/install/robot_perception/share/robot_perception/launch/perception_integration.launch.py\n'}
[2.951423] (robot_perception) StdoutLine: {'line': b'-- Up-to-date: /root/Dojo/Dojo/install/robot_perception/share/robot_perception/launch/object_detector.launch.py\n'}
[2.952402] (robot_perception) StdoutLine: {'line': b'-- Up-to-date: /root/Dojo/Dojo/install/robot_perception/share/robot_perception/launch/perception_system.launch.py\n'}
[2.952577] (robot_perception) StdoutLine: {'line': b'-- Up-to-date: /root/Dojo/Dojo/install/robot_perception/share/robot_perception/config\n'}
[2.952700] (robot_perception) StdoutLine: {'line': b'-- Up-to-date: /root/Dojo/Dojo/install/robot_perception/share/robot_perception/config/robot_perception_params.yaml\n'}
[2.952805] (robot_perception) StdoutLine: {'line': b'-- Up-to-date: /root/Dojo/Dojo/install/robot_perception/share/robot_perception/config/perception_params.yaml\n'}
[2.952914] (robot_perception) StdoutLine: {'line': b'-- Up-to-date: /root/Dojo/Dojo/install/robot_perception/share/robot_perception/rviz\n'}
[2.953012] (robot_perception) StdoutLine: {'line': b'-- Up-to-date: /root/Dojo/Dojo/install/robot_perception/share/robot_perception/rviz/object_detection.rviz\n'}
[2.953106] (robot_perception) StdoutLine: {'line': b'-- Up-to-date: /root/Dojo/Dojo/install/robot_perception/share/robot_perception/rviz/perception_integration.rviz\n'}
[2.953201] (robot_interfaces) StdoutLine: {'line': b'\x1b[35m\x1b[1mConsolidate compiler generated dependencies of target robot_interfaces__rosidl_typesupport_fastrtps_cpp\x1b[0m\n'}
[2.953312] (robot_interfaces) StdoutLine: {'line': b'\x1b[35m\x1b[1mConsolidate compiler generated dependencies of target robot_interfaces__rosidl_typesupport_introspection_cpp\x1b[0m\n'}
[2.953430] (robot_perception) StdoutLine: {'line': b'-- Up-to-date: /root/Dojo/Dojo/install/robot_perception/share/robot_perception/resource\n'}
[2.953543] (robot_perception) StdoutLine: {'line': b'-- Up-to-date: /root/Dojo/Dojo/install/robot_perception/share/robot_perception/resource/robot_perception\n'}
[2.956449] (robot_perception) StdoutLine: {'line': b'-- Up-to-date: /root/Dojo/Dojo/install/robot_perception/share/robot_perception/CMakeLists.txt\n'}
[2.956681] (robot_perception) StdoutLine: {'line': b'-- Up-to-date: /root/Dojo/Dojo/install/robot_perception/share/robot_perception/package.xml\n'}
[2.956828] (robot_perception) StdoutLine: {'line': b'-- Up-to-date: /root/Dojo/Dojo/install/robot_perception/lib/local/lib/python3.10/dist-packages/robot_perception/setup.py\n'}
[2.956950] (robot_perception) StdoutLine: {'line': b'-- Up-to-date: /root/Dojo/Dojo/install/robot_perception/share/ament_index/resource_index/package_run_dependencies/robot_perception\n'}
[2.957055] (robot_perception) StdoutLine: {'line': b'-- Up-to-date: /root/Dojo/Dojo/install/robot_perception/share/ament_index/resource_index/parent_prefix_path/robot_perception\n'}
[2.957155] (robot_perception) StdoutLine: {'line': b'-- Up-to-date: /root/Dojo/Dojo/install/robot_perception/share/robot_perception/environment/ament_prefix_path.sh\n'}
[2.957254] (robot_perception) StdoutLine: {'line': b'-- Installing: /root/Dojo/Dojo/install/robot_perception/share/robot_perception/environment/ament_prefix_path.dsv\n'}
[2.957352] (robot_perception) StdoutLine: {'line': b'-- Up-to-date: /root/Dojo/Dojo/install/robot_perception/share/robot_perception/environment/path.sh\n'}
[2.957471] (robot_perception) StdoutLine: {'line': b'-- Installing: /root/Dojo/Dojo/install/robot_perception/share/robot_perception/environment/path.dsv\n'}
[2.957575] (robot_perception) StdoutLine: {'line': b'-- Up-to-date: /root/Dojo/Dojo/install/robot_perception/share/robot_perception/local_setup.bash\n'}
[2.957669] (robot_perception) StdoutLine: {'line': b'-- Up-to-date: /root/Dojo/Dojo/install/robot_perception/share/robot_perception/local_setup.sh\n'}
[2.957763] (robot_perception) StdoutLine: {'line': b'-- Up-to-date: /root/Dojo/Dojo/install/robot_perception/share/robot_perception/local_setup.zsh\n'}
[2.957859] (robot_perception) StdoutLine: {'line': b'-- Installing: /root/Dojo/Dojo/install/robot_perception/share/robot_perception/local_setup.dsv\n'}
[2.957954] (robot_perception) StdoutLine: {'line': b'-- Installing: /root/Dojo/Dojo/install/robot_perception/share/robot_perception/package.dsv\n'}
[2.958054] (robot_perception) StdoutLine: {'line': b'-- Up-to-date: /root/Dojo/Dojo/install/robot_perception/share/ament_index/resource_index/packages/robot_perception\n'}
[2.958148] (robot_perception) StdoutLine: {'line': b'-- Up-to-date: /root/Dojo/Dojo/install/robot_perception/share/robot_perception/cmake/ament_cmake_export_dependencies-extras.cmake\n'}
[2.958244] (robot_perception) StdoutLine: {'line': b'-- Up-to-date: /root/Dojo/Dojo/install/robot_perception/share/robot_perception/cmake/robot_perceptionConfig.cmake\n'}
[2.958350] (robot_perception) StdoutLine: {'line': b'-- Up-to-date: /root/Dojo/Dojo/install/robot_perception/share/robot_perception/cmake/robot_perceptionConfig-version.cmake\n'}
[2.961643] (robot_perception) StdoutLine: {'line': b'-- Up-to-date: /root/Dojo/Dojo/install/robot_perception/share/robot_perception/package.xml\n'}
[2.961829] (robot_interfaces) StdoutLine: {'line': b'[ 12%] Built target robot_interfaces__rosidl_generator_c\n'}
[2.962009] (robot_perception) CommandEnded: {'returncode': 0}
[2.971275] (robot_perception) JobEnded: {'identifier': 'robot_perception', 'rc': 0}
[2.980661] (robot_hardware) Command: {'cmd': ['/usr/bin/python3', '-W', 'ignore:setup.py install is deprecated', '-W', 'ignore:easy_install command is deprecated', 'setup.py', 'develop', '--editable', '--build-directory', '/root/Dojo/Dojo/build/robot_hardware/build', '--no-deps', 'symlink_data'], 'cwd': '/root/Dojo/Dojo/build/robot_hardware', 'env': {'HOSTNAME': 'gareth-joel-HP-Pavilion-Gaming-Laptop-15-ec2xxx', 'SHLVL': '1', 'LD_LIBRARY_PATH': '/usr/lib/x86_64-linux-gnu/gazebo-11/plugins:/opt/ros/humble/opt/rviz_ogre_vendor/lib:/opt/ros/humble/lib/x86_64-linux-gnu:/opt/ros/humble/lib', 'HOME': '/root', 'OLDPWD': '/root/Dojo', 'ROS_PYTHON_VERSION': '3', 'COLCON_PREFIX_PATH': '/root/Dojo/install', 'ROS_DISTRO': 'humble', '_': '/usr/bin/colcon', 'ROS_VERSION': '2', 'TERM': 'xterm', 'ROS_LOCALHOST_ONLY': '0', 'QT_X11_NO_MITSHM': '1', 'PATH': '/opt/ros/humble/bin:/usr/local/sbin:/usr/local/bin:/usr/sbin:/usr/bin:/sbin:/bin', 'DISPLAY': ':0', 'LANG': 'C.UTF-8', 'LS_COLORS': 'rs=0:di=01;34:ln=01;36:mh=00:pi=40;33:so=01;35:do=01;35:bd=40;33;01:cd=40;33;01:or=40;31;01:mi=00:su=37;41:sg=30;43:ca=30;41:tw=30;42:ow=34;42:st=37;44:ex=01;32:*.tar=01;31:*.tgz=01;31:*.arc=01;31:*.arj=01;31:*.taz=01;31:*.lha=01;31:*.lz4=01;31:*.lzh=01;31:*.lzma=01;31:*.tlz=01;31:*.txz=01;31:*.tzo=01;31:*.t7z=01;31:*.zip=01;31:*.z=01;31:*.dz=01;31:*.gz=01;31:*.lrz=01;31:*.lz=01;31:*.lzo=01;31:*.xz=01;31:*.zst=01;31:*.tzst=01;31:*.bz2=01;31:*.bz=01;31:*.tbz=01;31:*.tbz2=01;31:*.tz=01;31:*.deb=01;31:*.rpm=01;31:*.jar=01;31:*.war=01;31:*.ear=01;31:*.sar=01;31:*.rar=01;31:*.alz=01;31:*.ace=01;31:*.zoo=01;31:*.cpio=01;31:*.7z=01;31:*.rz=01;31:*.cab=01;31:*.wim=01;31:*.swm=01;31:*.dwm=01;31:*.esd=01;31:*.jpg=01;35:*.jpeg=01;35:*.mjpg=01;35:*.mjpeg=01;35:*.gif=01;35:*.bmp=01;35:*.pbm=01;35:*.pgm=01;35:*.ppm=01;35:*.tga=01;35:*.xbm=01;35:*.xpm=01;35:*.tif=01;35:*.tiff=01;35:*.png=01;35:*.svg=01;35:*.svgz=01;35:*.mng=01;35:*.pcx=01;35:*.mov=01;35:*.mpg=01;35:*.mpeg=01;35:*.m2v=01;35:*.mkv=01;35:*.webm=01;35:*.webp=01;35:*.ogm=01;35:*.mp4=01;35:*.m4v=01;35:*.mp4v=01;35:*.vob=01;35:*.qt=01;35:*.nuv=01;35:*.wmv=01;35:*.asf=01;35:*.rm=01;35:*.rmvb=01;35:*.flc=01;35:*.avi=01;35:*.fli=01;35:*.flv=01;35:*.gl=01;35:*.dl=01;35:*.xcf=01;35:*.xwd=01;35:*.yuv=01;35:*.cgm=01;35:*.emf=01;35:*.ogv=01;35:*.ogx=01;35:*.aac=00;36:*.au=00;36:*.flac=00;36:*.m4a=00;36:*.mid=00;36:*.midi=00;36:*.mka=00;36:*.mp3=00;36:*.mpc=00;36:*.ogg=00;36:*.ra=00;36:*.wav=00;36:*.oga=00;36:*.opus=00;36:*.spx=00;36:*.xspf=00;36:', 'ROS_DOMAIN_ID': '7', 'AMENT_PREFIX_PATH': '/root/Dojo/install/robot_hardware:/opt/ros/humble', 'PWD': '/root/Dojo/Dojo/build/robot_hardware', 'LC_ALL': 'C.UTF-8', 'PYTHONPATH': '/root/Dojo/Dojo/build/robot_hardware/prefix_override:/usr/lib/python3/dist-packages/colcon_core/task/python/colcon_distutils_commands:/root/Dojo/Dojo/install/robot_hardware/lib/python3.10/site-packages:/root/Dojo/build/robot_hardware:/root/Dojo/install/robot_hardware/lib/python3.10/site-packages:/opt/ros/humble/lib/python3.10/site-packages:/opt/ros/humble/local/lib/python3.10/dist-packages', 'COLCON': '1', 'CMAKE_PREFIX_PATH': '/root/Dojo/install/robot_perception'}, 'shell': False}
[2.983324] (robot_navigation) StdoutLine: {'line': b'-- Found rclpy: 3.3.17 (/opt/ros/humble/share/rclpy/cmake)\n'}
[2.983706] (robot_navigation) StdoutLine: {'line': b'-- Found sensor_msgs: 4.9.0 (/opt/ros/humble/share/sensor_msgs/cmake)\n'}
[2.984283] (robot_interfaces) StdoutLine: {'line': b'\x1b[35m\x1b[1mConsolidate compiler generated dependencies of target robot_interfaces__rosidl_typesupport_introspection_c\x1b[0m\n'}
[2.993612] (robot_interfaces) StdoutLine: {'line': b'\x1b[35m\x1b[1mConsolidate compiler generated dependencies of target robot_interfaces__rosidl_typesupport_fastrtps_c\x1b[0m\n'}
[2.995813] (robot_interfaces) StdoutLine: {'line': b'\x1b[35m\x1b[1mConsolidate compiler generated dependencies of target robot_interfaces__rosidl_typesupport_c\x1b[0m\n'}
[2.997015] (robot_interfaces) StdoutLine: {'line': b'[ 24%] Built target robot_interfaces__rosidl_typesupport_introspection_cpp\n'}
[2.997994] (robot_interfaces) StdoutLine: {'line': b'[ 35%] Built target robot_interfaces__rosidl_typesupport_fastrtps_cpp\n'}
[3.000356] (robot_interfaces) StdoutLine: {'line': b'[ 46%] Built target robot_interfaces__rosidl_typesupport_cpp\n'}
[3.001230] (nv21_converter_pkg) Command: {'cmd': ['/usr/bin/python3', '-W', 'ignore:setup.py install is deprecated', '-W', 'ignore:easy_install command is deprecated', 'setup.py', 'develop', '--editable', '--build-directory', '/root/Dojo/Dojo/build/nv21_converter_pkg/build', '--no-deps', 'symlink_data'], 'cwd': '/root/Dojo/Dojo/build/nv21_converter_pkg', 'env': {'HOSTNAME': 'gareth-joel-HP-Pavilion-Gaming-Laptop-15-ec2xxx', 'SHLVL': '1', 'LD_LIBRARY_PATH': '/usr/lib/x86_64-linux-gnu/gazebo-11/plugins:/opt/ros/humble/opt/rviz_ogre_vendor/lib:/opt/ros/humble/lib/x86_64-linux-gnu:/opt/ros/humble/lib', 'HOME': '/root', 'OLDPWD': '/root/Dojo', 'ROS_PYTHON_VERSION': '3', 'COLCON_PREFIX_PATH': '/root/Dojo/install', 'ROS_DISTRO': 'humble', '_': '/usr/bin/colcon', 'ROS_VERSION': '2', 'TERM': 'xterm', 'ROS_LOCALHOST_ONLY': '0', 'QT_X11_NO_MITSHM': '1', 'PATH': '/opt/ros/humble/bin:/usr/local/sbin:/usr/local/bin:/usr/sbin:/usr/bin:/sbin:/bin', 'DISPLAY': ':0', 'LANG': 'C.UTF-8', 'LS_COLORS': 'rs=0:di=01;34:ln=01;36:mh=00:pi=40;33:so=01;35:do=01;35:bd=40;33;01:cd=40;33;01:or=40;31;01:mi=00:su=37;41:sg=30;43:ca=30;41:tw=30;42:ow=34;42:st=37;44:ex=01;32:*.tar=01;31:*.tgz=01;31:*.arc=01;31:*.arj=01;31:*.taz=01;31:*.lha=01;31:*.lz4=01;31:*.lzh=01;31:*.lzma=01;31:*.tlz=01;31:*.txz=01;31:*.tzo=01;31:*.t7z=01;31:*.zip=01;31:*.z=01;31:*.dz=01;31:*.gz=01;31:*.lrz=01;31:*.lz=01;31:*.lzo=01;31:*.xz=01;31:*.zst=01;31:*.tzst=01;31:*.bz2=01;31:*.bz=01;31:*.tbz=01;31:*.tbz2=01;31:*.tz=01;31:*.deb=01;31:*.rpm=01;31:*.jar=01;31:*.war=01;31:*.ear=01;31:*.sar=01;31:*.rar=01;31:*.alz=01;31:*.ace=01;31:*.zoo=01;31:*.cpio=01;31:*.7z=01;31:*.rz=01;31:*.cab=01;31:*.wim=01;31:*.swm=01;31:*.dwm=01;31:*.esd=01;31:*.jpg=01;35:*.jpeg=01;35:*.mjpg=01;35:*.mjpeg=01;35:*.gif=01;35:*.bmp=01;35:*.pbm=01;35:*.pgm=01;35:*.ppm=01;35:*.tga=01;35:*.xbm=01;35:*.xpm=01;35:*.tif=01;35:*.tiff=01;35:*.png=01;35:*.svg=01;35:*.svgz=01;35:*.mng=01;35:*.pcx=01;35:*.mov=01;35:*.mpg=01;35:*.mpeg=01;35:*.m2v=01;35:*.mkv=01;35:*.webm=01;35:*.webp=01;35:*.ogm=01;35:*.mp4=01;35:*.m4v=01;35:*.mp4v=01;35:*.vob=01;35:*.qt=01;35:*.nuv=01;35:*.wmv=01;35:*.asf=01;35:*.rm=01;35:*.rmvb=01;35:*.flc=01;35:*.avi=01;35:*.fli=01;35:*.flv=01;35:*.gl=01;35:*.dl=01;35:*.xcf=01;35:*.xwd=01;35:*.yuv=01;35:*.cgm=01;35:*.emf=01;35:*.ogv=01;35:*.ogx=01;35:*.aac=00;36:*.au=00;36:*.flac=00;36:*.m4a=00;36:*.mid=00;36:*.midi=00;36:*.mka=00;36:*.mp3=00;36:*.mpc=00;36:*.ogg=00;36:*.ra=00;36:*.wav=00;36:*.oga=00;36:*.opus=00;36:*.spx=00;36:*.xspf=00;36:', 'ROS_DOMAIN_ID': '7', 'AMENT_PREFIX_PATH': '/root/Dojo/install/robot_hardware:/opt/ros/humble', 'PWD': '/root/Dojo/Dojo/build/nv21_converter_pkg', 'LC_ALL': 'C.UTF-8', 'PYTHONPATH': '/root/Dojo/Dojo/build/nv21_converter_pkg/prefix_override:/usr/lib/python3/dist-packages/colcon_core/task/python/colcon_distutils_commands:/root/Dojo/Dojo/install/nv21_converter_pkg/lib/python3.10/site-packages:/root/Dojo/build/robot_hardware:/root/Dojo/install/robot_hardware/lib/python3.10/site-packages:/opt/ros/humble/lib/python3.10/site-packages:/opt/ros/humble/local/lib/python3.10/dist-packages', 'COLCON': '1', 'CMAKE_PREFIX_PATH': '/root/Dojo/install/robot_perception'}, 'shell': False}
[3.007426] (-) TimerEvent: {}
[3.020598] (robot_interfaces) StdoutLine: {'line': b'[ 58%] Built target robot_interfaces__rosidl_typesupport_introspection_c\n'}
[3.025831] (ros2arduino_bridge) Command: {'cmd': ['/usr/bin/python3', '-W', 'ignore:setup.py install is deprecated', '-W', 'ignore:easy_install command is deprecated', 'setup.py', 'develop', '--editable', '--build-directory', '/root/Dojo/Dojo/build/ros2arduino_bridge/build', '--no-deps', 'symlink_data'], 'cwd': '/root/Dojo/Dojo/build/ros2arduino_bridge', 'env': {'HOSTNAME': 'gareth-joel-HP-Pavilion-Gaming-Laptop-15-ec2xxx', 'SHLVL': '1', 'LD_LIBRARY_PATH': '/usr/lib/x86_64-linux-gnu/gazebo-11/plugins:/opt/ros/humble/opt/rviz_ogre_vendor/lib:/opt/ros/humble/lib/x86_64-linux-gnu:/opt/ros/humble/lib', 'HOME': '/root', 'OLDPWD': '/root/Dojo', 'ROS_PYTHON_VERSION': '3', 'COLCON_PREFIX_PATH': '/root/Dojo/install', 'ROS_DISTRO': 'humble', '_': '/usr/bin/colcon', 'ROS_VERSION': '2', 'TERM': 'xterm', 'ROS_LOCALHOST_ONLY': '0', 'QT_X11_NO_MITSHM': '1', 'PATH': '/opt/ros/humble/bin:/usr/local/sbin:/usr/local/bin:/usr/sbin:/usr/bin:/sbin:/bin', 'DISPLAY': ':0', 'LANG': 'C.UTF-8', 'LS_COLORS': 'rs=0:di=01;34:ln=01;36:mh=00:pi=40;33:so=01;35:do=01;35:bd=40;33;01:cd=40;33;01:or=40;31;01:mi=00:su=37;41:sg=30;43:ca=30;41:tw=30;42:ow=34;42:st=37;44:ex=01;32:*.tar=01;31:*.tgz=01;31:*.arc=01;31:*.arj=01;31:*.taz=01;31:*.lha=01;31:*.lz4=01;31:*.lzh=01;31:*.lzma=01;31:*.tlz=01;31:*.txz=01;31:*.tzo=01;31:*.t7z=01;31:*.zip=01;31:*.z=01;31:*.dz=01;31:*.gz=01;31:*.lrz=01;31:*.lz=01;31:*.lzo=01;31:*.xz=01;31:*.zst=01;31:*.tzst=01;31:*.bz2=01;31:*.bz=01;31:*.tbz=01;31:*.tbz2=01;31:*.tz=01;31:*.deb=01;31:*.rpm=01;31:*.jar=01;31:*.war=01;31:*.ear=01;31:*.sar=01;31:*.rar=01;31:*.alz=01;31:*.ace=01;31:*.zoo=01;31:*.cpio=01;31:*.7z=01;31:*.rz=01;31:*.cab=01;31:*.wim=01;31:*.swm=01;31:*.dwm=01;31:*.esd=01;31:*.jpg=01;35:*.jpeg=01;35:*.mjpg=01;35:*.mjpeg=01;35:*.gif=01;35:*.bmp=01;35:*.pbm=01;35:*.pgm=01;35:*.ppm=01;35:*.tga=01;35:*.xbm=01;35:*.xpm=01;35:*.tif=01;35:*.tiff=01;35:*.png=01;35:*.svg=01;35:*.svgz=01;35:*.mng=01;35:*.pcx=01;35:*.mov=01;35:*.mpg=01;35:*.mpeg=01;35:*.m2v=01;35:*.mkv=01;35:*.webm=01;35:*.webp=01;35:*.ogm=01;35:*.mp4=01;35:*.m4v=01;35:*.mp4v=01;35:*.vob=01;35:*.qt=01;35:*.nuv=01;35:*.wmv=01;35:*.asf=01;35:*.rm=01;35:*.rmvb=01;35:*.flc=01;35:*.avi=01;35:*.fli=01;35:*.flv=01;35:*.gl=01;35:*.dl=01;35:*.xcf=01;35:*.xwd=01;35:*.yuv=01;35:*.cgm=01;35:*.emf=01;35:*.ogv=01;35:*.ogx=01;35:*.aac=00;36:*.au=00;36:*.flac=00;36:*.m4a=00;36:*.mid=00;36:*.midi=00;36:*.mka=00;36:*.mp3=00;36:*.mpc=00;36:*.ogg=00;36:*.ra=00;36:*.wav=00;36:*.oga=00;36:*.opus=00;36:*.spx=00;36:*.xspf=00;36:', 'ROS_DOMAIN_ID': '7', 'AMENT_PREFIX_PATH': '/root/Dojo/install/robot_hardware:/opt/ros/humble', 'PWD': '/root/Dojo/Dojo/build/ros2arduino_bridge', 'LC_ALL': 'C.UTF-8', 'PYTHONPATH': '/root/Dojo/Dojo/build/ros2arduino_bridge/prefix_override:/usr/lib/python3/dist-packages/colcon_core/task/python/colcon_distutils_commands:/root/Dojo/Dojo/install/ros2arduino_bridge/lib/python3.10/site-packages:/root/Dojo/build/robot_hardware:/root/Dojo/install/robot_hardware/lib/python3.10/site-packages:/opt/ros/humble/lib/python3.10/site-packages:/opt/ros/humble/local/lib/python3.10/dist-packages', 'COLCON': '1', 'CMAKE_PREFIX_PATH': '/root/Dojo/install/robot_perception'}, 'shell': False}
[3.028166] (robot_interfaces) StdoutLine: {'line': b'[ 69%] Built target robot_interfaces__rosidl_typesupport_c\n'}
[3.031004] (robot_sensors) Command: {'cmd': ['/usr/bin/python3', '-W', 'ignore:setup.py install is deprecated', '-W', 'ignore:easy_install command is deprecated', 'setup.py', 'develop', '--editable', '--build-directory', '/root/Dojo/Dojo/build/robot_sensors/build', '--no-deps', 'symlink_data'], 'cwd': '/root/Dojo/Dojo/build/robot_sensors', 'env': {'HOSTNAME': 'gareth-joel-HP-Pavilion-Gaming-Laptop-15-ec2xxx', 'SHLVL': '1', 'LD_LIBRARY_PATH': '/usr/lib/x86_64-linux-gnu/gazebo-11/plugins:/opt/ros/humble/opt/rviz_ogre_vendor/lib:/opt/ros/humble/lib/x86_64-linux-gnu:/opt/ros/humble/lib', 'HOME': '/root', 'OLDPWD': '/root/Dojo', 'ROS_PYTHON_VERSION': '3', 'COLCON_PREFIX_PATH': '/root/Dojo/install', 'ROS_DISTRO': 'humble', '_': '/usr/bin/colcon', 'ROS_VERSION': '2', 'TERM': 'xterm', 'ROS_LOCALHOST_ONLY': '0', 'QT_X11_NO_MITSHM': '1', 'PATH': '/opt/ros/humble/bin:/usr/local/sbin:/usr/local/bin:/usr/sbin:/usr/bin:/sbin:/bin', 'DISPLAY': ':0', 'LANG': 'C.UTF-8', 'LS_COLORS': 'rs=0:di=01;34:ln=01;36:mh=00:pi=40;33:so=01;35:do=01;35:bd=40;33;01:cd=40;33;01:or=40;31;01:mi=00:su=37;41:sg=30;43:ca=30;41:tw=30;42:ow=34;42:st=37;44:ex=01;32:*.tar=01;31:*.tgz=01;31:*.arc=01;31:*.arj=01;31:*.taz=01;31:*.lha=01;31:*.lz4=01;31:*.lzh=01;31:*.lzma=01;31:*.tlz=01;31:*.txz=01;31:*.tzo=01;31:*.t7z=01;31:*.zip=01;31:*.z=01;31:*.dz=01;31:*.gz=01;31:*.lrz=01;31:*.lz=01;31:*.lzo=01;31:*.xz=01;31:*.zst=01;31:*.tzst=01;31:*.bz2=01;31:*.bz=01;31:*.tbz=01;31:*.tbz2=01;31:*.tz=01;31:*.deb=01;31:*.rpm=01;31:*.jar=01;31:*.war=01;31:*.ear=01;31:*.sar=01;31:*.rar=01;31:*.alz=01;31:*.ace=01;31:*.zoo=01;31:*.cpio=01;31:*.7z=01;31:*.rz=01;31:*.cab=01;31:*.wim=01;31:*.swm=01;31:*.dwm=01;31:*.esd=01;31:*.jpg=01;35:*.jpeg=01;35:*.mjpg=01;35:*.mjpeg=01;35:*.gif=01;35:*.bmp=01;35:*.pbm=01;35:*.pgm=01;35:*.ppm=01;35:*.tga=01;35:*.xbm=01;35:*.xpm=01;35:*.tif=01;35:*.tiff=01;35:*.png=01;35:*.svg=01;35:*.svgz=01;35:*.mng=01;35:*.pcx=01;35:*.mov=01;35:*.mpg=01;35:*.mpeg=01;35:*.m2v=01;35:*.mkv=01;35:*.webm=01;35:*.webp=01;35:*.ogm=01;35:*.mp4=01;35:*.m4v=01;35:*.mp4v=01;35:*.vob=01;35:*.qt=01;35:*.nuv=01;35:*.wmv=01;35:*.asf=01;35:*.rm=01;35:*.rmvb=01;35:*.flc=01;35:*.avi=01;35:*.fli=01;35:*.flv=01;35:*.gl=01;35:*.dl=01;35:*.xcf=01;35:*.xwd=01;35:*.yuv=01;35:*.cgm=01;35:*.emf=01;35:*.ogv=01;35:*.ogx=01;35:*.aac=00;36:*.au=00;36:*.flac=00;36:*.m4a=00;36:*.mid=00;36:*.midi=00;36:*.mka=00;36:*.mp3=00;36:*.mpc=00;36:*.ogg=00;36:*.ra=00;36:*.wav=00;36:*.oga=00;36:*.opus=00;36:*.spx=00;36:*.xspf=00;36:', 'ROS_DOMAIN_ID': '7', 'AMENT_PREFIX_PATH': '/root/Dojo/install/robot_hardware:/opt/ros/humble', 'PWD': '/root/Dojo/Dojo/build/robot_sensors', 'LC_ALL': 'C.UTF-8', 'PYTHONPATH': '/root/Dojo/Dojo/build/robot_sensors/prefix_override:/usr/lib/python3/dist-packages/colcon_core/task/python/colcon_distutils_commands:/root/Dojo/Dojo/install/robot_sensors/lib/python3.10/site-packages:/root/Dojo/build/robot_hardware:/root/Dojo/install/robot_hardware/lib/python3.10/site-packages:/opt/ros/humble/lib/python3.10/site-packages:/opt/ros/humble/local/lib/python3.10/dist-packages', 'COLCON': '1', 'CMAKE_PREFIX_PATH': '/root/Dojo/install/robot_perception'}, 'shell': False}
[3.032138] (robot_navigation) StdoutLine: {'line': b'-- Found nav_msgs: 4.9.0 (/opt/ros/humble/share/nav_msgs/cmake)\n'}
[3.039579] (robot_interfaces) StdoutLine: {'line': b'[ 81%] Built target robot_interfaces__rosidl_typesupport_fastrtps_c\n'}
[3.040453] (robot_gazebo) StdoutLine: {'line': b'-- Found rclpy: 3.3.17 (/opt/ros/humble/share/rclpy/cmake)\n'}
[3.041256] (robot_gazebo) StdoutLine: {'line': b'-- Found sensor_msgs: 4.9.0 (/opt/ros/humble/share/sensor_msgs/cmake)\n'}
[3.044934] (vision_system) Command: {'cmd': ['/usr/bin/python3', '-W', 'ignore:setup.py install is deprecated', '-W', 'ignore:easy_install command is deprecated', 'setup.py', 'develop', '--editable', '--build-directory', '/root/Dojo/Dojo/build/vision_system/build', '--no-deps', 'symlink_data'], 'cwd': '/root/Dojo/Dojo/build/vision_system', 'env': {'HOSTNAME': 'gareth-joel-HP-Pavilion-Gaming-Laptop-15-ec2xxx', 'SHLVL': '1', 'LD_LIBRARY_PATH': '/usr/lib/x86_64-linux-gnu/gazebo-11/plugins:/opt/ros/humble/opt/rviz_ogre_vendor/lib:/opt/ros/humble/lib/x86_64-linux-gnu:/opt/ros/humble/lib', 'HOME': '/root', 'OLDPWD': '/root/Dojo', 'ROS_PYTHON_VERSION': '3', 'COLCON_PREFIX_PATH': '/root/Dojo/install', 'ROS_DISTRO': 'humble', '_': '/usr/bin/colcon', 'ROS_VERSION': '2', 'TERM': 'xterm', 'ROS_LOCALHOST_ONLY': '0', 'QT_X11_NO_MITSHM': '1', 'PATH': '/opt/ros/humble/bin:/usr/local/sbin:/usr/local/bin:/usr/sbin:/usr/bin:/sbin:/bin', 'DISPLAY': ':0', 'LANG': 'C.UTF-8', 'LS_COLORS': 'rs=0:di=01;34:ln=01;36:mh=00:pi=40;33:so=01;35:do=01;35:bd=40;33;01:cd=40;33;01:or=40;31;01:mi=00:su=37;41:sg=30;43:ca=30;41:tw=30;42:ow=34;42:st=37;44:ex=01;32:*.tar=01;31:*.tgz=01;31:*.arc=01;31:*.arj=01;31:*.taz=01;31:*.lha=01;31:*.lz4=01;31:*.lzh=01;31:*.lzma=01;31:*.tlz=01;31:*.txz=01;31:*.tzo=01;31:*.t7z=01;31:*.zip=01;31:*.z=01;31:*.dz=01;31:*.gz=01;31:*.lrz=01;31:*.lz=01;31:*.lzo=01;31:*.xz=01;31:*.zst=01;31:*.tzst=01;31:*.bz2=01;31:*.bz=01;31:*.tbz=01;31:*.tbz2=01;31:*.tz=01;31:*.deb=01;31:*.rpm=01;31:*.jar=01;31:*.war=01;31:*.ear=01;31:*.sar=01;31:*.rar=01;31:*.alz=01;31:*.ace=01;31:*.zoo=01;31:*.cpio=01;31:*.7z=01;31:*.rz=01;31:*.cab=01;31:*.wim=01;31:*.swm=01;31:*.dwm=01;31:*.esd=01;31:*.jpg=01;35:*.jpeg=01;35:*.mjpg=01;35:*.mjpeg=01;35:*.gif=01;35:*.bmp=01;35:*.pbm=01;35:*.pgm=01;35:*.ppm=01;35:*.tga=01;35:*.xbm=01;35:*.xpm=01;35:*.tif=01;35:*.tiff=01;35:*.png=01;35:*.svg=01;35:*.svgz=01;35:*.mng=01;35:*.pcx=01;35:*.mov=01;35:*.mpg=01;35:*.mpeg=01;35:*.m2v=01;35:*.mkv=01;35:*.webm=01;35:*.webp=01;35:*.ogm=01;35:*.mp4=01;35:*.m4v=01;35:*.mp4v=01;35:*.vob=01;35:*.qt=01;35:*.nuv=01;35:*.wmv=01;35:*.asf=01;35:*.rm=01;35:*.rmvb=01;35:*.flc=01;35:*.avi=01;35:*.fli=01;35:*.flv=01;35:*.gl=01;35:*.dl=01;35:*.xcf=01;35:*.xwd=01;35:*.yuv=01;35:*.cgm=01;35:*.emf=01;35:*.ogv=01;35:*.ogx=01;35:*.aac=00;36:*.au=00;36:*.flac=00;36:*.m4a=00;36:*.mid=00;36:*.midi=00;36:*.mka=00;36:*.mp3=00;36:*.mpc=00;36:*.ogg=00;36:*.ra=00;36:*.wav=00;36:*.oga=00;36:*.opus=00;36:*.spx=00;36:*.xspf=00;36:', 'ROS_DOMAIN_ID': '7', 'AMENT_PREFIX_PATH': '/root/Dojo/install/robot_hardware:/opt/ros/humble', 'PWD': '/root/Dojo/Dojo/build/vision_system', 'LC_ALL': 'C.UTF-8', 'PYTHONPATH': '/root/Dojo/Dojo/build/vision_system/prefix_override:/usr/lib/python3/dist-packages/colcon_core/task/python/colcon_distutils_commands:/root/Dojo/Dojo/install/vision_system/lib/python3.10/site-packages:/root/Dojo/build/robot_hardware:/root/Dojo/install/robot_hardware/lib/python3.10/site-packages:/opt/ros/humble/lib/python3.10/site-packages:/opt/ros/humble/local/lib/python3.10/dist-packages', 'COLCON': '1', 'CMAKE_PREFIX_PATH': '/root/Dojo/install/robot_perception'}, 'shell': False}
[3.055419] (robot_navigation) StdoutLine: {'line': b'-- Found tf2_ros: 0.25.16 (/opt/ros/humble/share/tf2_ros/cmake)\n'}
[3.095429] (robot_gazebo) StdoutLine: {'line': b'-- Found nav_msgs: 4.9.0 (/opt/ros/humble/share/nav_msgs/cmake)\n'}
[3.096119] (robot_interfaces) StdoutLine: {'line': b'[ 81%] Built target robot_interfaces\n'}
[3.099962] (arduino_bridge) Command: {'cmd': ['/usr/bin/python3', '-W', 'ignore:setup.py install is deprecated', '-W', 'ignore:easy_install command is deprecated', 'setup.py', 'develop', '--editable', '--build-directory', '/root/Dojo/Dojo/build/arduino_bridge/build', '--no-deps', 'symlink_data'], 'cwd': '/root/Dojo/Dojo/build/arduino_bridge', 'env': {'HOSTNAME': 'gareth-joel-HP-Pavilion-Gaming-Laptop-15-ec2xxx', 'SHLVL': '1', 'LD_LIBRARY_PATH': '/usr/lib/x86_64-linux-gnu/gazebo-11/plugins:/opt/ros/humble/opt/rviz_ogre_vendor/lib:/opt/ros/humble/lib/x86_64-linux-gnu:/opt/ros/humble/lib', 'HOME': '/root', 'OLDPWD': '/root/Dojo', 'ROS_PYTHON_VERSION': '3', 'COLCON_PREFIX_PATH': '/root/Dojo/install', 'ROS_DISTRO': 'humble', '_': '/usr/bin/colcon', 'ROS_VERSION': '2', 'TERM': 'xterm', 'ROS_LOCALHOST_ONLY': '0', 'QT_X11_NO_MITSHM': '1', 'PATH': '/opt/ros/humble/bin:/usr/local/sbin:/usr/local/bin:/usr/sbin:/usr/bin:/sbin:/bin', 'DISPLAY': ':0', 'LANG': 'C.UTF-8', 'LS_COLORS': 'rs=0:di=01;34:ln=01;36:mh=00:pi=40;33:so=01;35:do=01;35:bd=40;33;01:cd=40;33;01:or=40;31;01:mi=00:su=37;41:sg=30;43:ca=30;41:tw=30;42:ow=34;42:st=37;44:ex=01;32:*.tar=01;31:*.tgz=01;31:*.arc=01;31:*.arj=01;31:*.taz=01;31:*.lha=01;31:*.lz4=01;31:*.lzh=01;31:*.lzma=01;31:*.tlz=01;31:*.txz=01;31:*.tzo=01;31:*.t7z=01;31:*.zip=01;31:*.z=01;31:*.dz=01;31:*.gz=01;31:*.lrz=01;31:*.lz=01;31:*.lzo=01;31:*.xz=01;31:*.zst=01;31:*.tzst=01;31:*.bz2=01;31:*.bz=01;31:*.tbz=01;31:*.tbz2=01;31:*.tz=01;31:*.deb=01;31:*.rpm=01;31:*.jar=01;31:*.war=01;31:*.ear=01;31:*.sar=01;31:*.rar=01;31:*.alz=01;31:*.ace=01;31:*.zoo=01;31:*.cpio=01;31:*.7z=01;31:*.rz=01;31:*.cab=01;31:*.wim=01;31:*.swm=01;31:*.dwm=01;31:*.esd=01;31:*.jpg=01;35:*.jpeg=01;35:*.mjpg=01;35:*.mjpeg=01;35:*.gif=01;35:*.bmp=01;35:*.pbm=01;35:*.pgm=01;35:*.ppm=01;35:*.tga=01;35:*.xbm=01;35:*.xpm=01;35:*.tif=01;35:*.tiff=01;35:*.png=01;35:*.svg=01;35:*.svgz=01;35:*.mng=01;35:*.pcx=01;35:*.mov=01;35:*.mpg=01;35:*.mpeg=01;35:*.m2v=01;35:*.mkv=01;35:*.webm=01;35:*.webp=01;35:*.ogm=01;35:*.mp4=01;35:*.m4v=01;35:*.mp4v=01;35:*.vob=01;35:*.qt=01;35:*.nuv=01;35:*.wmv=01;35:*.asf=01;35:*.rm=01;35:*.rmvb=01;35:*.flc=01;35:*.avi=01;35:*.fli=01;35:*.flv=01;35:*.gl=01;35:*.dl=01;35:*.xcf=01;35:*.xwd=01;35:*.yuv=01;35:*.cgm=01;35:*.emf=01;35:*.ogv=01;35:*.ogx=01;35:*.aac=00;36:*.au=00;36:*.flac=00;36:*.m4a=00;36:*.mid=00;36:*.midi=00;36:*.mka=00;36:*.mp3=00;36:*.mpc=00;36:*.ogg=00;36:*.ra=00;36:*.wav=00;36:*.oga=00;36:*.opus=00;36:*.spx=00;36:*.xspf=00;36:', 'ROS_DOMAIN_ID': '7', 'AMENT_PREFIX_PATH': '/root/Dojo/install/robot_hardware:/opt/ros/humble', 'PWD': '/root/Dojo/Dojo/build/arduino_bridge', 'LC_ALL': 'C.UTF-8', 'PYTHONPATH': '/root/Dojo/Dojo/build/arduino_bridge/prefix_override:/usr/lib/python3/dist-packages/colcon_core/task/python/colcon_distutils_commands:/root/Dojo/Dojo/install/arduino_bridge/lib/python3.10/site-packages:/root/Dojo/build/robot_hardware:/root/Dojo/install/robot_hardware/lib/python3.10/site-packages:/opt/ros/humble/lib/python3.10/site-packages:/opt/ros/humble/local/lib/python3.10/dist-packages', 'COLCON': '1', 'CMAKE_PREFIX_PATH': '/root/Dojo/install/robot_perception'}, 'shell': False}
[3.108427] (-) TimerEvent: {}
[3.122203] (robot_gazebo) StdoutLine: {'line': b'-- Found tf2_ros: 0.25.16 (/opt/ros/humble/share/tf2_ros/cmake)\n'}
[3.135499] (robot_interfaces) StdoutLine: {'line': b'[ 82%] Built target robot_interfaces__py\n'}
[3.160433] (robot_interfaces) StdoutLine: {'line': b'\x1b[35m\x1b[1mConsolidate compiler generated dependencies of target robot_interfaces__rosidl_generator_py\x1b[0m\n'}
[3.184149] (robot_navigation) StdoutLine: {'line': b'-- Found tf2_geometry_msgs: 0.25.16 (/opt/ros/humble/share/tf2_geometry_msgs/cmake)\n'}
[3.190067] (robot_navigation) StdoutLine: {'line': b'-- Found eigen3_cmake_module: 0.1.1 (/opt/ros/humble/share/eigen3_cmake_module/cmake)\n'}
[3.192004] (robot_navigation) StdoutLine: {'line': b'-- Ensuring Eigen3 include directory is part of orocos-kdl CMake target\n'}
[3.194508] (robot_navigation) StdoutLine: {'line': b'-- Found navigation2: 1.1.18 (/opt/ros/humble/share/navigation2/cmake)\n'}
[3.195121] (robot_navigation) StdoutLine: {'line': b'-- Found nav2_common: 1.1.18 (/opt/ros/humble/share/nav2_common/cmake)\n'}
[3.195759] (robot_navigation) StdoutLine: {'line': b'-- Found nav2_util: 1.1.18 (/opt/ros/humble/share/nav2_util/cmake)\n'}
[3.199997] (robot_interfaces) StdoutLine: {'line': b'[ 92%] Built target robot_interfaces__rosidl_generator_py\n'}
[3.209576] (-) TimerEvent: {}
[3.219303] (robot_interfaces) StdoutLine: {'line': b'\x1b[35m\x1b[1mConsolidate compiler generated dependencies of target robot_interfaces__rosidl_typesupport_fastrtps_c__pyext\x1b[0m\n'}
[3.221866] (robot_interfaces) StdoutLine: {'line': b'\x1b[35m\x1b[1mConsolidate compiler generated dependencies of target robot_interfaces__rosidl_typesupport_c__pyext\x1b[0m\n'}
[3.222274] (robot_interfaces) StdoutLine: {'line': b'\x1b[35m\x1b[1mConsolidate compiler generated dependencies of target robot_interfaces__rosidl_typesupport_introspection_c__pyext\x1b[0m\n'}
[3.247250] (robot_interfaces) StdoutLine: {'line': b'[ 94%] Built target robot_interfaces__rosidl_typesupport_introspection_c__pyext\n'}
[3.248890] (robot_interfaces) StdoutLine: {'line': b'[100%] Built target robot_interfaces__rosidl_typesupport_fastrtps_c__pyext\n'}
[3.249658] (robot_interfaces) StdoutLine: {'line': b'[100%] Built target robot_interfaces__rosidl_typesupport_c__pyext\n'}
[3.264289] (robot_gazebo) StdoutLine: {'line': b'-- Found tf2_geometry_msgs: 0.25.16 (/opt/ros/humble/share/tf2_geometry_msgs/cmake)\n'}
[3.269470] (robot_gazebo) StdoutLine: {'line': b'-- Found eigen3_cmake_module: 0.1.1 (/opt/ros/humble/share/eigen3_cmake_module/cmake)\n'}
[3.271567] (robot_gazebo) StdoutLine: {'line': b'-- Ensuring Eigen3 include directory is part of orocos-kdl CMake target\n'}
[3.273798] (robot_gazebo) StdoutLine: {'line': b'-- Found gazebo_ros: 3.9.0 (/opt/ros/humble/share/gazebo_ros/cmake)\n'}
[3.309678] (-) TimerEvent: {}
[3.325427] (robot_gazebo) StdoutLine: {'line': b'-- Found DART: /usr/include (Required is at least version "6.6") found components: dart \n'}
[3.326039] (robot_navigation) StdoutLine: {'line': b'-- Found nav2_lifecycle_manager: 1.1.18 (/opt/ros/humble/share/nav2_lifecycle_manager/cmake)\n'}
[3.360481] (robot_gazebo) StdoutLine: {'line': b'-- Found Protobuf: /usr/lib/x86_64-linux-gnu/libprotobuf.so (found version "3.12.4") \n'}
[3.362417] (robot_gazebo) StdoutLine: {'line': b'-- Looking for ignition-math6 -- found version 6.15.1\n'}
[3.369392] (robot_gazebo) StdoutLine: {'line': b'-- Searching for dependencies of ignition-math6\n'}
[3.371018] (robot_gazebo) StdoutLine: {'line': b'-- Looking for OGRE...\n'}
[3.380689] (robot_gazebo) StdoutLine: {'line': b'-- Found Ogre Ghadamon (1.9.0)\n'}
[3.381105] (robot_gazebo) StdoutLine: {'line': b'-- Found OGRE: optimized;/usr/lib/x86_64-linux-gnu/libOgreMain.so;debug;/usr/lib/x86_64-linux-gnu/libOgreMain.so\n'}
[3.388911] (robot_navigation) StdoutLine: {'line': b'-- Found nav2_amcl: 1.1.18 (/opt/ros/humble/share/nav2_amcl/cmake)\n'}
[3.396389] (robot_gazebo) StdoutLine: {'line': b'-- Looking for OGRE_Paging...\n'}
[3.396854] (robot_gazebo) StdoutLine: {'line': b'-- Found OGRE_Paging: optimized;/usr/lib/x86_64-linux-gnu/libOgrePaging.so;debug;/usr/lib/x86_64-linux-gnu/libOgrePaging.so\n'}
[3.397249] (robot_gazebo) StdoutLine: {'line': b'-- Looking for OGRE_Terrain...\n'}
[3.397528] (robot_gazebo) StdoutLine: {'line': b'-- Found OGRE_Terrain: optimized;/usr/lib/x86_64-linux-gnu/libOgreTerrain.so;debug;/usr/lib/x86_64-linux-gnu/libOgreTerrain.so\n'}
[3.397826] (robot_gazebo) StdoutLine: {'line': b'-- Looking for OGRE_Property...\n'}
[3.398052] (robot_gazebo) StdoutLine: {'line': b'-- Found OGRE_Property: optimized;/usr/lib/x86_64-linux-gnu/libOgreProperty.so;debug;/usr/lib/x86_64-linux-gnu/libOgreProperty.so\n'}
[3.398270] (robot_gazebo) StdoutLine: {'line': b'-- Looking for OGRE_RTShaderSystem...\n'}
[3.398471] (robot_gazebo) StdoutLine: {'line': b'-- Found OGRE_RTShaderSystem: optimized;/usr/lib/x86_64-linux-gnu/libOgreRTShaderSystem.so;debug;/usr/lib/x86_64-linux-gnu/libOgreRTShaderSystem.so\n'}
[3.398676] (robot_gazebo) StdoutLine: {'line': b'-- Looking for OGRE_Volume...\n'}
[3.398889] (robot_gazebo) StdoutLine: {'line': b'-- Found OGRE_Volume: optimized;/usr/lib/x86_64-linux-gnu/libOgreVolume.so;debug;/usr/lib/x86_64-linux-gnu/libOgreVolume.so\n'}
[3.399047] (robot_gazebo) StdoutLine: {'line': b'-- Looking for OGRE_Overlay...\n'}
[3.399189] (robot_gazebo) StdoutLine: {'line': b'-- Found OGRE_Overlay: optimized;/usr/lib/x86_64-linux-gnu/libOgreOverlay.so;debug;/usr/lib/x86_64-linux-gnu/libOgreOverlay.so\n'}
[3.410443] (-) TimerEvent: {}
[3.443453] (robot_navigation) StdoutLine: {'line': b'-- Found nav2_behavior_tree: 1.1.18 (/opt/ros/humble/share/nav2_behavior_tree/cmake)\n'}
[3.447888] (ros2arduino_bridge) StderrLine: {'line': b"/usr/local/lib/python3.10/dist-packages/setuptools/dist.py:770: UserWarning: Usage of dash-separated 'script-dir' will not be supported in future versions. Please use the underscore name 'script_dir' instead\n"}
[3.448164] (ros2arduino_bridge) StderrLine: {'line': b'  warnings.warn(\n'}
[3.474565] (robot_navigation) StdoutLine: {'line': b'-- Found nav2_bt_navigator: 1.1.18 (/opt/ros/humble/share/nav2_bt_navigator/cmake)\n'}
[3.485519] (robot_hardware) StdoutLine: {'line': b'running develop\n'}
[3.510524] (-) TimerEvent: {}
[3.541910] (robot_interfaces) StdoutLine: {'line': b'running egg_info\n'}
[3.556434] (nv21_converter_pkg) StdoutLine: {'line': b'running develop\n'}
[3.557352] (robot_sensors) StdoutLine: {'line': b'running develop\n'}
[3.565342] (robot_gazebo) StdoutLine: {'line': b'-- Looking for ignition-math6 -- found version 6.15.1\n'}
[3.566489] (robot_gazebo) StdoutLine: {'line': b'-- Looking for ignition-transport8 -- found version 8.2.1\n'}
[3.566802] (robot_gazebo) StdoutLine: {'line': b'-- Searching for dependencies of ignition-transport8\n'}
[3.568058] (robot_interfaces) StdoutLine: {'line': b'writing robot_interfaces.egg-info/PKG-INFO\n'}
[3.569125] (robot_interfaces) StdoutLine: {'line': b'writing dependency_links to robot_interfaces.egg-info/dependency_links.txt\n'}
[3.570232] (robot_interfaces) StdoutLine: {'line': b'writing top-level names to robot_interfaces.egg-info/top_level.txt\n'}
[3.606520] (ros2arduino_bridge) StdoutLine: {'line': b'running develop\n'}
[3.610615] (-) TimerEvent: {}
[3.611410] (robot_gazebo) StdoutLine: {'line': b'-- Found Protobuf: /usr/lib/x86_64-linux-gnu/libprotobuf.so (found suitable version "3.12.4", minimum required is "3") \n'}
[3.619437] (vision_system) StdoutLine: {'line': b'running develop\n'}
[3.623235] (arduino_bridge) StdoutLine: {'line': b'running develop\n'}
[3.632072] (robot_navigation) StdoutLine: {'line': b'-- Found nav2_controller: 1.1.18 (/opt/ros/humble/share/nav2_controller/cmake)\n'}
[3.644009] (robot_gazebo) StdoutLine: {'line': b'-- Config-file not installed for ZeroMQ -- checking for pkg-config\n'}
[3.645266] (robot_interfaces) StdoutLine: {'line': b"reading manifest file 'robot_interfaces.egg-info/SOURCES.txt'\n"}
[3.646376] (robot_interfaces) StdoutLine: {'line': b"writing manifest file 'robot_interfaces.egg-info/SOURCES.txt'\n"}
[3.652160] (robot_gazebo) StdoutLine: {'line': b"-- Checking for module 'libzmq >= 4'\n"}
[3.684419] (robot_gazebo) StdoutLine: {'line': b'--   Found libzmq , version 4.3.4\n'}
[3.705867] (robot_navigation) StdoutLine: {'line': b'-- Found nav2_planner: 1.1.18 (/opt/ros/humble/share/nav2_planner/cmake)\n'}
[3.710711] (-) TimerEvent: {}
[3.748573] (robot_navigation) StdoutLine: {'line': b'-- Found slam_toolbox: 2.6.10 (/opt/ros/humble/share/slam_toolbox/cmake)\n'}
[3.781111] (robot_interfaces) StdoutLine: {'line': b'[100%] Built target ament_cmake_python_build_robot_interfaces_egg\n'}
[3.799010] (robot_launch) Command: {'cmd': ['/usr/bin/python3', '-W', 'ignore:setup.py install is deprecated', '-W', 'ignore:easy_install command is deprecated', 'setup.py', 'develop', '--editable', '--build-directory', '/root/Dojo/Dojo/build/robot_launch/build', '--no-deps', 'symlink_data'], 'cwd': '/root/Dojo/Dojo/build/robot_launch', 'env': {'HOSTNAME': 'gareth-joel-HP-Pavilion-Gaming-Laptop-15-ec2xxx', 'SHLVL': '1', 'LD_LIBRARY_PATH': '/usr/lib/x86_64-linux-gnu/gazebo-11/plugins:/opt/ros/humble/opt/rviz_ogre_vendor/lib:/opt/ros/humble/lib/x86_64-linux-gnu:/opt/ros/humble/lib', 'HOME': '/root', 'OLDPWD': '/root/Dojo', 'ROS_PYTHON_VERSION': '3', 'COLCON_PREFIX_PATH': '/root/Dojo/install', 'ROS_DISTRO': 'humble', '_': '/usr/bin/colcon', 'ROS_VERSION': '2', 'TERM': 'xterm', 'ROS_LOCALHOST_ONLY': '0', 'QT_X11_NO_MITSHM': '1', 'PATH': '/opt/ros/humble/bin:/usr/local/sbin:/usr/local/bin:/usr/sbin:/usr/bin:/sbin:/bin', 'DISPLAY': ':0', 'LANG': 'C.UTF-8', 'LS_COLORS': 'rs=0:di=01;34:ln=01;36:mh=00:pi=40;33:so=01;35:do=01;35:bd=40;33;01:cd=40;33;01:or=40;31;01:mi=00:su=37;41:sg=30;43:ca=30;41:tw=30;42:ow=34;42:st=37;44:ex=01;32:*.tar=01;31:*.tgz=01;31:*.arc=01;31:*.arj=01;31:*.taz=01;31:*.lha=01;31:*.lz4=01;31:*.lzh=01;31:*.lzma=01;31:*.tlz=01;31:*.txz=01;31:*.tzo=01;31:*.t7z=01;31:*.zip=01;31:*.z=01;31:*.dz=01;31:*.gz=01;31:*.lrz=01;31:*.lz=01;31:*.lzo=01;31:*.xz=01;31:*.zst=01;31:*.tzst=01;31:*.bz2=01;31:*.bz=01;31:*.tbz=01;31:*.tbz2=01;31:*.tz=01;31:*.deb=01;31:*.rpm=01;31:*.jar=01;31:*.war=01;31:*.ear=01;31:*.sar=01;31:*.rar=01;31:*.alz=01;31:*.ace=01;31:*.zoo=01;31:*.cpio=01;31:*.7z=01;31:*.rz=01;31:*.cab=01;31:*.wim=01;31:*.swm=01;31:*.dwm=01;31:*.esd=01;31:*.jpg=01;35:*.jpeg=01;35:*.mjpg=01;35:*.mjpeg=01;35:*.gif=01;35:*.bmp=01;35:*.pbm=01;35:*.pgm=01;35:*.ppm=01;35:*.tga=01;35:*.xbm=01;35:*.xpm=01;35:*.tif=01;35:*.tiff=01;35:*.png=01;35:*.svg=01;35:*.svgz=01;35:*.mng=01;35:*.pcx=01;35:*.mov=01;35:*.mpg=01;35:*.mpeg=01;35:*.m2v=01;35:*.mkv=01;35:*.webm=01;35:*.webp=01;35:*.ogm=01;35:*.mp4=01;35:*.m4v=01;35:*.mp4v=01;35:*.vob=01;35:*.qt=01;35:*.nuv=01;35:*.wmv=01;35:*.asf=01;35:*.rm=01;35:*.rmvb=01;35:*.flc=01;35:*.avi=01;35:*.fli=01;35:*.flv=01;35:*.gl=01;35:*.dl=01;35:*.xcf=01;35:*.xwd=01;35:*.yuv=01;35:*.cgm=01;35:*.emf=01;35:*.ogv=01;35:*.ogx=01;35:*.aac=00;36:*.au=00;36:*.flac=00;36:*.m4a=00;36:*.mid=00;36:*.midi=00;36:*.mka=00;36:*.mp3=00;36:*.mpc=00;36:*.ogg=00;36:*.ra=00;36:*.wav=00;36:*.oga=00;36:*.opus=00;36:*.spx=00;36:*.xspf=00;36:', 'ROS_DOMAIN_ID': '7', 'AMENT_PREFIX_PATH': '/root/Dojo/Dojo/install/robot_description:/root/Dojo/Dojo/install/robot_control:/root/Dojo/install/robot_hardware:/opt/ros/humble', 'PWD': '/root/Dojo/Dojo/build/robot_launch', 'LC_ALL': 'C.UTF-8', 'PYTHONPATH': '/root/Dojo/Dojo/build/robot_launch/prefix_override:/usr/lib/python3/dist-packages/colcon_core/task/python/colcon_distutils_commands:/root/Dojo/Dojo/install/robot_launch/lib/python3.10/site-packages:/root/Dojo/Dojo/install/robot_description/lib/python3.10/site-packages:/root/Dojo/build/robot_hardware:/root/Dojo/install/robot_hardware/lib/python3.10/site-packages:/opt/ros/humble/lib/python3.10/site-packages:/opt/ros/humble/local/lib/python3.10/dist-packages', 'COLCON': '1', 'CMAKE_PREFIX_PATH': '/root/Dojo/Dojo/install/robot_description:/root/Dojo/Dojo/install/robot_control:/root/Dojo/install/robot_perception'}, 'shell': False}
[3.801722] (robot_gazebo) StdoutLine: {'line': b"-- Checking for module 'uuid'\n"}
[3.803763] (robot_navigation) StdoutLine: {'line': b"-- Setting assimp_DIR to: '/opt/ros/humble/share/rviz_assimp_vendor/cmake/../../../opt/rviz_assimp_vendor/lib/cmake/assimp-4.1'\n"}
[3.805454] (robot_interfaces) CommandEnded: {'returncode': 0}
[3.806301] (robot_interfaces) JobProgress: {'identifier': 'robot_interfaces', 'progress': 'install'}
[3.806622] (robot_interfaces) Command: {'cmd': ['/usr/bin/cmake', '--install', '/root/Dojo/Dojo/build/robot_interfaces'], 'cwd': '/root/Dojo/Dojo/build/robot_interfaces', 'env': OrderedDict([('HOSTNAME', 'gareth-joel-HP-Pavilion-Gaming-Laptop-15-ec2xxx'), ('SHLVL', '1'), ('LD_LIBRARY_PATH', '/usr/lib/x86_64-linux-gnu/gazebo-11/plugins:/opt/ros/humble/opt/rviz_ogre_vendor/lib:/opt/ros/humble/lib/x86_64-linux-gnu:/opt/ros/humble/lib'), ('HOME', '/root'), ('OLDPWD', '/root/Dojo'), ('ROS_PYTHON_VERSION', '3'), ('COLCON_PREFIX_PATH', '/root/Dojo/install'), ('ROS_DISTRO', 'humble'), ('_', '/usr/bin/colcon'), ('ROS_VERSION', '2'), ('TERM', 'xterm'), ('ROS_LOCALHOST_ONLY', '0'), ('QT_X11_NO_MITSHM', '1'), ('PATH', '/opt/ros/humble/bin:/usr/local/sbin:/usr/local/bin:/usr/sbin:/usr/bin:/sbin:/bin'), ('DISPLAY', ':0'), ('LANG', 'C.UTF-8'), ('LS_COLORS', 'rs=0:di=01;34:ln=01;36:mh=00:pi=40;33:so=01;35:do=01;35:bd=40;33;01:cd=40;33;01:or=40;31;01:mi=00:su=37;41:sg=30;43:ca=30;41:tw=30;42:ow=34;42:st=37;44:ex=01;32:*.tar=01;31:*.tgz=01;31:*.arc=01;31:*.arj=01;31:*.taz=01;31:*.lha=01;31:*.lz4=01;31:*.lzh=01;31:*.lzma=01;31:*.tlz=01;31:*.txz=01;31:*.tzo=01;31:*.t7z=01;31:*.zip=01;31:*.z=01;31:*.dz=01;31:*.gz=01;31:*.lrz=01;31:*.lz=01;31:*.lzo=01;31:*.xz=01;31:*.zst=01;31:*.tzst=01;31:*.bz2=01;31:*.bz=01;31:*.tbz=01;31:*.tbz2=01;31:*.tz=01;31:*.deb=01;31:*.rpm=01;31:*.jar=01;31:*.war=01;31:*.ear=01;31:*.sar=01;31:*.rar=01;31:*.alz=01;31:*.ace=01;31:*.zoo=01;31:*.cpio=01;31:*.7z=01;31:*.rz=01;31:*.cab=01;31:*.wim=01;31:*.swm=01;31:*.dwm=01;31:*.esd=01;31:*.jpg=01;35:*.jpeg=01;35:*.mjpg=01;35:*.mjpeg=01;35:*.gif=01;35:*.bmp=01;35:*.pbm=01;35:*.pgm=01;35:*.ppm=01;35:*.tga=01;35:*.xbm=01;35:*.xpm=01;35:*.tif=01;35:*.tiff=01;35:*.png=01;35:*.svg=01;35:*.svgz=01;35:*.mng=01;35:*.pcx=01;35:*.mov=01;35:*.mpg=01;35:*.mpeg=01;35:*.m2v=01;35:*.mkv=01;35:*.webm=01;35:*.webp=01;35:*.ogm=01;35:*.mp4=01;35:*.m4v=01;35:*.mp4v=01;35:*.vob=01;35:*.qt=01;35:*.nuv=01;35:*.wmv=01;35:*.asf=01;35:*.rm=01;35:*.rmvb=01;35:*.flc=01;35:*.avi=01;35:*.fli=01;35:*.flv=01;35:*.gl=01;35:*.dl=01;35:*.xcf=01;35:*.xwd=01;35:*.yuv=01;35:*.cgm=01;35:*.emf=01;35:*.ogv=01;35:*.ogx=01;35:*.aac=00;36:*.au=00;36:*.flac=00;36:*.m4a=00;36:*.mid=00;36:*.midi=00;36:*.mka=00;36:*.mp3=00;36:*.mpc=00;36:*.ogg=00;36:*.ra=00;36:*.wav=00;36:*.oga=00;36:*.opus=00;36:*.spx=00;36:*.xspf=00;36:'), ('ROS_DOMAIN_ID', '7'), ('AMENT_PREFIX_PATH', '/root/Dojo/install/robot_hardware:/opt/ros/humble'), ('PWD', '/root/Dojo/Dojo/build/robot_interfaces'), ('LC_ALL', 'C.UTF-8'), ('PYTHONPATH', '/root/Dojo/build/robot_hardware:/root/Dojo/install/robot_hardware/lib/python3.10/site-packages:/opt/ros/humble/lib/python3.10/site-packages:/opt/ros/humble/local/lib/python3.10/dist-packages'), ('COLCON', '1'), ('CMAKE_PREFIX_PATH', '/root/Dojo/install/robot_perception:/root/Dojo/install/robot_hardware:/opt/ros/humble')]), 'shell': False}
[3.811119] (-) TimerEvent: {}
[3.812109] (robot_navigation) StdoutLine: {'line': b"-- Setting OGRE_DIR to: '/opt/ros/humble/share/rviz_ogre_vendor/cmake/../../../opt/rviz_ogre_vendor/lib/OGRE/cmake'\n"}
[3.813999] (robot_navigation) StdoutLine: {'line': b'-- Found OGRE\n'}
[3.814279] (robot_navigation) StdoutLine: {'line': b'--   static     : OFF\n'}
[3.814466] (robot_navigation) StdoutLine: {'line': b'--   components : HLMS;MeshLodGenerator;Overlay;Paging;Property;RTShaderSystem;Terrain;Volume\n'}
[3.814669] (robot_navigation) StdoutLine: {'line': b'--   plugins    : Plugin_BSPSceneManager;Plugin_OctreeSceneManager;Plugin_PCZSceneManager;Plugin_ParticleFX;RenderSystem_GL;RenderSystem_GL3Plus;Codec_STBI\n'}
[3.814867] (robot_navigation) StdoutLine: {'line': b'--   media      : /opt/ros/humble/opt/rviz_ogre_vendor/share/OGRE/Media\n'}
[3.815009] (robot_navigation) StdoutLine: {'line': b'-- OGRE_LIBRARIES: OgreHLMS;OgreMeshLodGenerator;OgreOverlay;OgrePaging;OgreProperty;OgreRTShaderSystem;OgreTerrain;OgreVolume;OgreMain\n'}
[3.815151] (robot_navigation) StdoutLine: {'line': b'-- OGRE_LIBRARY_DIRS: /opt/ros/humble/opt/rviz_ogre_vendor/lib\n'}
[3.815286] (robot_navigation) StdoutLine: {'line': b'-- OGRE_PLUGINS: Plugin_BSPSceneManager;Plugin_OctreeSceneManager;Plugin_PCZSceneManager;Plugin_ParticleFX;RenderSystem_GL;RenderSystem_GL3Plus;Codec_STBI\n'}
[3.815449] (robot_navigation) StdoutLine: {'line': b'-- OGRE_PLUGIN_DIR: /opt/ros/humble/opt/rviz_ogre_vendor/lib/OGRE\n'}
[3.815597] (robot_navigation) StdoutLine: {'line': b'-- rviz_ogre_vendor::OgreOverlay for IMPORTED_LOCATION_RELEASE: /opt/ros/humble/opt/rviz_ogre_vendor/lib/libOgreOverlay.so\n'}
[3.815735] (robot_navigation) StdoutLine: {'line': b'-- rviz_ogre_vendor::OgreOverlay for IMPORTED_LOCATION_DEBUG: /opt/ros/humble/opt/rviz_ogre_vendor/lib/libOgreOverlay.so\n'}
[3.815869] (robot_navigation) StdoutLine: {'line': b'-- rviz_ogre_vendor::OgreMain for IMPORTED_LOCATION_RELEASE: /opt/ros/humble/opt/rviz_ogre_vendor/lib/libOgreMain.so\n'}
[3.816003] (robot_navigation) StdoutLine: {'line': b'-- rviz_ogre_vendor::OgreMain for IMPORTED_LOCATION_DEBUG: /opt/ros/humble/opt/rviz_ogre_vendor/lib/libOgreMain.so\n'}
[3.820430] (robot_hardware) StdoutLine: {'line': b'running egg_info\n'}
[3.824482] (robot_interfaces) StdoutLine: {'line': b'-- Install configuration: "Release"\n'}
[3.824927] (robot_gazebo) StdoutLine: {'line': b'--   Found uuid, version 2.37.2\n'}
[3.826012] (robot_interfaces) StdoutLine: {'line': b'-- Execute custom install script\n'}
[3.826985] (robot_interfaces) StdoutLine: {'line': b'-- Up-to-date symlink: /root/Dojo/Dojo/install/robot_interfaces/share/ament_index/resource_index/rosidl_interfaces/robot_interfaces\n'}
[3.828930] (robot_interfaces) StdoutLine: {'line': b'-- Up-to-date symlink: /root/Dojo/Dojo/install/robot_interfaces/include/robot_interfaces/robot_interfaces/action/detail/navigation__functions.h\n'}
[3.829263] (robot_interfaces) StdoutLine: {'line': b'-- Up-to-date symlink: /root/Dojo/Dojo/install/robot_interfaces/include/robot_interfaces/robot_interfaces/action/detail/navigation__struct.h\n'}
[3.829646] (robot_interfaces) StdoutLine: {'line': b'-- Up-to-date symlink: /root/Dojo/Dojo/install/robot_interfaces/include/robot_interfaces/robot_interfaces/action/detail/navigation__type_support.h\n'}
[3.829891] (robot_interfaces) StdoutLine: {'line': b'-- Up-to-date symlink: /root/Dojo/Dojo/install/robot_interfaces/include/robot_interfaces/robot_interfaces/action/navigation.h\n'}
[3.830100] (robot_interfaces) StdoutLine: {'line': b'-- Up-to-date symlink: /root/Dojo/Dojo/install/robot_interfaces/include/robot_interfaces/robot_interfaces/msg/detail/hardware_status__functions.h\n'}
[3.830330] (robot_interfaces) StdoutLine: {'line': b'-- Up-to-date symlink: /root/Dojo/Dojo/install/robot_interfaces/include/robot_interfaces/robot_interfaces/msg/detail/hardware_status__struct.h\n'}
[3.830569] (robot_interfaces) StdoutLine: {'line': b'-- Up-to-date symlink: /root/Dojo/Dojo/install/robot_interfaces/include/robot_interfaces/robot_interfaces/msg/detail/hardware_status__type_support.h\n'}
[3.830798] (robot_interfaces) StdoutLine: {'line': b'-- Up-to-date symlink: /root/Dojo/Dojo/install/robot_interfaces/include/robot_interfaces/robot_interfaces/msg/detail/motor_command__functions.h\n'}
[3.831061] (robot_interfaces) StdoutLine: {'line': b'-- Up-to-date symlink: /root/Dojo/Dojo/install/robot_interfaces/include/robot_interfaces/robot_interfaces/msg/detail/motor_command__struct.h\n'}
[3.831302] (robot_interfaces) StdoutLine: {'line': b'-- Up-to-date symlink: /root/Dojo/Dojo/install/robot_interfaces/include/robot_interfaces/robot_interfaces/msg/detail/motor_command__type_support.h\n'}
[3.831572] (robot_interfaces) StdoutLine: {'line': b'-- Up-to-date symlink: /root/Dojo/Dojo/install/robot_interfaces/include/robot_interfaces/robot_interfaces/msg/detail/robot_state__functions.h\n'}
[3.832395] (robot_interfaces) StdoutLine: {'line': b'-- Up-to-date symlink: /root/Dojo/Dojo/install/robot_interfaces/include/robot_interfaces/robot_interfaces/msg/detail/robot_state__struct.h\n'}
[3.832552] (robot_interfaces) StdoutLine: {'line': b'-- Up-to-date symlink: /root/Dojo/Dojo/install/robot_interfaces/include/robot_interfaces/robot_interfaces/msg/detail/robot_state__type_support.h\n'}
[3.832707] (robot_interfaces) StdoutLine: {'line': b'-- Up-to-date symlink: /root/Dojo/Dojo/install/robot_interfaces/include/robot_interfaces/robot_interfaces/msg/detail/sensor_data__functions.h\n'}
[3.833573] (robot_interfaces) StdoutLine: {'line': b'-- Up-to-date symlink: /root/Dojo/Dojo/install/robot_interfaces/include/robot_interfaces/robot_interfaces/msg/detail/sensor_data__struct.h\n'}
[3.833737] (robot_interfaces) StdoutLine: {'line': b'-- Up-to-date symlink: /root/Dojo/Dojo/install/robot_interfaces/include/robot_interfaces/robot_interfaces/msg/detail/sensor_data__type_support.h\n'}
[3.833947] (robot_interfaces) StdoutLine: {'line': b'-- Up-to-date symlink: /root/Dojo/Dojo/install/robot_interfaces/include/robot_interfaces/robot_interfaces/msg/hardware_status.h\n'}
[3.834107] (robot_interfaces) StdoutLine: {'line': b'-- Up-to-date symlink: /root/Dojo/Dojo/install/robot_interfaces/include/robot_interfaces/robot_interfaces/msg/motor_command.h\n'}
[3.834308] (robot_interfaces) StdoutLine: {'line': b'-- Up-to-date symlink: /root/Dojo/Dojo/install/robot_interfaces/include/robot_interfaces/robot_interfaces/msg/robot_state.h\n'}
[3.834466] (robot_interfaces) StdoutLine: {'line': b'-- Up-to-date symlink: /root/Dojo/Dojo/install/robot_interfaces/include/robot_interfaces/robot_interfaces/msg/rosidl_generator_c__visibility_control.h\n'}
[3.834601] (robot_interfaces) StdoutLine: {'line': b'-- Up-to-date symlink: /root/Dojo/Dojo/install/robot_interfaces/include/robot_interfaces/robot_interfaces/msg/sensor_data.h\n'}
[3.834743] (robot_interfaces) StdoutLine: {'line': b'-- Up-to-date symlink: /root/Dojo/Dojo/install/robot_interfaces/include/robot_interfaces/robot_interfaces/srv/calibration.h\n'}
[3.834888] (robot_interfaces) StdoutLine: {'line': b'-- Up-to-date symlink: /root/Dojo/Dojo/install/robot_interfaces/include/robot_interfaces/robot_interfaces/srv/detail/calibration__functions.h\n'}
[3.835407] (robot_interfaces) StdoutLine: {'line': b'-- Up-to-date symlink: /root/Dojo/Dojo/install/robot_interfaces/include/robot_interfaces/robot_interfaces/srv/detail/calibration__struct.h\n'}
[3.835799] (robot_interfaces) StdoutLine: {'line': b'-- Up-to-date symlink: /root/Dojo/Dojo/install/robot_interfaces/include/robot_interfaces/robot_interfaces/srv/detail/calibration__type_support.h\n'}
[3.836066] (robot_interfaces) StdoutLine: {'line': b'-- Up-to-date symlink: /root/Dojo/Dojo/install/robot_interfaces/include/robot_interfaces/robot_interfaces/srv/detail/set_mode__functions.h\n'}
[3.836523] (robot_interfaces) StdoutLine: {'line': b'-- Up-to-date symlink: /root/Dojo/Dojo/install/robot_interfaces/include/robot_interfaces/robot_interfaces/srv/detail/set_mode__struct.h\n'}
[3.836675] (robot_interfaces) StdoutLine: {'line': b'-- Up-to-date symlink: /root/Dojo/Dojo/install/robot_interfaces/include/robot_interfaces/robot_interfaces/srv/detail/set_mode__type_support.h\n'}
[3.837198] (robot_interfaces) StdoutLine: {'line': b'-- Up-to-date symlink: /root/Dojo/Dojo/install/robot_interfaces/include/robot_interfaces/robot_interfaces/srv/set_mode.h\n'}
[3.837676] (robot_interfaces) StdoutLine: {'line': b'-- Up-to-date symlink: /root/Dojo/Dojo/install/robot_interfaces/share/robot_interfaces/environment/library_path.sh\n'}
[3.838113] (robot_interfaces) StdoutLine: {'line': b'-- Up-to-date symlink: /root/Dojo/Dojo/install/robot_interfaces/share/robot_interfaces/environment/library_path.dsv\n'}
[3.838556] (robot_interfaces) StdoutLine: {'line': b'-- Up-to-date symlink: /root/Dojo/Dojo/install/robot_interfaces/include/robot_interfaces/robot_interfaces/action/detail/navigation__rosidl_typesupport_fastrtps_c.h\n'}
[3.838965] (robot_interfaces) StdoutLine: {'line': b'-- Up-to-date symlink: /root/Dojo/Dojo/install/robot_interfaces/include/robot_interfaces/robot_interfaces/msg/detail/hardware_status__rosidl_typesupport_fastrtps_c.h\n'}
[3.839305] (robot_interfaces) StdoutLine: {'line': b'-- Up-to-date symlink: /root/Dojo/Dojo/install/robot_interfaces/include/robot_interfaces/robot_interfaces/msg/detail/motor_command__rosidl_typesupport_fastrtps_c.h\n'}
[3.840004] (robot_interfaces) StdoutLine: {'line': b'-- Up-to-date symlink: /root/Dojo/Dojo/install/robot_interfaces/include/robot_interfaces/robot_interfaces/msg/detail/robot_state__rosidl_typesupport_fastrtps_c.h\n'}
[3.840134] (robot_interfaces) StdoutLine: {'line': b'-- Up-to-date symlink: /root/Dojo/Dojo/install/robot_interfaces/include/robot_interfaces/robot_interfaces/msg/detail/sensor_data__rosidl_typesupport_fastrtps_c.h\n'}
[3.840254] (robot_interfaces) StdoutLine: {'line': b'-- Up-to-date symlink: /root/Dojo/Dojo/install/robot_interfaces/include/robot_interfaces/robot_interfaces/msg/rosidl_typesupport_fastrtps_c__visibility_control.h\n'}
[3.840400] (robot_interfaces) StdoutLine: {'line': b'-- Up-to-date symlink: /root/Dojo/Dojo/install/robot_interfaces/include/robot_interfaces/robot_interfaces/srv/detail/calibration__rosidl_typesupport_fastrtps_c.h\n'}
[3.840518] (robot_interfaces) StdoutLine: {'line': b'-- Up-to-date symlink: /root/Dojo/Dojo/install/robot_interfaces/include/robot_interfaces/robot_interfaces/srv/detail/set_mode__rosidl_typesupport_fastrtps_c.h\n'}
[3.841328] (robot_interfaces) StdoutLine: {'line': b'-- Up-to-date symlink: /root/Dojo/Dojo/install/robot_interfaces/include/robot_interfaces/robot_interfaces/action/detail/navigation__builder.hpp\n'}
[3.841724] (robot_interfaces) StdoutLine: {'line': b'-- Up-to-date symlink: /root/Dojo/Dojo/install/robot_interfaces/include/robot_interfaces/robot_interfaces/action/detail/navigation__struct.hpp\n'}
[3.842014] (robot_interfaces) StdoutLine: {'line': b'-- Up-to-date symlink: /root/Dojo/Dojo/install/robot_interfaces/include/robot_interfaces/robot_interfaces/action/detail/navigation__traits.hpp\n'}
[3.842228] (robot_interfaces) StdoutLine: {'line': b'-- Up-to-date symlink: /root/Dojo/Dojo/install/robot_interfaces/include/robot_interfaces/robot_interfaces/action/detail/navigation__type_support.hpp\n'}
[3.842655] (robot_hardware) StdoutLine: {'line': b'writing robot_hardware.egg-info/PKG-INFO\n'}
[3.843051] (robot_hardware) StdoutLine: {'line': b'writing dependency_links to robot_hardware.egg-info/dependency_links.txt\n'}
[3.843886] (robot_hardware) StdoutLine: {'line': b'writing entry points to robot_hardware.egg-info/entry_points.txt\n'}
[3.844160] (robot_interfaces) StdoutLine: {'line': b'-- Up-to-date symlink: /root/Dojo/Dojo/install/robot_interfaces/include/robot_interfaces/robot_interfaces/action/navigation.hpp\n'}
[3.845017] (robot_hardware) StdoutLine: {'line': b'writing requirements to robot_hardware.egg-info/requires.txt\n'}
[3.845263] (robot_hardware) StdoutLine: {'line': b'writing top-level names to robot_hardware.egg-info/top_level.txt\n'}
[3.845485] (robot_interfaces) StdoutLine: {'line': b'-- Up-to-date symlink: /root/Dojo/Dojo/install/robot_interfaces/include/robot_interfaces/robot_interfaces/msg/detail/hardware_status__builder.hpp\n'}
[3.845714] (robot_interfaces) StdoutLine: {'line': b'-- Up-to-date symlink: /root/Dojo/Dojo/install/robot_interfaces/include/robot_interfaces/robot_interfaces/msg/detail/hardware_status__struct.hpp\n'}
[3.845932] (robot_interfaces) StdoutLine: {'line': b'-- Up-to-date symlink: /root/Dojo/Dojo/install/robot_interfaces/include/robot_interfaces/robot_interfaces/msg/detail/hardware_status__traits.hpp\n'}
[3.846313] (robot_interfaces) StdoutLine: {'line': b'-- Up-to-date symlink: /root/Dojo/Dojo/install/robot_interfaces/include/robot_interfaces/robot_interfaces/msg/detail/hardware_status__type_support.hpp\n'}
[3.846722] (robot_interfaces) StdoutLine: {'line': b'-- Up-to-date symlink: /root/Dojo/Dojo/install/robot_interfaces/include/robot_interfaces/robot_interfaces/msg/detail/motor_command__builder.hpp\n'}
[3.847141] (robot_interfaces) StdoutLine: {'line': b'-- Up-to-date symlink: /root/Dojo/Dojo/install/robot_interfaces/include/robot_interfaces/robot_interfaces/msg/detail/motor_command__struct.hpp\n'}
[3.847571] (robot_interfaces) StdoutLine: {'line': b'-- Up-to-date symlink: /root/Dojo/Dojo/install/robot_interfaces/include/robot_interfaces/robot_interfaces/msg/detail/motor_command__traits.hpp\n'}
[3.847925] (robot_interfaces) StdoutLine: {'line': b'-- Up-to-date symlink: /root/Dojo/Dojo/install/robot_interfaces/include/robot_interfaces/robot_interfaces/msg/detail/motor_command__type_support.hpp\n'}
[3.848288] (robot_interfaces) StdoutLine: {'line': b'-- Up-to-date symlink: /root/Dojo/Dojo/install/robot_interfaces/include/robot_interfaces/robot_interfaces/msg/detail/robot_state__builder.hpp\n'}
[3.849542] (robot_interfaces) StdoutLine: {'line': b'-- Up-to-date symlink: /root/Dojo/Dojo/install/robot_interfaces/include/robot_interfaces/robot_interfaces/msg/detail/robot_state__struct.hpp\n'}
[3.849784] (robot_interfaces) StdoutLine: {'line': b'-- Up-to-date symlink: /root/Dojo/Dojo/install/robot_interfaces/include/robot_interfaces/robot_interfaces/msg/detail/robot_state__traits.hpp\n'}
[3.850115] (robot_interfaces) StdoutLine: {'line': b'-- Up-to-date symlink: /root/Dojo/Dojo/install/robot_interfaces/include/robot_interfaces/robot_interfaces/msg/detail/robot_state__type_support.hpp\n'}
[3.850473] (robot_interfaces) StdoutLine: {'line': b'-- Up-to-date symlink: /root/Dojo/Dojo/install/robot_interfaces/include/robot_interfaces/robot_interfaces/msg/detail/sensor_data__builder.hpp\n'}
[3.850775] (robot_interfaces) StdoutLine: {'line': b'-- Up-to-date symlink: /root/Dojo/Dojo/install/robot_interfaces/include/robot_interfaces/robot_interfaces/msg/detail/sensor_data__struct.hpp\n'}
[3.851078] (robot_interfaces) StdoutLine: {'line': b'-- Up-to-date symlink: /root/Dojo/Dojo/install/robot_interfaces/include/robot_interfaces/robot_interfaces/msg/detail/sensor_data__traits.hpp\n'}
[3.851267] (robot_interfaces) StdoutLine: {'line': b'-- Up-to-date symlink: /root/Dojo/Dojo/install/robot_interfaces/include/robot_interfaces/robot_interfaces/msg/detail/sensor_data__type_support.hpp\n'}
[3.851647] (robot_interfaces) StdoutLine: {'line': b'-- Up-to-date symlink: /root/Dojo/Dojo/install/robot_interfaces/include/robot_interfaces/robot_interfaces/msg/hardware_status.hpp\n'}
[3.851829] (robot_interfaces) StdoutLine: {'line': b'-- Up-to-date symlink: /root/Dojo/Dojo/install/robot_interfaces/include/robot_interfaces/robot_interfaces/msg/motor_command.hpp\n'}
[3.852193] (robot_interfaces) StdoutLine: {'line': b'-- Up-to-date symlink: /root/Dojo/Dojo/install/robot_interfaces/include/robot_interfaces/robot_interfaces/msg/robot_state.hpp\n'}
[3.852386] (robot_interfaces) StdoutLine: {'line': b'-- Up-to-date symlink: /root/Dojo/Dojo/install/robot_interfaces/include/robot_interfaces/robot_interfaces/msg/rosidl_generator_cpp__visibility_control.hpp\n'}
[3.852706] (robot_interfaces) StdoutLine: {'line': b'-- Up-to-date symlink: /root/Dojo/Dojo/install/robot_interfaces/include/robot_interfaces/robot_interfaces/msg/sensor_data.hpp\n'}
[3.853068] (robot_interfaces) StdoutLine: {'line': b'-- Up-to-date symlink: /root/Dojo/Dojo/install/robot_interfaces/include/robot_interfaces/robot_interfaces/srv/calibration.hpp\n'}
[3.853402] (robot_interfaces) StdoutLine: {'line': b'-- Up-to-date symlink: /root/Dojo/Dojo/install/robot_interfaces/include/robot_interfaces/robot_interfaces/srv/detail/calibration__builder.hpp\n'}
[3.853645] (robot_interfaces) StdoutLine: {'line': b'-- Up-to-date symlink: /root/Dojo/Dojo/install/robot_interfaces/include/robot_interfaces/robot_interfaces/srv/detail/calibration__struct.hpp\n'}
[3.854072] (robot_interfaces) StdoutLine: {'line': b'-- Up-to-date symlink: /root/Dojo/Dojo/install/robot_interfaces/include/robot_interfaces/robot_interfaces/srv/detail/calibration__traits.hpp\n'}
[3.854490] (robot_interfaces) StdoutLine: {'line': b'-- Up-to-date symlink: /root/Dojo/Dojo/install/robot_interfaces/include/robot_interfaces/robot_interfaces/srv/detail/calibration__type_support.hpp\n'}
[3.855768] (robot_interfaces) StdoutLine: {'line': b'-- Up-to-date symlink: /root/Dojo/Dojo/install/robot_interfaces/include/robot_interfaces/robot_interfaces/srv/detail/set_mode__builder.hpp\n'}
[3.856299] (robot_interfaces) StdoutLine: {'line': b'-- Up-to-date symlink: /root/Dojo/Dojo/install/robot_interfaces/include/robot_interfaces/robot_interfaces/srv/detail/set_mode__struct.hpp\n'}
[3.856641] (robot_interfaces) StdoutLine: {'line': b'-- Up-to-date symlink: /root/Dojo/Dojo/install/robot_interfaces/include/robot_interfaces/robot_interfaces/srv/detail/set_mode__traits.hpp\n'}
[3.856911] (robot_interfaces) StdoutLine: {'line': b'-- Up-to-date symlink: /root/Dojo/Dojo/install/robot_interfaces/include/robot_interfaces/robot_interfaces/srv/detail/set_mode__type_support.hpp\n'}
[3.857192] (robot_interfaces) StdoutLine: {'line': b'-- Up-to-date symlink: /root/Dojo/Dojo/install/robot_interfaces/include/robot_interfaces/robot_interfaces/srv/set_mode.hpp\n'}
[3.857488] (robot_interfaces) StdoutLine: {'line': b'-- Up-to-date symlink: /root/Dojo/Dojo/install/robot_interfaces/include/robot_interfaces/robot_interfaces/action/detail/navigation__rosidl_typesupport_fastrtps_cpp.hpp\n'}
[3.857658] (robot_interfaces) StdoutLine: {'line': b'-- Up-to-date symlink: /root/Dojo/Dojo/install/robot_interfaces/include/robot_interfaces/robot_interfaces/msg/detail/hardware_status__rosidl_typesupport_fastrtps_cpp.hpp\n'}
[3.857888] (robot_interfaces) StdoutLine: {'line': b'-- Up-to-date symlink: /root/Dojo/Dojo/install/robot_interfaces/include/robot_interfaces/robot_interfaces/msg/detail/motor_command__rosidl_typesupport_fastrtps_cpp.hpp\n'}
[3.858134] (robot_interfaces) StdoutLine: {'line': b'-- Up-to-date symlink: /root/Dojo/Dojo/install/robot_interfaces/include/robot_interfaces/robot_interfaces/msg/detail/robot_state__rosidl_typesupport_fastrtps_cpp.hpp\n'}
[3.858300] (robot_interfaces) StdoutLine: {'line': b'-- Up-to-date symlink: /root/Dojo/Dojo/install/robot_interfaces/include/robot_interfaces/robot_interfaces/msg/detail/sensor_data__rosidl_typesupport_fastrtps_cpp.hpp\n'}
[3.858566] (robot_interfaces) StdoutLine: {'line': b'-- Up-to-date symlink: /root/Dojo/Dojo/install/robot_interfaces/include/robot_interfaces/robot_interfaces/msg/rosidl_typesupport_fastrtps_cpp__visibility_control.h\n'}
[3.858770] (robot_interfaces) StdoutLine: {'line': b'-- Up-to-date symlink: /root/Dojo/Dojo/install/robot_interfaces/include/robot_interfaces/robot_interfaces/srv/detail/calibration__rosidl_typesupport_fastrtps_cpp.hpp\n'}
[3.858966] (robot_interfaces) StdoutLine: {'line': b'-- Up-to-date symlink: /root/Dojo/Dojo/install/robot_interfaces/include/robot_interfaces/robot_interfaces/srv/detail/set_mode__rosidl_typesupport_fastrtps_cpp.hpp\n'}
[3.859106] (robot_interfaces) StdoutLine: {'line': b'-- Up-to-date symlink: /root/Dojo/Dojo/install/robot_interfaces/include/robot_interfaces/robot_interfaces/action/detail/navigation__rosidl_typesupport_introspection_c.h\n'}
[3.859236] (robot_interfaces) StdoutLine: {'line': b'-- Up-to-date symlink: /root/Dojo/Dojo/install/robot_interfaces/include/robot_interfaces/robot_interfaces/msg/detail/hardware_status__rosidl_typesupport_introspection_c.h\n'}
[3.859354] (robot_interfaces) StdoutLine: {'line': b'-- Up-to-date symlink: /root/Dojo/Dojo/install/robot_interfaces/include/robot_interfaces/robot_interfaces/msg/detail/motor_command__rosidl_typesupport_introspection_c.h\n'}
[3.859476] (robot_interfaces) StdoutLine: {'line': b'-- Up-to-date symlink: /root/Dojo/Dojo/install/robot_interfaces/include/robot_interfaces/robot_interfaces/msg/detail/robot_state__rosidl_typesupport_introspection_c.h\n'}
[3.859590] (robot_interfaces) StdoutLine: {'line': b'-- Up-to-date symlink: /root/Dojo/Dojo/install/robot_interfaces/include/robot_interfaces/robot_interfaces/msg/detail/sensor_data__rosidl_typesupport_introspection_c.h\n'}
[3.859701] (robot_interfaces) StdoutLine: {'line': b'-- Up-to-date symlink: /root/Dojo/Dojo/install/robot_interfaces/include/robot_interfaces/robot_interfaces/msg/rosidl_typesupport_introspection_c__visibility_control.h\n'}
[3.859833] (robot_interfaces) StdoutLine: {'line': b'-- Up-to-date symlink: /root/Dojo/Dojo/install/robot_interfaces/include/robot_interfaces/robot_interfaces/srv/detail/calibration__rosidl_typesupport_introspection_c.h\n'}
[3.859947] (robot_interfaces) StdoutLine: {'line': b'-- Up-to-date symlink: /root/Dojo/Dojo/install/robot_interfaces/include/robot_interfaces/robot_interfaces/srv/detail/set_mode__rosidl_typesupport_introspection_c.h\n'}
[3.860062] (robot_interfaces) StdoutLine: {'line': b'-- Up-to-date symlink: /root/Dojo/Dojo/install/robot_interfaces/include/robot_interfaces/robot_interfaces/action/detail/navigation__rosidl_typesupport_introspection_cpp.hpp\n'}
[3.860181] (robot_interfaces) StdoutLine: {'line': b'-- Up-to-date symlink: /root/Dojo/Dojo/install/robot_interfaces/include/robot_interfaces/robot_interfaces/msg/detail/hardware_status__rosidl_typesupport_introspection_cpp.hpp\n'}
[3.860292] (robot_interfaces) StdoutLine: {'line': b'-- Up-to-date symlink: /root/Dojo/Dojo/install/robot_interfaces/include/robot_interfaces/robot_interfaces/msg/detail/motor_command__rosidl_typesupport_introspection_cpp.hpp\n'}
[3.860497] (robot_interfaces) StdoutLine: {'line': b'-- Up-to-date symlink: /root/Dojo/Dojo/install/robot_interfaces/include/robot_interfaces/robot_interfaces/msg/detail/robot_state__rosidl_typesupport_introspection_cpp.hpp\n'}
[3.860624] (robot_interfaces) StdoutLine: {'line': b'-- Up-to-date symlink: /root/Dojo/Dojo/install/robot_interfaces/include/robot_interfaces/robot_interfaces/msg/detail/sensor_data__rosidl_typesupport_introspection_cpp.hpp\n'}
[3.860808] (robot_interfaces) StdoutLine: {'line': b'-- Up-to-date symlink: /root/Dojo/Dojo/install/robot_interfaces/include/robot_interfaces/robot_interfaces/srv/detail/calibration__rosidl_typesupport_introspection_cpp.hpp\n'}
[3.860930] (robot_interfaces) StdoutLine: {'line': b'-- Up-to-date symlink: /root/Dojo/Dojo/install/robot_interfaces/include/robot_interfaces/robot_interfaces/srv/detail/set_mode__rosidl_typesupport_introspection_cpp.hpp\n'}
[3.861053] (robot_interfaces) StdoutLine: {'line': b'-- Up-to-date symlink: /root/Dojo/Dojo/install/robot_interfaces/share/robot_interfaces/environment/pythonpath.sh\n'}
[3.861171] (robot_interfaces) StdoutLine: {'line': b'-- Up-to-date symlink: /root/Dojo/Dojo/install/robot_interfaces/share/robot_interfaces/environment/pythonpath.dsv\n'}
[3.861289] (robot_interfaces) StdoutLine: {'line': b'-- Up-to-date symlink: /root/Dojo/Dojo/install/robot_interfaces/local/lib/python3.10/dist-packages/robot_interfaces-1.0.0-py3.10.egg-info/PKG-INFO\n'}
[3.861420] (robot_interfaces) StdoutLine: {'line': b'-- Up-to-date symlink: /root/Dojo/Dojo/install/robot_interfaces/local/lib/python3.10/dist-packages/robot_interfaces-1.0.0-py3.10.egg-info/SOURCES.txt\n'}
[3.861537] (robot_interfaces) StdoutLine: {'line': b'-- Up-to-date symlink: /root/Dojo/Dojo/install/robot_interfaces/local/lib/python3.10/dist-packages/robot_interfaces-1.0.0-py3.10.egg-info/dependency_links.txt\n'}
[3.861662] (robot_interfaces) StdoutLine: {'line': b'-- Up-to-date symlink: /root/Dojo/Dojo/install/robot_interfaces/local/lib/python3.10/dist-packages/robot_interfaces-1.0.0-py3.10.egg-info/top_level.txt\n'}
[3.861978] (robot_interfaces) StdoutLine: {'line': b'-- Up-to-date symlink: /root/Dojo/Dojo/install/robot_interfaces/local/lib/python3.10/dist-packages/robot_interfaces/__init__.py\n'}
[3.862126] (robot_interfaces) StdoutLine: {'line': b'-- Up-to-date symlink: /root/Dojo/Dojo/install/robot_interfaces/local/lib/python3.10/dist-packages/robot_interfaces/_robot_interfaces_s.ep.rosidl_typesupport_c.c\n'}
[3.862255] (robot_interfaces) StdoutLine: {'line': b'-- Up-to-date symlink: /root/Dojo/Dojo/install/robot_interfaces/local/lib/python3.10/dist-packages/robot_interfaces/_robot_interfaces_s.ep.rosidl_typesupport_fastrtps_c.c\n'}
[3.862389] (robot_interfaces) StdoutLine: {'line': b'-- Up-to-date symlink: /root/Dojo/Dojo/install/robot_interfaces/local/lib/python3.10/dist-packages/robot_interfaces/_robot_interfaces_s.ep.rosidl_typesupport_introspection_c.c\n'}
[3.862522] (robot_interfaces) StdoutLine: {'line': b'-- Up-to-date symlink: /root/Dojo/Dojo/install/robot_interfaces/local/lib/python3.10/dist-packages/robot_interfaces/action/__init__.py\n'}
[3.862658] (robot_interfaces) StdoutLine: {'line': b'-- Up-to-date symlink: /root/Dojo/Dojo/install/robot_interfaces/local/lib/python3.10/dist-packages/robot_interfaces/action/_navigation.py\n'}
[3.862839] (robot_interfaces) StdoutLine: {'line': b'-- Up-to-date symlink: /root/Dojo/Dojo/install/robot_interfaces/local/lib/python3.10/dist-packages/robot_interfaces/action/_navigation_s.c\n'}
[3.863020] (robot_interfaces) StdoutLine: {'line': b'-- Up-to-date symlink: /root/Dojo/Dojo/install/robot_interfaces/local/lib/python3.10/dist-packages/robot_interfaces/librobot_interfaces__rosidl_generator_py.so\n'}
[3.863160] (robot_interfaces) StdoutLine: {'line': b'-- Up-to-date symlink: /root/Dojo/Dojo/install/robot_interfaces/local/lib/python3.10/dist-packages/robot_interfaces/msg/__init__.py\n'}
[3.863323] (robot_interfaces) StdoutLine: {'line': b'-- Up-to-date symlink: /root/Dojo/Dojo/install/robot_interfaces/local/lib/python3.10/dist-packages/robot_interfaces/msg/_hardware_status.py\n'}
[3.863513] (robot_interfaces) StdoutLine: {'line': b'-- Up-to-date symlink: /root/Dojo/Dojo/install/robot_interfaces/local/lib/python3.10/dist-packages/robot_interfaces/msg/_hardware_status_s.c\n'}
[3.863667] (robot_interfaces) StdoutLine: {'line': b'-- Up-to-date symlink: /root/Dojo/Dojo/install/robot_interfaces/local/lib/python3.10/dist-packages/robot_interfaces/msg/_motor_command.py\n'}
[3.863796] (robot_interfaces) StdoutLine: {'line': b'-- Up-to-date symlink: /root/Dojo/Dojo/install/robot_interfaces/local/lib/python3.10/dist-packages/robot_interfaces/msg/_motor_command_s.c\n'}
[3.863963] (robot_interfaces) StdoutLine: {'line': b'-- Up-to-date symlink: /root/Dojo/Dojo/install/robot_interfaces/local/lib/python3.10/dist-packages/robot_interfaces/msg/_robot_state.py\n'}
[3.864148] (robot_interfaces) StdoutLine: {'line': b'-- Up-to-date symlink: /root/Dojo/Dojo/install/robot_interfaces/local/lib/python3.10/dist-packages/robot_interfaces/msg/_robot_state_s.c\n'}
[3.864275] (robot_interfaces) StdoutLine: {'line': b'-- Up-to-date symlink: /root/Dojo/Dojo/install/robot_interfaces/local/lib/python3.10/dist-packages/robot_interfaces/msg/_sensor_data.py\n'}
[3.864401] (robot_interfaces) StdoutLine: {'line': b'-- Up-to-date symlink: /root/Dojo/Dojo/install/robot_interfaces/local/lib/python3.10/dist-packages/robot_interfaces/msg/_sensor_data_s.c\n'}
[3.864699] (robot_interfaces) StdoutLine: {'line': b'-- Up-to-date symlink: /root/Dojo/Dojo/install/robot_interfaces/local/lib/python3.10/dist-packages/robot_interfaces/robot_interfaces_s__rosidl_typesupport_c.cpython-310-x86_64-linux-gnu.so\n'}
[3.864899] (robot_interfaces) StdoutLine: {'line': b'-- Up-to-date symlink: /root/Dojo/Dojo/install/robot_interfaces/local/lib/python3.10/dist-packages/robot_interfaces/robot_interfaces_s__rosidl_typesupport_fastrtps_c.cpython-310-x86_64-linux-gnu.so\n'}
[3.865030] (robot_interfaces) StdoutLine: {'line': b'-- Up-to-date symlink: /root/Dojo/Dojo/install/robot_interfaces/local/lib/python3.10/dist-packages/robot_interfaces/robot_interfaces_s__rosidl_typesupport_introspection_c.cpython-310-x86_64-linux-gnu.so\n'}
[3.865326] (robot_interfaces) StdoutLine: {'line': b'-- Up-to-date symlink: /root/Dojo/Dojo/install/robot_interfaces/local/lib/python3.10/dist-packages/robot_interfaces/srv/__init__.py\n'}
[3.865524] (robot_interfaces) StdoutLine: {'line': b'-- Up-to-date symlink: /root/Dojo/Dojo/install/robot_interfaces/local/lib/python3.10/dist-packages/robot_interfaces/srv/_calibration.py\n'}
[3.865815] (robot_interfaces) StdoutLine: {'line': b'-- Up-to-date symlink: /root/Dojo/Dojo/install/robot_interfaces/local/lib/python3.10/dist-packages/robot_interfaces/srv/_calibration_s.c\n'}
[3.866064] (robot_interfaces) StdoutLine: {'line': b'-- Up-to-date symlink: /root/Dojo/Dojo/install/robot_interfaces/local/lib/python3.10/dist-packages/robot_interfaces/srv/_set_mode.py\n'}
[3.866270] (robot_interfaces) StdoutLine: {'line': b'-- Up-to-date symlink: /root/Dojo/Dojo/install/robot_interfaces/local/lib/python3.10/dist-packages/robot_interfaces/srv/_set_mode_s.c\n'}
[3.866520] (robot_interfaces) StdoutLine: {'line': b'-- Up-to-date symlink: /root/Dojo/Dojo/install/robot_interfaces/local/lib/python3.10/dist-packages/robot_interfaces/robot_interfaces_s__rosidl_typesupport_fastrtps_c.cpython-310-x86_64-linux-gnu.so\n'}
[3.866931] (robot_interfaces) StdoutLine: {'line': b'-- Up-to-date symlink: /root/Dojo/Dojo/install/robot_interfaces/local/lib/python3.10/dist-packages/robot_interfaces/robot_interfaces_s__rosidl_typesupport_introspection_c.cpython-310-x86_64-linux-gnu.so\n'}
[3.867316] (robot_interfaces) StdoutLine: {'line': b'-- Up-to-date symlink: /root/Dojo/Dojo/install/robot_interfaces/local/lib/python3.10/dist-packages/robot_interfaces/robot_interfaces_s__rosidl_typesupport_c.cpython-310-x86_64-linux-gnu.so\n'}
[3.867625] (robot_interfaces) StdoutLine: {'line': b'-- Up-to-date symlink: /root/Dojo/Dojo/install/robot_interfaces/share/robot_interfaces/msg/HardwareStatus.idl\n'}
[3.867941] (robot_interfaces) StdoutLine: {'line': b'-- Up-to-date symlink: /root/Dojo/Dojo/install/robot_interfaces/share/robot_interfaces/msg/SensorData.idl\n'}
[3.868304] (robot_interfaces) StdoutLine: {'line': b'-- Up-to-date symlink: /root/Dojo/Dojo/install/robot_interfaces/share/robot_interfaces/msg/MotorCommand.idl\n'}
[3.868672] (robot_interfaces) StdoutLine: {'line': b'-- Up-to-date symlink: /root/Dojo/Dojo/install/robot_interfaces/share/robot_interfaces/msg/RobotState.idl\n'}
[3.868893] (robot_interfaces) StdoutLine: {'line': b'-- Up-to-date symlink: /root/Dojo/Dojo/install/robot_interfaces/share/robot_interfaces/srv/Calibration.idl\n'}
[3.869435] (robot_interfaces) StdoutLine: {'line': b'-- Up-to-date symlink: /root/Dojo/Dojo/install/robot_interfaces/share/robot_interfaces/srv/SetMode.idl\n'}
[3.869734] (robot_interfaces) StdoutLine: {'line': b'-- Up-to-date symlink: /root/Dojo/Dojo/install/robot_interfaces/share/robot_interfaces/action/Navigation.idl\n'}
[3.869912] (robot_interfaces) StdoutLine: {'line': b'-- Up-to-date symlink: /root/Dojo/Dojo/install/robot_interfaces/share/robot_interfaces/msg/HardwareStatus.msg\n'}
[3.871661] (robot_interfaces) StdoutLine: {'line': b'-- Up-to-date symlink: /root/Dojo/Dojo/install/robot_interfaces/share/robot_interfaces/msg/SensorData.msg\n'}
[3.872163] (robot_interfaces) StdoutLine: {'line': b'-- Up-to-date symlink: /root/Dojo/Dojo/install/robot_interfaces/share/robot_interfaces/msg/MotorCommand.msg\n'}
[3.872619] (robot_interfaces) StdoutLine: {'line': b'-- Up-to-date symlink: /root/Dojo/Dojo/install/robot_interfaces/share/robot_interfaces/msg/RobotState.msg\n'}
[3.873876] (robot_interfaces) StdoutLine: {'line': b'-- Up-to-date symlink: /root/Dojo/Dojo/install/robot_interfaces/share/robot_interfaces/srv/Calibration.srv\n'}
[3.874143] (robot_interfaces) StdoutLine: {'line': b'-- Up-to-date symlink: /root/Dojo/Dojo/install/robot_interfaces/share/robot_interfaces/srv/Calibration_Request.msg\n'}
[3.874663] (robot_interfaces) StdoutLine: {'line': b'-- Up-to-date symlink: /root/Dojo/Dojo/install/robot_interfaces/share/robot_interfaces/srv/Calibration_Response.msg\n'}
[3.874860] (robot_interfaces) StdoutLine: {'line': b'-- Up-to-date symlink: /root/Dojo/Dojo/install/robot_interfaces/share/robot_interfaces/srv/SetMode.srv\n'}
[3.875096] (robot_interfaces) StdoutLine: {'line': b'-- Up-to-date symlink: /root/Dojo/Dojo/install/robot_interfaces/share/robot_interfaces/srv/SetMode_Request.msg\n'}
[3.875235] (robot_interfaces) StdoutLine: {'line': b'-- Up-to-date symlink: /root/Dojo/Dojo/install/robot_interfaces/share/robot_interfaces/srv/SetMode_Response.msg\n'}
[3.875497] (robot_interfaces) StdoutLine: {'line': b'-- Up-to-date symlink: /root/Dojo/Dojo/install/robot_interfaces/share/robot_interfaces/action/Navigation.action\n'}
[3.875617] (robot_interfaces) StdoutLine: {'line': b'-- Up-to-date symlink: /root/Dojo/Dojo/install/robot_interfaces/share/ament_index/resource_index/package_run_dependencies/robot_interfaces\n'}
[3.875918] (robot_interfaces) StdoutLine: {'line': b'-- Up-to-date symlink: /root/Dojo/Dojo/install/robot_interfaces/share/ament_index/resource_index/parent_prefix_path/robot_interfaces\n'}
[3.876035] (robot_interfaces) StdoutLine: {'line': b'-- Up-to-date symlink: /root/Dojo/Dojo/install/robot_interfaces/share/robot_interfaces/environment/ament_prefix_path.sh\n'}
[3.876146] (robot_interfaces) StdoutLine: {'line': b'-- Up-to-date symlink: /root/Dojo/Dojo/install/robot_interfaces/share/robot_interfaces/environment/ament_prefix_path.dsv\n'}
[3.876273] (robot_interfaces) StdoutLine: {'line': b'-- Up-to-date symlink: /root/Dojo/Dojo/install/robot_interfaces/share/robot_interfaces/environment/path.sh\n'}
[3.876802] (robot_interfaces) StdoutLine: {'line': b'-- Up-to-date symlink: /root/Dojo/Dojo/install/robot_interfaces/share/robot_interfaces/environment/path.dsv\n'}
[3.877016] (robot_interfaces) StdoutLine: {'line': b'-- Up-to-date symlink: /root/Dojo/Dojo/install/robot_interfaces/share/robot_interfaces/local_setup.bash\n'}
[3.877353] (robot_interfaces) StdoutLine: {'line': b'-- Up-to-date symlink: /root/Dojo/Dojo/install/robot_interfaces/share/robot_interfaces/local_setup.sh\n'}
[3.877790] (robot_interfaces) StdoutLine: {'line': b'-- Up-to-date symlink: /root/Dojo/Dojo/install/robot_interfaces/share/robot_interfaces/local_setup.zsh\n'}
[3.878009] (robot_interfaces) StdoutLine: {'line': b'-- Up-to-date symlink: /root/Dojo/Dojo/install/robot_interfaces/share/robot_interfaces/local_setup.dsv\n'}
[3.878161] (robot_interfaces) StdoutLine: {'line': b'-- Symlinking: /root/Dojo/Dojo/install/robot_interfaces/share/robot_interfaces/package.dsv\n'}
[3.878319] (robot_hardware) StdoutLine: {'line': b"reading manifest file 'robot_hardware.egg-info/SOURCES.txt'\n"}
[3.879044] (robot_hardware) StdoutLine: {'line': b"writing manifest file 'robot_hardware.egg-info/SOURCES.txt'\n"}
[3.889478] (robot_interfaces) StdoutLine: {'line': b'-- Up-to-date symlink: /root/Dojo/Dojo/install/robot_interfaces/share/ament_index/resource_index/packages/robot_interfaces\n'}
[3.889954] (robot_interfaces) StdoutLine: {'line': b'-- Up-to-date symlink: /root/Dojo/Dojo/install/robot_interfaces/share/robot_interfaces/cmake/rosidl_cmake-extras.cmake\n'}
[3.890383] (robot_interfaces) StdoutLine: {'line': b'-- Up-to-date symlink: /root/Dojo/Dojo/install/robot_interfaces/share/robot_interfaces/cmake/ament_cmake_export_dependencies-extras.cmake\n'}
[3.890626] (robot_interfaces) StdoutLine: {'line': b'-- Up-to-date symlink: /root/Dojo/Dojo/install/robot_interfaces/share/robot_interfaces/cmake/ament_cmake_export_include_directories-extras.cmake\n'}
[3.890888] (robot_interfaces) StdoutLine: {'line': b'-- Up-to-date symlink: /root/Dojo/Dojo/install/robot_interfaces/share/robot_interfaces/cmake/ament_cmake_export_libraries-extras.cmake\n'}
[3.891103] (robot_interfaces) StdoutLine: {'line': b'-- Up-to-date symlink: /root/Dojo/Dojo/install/robot_interfaces/share/robot_interfaces/cmake/ament_cmake_export_targets-extras.cmake\n'}
[3.891323] (robot_interfaces) StdoutLine: {'line': b'-- Up-to-date symlink: /root/Dojo/Dojo/install/robot_interfaces/share/robot_interfaces/cmake/rosidl_cmake_export_typesupport_targets-extras.cmake\n'}
[3.891676] (robot_interfaces) StdoutLine: {'line': b'-- Up-to-date symlink: /root/Dojo/Dojo/install/robot_interfaces/share/robot_interfaces/cmake/rosidl_cmake_export_typesupport_libraries-extras.cmake\n'}
[3.892068] (robot_interfaces) StdoutLine: {'line': b'-- Up-to-date symlink: /root/Dojo/Dojo/install/robot_interfaces/share/robot_interfaces/cmake/robot_interfacesConfig.cmake\n'}
[3.892421] (robot_interfaces) StdoutLine: {'line': b'-- Up-to-date symlink: /root/Dojo/Dojo/install/robot_interfaces/share/robot_interfaces/cmake/robot_interfacesConfig-version.cmake\n'}
[3.892784] (robot_interfaces) StdoutLine: {'line': b'-- Up-to-date symlink: /root/Dojo/Dojo/install/robot_interfaces/share/robot_interfaces/package.xml\n'}
[3.893152] (robot_interfaces) StdoutLine: {'line': b'-- Up-to-date: /root/Dojo/Dojo/install/robot_interfaces/lib/librobot_interfaces__rosidl_generator_c.so\n'}
[3.893598] (robot_interfaces) StdoutLine: {'line': b'-- Up-to-date: /root/Dojo/Dojo/install/robot_interfaces/lib/librobot_interfaces__rosidl_typesupport_fastrtps_c.so\n'}
[3.893959] (robot_interfaces) StdoutLine: {'line': b'-- Up-to-date: /root/Dojo/Dojo/install/robot_interfaces/lib/librobot_interfaces__rosidl_typesupport_fastrtps_cpp.so\n'}
[3.894474] (robot_interfaces) StdoutLine: {'line': b'-- Up-to-date: /root/Dojo/Dojo/install/robot_interfaces/lib/librobot_interfaces__rosidl_typesupport_introspection_c.so\n'}
[3.894973] (robot_interfaces) StdoutLine: {'line': b'-- Up-to-date: /root/Dojo/Dojo/install/robot_interfaces/lib/librobot_interfaces__rosidl_typesupport_c.so\n'}
[3.895519] (robot_interfaces) StdoutLine: {'line': b'-- Up-to-date: /root/Dojo/Dojo/install/robot_interfaces/lib/librobot_interfaces__rosidl_typesupport_introspection_cpp.so\n'}
[3.896038] (robot_interfaces) StdoutLine: {'line': b'-- Up-to-date: /root/Dojo/Dojo/install/robot_interfaces/lib/librobot_interfaces__rosidl_typesupport_cpp.so\n'}
[3.898496] (robot_hardware) StdoutLine: {'line': b'running build_ext\n'}
[3.899444] (robot_hardware) StdoutLine: {'line': b'Creating /root/Dojo/Dojo/install/robot_hardware/lib/python3.10/site-packages/robot-hardware.egg-link (link to .)\n'}
[3.899664] (robot_gazebo) StdoutLine: {'line': b'-- Looking for ignition-msgs5 -- found version 5.8.1\n'}
[3.899956] (robot_hardware) StdoutLine: {'line': b'Installing arduino_driver script to /root/Dojo/Dojo/install/robot_hardware/lib/robot_hardware\n'}
[3.900178] (robot_gazebo) StdoutLine: {'line': b'-- Searching for dependencies of ignition-msgs5\n'}
[3.901352] (robot_hardware) StdoutLine: {'line': b'Installing camera_driver script to /root/Dojo/Dojo/install/robot_hardware/lib/robot_hardware\n'}
[3.901648] (robot_hardware) StdoutLine: {'line': b'Installing hardware_manager script to /root/Dojo/Dojo/install/robot_hardware/lib/robot_hardware\n'}
[3.902054] (robot_hardware) StdoutLine: {'line': b'Installing lidar_driver script to /root/Dojo/Dojo/install/robot_hardware/lib/robot_hardware\n'}
[3.902473] (robot_hardware) StdoutLine: {'line': b'\n'}
[3.902688] (robot_hardware) StdoutLine: {'line': b'Installed /root/Dojo/Dojo/build/robot_hardware\n'}
[3.902868] (robot_hardware) StdoutLine: {'line': b'running symlink_data\n'}
[3.903113] (robot_hardware) StdoutLine: {'line': b'symbolically linking /root/Dojo/Dojo/build/robot_hardware/launch/rosarduino_bridge.launch.py -> /root/Dojo/Dojo/install/robot_hardware/share/robot_hardware/launch\n'}
[3.903316] (robot_hardware) StdoutLine: {'line': b'symbolically linking /root/Dojo/Dojo/build/robot_hardware/config/rosarduino_bridge.yaml -> /root/Dojo/Dojo/install/robot_hardware/share/robot_hardware/config\n'}
[3.911219] (-) TimerEvent: {}
[3.914454] (nv21_converter_pkg) StdoutLine: {'line': b'running egg_info\n'}
[3.933161] (nv21_converter_pkg) StdoutLine: {'line': b'writing nv21_converter_pkg.egg-info/PKG-INFO\n'}
[3.933538] (nv21_converter_pkg) StdoutLine: {'line': b'writing dependency_links to nv21_converter_pkg.egg-info/dependency_links.txt\n'}
[3.933969] (nv21_converter_pkg) StdoutLine: {'line': b'writing entry points to nv21_converter_pkg.egg-info/entry_points.txt\n'}
[3.934265] (nv21_converter_pkg) StdoutLine: {'line': b'writing requirements to nv21_converter_pkg.egg-info/requires.txt\n'}
[3.934597] (nv21_converter_pkg) StdoutLine: {'line': b'writing top-level names to nv21_converter_pkg.egg-info/top_level.txt\n'}
[3.939517] (robot_interfaces) StdoutLine: {'line': b"Listing '/root/Dojo/Dojo/install/robot_interfaces/local/lib/python3.10/dist-packages/robot_interfaces'...\n"}
[3.939854] (robot_interfaces) StdoutLine: {'line': b"Compiling '/root/Dojo/Dojo/install/robot_interfaces/local/lib/python3.10/dist-packages/robot_interfaces/__init__.py'...\n"}
[3.940059] (robot_interfaces) StdoutLine: {'line': b"Listing '/root/Dojo/Dojo/install/robot_interfaces/local/lib/python3.10/dist-packages/robot_interfaces/action'...\n"}
[3.940234] (robot_interfaces) StdoutLine: {'line': b"Listing '/root/Dojo/Dojo/install/robot_interfaces/local/lib/python3.10/dist-packages/robot_interfaces/msg'...\n"}
[3.940426] (robot_interfaces) StdoutLine: {'line': b"Listing '/root/Dojo/Dojo/install/robot_interfaces/local/lib/python3.10/dist-packages/robot_interfaces/srv'...\n"}
[3.940606] (robot_gazebo) StdoutLine: {'line': b'-- Looking for ignition-math6 -- found version 6.15.1\n'}
[3.941456] (robot_sensors) StdoutLine: {'line': b'running egg_info\n'}
[3.945007] (robot_navigation) StdoutLine: {'line': b'-- library: /usr/lib/x86_64-linux-gnu/libcurl.so\n'}
[3.946810] (robot_interfaces) StdoutLine: {'line': b'-- Up-to-date: /root/Dojo/Dojo/install/robot_interfaces/lib/librobot_interfaces__rosidl_generator_py.so\n'}
[3.947271] (robot_interfaces) StdoutLine: {'line': b'-- Up-to-date: /root/Dojo/Dojo/install/robot_interfaces/share/robot_interfaces/cmake/export_robot_interfaces__rosidl_generator_cExport.cmake\n'}
[3.947473] (robot_interfaces) StdoutLine: {'line': b'-- Up-to-date: /root/Dojo/Dojo/install/robot_interfaces/share/robot_interfaces/cmake/export_robot_interfaces__rosidl_generator_cExport-release.cmake\n'}
[3.947728] (robot_interfaces) StdoutLine: {'line': b'-- Up-to-date: /root/Dojo/Dojo/install/robot_interfaces/share/robot_interfaces/cmake/export_robot_interfaces__rosidl_typesupport_fastrtps_cExport.cmake\n'}
[3.947909] (robot_interfaces) StdoutLine: {'line': b'-- Up-to-date: /root/Dojo/Dojo/install/robot_interfaces/share/robot_interfaces/cmake/export_robot_interfaces__rosidl_typesupport_fastrtps_cExport-release.cmake\n'}
[3.948028] (robot_interfaces) StdoutLine: {'line': b'-- Up-to-date: /root/Dojo/Dojo/install/robot_interfaces/share/robot_interfaces/cmake/export_robot_interfaces__rosidl_generator_cppExport.cmake\n'}
[3.948182] (robot_interfaces) StdoutLine: {'line': b'-- Up-to-date: /root/Dojo/Dojo/install/robot_interfaces/share/robot_interfaces/cmake/export_robot_interfaces__rosidl_typesupport_fastrtps_cppExport.cmake\n'}
[3.948333] (robot_interfaces) StdoutLine: {'line': b'-- Up-to-date: /root/Dojo/Dojo/install/robot_interfaces/share/robot_interfaces/cmake/export_robot_interfaces__rosidl_typesupport_fastrtps_cppExport-release.cmake\n'}
[3.948491] (robot_interfaces) StdoutLine: {'line': b'-- Up-to-date: /root/Dojo/Dojo/install/robot_interfaces/share/robot_interfaces/cmake/robot_interfaces__rosidl_typesupport_introspection_cExport.cmake\n'}
[3.948635] (robot_interfaces) StdoutLine: {'line': b'-- Up-to-date: /root/Dojo/Dojo/install/robot_interfaces/share/robot_interfaces/cmake/robot_interfaces__rosidl_typesupport_introspection_cExport-release.cmake\n'}
[3.948790] (robot_interfaces) StdoutLine: {'line': b'-- Up-to-date: /root/Dojo/Dojo/install/robot_interfaces/share/robot_interfaces/cmake/robot_interfaces__rosidl_typesupport_cExport.cmake\n'}
[3.948903] (robot_interfaces) StdoutLine: {'line': b'-- Up-to-date: /root/Dojo/Dojo/install/robot_interfaces/share/robot_interfaces/cmake/robot_interfaces__rosidl_typesupport_cExport-release.cmake\n'}
[3.949078] (robot_interfaces) StdoutLine: {'line': b'-- Up-to-date: /root/Dojo/Dojo/install/robot_interfaces/share/robot_interfaces/cmake/robot_interfaces__rosidl_typesupport_introspection_cppExport.cmake\n'}
[3.949194] (robot_interfaces) StdoutLine: {'line': b'-- Up-to-date: /root/Dojo/Dojo/install/robot_interfaces/share/robot_interfaces/cmake/robot_interfaces__rosidl_typesupport_introspection_cppExport-release.cmake\n'}
[3.949409] (robot_interfaces) StdoutLine: {'line': b'-- Up-to-date: /root/Dojo/Dojo/install/robot_interfaces/share/robot_interfaces/cmake/robot_interfaces__rosidl_typesupport_cppExport.cmake\n'}
[3.949546] (robot_interfaces) StdoutLine: {'line': b'-- Up-to-date: /root/Dojo/Dojo/install/robot_interfaces/share/robot_interfaces/cmake/robot_interfaces__rosidl_typesupport_cppExport-release.cmake\n'}
[3.949639] (robot_interfaces) StdoutLine: {'line': b'-- Up-to-date: /root/Dojo/Dojo/install/robot_interfaces/share/robot_interfaces/cmake/export_robot_interfaces__rosidl_generator_pyExport.cmake\n'}
[3.949751] (robot_gazebo) StdoutLine: {'line': b"-- Checking for module 'tinyxml2'\n"}
[3.949857] (robot_interfaces) StdoutLine: {'line': b'-- Up-to-date: /root/Dojo/Dojo/install/robot_interfaces/share/robot_interfaces/cmake/export_robot_interfaces__rosidl_generator_pyExport-release.cmake\n'}
[3.953880] (robot_interfaces) CommandEnded: {'returncode': 0}
[3.958773] (robot_sensors) StdoutLine: {'line': b'writing robot_sensors.egg-info/PKG-INFO\n'}
[3.959195] (robot_sensors) StdoutLine: {'line': b'writing dependency_links to robot_sensors.egg-info/dependency_links.txt\n'}
[3.959636] (robot_sensors) StdoutLine: {'line': b'writing entry points to robot_sensors.egg-info/entry_points.txt\n'}
[3.959899] (robot_sensors) StdoutLine: {'line': b'writing requirements to robot_sensors.egg-info/requires.txt\n'}
[3.960221] (robot_sensors) StdoutLine: {'line': b'writing top-level names to robot_sensors.egg-info/top_level.txt\n'}
[3.973467] (nv21_converter_pkg) StdoutLine: {'line': b"reading manifest file 'nv21_converter_pkg.egg-info/SOURCES.txt'\n"}
[3.974271] (nv21_converter_pkg) StdoutLine: {'line': b"writing manifest file 'nv21_converter_pkg.egg-info/SOURCES.txt'\n"}
[3.975220] (robot_gazebo) StdoutLine: {'line': b'--   Found tinyxml2, version 9.0.0\n'}
[3.976181] (arduino_bridge) StdoutLine: {'line': b'running egg_info\n'}
[3.980647] (vision_system) StdoutLine: {'line': b'running egg_info\n'}
[3.986031] (robot_interfaces) JobEnded: {'identifier': 'robot_interfaces', 'rc': 0}
[3.994770] (nv21_converter_pkg) StdoutLine: {'line': b'running build_ext\n'}
[3.995876] (nv21_converter_pkg) StdoutLine: {'line': b'Creating /root/Dojo/Dojo/install/nv21_converter_pkg/lib/python3.10/site-packages/nv21-converter-pkg.egg-link (link to .)\n'}
[3.996558] (robot_hardware) CommandEnded: {'returncode': 0}
[3.997117] (nv21_converter_pkg) StdoutLine: {'line': b'Installing nv21_converter script to /root/Dojo/Dojo/install/nv21_converter_pkg/lib/nv21_converter_pkg\n'}
[3.997575] (nv21_converter_pkg) StdoutLine: {'line': b'\n'}
[3.997810] (nv21_converter_pkg) StdoutLine: {'line': b'Installed /root/Dojo/Dojo/build/nv21_converter_pkg\n'}
[3.998635] (nv21_converter_pkg) StdoutLine: {'line': b'running symlink_data\n'}
[3.998839] (robot_sensors) StdoutLine: {'line': b"reading manifest file 'robot_sensors.egg-info/SOURCES.txt'\n"}
[3.999504] (robot_sensors) StdoutLine: {'line': b"writing manifest file 'robot_sensors.egg-info/SOURCES.txt'\n"}
[4.002385] (arduino_bridge) StdoutLine: {'line': b'writing arduino_bridge.egg-info/PKG-INFO\n'}
[4.003308] (arduino_bridge) StdoutLine: {'line': b'writing dependency_links to arduino_bridge.egg-info/dependency_links.txt\n'}
[4.003657] (vision_system) StdoutLine: {'line': b'writing vision_system.egg-info/PKG-INFO\n'}
[4.004556] (arduino_bridge) StdoutLine: {'line': b'writing entry points to arduino_bridge.egg-info/entry_points.txt\n'}
[4.004801] (arduino_bridge) StdoutLine: {'line': b'writing requirements to arduino_bridge.egg-info/requires.txt\n'}
[4.006083] (arduino_bridge) StdoutLine: {'line': b'writing top-level names to arduino_bridge.egg-info/top_level.txt\n'}
[4.006449] (vision_system) StdoutLine: {'line': b'writing dependency_links to vision_system.egg-info/dependency_links.txt\n'}
[4.007183] (vision_system) StdoutLine: {'line': b'writing entry points to vision_system.egg-info/entry_points.txt\n'}
[4.008082] (vision_system) StdoutLine: {'line': b'writing requirements to vision_system.egg-info/requires.txt\n'}
[4.008327] (vision_system) StdoutLine: {'line': b'writing top-level names to vision_system.egg-info/top_level.txt\n'}
[4.010722] (robot_hardware) JobEnded: {'identifier': 'robot_hardware', 'rc': 0}
[4.011287] (-) TimerEvent: {}
[4.012926] (ros2arduino_bridge) StdoutLine: {'line': b'running egg_info\n'}
[4.024960] (robot_sensors) StdoutLine: {'line': b'running build_ext\n'}
[4.025237] (robot_sensors) StdoutLine: {'line': b'Creating /root/Dojo/Dojo/install/robot_sensors/lib/python3.10/site-packages/robot-sensors.egg-link (link to .)\n'}
[4.025901] (robot_sensors) StdoutLine: {'line': b'Installing camera_node script to /root/Dojo/Dojo/install/robot_sensors/lib/robot_sensors\n'}
[4.026201] (robot_sensors) StdoutLine: {'line': b'\n'}
[4.026405] (robot_sensors) StdoutLine: {'line': b'Installed /root/Dojo/Dojo/build/robot_sensors\n'}
[4.026537] (robot_sensors) StdoutLine: {'line': b'running symlink_data\n'}
[4.026693] (robot_navigation) StdoutLine: {'line': b'-- Found robot_localization: 3.5.4 (/opt/ros/humble/share/robot_localization/cmake)\n'}
[4.030133] (ros2arduino_bridge) StdoutLine: {'line': b'writing ros2arduino_bridge.egg-info/PKG-INFO\n'}
[4.030551] (ros2arduino_bridge) StdoutLine: {'line': b'writing dependency_links to ros2arduino_bridge.egg-info/dependency_links.txt\n'}
[4.030935] (ros2arduino_bridge) StdoutLine: {'line': b'writing entry points to ros2arduino_bridge.egg-info/entry_points.txt\n'}
[4.031193] (ros2arduino_bridge) StdoutLine: {'line': b'writing requirements to ros2arduino_bridge.egg-info/requires.txt\n'}
[4.031413] (ros2arduino_bridge) StdoutLine: {'line': b'writing top-level names to ros2arduino_bridge.egg-info/top_level.txt\n'}
[4.035800] (robot_gazebo) StdoutLine: {'line': b'-- Looking for ignition-msgs5 -- found version 5.8.1\n'}
[4.036444] (robot_gazebo) StdoutLine: {'line': b'-- Looking for ignition-common3 -- found version 3.14.0\n'}
[4.037224] (robot_gazebo) StdoutLine: {'line': b'-- Searching for dependencies of ignition-common3\n'}
[4.037572] (robot_gazebo) StdoutLine: {'line': b'-- Looking for dlfcn.h - found\n'}
[4.037793] (robot_gazebo) StdoutLine: {'line': b'-- Looking for libdl - found\n'}
[4.054297] (arduino_bridge) StdoutLine: {'line': b"reading manifest file 'arduino_bridge.egg-info/SOURCES.txt'\n"}
[4.054833] (robot_gazebo) StdoutLine: {'line': b'-- Searching for <ignition-common3> component [graphics]\n'}
[4.055172] (vision_system) StdoutLine: {'line': b"reading manifest file 'vision_system.egg-info/SOURCES.txt'\n"}
[4.055462] (robot_gazebo) StdoutLine: {'line': b'-- Looking for ignition-common3-graphics -- found version 3.14.0\n'}
[4.055729] (arduino_bridge) StdoutLine: {'line': b"writing manifest file 'arduino_bridge.egg-info/SOURCES.txt'\n"}
[4.056202] (robot_gazebo) StdoutLine: {'line': b'-- Searching for dependencies of ignition-common3-graphics\n'}
[4.056426] (vision_system) StdoutLine: {'line': b"writing manifest file 'vision_system.egg-info/SOURCES.txt'\n"}
[4.056728] (robot_gazebo) StdoutLine: {'line': b'-- Looking for ignition-math6 -- found version 6.15.1\n'}
[4.057897] (robot_gazebo) StdoutLine: {'line': b'-- Looking for ignition-fuel_tools4 -- found version 4.4.0\n'}
[4.058388] (robot_gazebo) StdoutLine: {'line': b'-- Searching for dependencies of ignition-fuel_tools4\n'}
[4.068011] (ros2arduino_bridge) StdoutLine: {'line': b"reading manifest file 'ros2arduino_bridge.egg-info/SOURCES.txt'\n"}
[4.069230] (ros2arduino_bridge) StdoutLine: {'line': b"writing manifest file 'ros2arduino_bridge.egg-info/SOURCES.txt'\n"}
[4.082906] (arduino_bridge) StdoutLine: {'line': b'running build_ext\n'}
[4.083211] (vision_system) StdoutLine: {'line': b'running build_ext\n'}
[4.083447] (arduino_bridge) StdoutLine: {'line': b'Creating /root/Dojo/Dojo/install/arduino_bridge/lib/python3.10/site-packages/arduino-bridge.egg-link (link to .)\n'}
[4.083629] (vision_system) StdoutLine: {'line': b'Creating /root/Dojo/Dojo/install/vision_system/lib/python3.10/site-packages/vision-system.egg-link (link to .)\n'}
[4.084210] (arduino_bridge) StdoutLine: {'line': b'Installing arduino_bridge_node script to /root/Dojo/Dojo/install/arduino_bridge/lib/arduino_bridge\n'}
[4.084438] (vision_system) StdoutLine: {'line': b'Installing object_detector script to /root/Dojo/Dojo/install/vision_system/lib/vision_system\n'}
[4.084745] (arduino_bridge) StdoutLine: {'line': b'Installing test_arduino_bridge script to /root/Dojo/Dojo/install/arduino_bridge/lib/arduino_bridge\n'}
[4.084946] (vision_system) StdoutLine: {'line': b'\n'}
[4.085089] (vision_system) StdoutLine: {'line': b'Installed /root/Dojo/Dojo/build/vision_system\n'}
[4.085294] (vision_system) StdoutLine: {'line': b'running symlink_data\n'}
[4.085487] (arduino_bridge) StdoutLine: {'line': b'\n'}
[4.085665] (arduino_bridge) StdoutLine: {'line': b'Installed /root/Dojo/Dojo/build/arduino_bridge\n'}
[4.085811] (arduino_bridge) StdoutLine: {'line': b'running symlink_data\n'}
[4.088705] (nv21_converter_pkg) CommandEnded: {'returncode': 0}
[4.090013] (ros2arduino_bridge) StdoutLine: {'line': b'running build_ext\n'}
[4.090337] (ros2arduino_bridge) StdoutLine: {'line': b'Creating /root/Dojo/Dojo/install/ros2arduino_bridge/lib/python3.10/site-packages/ros2arduino-bridge.egg-link (link to .)\n'}
[4.091578] (ros2arduino_bridge) StdoutLine: {'line': b'Installing arduino_bridge script to /lib/ros2arduino_bridge\n'}
[4.091820] (ros2arduino_bridge) StdoutLine: {'line': b'\n'}
[4.092610] (ros2arduino_bridge) StdoutLine: {'line': b'Installed /root/Dojo/Dojo/build/ros2arduino_bridge\n'}
[4.092822] (ros2arduino_bridge) StdoutLine: {'line': b'running symlink_data\n'}
[4.100296] (nv21_converter_pkg) JobEnded: {'identifier': 'nv21_converter_pkg', 'rc': 0}
[4.111415] (-) TimerEvent: {}
[4.112654] (robot_sensors) CommandEnded: {'returncode': 0}
[4.122328] (robot_sensors) JobEnded: {'identifier': 'robot_sensors', 'rc': 0}
[4.125783] (robot_gazebo) StdoutLine: {'line': b"-- Checking for module 'jsoncpp'\n"}
[4.146339] (robot_gazebo) StdoutLine: {'line': b'--   Found jsoncpp, version 1.9.5\n'}
[4.159765] (robot_navigation) StdoutLine: {'line': b'-- Found Python3: /usr/bin/python3 (found version "3.10.12") found components: Interpreter Development Development.Module Development.Embed \n'}
[4.211568] (-) TimerEvent: {}
[4.213498] (robot_gazebo) StdoutLine: {'line': b"-- Checking for module 'libzip'\n"}
[4.216311] (vision_system) CommandEnded: {'returncode': 0}
[4.225018] (vision_system) JobEnded: {'identifier': 'vision_system', 'rc': 0}
[4.226112] (ros2arduino_bridge) CommandEnded: {'returncode': 0}
[4.233942] (ros2arduino_bridge) JobEnded: {'identifier': 'ros2arduino_bridge', 'rc': 0}
[4.235047] (arduino_bridge) CommandEnded: {'returncode': 0}
[4.235549] (robot_gazebo) StdoutLine: {'line': b'--   Found libzip, version 1.7.3\n'}
[4.243502] (arduino_bridge) JobEnded: {'identifier': 'arduino_bridge', 'rc': 0}
[4.254820] (robot_navigation) StdoutLine: {'line': b'-- Configuring done\n'}
[4.258276] (robot_launch) StdoutLine: {'line': b'running develop\n'}
[4.264251] (robot_navigation) StdoutLine: {'line': b'-- Generating done\n'}
[4.267427] (robot_navigation) StdoutLine: {'line': b'-- Build files have been written to: /root/Dojo/Dojo/build/robot_navigation\n'}
[4.282902] (robot_gazebo) StdoutLine: {'line': b'-- Looking for ignition-common3 -- found version 3.14.0\n'}
[4.283345] (robot_gazebo) StdoutLine: {'line': b'-- Looking for ignition-math6 -- found version 6.15.1\n'}
[4.283959] (robot_gazebo) StdoutLine: {'line': b'-- Looking for ignition-msgs5 -- found version 5.8.1\n'}
[4.285590] (robot_navigation) CommandEnded: {'returncode': 0}
[4.286346] (robot_gazebo) StdoutLine: {'line': b'-- Gazebo version: 11.10\n'}
[4.287949] (robot_navigation) JobProgress: {'identifier': 'robot_navigation', 'progress': 'build'}
[4.288268] (robot_navigation) Command: {'cmd': ['/usr/bin/cmake', '--build', '/root/Dojo/Dojo/build/robot_navigation', '--', '-j16', '-l16'], 'cwd': '/root/Dojo/Dojo/build/robot_navigation', 'env': OrderedDict([('HOSTNAME', 'gareth-joel-HP-Pavilion-Gaming-Laptop-15-ec2xxx'), ('SHLVL', '1'), ('LD_LIBRARY_PATH', '/usr/lib/x86_64-linux-gnu/gazebo-11/plugins:/opt/ros/humble/opt/rviz_ogre_vendor/lib:/opt/ros/humble/lib/x86_64-linux-gnu:/opt/ros/humble/lib'), ('HOME', '/root'), ('OLDPWD', '/root/Dojo'), ('ROS_PYTHON_VERSION', '3'), ('COLCON_PREFIX_PATH', '/root/Dojo/install'), ('ROS_DISTRO', 'humble'), ('_', '/usr/bin/colcon'), ('ROS_VERSION', '2'), ('TERM', 'xterm'), ('ROS_LOCALHOST_ONLY', '0'), ('QT_X11_NO_MITSHM', '1'), ('PATH', '/opt/ros/humble/bin:/usr/local/sbin:/usr/local/bin:/usr/sbin:/usr/bin:/sbin:/bin'), ('DISPLAY', ':0'), ('LANG', 'C.UTF-8'), ('LS_COLORS', 'rs=0:di=01;34:ln=01;36:mh=00:pi=40;33:so=01;35:do=01;35:bd=40;33;01:cd=40;33;01:or=40;31;01:mi=00:su=37;41:sg=30;43:ca=30;41:tw=30;42:ow=34;42:st=37;44:ex=01;32:*.tar=01;31:*.tgz=01;31:*.arc=01;31:*.arj=01;31:*.taz=01;31:*.lha=01;31:*.lz4=01;31:*.lzh=01;31:*.lzma=01;31:*.tlz=01;31:*.txz=01;31:*.tzo=01;31:*.t7z=01;31:*.zip=01;31:*.z=01;31:*.dz=01;31:*.gz=01;31:*.lrz=01;31:*.lz=01;31:*.lzo=01;31:*.xz=01;31:*.zst=01;31:*.tzst=01;31:*.bz2=01;31:*.bz=01;31:*.tbz=01;31:*.tbz2=01;31:*.tz=01;31:*.deb=01;31:*.rpm=01;31:*.jar=01;31:*.war=01;31:*.ear=01;31:*.sar=01;31:*.rar=01;31:*.alz=01;31:*.ace=01;31:*.zoo=01;31:*.cpio=01;31:*.7z=01;31:*.rz=01;31:*.cab=01;31:*.wim=01;31:*.swm=01;31:*.dwm=01;31:*.esd=01;31:*.jpg=01;35:*.jpeg=01;35:*.mjpg=01;35:*.mjpeg=01;35:*.gif=01;35:*.bmp=01;35:*.pbm=01;35:*.pgm=01;35:*.ppm=01;35:*.tga=01;35:*.xbm=01;35:*.xpm=01;35:*.tif=01;35:*.tiff=01;35:*.png=01;35:*.svg=01;35:*.svgz=01;35:*.mng=01;35:*.pcx=01;35:*.mov=01;35:*.mpg=01;35:*.mpeg=01;35:*.m2v=01;35:*.mkv=01;35:*.webm=01;35:*.webp=01;35:*.ogm=01;35:*.mp4=01;35:*.m4v=01;35:*.mp4v=01;35:*.vob=01;35:*.qt=01;35:*.nuv=01;35:*.wmv=01;35:*.asf=01;35:*.rm=01;35:*.rmvb=01;35:*.flc=01;35:*.avi=01;35:*.fli=01;35:*.flv=01;35:*.gl=01;35:*.dl=01;35:*.xcf=01;35:*.xwd=01;35:*.yuv=01;35:*.cgm=01;35:*.emf=01;35:*.ogv=01;35:*.ogx=01;35:*.aac=00;36:*.au=00;36:*.flac=00;36:*.m4a=00;36:*.mid=00;36:*.midi=00;36:*.mka=00;36:*.mp3=00;36:*.mpc=00;36:*.ogg=00;36:*.ra=00;36:*.wav=00;36:*.oga=00;36:*.opus=00;36:*.spx=00;36:*.xspf=00;36:'), ('ROS_DOMAIN_ID', '7'), ('AMENT_PREFIX_PATH', '/root/Dojo/Dojo/install/robot_description:/root/Dojo/Dojo/install/robot_control:/root/Dojo/install/robot_hardware:/opt/ros/humble'), ('PWD', '/root/Dojo/Dojo/build/robot_navigation'), ('LC_ALL', 'C.UTF-8'), ('PYTHONPATH', '/root/Dojo/Dojo/install/robot_description/lib/python3.10/site-packages:/root/Dojo/build/robot_hardware:/root/Dojo/install/robot_hardware/lib/python3.10/site-packages:/opt/ros/humble/lib/python3.10/site-packages:/opt/ros/humble/local/lib/python3.10/dist-packages'), ('COLCON', '1'), ('CMAKE_PREFIX_PATH', '/root/Dojo/Dojo/install/robot_description:/root/Dojo/Dojo/install/robot_control:/root/Dojo/install/robot_perception:/root/Dojo/install/robot_hardware:/opt/ros/humble')]), 'shell': False}
[4.288778] (robot_gazebo) StdoutLine: {'line': b'-- Found gazebo_ros2_control: 0.4.10 (/opt/ros/humble/share/gazebo_ros2_control/cmake)\n'}
[4.311651] (-) TimerEvent: {}
[4.338587] (robot_navigation) CommandEnded: {'returncode': 0}
[4.339140] (robot_navigation) JobProgress: {'identifier': 'robot_navigation', 'progress': 'install'}
[4.339616] (robot_navigation) Command: {'cmd': ['/usr/bin/cmake', '--install', '/root/Dojo/Dojo/build/robot_navigation'], 'cwd': '/root/Dojo/Dojo/build/robot_navigation', 'env': OrderedDict([('HOSTNAME', 'gareth-joel-HP-Pavilion-Gaming-Laptop-15-ec2xxx'), ('SHLVL', '1'), ('LD_LIBRARY_PATH', '/usr/lib/x86_64-linux-gnu/gazebo-11/plugins:/opt/ros/humble/opt/rviz_ogre_vendor/lib:/opt/ros/humble/lib/x86_64-linux-gnu:/opt/ros/humble/lib'), ('HOME', '/root'), ('OLDPWD', '/root/Dojo'), ('ROS_PYTHON_VERSION', '3'), ('COLCON_PREFIX_PATH', '/root/Dojo/install'), ('ROS_DISTRO', 'humble'), ('_', '/usr/bin/colcon'), ('ROS_VERSION', '2'), ('TERM', 'xterm'), ('ROS_LOCALHOST_ONLY', '0'), ('QT_X11_NO_MITSHM', '1'), ('PATH', '/opt/ros/humble/bin:/usr/local/sbin:/usr/local/bin:/usr/sbin:/usr/bin:/sbin:/bin'), ('DISPLAY', ':0'), ('LANG', 'C.UTF-8'), ('LS_COLORS', 'rs=0:di=01;34:ln=01;36:mh=00:pi=40;33:so=01;35:do=01;35:bd=40;33;01:cd=40;33;01:or=40;31;01:mi=00:su=37;41:sg=30;43:ca=30;41:tw=30;42:ow=34;42:st=37;44:ex=01;32:*.tar=01;31:*.tgz=01;31:*.arc=01;31:*.arj=01;31:*.taz=01;31:*.lha=01;31:*.lz4=01;31:*.lzh=01;31:*.lzma=01;31:*.tlz=01;31:*.txz=01;31:*.tzo=01;31:*.t7z=01;31:*.zip=01;31:*.z=01;31:*.dz=01;31:*.gz=01;31:*.lrz=01;31:*.lz=01;31:*.lzo=01;31:*.xz=01;31:*.zst=01;31:*.tzst=01;31:*.bz2=01;31:*.bz=01;31:*.tbz=01;31:*.tbz2=01;31:*.tz=01;31:*.deb=01;31:*.rpm=01;31:*.jar=01;31:*.war=01;31:*.ear=01;31:*.sar=01;31:*.rar=01;31:*.alz=01;31:*.ace=01;31:*.zoo=01;31:*.cpio=01;31:*.7z=01;31:*.rz=01;31:*.cab=01;31:*.wim=01;31:*.swm=01;31:*.dwm=01;31:*.esd=01;31:*.jpg=01;35:*.jpeg=01;35:*.mjpg=01;35:*.mjpeg=01;35:*.gif=01;35:*.bmp=01;35:*.pbm=01;35:*.pgm=01;35:*.ppm=01;35:*.tga=01;35:*.xbm=01;35:*.xpm=01;35:*.tif=01;35:*.tiff=01;35:*.png=01;35:*.svg=01;35:*.svgz=01;35:*.mng=01;35:*.pcx=01;35:*.mov=01;35:*.mpg=01;35:*.mpeg=01;35:*.m2v=01;35:*.mkv=01;35:*.webm=01;35:*.webp=01;35:*.ogm=01;35:*.mp4=01;35:*.m4v=01;35:*.mp4v=01;35:*.vob=01;35:*.qt=01;35:*.nuv=01;35:*.wmv=01;35:*.asf=01;35:*.rm=01;35:*.rmvb=01;35:*.flc=01;35:*.avi=01;35:*.fli=01;35:*.flv=01;35:*.gl=01;35:*.dl=01;35:*.xcf=01;35:*.xwd=01;35:*.yuv=01;35:*.cgm=01;35:*.emf=01;35:*.ogv=01;35:*.ogx=01;35:*.aac=00;36:*.au=00;36:*.flac=00;36:*.m4a=00;36:*.mid=00;36:*.midi=00;36:*.mka=00;36:*.mp3=00;36:*.mpc=00;36:*.ogg=00;36:*.ra=00;36:*.wav=00;36:*.oga=00;36:*.opus=00;36:*.spx=00;36:*.xspf=00;36:'), ('ROS_DOMAIN_ID', '7'), ('AMENT_PREFIX_PATH', '/root/Dojo/Dojo/install/robot_description:/root/Dojo/Dojo/install/robot_control:/root/Dojo/install/robot_hardware:/opt/ros/humble'), ('PWD', '/root/Dojo/Dojo/build/robot_navigation'), ('LC_ALL', 'C.UTF-8'), ('PYTHONPATH', '/root/Dojo/Dojo/install/robot_description/lib/python3.10/site-packages:/root/Dojo/build/robot_hardware:/root/Dojo/install/robot_hardware/lib/python3.10/site-packages:/opt/ros/humble/lib/python3.10/site-packages:/opt/ros/humble/local/lib/python3.10/dist-packages'), ('COLCON', '1'), ('CMAKE_PREFIX_PATH', '/root/Dojo/Dojo/install/robot_description:/root/Dojo/Dojo/install/robot_control:/root/Dojo/install/robot_perception:/root/Dojo/install/robot_hardware:/opt/ros/humble')]), 'shell': False}
[4.347455] (robot_navigation) StdoutLine: {'line': b'-- Install configuration: "Release"\n'}
[4.347979] (robot_navigation) StdoutLine: {'line': b'-- Execute custom install script\n'}
[4.348451] (robot_navigation) StdoutLine: {'line': b'-- Up-to-date symlink: /root/Dojo/Dojo/install/robot_navigation/share/robot_navigation/launch/localization.launch.py\n'}
[4.348646] (robot_navigation) StdoutLine: {'line': b'-- Up-to-date symlink: /root/Dojo/Dojo/install/robot_navigation/share/robot_navigation/launch/map_server.launch.py\n'}
[4.348809] (robot_navigation) StdoutLine: {'line': b'-- Up-to-date symlink: /root/Dojo/Dojo/install/robot_navigation/share/robot_navigation/launch/nav2.launch.py\n'}
[4.348974] (robot_navigation) StdoutLine: {'line': b'-- Up-to-date symlink: /root/Dojo/Dojo/install/robot_navigation/share/robot_navigation/launch/navigation.launch.py\n'}
[4.349636] (robot_navigation) StdoutLine: {'line': b'-- Up-to-date symlink: /root/Dojo/Dojo/install/robot_navigation/share/robot_navigation/config/bt_navigator_params.yaml\n'}
[4.349821] (robot_navigation) StdoutLine: {'line': b'-- Up-to-date symlink: /root/Dojo/Dojo/install/robot_navigation/share/robot_navigation/config/controller_params.yaml\n'}
[4.349975] (robot_navigation) StdoutLine: {'line': b'-- Up-to-date symlink: /root/Dojo/Dojo/install/robot_navigation/share/robot_navigation/config/costmap_common_params.yaml\n'}
[4.350124] (robot_navigation) StdoutLine: {'line': b'-- Up-to-date symlink: /root/Dojo/Dojo/install/robot_navigation/share/robot_navigation/config/global_costmap_params.yaml\n'}
[4.350306] (robot_navigation) StdoutLine: {'line': b'-- Up-to-date symlink: /root/Dojo/Dojo/install/robot_navigation/share/robot_navigation/config/local_costmap_params.yaml\n'}
[4.350490] (robot_navigation) StdoutLine: {'line': b'-- Up-to-date symlink: /root/Dojo/Dojo/install/robot_navigation/share/robot_navigation/config/localization_params.yaml\n'}
[4.350615] (robot_navigation) StdoutLine: {'line': b'-- Up-to-date symlink: /root/Dojo/Dojo/install/robot_navigation/share/robot_navigation/config/map_server_params.yaml\n'}
[4.350756] (robot_navigation) StdoutLine: {'line': b'-- Up-to-date symlink: /root/Dojo/Dojo/install/robot_navigation/share/robot_navigation/config/nav2_params.yaml\n'}
[4.350900] (robot_navigation) StdoutLine: {'line': b'-- Up-to-date symlink: /root/Dojo/Dojo/install/robot_navigation/share/robot_navigation/config/planner_params.yaml\n'}
[4.351097] (robot_navigation) StdoutLine: {'line': b'-- Up-to-date symlink: /root/Dojo/Dojo/install/robot_navigation/share/robot_navigation/package.xml\n'}
[4.351265] (robot_navigation) StdoutLine: {'line': b'-- Up-to-date symlink: /root/Dojo/Dojo/install/robot_navigation/share/robot_navigation/setup.py\n'}
[4.351464] (robot_navigation) StdoutLine: {'line': b'-- Up-to-date symlink: /root/Dojo/Dojo/install/robot_navigation/share/robot_navigation/setup.cfg\n'}
[4.351749] (robot_navigation) StdoutLine: {'line': b'-- Up-to-date symlink: /root/Dojo/Dojo/install/robot_navigation/share/robot_navigation/launch/localization.launch.py\n'}
[4.351903] (robot_navigation) StdoutLine: {'line': b'-- Up-to-date symlink: /root/Dojo/Dojo/install/robot_navigation/share/robot_navigation/launch/map_server.launch.py\n'}
[4.352040] (robot_navigation) StdoutLine: {'line': b'-- Up-to-date symlink: /root/Dojo/Dojo/install/robot_navigation/share/robot_navigation/launch/nav2.launch.py\n'}
[4.352168] (robot_navigation) StdoutLine: {'line': b'-- Up-to-date symlink: /root/Dojo/Dojo/install/robot_navigation/share/robot_navigation/launch/navigation.launch.py\n'}
[4.352308] (robot_navigation) StdoutLine: {'line': b'-- Up-to-date symlink: /root/Dojo/Dojo/install/robot_navigation/share/ament_index/resource_index/package_run_dependencies/robot_navigation\n'}
[4.352526] (robot_navigation) StdoutLine: {'line': b'-- Up-to-date symlink: /root/Dojo/Dojo/install/robot_navigation/share/ament_index/resource_index/parent_prefix_path/robot_navigation\n'}
[4.352764] (robot_navigation) StdoutLine: {'line': b'-- Up-to-date symlink: /root/Dojo/Dojo/install/robot_navigation/share/robot_navigation/environment/ament_prefix_path.sh\n'}
[4.352915] (robot_navigation) StdoutLine: {'line': b'-- Up-to-date symlink: /root/Dojo/Dojo/install/robot_navigation/share/robot_navigation/environment/ament_prefix_path.dsv\n'}
[4.353073] (robot_navigation) StdoutLine: {'line': b'-- Up-to-date symlink: /root/Dojo/Dojo/install/robot_navigation/share/robot_navigation/environment/path.sh\n'}
[4.353256] (robot_navigation) StdoutLine: {'line': b'-- Up-to-date symlink: /root/Dojo/Dojo/install/robot_navigation/share/robot_navigation/environment/path.dsv\n'}
[4.353416] (robot_navigation) StdoutLine: {'line': b'-- Up-to-date symlink: /root/Dojo/Dojo/install/robot_navigation/share/robot_navigation/local_setup.bash\n'}
[4.353579] (robot_navigation) StdoutLine: {'line': b'-- Up-to-date symlink: /root/Dojo/Dojo/install/robot_navigation/share/robot_navigation/local_setup.sh\n'}
[4.353732] (robot_navigation) StdoutLine: {'line': b'-- Up-to-date symlink: /root/Dojo/Dojo/install/robot_navigation/share/robot_navigation/local_setup.zsh\n'}
[4.353879] (robot_navigation) StdoutLine: {'line': b'-- Up-to-date symlink: /root/Dojo/Dojo/install/robot_navigation/share/robot_navigation/local_setup.dsv\n'}
[4.354022] (robot_navigation) StdoutLine: {'line': b'-- Symlinking: /root/Dojo/Dojo/install/robot_navigation/share/robot_navigation/package.dsv\n'}
[4.363766] (robot_navigation) StdoutLine: {'line': b'-- Up-to-date symlink: /root/Dojo/Dojo/install/robot_navigation/share/ament_index/resource_index/packages/robot_navigation\n'}
[4.364031] (robot_navigation) StdoutLine: {'line': b'-- Up-to-date symlink: /root/Dojo/Dojo/install/robot_navigation/share/robot_navigation/cmake/ament_cmake_export_include_directories-extras.cmake\n'}
[4.364236] (robot_navigation) StdoutLine: {'line': b'-- Up-to-date symlink: /root/Dojo/Dojo/install/robot_navigation/share/robot_navigation/cmake/ament_cmake_export_dependencies-extras.cmake\n'}
[4.364407] (robot_navigation) StdoutLine: {'line': b'-- Up-to-date symlink: /root/Dojo/Dojo/install/robot_navigation/share/robot_navigation/cmake/robot_navigationConfig.cmake\n'}
[4.364543] (robot_navigation) StdoutLine: {'line': b'-- Up-to-date symlink: /root/Dojo/Dojo/install/robot_navigation/share/robot_navigation/cmake/robot_navigationConfig-version.cmake\n'}
[4.364714] (robot_navigation) StdoutLine: {'line': b'-- Up-to-date symlink: /root/Dojo/Dojo/install/robot_navigation/share/robot_navigation/package.xml\n'}
[4.364833] (robot_navigation) StdoutLine: {'line': b'-- Up-to-date: /robot_navigation\n'}
[4.364952] (robot_navigation) StdoutLine: {'line': b'-- Up-to-date: /robot_navigation/__init__.py\n'}
[4.366595] (robot_navigation) CommandEnded: {'returncode': 0}
[4.379752] (robot_navigation) JobEnded: {'identifier': 'robot_navigation', 'rc': 0}
[4.380678] (robot_bringup) JobStarted: {'identifier': 'robot_bringup'}
[4.390383] (robot_bringup) JobProgress: {'identifier': 'robot_bringup', 'progress': 'cmake'}
[4.391378] (robot_bringup) Command: {'cmd': ['/usr/bin/cmake', '/root/Dojo/Dojo/src/robot_bringup', '-DAMENT_CMAKE_SYMLINK_INSTALL=1', '-DCMAKE_INSTALL_PREFIX=/root/Dojo/Dojo/install/robot_bringup'], 'cwd': '/root/Dojo/Dojo/build/robot_bringup', 'env': OrderedDict([('HOSTNAME', 'gareth-joel-HP-Pavilion-Gaming-Laptop-15-ec2xxx'), ('SHLVL', '1'), ('LD_LIBRARY_PATH', '/usr/lib/x86_64-linux-gnu/gazebo-11/plugins:/opt/ros/humble/opt/rviz_ogre_vendor/lib:/opt/ros/humble/lib/x86_64-linux-gnu:/opt/ros/humble/lib'), ('HOME', '/root'), ('OLDPWD', '/root/Dojo'), ('ROS_PYTHON_VERSION', '3'), ('COLCON_PREFIX_PATH', '/root/Dojo/install'), ('ROS_DISTRO', 'humble'), ('_', '/usr/bin/colcon'), ('ROS_VERSION', '2'), ('TERM', 'xterm'), ('ROS_LOCALHOST_ONLY', '0'), ('QT_X11_NO_MITSHM', '1'), ('PATH', '/opt/ros/humble/bin:/usr/local/sbin:/usr/local/bin:/usr/sbin:/usr/bin:/sbin:/bin'), ('DISPLAY', ':0'), ('LANG', 'C.UTF-8'), ('LS_COLORS', 'rs=0:di=01;34:ln=01;36:mh=00:pi=40;33:so=01;35:do=01;35:bd=40;33;01:cd=40;33;01:or=40;31;01:mi=00:su=37;41:sg=30;43:ca=30;41:tw=30;42:ow=34;42:st=37;44:ex=01;32:*.tar=01;31:*.tgz=01;31:*.arc=01;31:*.arj=01;31:*.taz=01;31:*.lha=01;31:*.lz4=01;31:*.lzh=01;31:*.lzma=01;31:*.tlz=01;31:*.txz=01;31:*.tzo=01;31:*.t7z=01;31:*.zip=01;31:*.z=01;31:*.dz=01;31:*.gz=01;31:*.lrz=01;31:*.lz=01;31:*.lzo=01;31:*.xz=01;31:*.zst=01;31:*.tzst=01;31:*.bz2=01;31:*.bz=01;31:*.tbz=01;31:*.tbz2=01;31:*.tz=01;31:*.deb=01;31:*.rpm=01;31:*.jar=01;31:*.war=01;31:*.ear=01;31:*.sar=01;31:*.rar=01;31:*.alz=01;31:*.ace=01;31:*.zoo=01;31:*.cpio=01;31:*.7z=01;31:*.rz=01;31:*.cab=01;31:*.wim=01;31:*.swm=01;31:*.dwm=01;31:*.esd=01;31:*.jpg=01;35:*.jpeg=01;35:*.mjpg=01;35:*.mjpeg=01;35:*.gif=01;35:*.bmp=01;35:*.pbm=01;35:*.pgm=01;35:*.ppm=01;35:*.tga=01;35:*.xbm=01;35:*.xpm=01;35:*.tif=01;35:*.tiff=01;35:*.png=01;35:*.svg=01;35:*.svgz=01;35:*.mng=01;35:*.pcx=01;35:*.mov=01;35:*.mpg=01;35:*.mpeg=01;35:*.m2v=01;35:*.mkv=01;35:*.webm=01;35:*.webp=01;35:*.ogm=01;35:*.mp4=01;35:*.m4v=01;35:*.mp4v=01;35:*.vob=01;35:*.qt=01;35:*.nuv=01;35:*.wmv=01;35:*.asf=01;35:*.rm=01;35:*.rmvb=01;35:*.flc=01;35:*.avi=01;35:*.fli=01;35:*.flv=01;35:*.gl=01;35:*.dl=01;35:*.xcf=01;35:*.xwd=01;35:*.yuv=01;35:*.cgm=01;35:*.emf=01;35:*.ogv=01;35:*.ogx=01;35:*.aac=00;36:*.au=00;36:*.flac=00;36:*.m4a=00;36:*.mid=00;36:*.midi=00;36:*.mka=00;36:*.mp3=00;36:*.mpc=00;36:*.ogg=00;36:*.ra=00;36:*.wav=00;36:*.oga=00;36:*.opus=00;36:*.spx=00;36:*.xspf=00;36:'), ('ROS_DOMAIN_ID', '7'), ('AMENT_PREFIX_PATH', '/root/Dojo/Dojo/install/robot_navigation:/root/Dojo/Dojo/install/robot_hardware:/root/Dojo/Dojo/install/robot_description:/root/Dojo/Dojo/install/robot_control:/root/Dojo/install/robot_hardware:/opt/ros/humble'), ('PWD', '/root/Dojo/Dojo/build/robot_bringup'), ('LC_ALL', 'C.UTF-8'), ('PYTHONPATH', '/root/Dojo/Dojo/build/robot_hardware:/root/Dojo/Dojo/install/robot_hardware/lib/python3.10/site-packages:/root/Dojo/Dojo/install/robot_description/lib/python3.10/site-packages:/root/Dojo/build/robot_hardware:/root/Dojo/install/robot_hardware/lib/python3.10/site-packages:/opt/ros/humble/lib/python3.10/site-packages:/opt/ros/humble/local/lib/python3.10/dist-packages'), ('COLCON', '1'), ('CMAKE_PREFIX_PATH', '/root/Dojo/Dojo/install/robot_navigation:/root/Dojo/Dojo/install/robot_perception:/root/Dojo/Dojo/install/robot_description:/root/Dojo/Dojo/install/robot_control:/root/Dojo/install/robot_perception:/root/Dojo/install/robot_hardware:/opt/ros/humble')]), 'shell': False}
[4.398160] (robot_gazebo) StdoutLine: {'line': b'-- Found gazebo_plugins: 3.9.0 (/opt/ros/humble/share/gazebo_plugins/cmake)\n'}
[4.405339] (robot_bringup) StdoutLine: {'line': b'-- Found ament_cmake: 1.3.12 (/opt/ros/humble/share/ament_cmake/cmake)\n'}
[4.411737] (-) TimerEvent: {}
[4.425053] (robot_gazebo) StdoutLine: {'line': b'-- Found ros2_control: 2.52.0 (/opt/ros/humble/share/ros2_control/cmake)\n'}
[4.425339] (robot_gazebo) StdoutLine: {'line': b'-- Found ros2_controllers: 2.50.0 (/opt/ros/humble/share/ros2_controllers/cmake)\n'}
[4.425959] (robot_gazebo) StdoutLine: {'line': b'-- Found std_srvs: 4.9.0 (/opt/ros/humble/share/std_srvs/cmake)\n'}
[4.433685] (robot_gazebo) StdoutLine: {'line': b'-- Found robot_description: 1.0.0 (/root/Dojo/Dojo/install/robot_description/share/robot_description/cmake)\n'}
[4.433967] (robot_gazebo) StdoutLine: {'line': b'-- Found robot_control: 1.0.0 (/root/Dojo/Dojo/install/robot_control/share/robot_control/cmake)\n'}
[4.494576] (robot_gazebo) StdoutLine: {'line': b'-- Found Python3: /usr/bin/python3 (found version "3.10.12") found components: Interpreter Development Development.Module Development.Embed \n'}
[4.499215] (robot_launch) StdoutLine: {'line': b'running egg_info\n'}
[4.511861] (-) TimerEvent: {}
[4.512388] (robot_launch) StdoutLine: {'line': b'writing robot_launch.egg-info/PKG-INFO\n'}
[4.512710] (robot_launch) StdoutLine: {'line': b'writing dependency_links to robot_launch.egg-info/dependency_links.txt\n'}
[4.513015] (robot_launch) StdoutLine: {'line': b'writing requirements to robot_launch.egg-info/requires.txt\n'}
[4.513191] (robot_launch) StdoutLine: {'line': b'writing top-level names to robot_launch.egg-info/top_level.txt\n'}
[4.532832] (robot_bringup) StdoutLine: {'line': b'-- Override CMake install command with custom implementation using symlinks instead of copying resources\n'}
[4.540702] (robot_launch) StdoutLine: {'line': b"reading manifest file 'robot_launch.egg-info/SOURCES.txt'\n"}
[4.541434] (robot_launch) StdoutLine: {'line': b"writing manifest file 'robot_launch.egg-info/SOURCES.txt'\n"}
[4.556706] (robot_launch) StdoutLine: {'line': b'running build_ext\n'}
[4.556932] (robot_launch) StdoutLine: {'line': b'Creating /root/Dojo/Dojo/install/robot_launch/lib/python3.10/site-packages/robot-launch.egg-link (link to .)\n'}
[4.557551] (robot_launch) StdoutLine: {'line': b'\n'}
[4.557698] (robot_launch) StdoutLine: {'line': b'Installed /root/Dojo/Dojo/build/robot_launch\n'}
[4.557876] (robot_launch) StdoutLine: {'line': b'running symlink_data\n'}
[4.569516] (robot_gazebo) StdoutLine: {'line': b'-- Configuring done\n'}
[4.579004] (robot_gazebo) StdoutLine: {'line': b'-- Generating done\n'}
[4.582387] (robot_gazebo) StdoutLine: {'line': b'-- Build files have been written to: /root/Dojo/Dojo/build/robot_gazebo\n'}
[4.599351] (robot_gazebo) CommandEnded: {'returncode': 0}
[4.600161] (robot_gazebo) JobProgress: {'identifier': 'robot_gazebo', 'progress': 'build'}
[4.600734] (robot_gazebo) Command: {'cmd': ['/usr/bin/cmake', '--build', '/root/Dojo/Dojo/build/robot_gazebo', '--', '-j16', '-l16'], 'cwd': '/root/Dojo/Dojo/build/robot_gazebo', 'env': OrderedDict([('HOSTNAME', 'gareth-joel-HP-Pavilion-Gaming-Laptop-15-ec2xxx'), ('SHLVL', '1'), ('LD_LIBRARY_PATH', '/usr/lib/x86_64-linux-gnu/gazebo-11/plugins:/opt/ros/humble/opt/rviz_ogre_vendor/lib:/opt/ros/humble/lib/x86_64-linux-gnu:/opt/ros/humble/lib'), ('HOME', '/root'), ('OLDPWD', '/root/Dojo'), ('ROS_PYTHON_VERSION', '3'), ('COLCON_PREFIX_PATH', '/root/Dojo/install'), ('ROS_DISTRO', 'humble'), ('_', '/usr/bin/colcon'), ('ROS_VERSION', '2'), ('TERM', 'xterm'), ('ROS_LOCALHOST_ONLY', '0'), ('QT_X11_NO_MITSHM', '1'), ('PATH', '/opt/ros/humble/bin:/usr/local/sbin:/usr/local/bin:/usr/sbin:/usr/bin:/sbin:/bin'), ('DISPLAY', ':0'), ('LANG', 'C.UTF-8'), ('LS_COLORS', 'rs=0:di=01;34:ln=01;36:mh=00:pi=40;33:so=01;35:do=01;35:bd=40;33;01:cd=40;33;01:or=40;31;01:mi=00:su=37;41:sg=30;43:ca=30;41:tw=30;42:ow=34;42:st=37;44:ex=01;32:*.tar=01;31:*.tgz=01;31:*.arc=01;31:*.arj=01;31:*.taz=01;31:*.lha=01;31:*.lz4=01;31:*.lzh=01;31:*.lzma=01;31:*.tlz=01;31:*.txz=01;31:*.tzo=01;31:*.t7z=01;31:*.zip=01;31:*.z=01;31:*.dz=01;31:*.gz=01;31:*.lrz=01;31:*.lz=01;31:*.lzo=01;31:*.xz=01;31:*.zst=01;31:*.tzst=01;31:*.bz2=01;31:*.bz=01;31:*.tbz=01;31:*.tbz2=01;31:*.tz=01;31:*.deb=01;31:*.rpm=01;31:*.jar=01;31:*.war=01;31:*.ear=01;31:*.sar=01;31:*.rar=01;31:*.alz=01;31:*.ace=01;31:*.zoo=01;31:*.cpio=01;31:*.7z=01;31:*.rz=01;31:*.cab=01;31:*.wim=01;31:*.swm=01;31:*.dwm=01;31:*.esd=01;31:*.jpg=01;35:*.jpeg=01;35:*.mjpg=01;35:*.mjpeg=01;35:*.gif=01;35:*.bmp=01;35:*.pbm=01;35:*.pgm=01;35:*.ppm=01;35:*.tga=01;35:*.xbm=01;35:*.xpm=01;35:*.tif=01;35:*.tiff=01;35:*.png=01;35:*.svg=01;35:*.svgz=01;35:*.mng=01;35:*.pcx=01;35:*.mov=01;35:*.mpg=01;35:*.mpeg=01;35:*.m2v=01;35:*.mkv=01;35:*.webm=01;35:*.webp=01;35:*.ogm=01;35:*.mp4=01;35:*.m4v=01;35:*.mp4v=01;35:*.vob=01;35:*.qt=01;35:*.nuv=01;35:*.wmv=01;35:*.asf=01;35:*.rm=01;35:*.rmvb=01;35:*.flc=01;35:*.avi=01;35:*.fli=01;35:*.flv=01;35:*.gl=01;35:*.dl=01;35:*.xcf=01;35:*.xwd=01;35:*.yuv=01;35:*.cgm=01;35:*.emf=01;35:*.ogv=01;35:*.ogx=01;35:*.aac=00;36:*.au=00;36:*.flac=00;36:*.m4a=00;36:*.mid=00;36:*.midi=00;36:*.mka=00;36:*.mp3=00;36:*.mpc=00;36:*.ogg=00;36:*.ra=00;36:*.wav=00;36:*.oga=00;36:*.opus=00;36:*.spx=00;36:*.xspf=00;36:'), ('ROS_DOMAIN_ID', '7'), ('AMENT_PREFIX_PATH', '/root/Dojo/Dojo/install/robot_description:/root/Dojo/Dojo/install/robot_control:/root/Dojo/install/robot_hardware:/opt/ros/humble'), ('PWD', '/root/Dojo/Dojo/build/robot_gazebo'), ('LC_ALL', 'C.UTF-8'), ('PYTHONPATH', '/root/Dojo/Dojo/install/robot_description/lib/python3.10/site-packages:/root/Dojo/build/robot_hardware:/root/Dojo/install/robot_hardware/lib/python3.10/site-packages:/opt/ros/humble/lib/python3.10/site-packages:/opt/ros/humble/local/lib/python3.10/dist-packages'), ('COLCON', '1'), ('CMAKE_PREFIX_PATH', '/root/Dojo/Dojo/install/robot_description:/root/Dojo/Dojo/install/robot_control:/root/Dojo/install/robot_perception:/root/Dojo/install/robot_hardware:/opt/ros/humble')]), 'shell': False}
[4.611971] (robot_bringup) StdoutLine: {'line': b'-- Configuring done\n'}
[4.612176] (-) TimerEvent: {}
[4.615246] (robot_bringup) StdoutLine: {'line': b'-- Generating done\n'}
[4.617543] (robot_bringup) StdoutLine: {'line': b'-- Build files have been written to: /root/Dojo/Dojo/build/robot_bringup\n'}
[4.622277] (robot_bringup) CommandEnded: {'returncode': 0}
[4.623841] (robot_bringup) JobProgress: {'identifier': 'robot_bringup', 'progress': 'build'}
[4.624310] (robot_bringup) Command: {'cmd': ['/usr/bin/cmake', '--build', '/root/Dojo/Dojo/build/robot_bringup', '--', '-j16', '-l16'], 'cwd': '/root/Dojo/Dojo/build/robot_bringup', 'env': OrderedDict([('HOSTNAME', 'gareth-joel-HP-Pavilion-Gaming-Laptop-15-ec2xxx'), ('SHLVL', '1'), ('LD_LIBRARY_PATH', '/usr/lib/x86_64-linux-gnu/gazebo-11/plugins:/opt/ros/humble/opt/rviz_ogre_vendor/lib:/opt/ros/humble/lib/x86_64-linux-gnu:/opt/ros/humble/lib'), ('HOME', '/root'), ('OLDPWD', '/root/Dojo'), ('ROS_PYTHON_VERSION', '3'), ('COLCON_PREFIX_PATH', '/root/Dojo/install'), ('ROS_DISTRO', 'humble'), ('_', '/usr/bin/colcon'), ('ROS_VERSION', '2'), ('TERM', 'xterm'), ('ROS_LOCALHOST_ONLY', '0'), ('QT_X11_NO_MITSHM', '1'), ('PATH', '/opt/ros/humble/bin:/usr/local/sbin:/usr/local/bin:/usr/sbin:/usr/bin:/sbin:/bin'), ('DISPLAY', ':0'), ('LANG', 'C.UTF-8'), ('LS_COLORS', 'rs=0:di=01;34:ln=01;36:mh=00:pi=40;33:so=01;35:do=01;35:bd=40;33;01:cd=40;33;01:or=40;31;01:mi=00:su=37;41:sg=30;43:ca=30;41:tw=30;42:ow=34;42:st=37;44:ex=01;32:*.tar=01;31:*.tgz=01;31:*.arc=01;31:*.arj=01;31:*.taz=01;31:*.lha=01;31:*.lz4=01;31:*.lzh=01;31:*.lzma=01;31:*.tlz=01;31:*.txz=01;31:*.tzo=01;31:*.t7z=01;31:*.zip=01;31:*.z=01;31:*.dz=01;31:*.gz=01;31:*.lrz=01;31:*.lz=01;31:*.lzo=01;31:*.xz=01;31:*.zst=01;31:*.tzst=01;31:*.bz2=01;31:*.bz=01;31:*.tbz=01;31:*.tbz2=01;31:*.tz=01;31:*.deb=01;31:*.rpm=01;31:*.jar=01;31:*.war=01;31:*.ear=01;31:*.sar=01;31:*.rar=01;31:*.alz=01;31:*.ace=01;31:*.zoo=01;31:*.cpio=01;31:*.7z=01;31:*.rz=01;31:*.cab=01;31:*.wim=01;31:*.swm=01;31:*.dwm=01;31:*.esd=01;31:*.jpg=01;35:*.jpeg=01;35:*.mjpg=01;35:*.mjpeg=01;35:*.gif=01;35:*.bmp=01;35:*.pbm=01;35:*.pgm=01;35:*.ppm=01;35:*.tga=01;35:*.xbm=01;35:*.xpm=01;35:*.tif=01;35:*.tiff=01;35:*.png=01;35:*.svg=01;35:*.svgz=01;35:*.mng=01;35:*.pcx=01;35:*.mov=01;35:*.mpg=01;35:*.mpeg=01;35:*.m2v=01;35:*.mkv=01;35:*.webm=01;35:*.webp=01;35:*.ogm=01;35:*.mp4=01;35:*.m4v=01;35:*.mp4v=01;35:*.vob=01;35:*.qt=01;35:*.nuv=01;35:*.wmv=01;35:*.asf=01;35:*.rm=01;35:*.rmvb=01;35:*.flc=01;35:*.avi=01;35:*.fli=01;35:*.flv=01;35:*.gl=01;35:*.dl=01;35:*.xcf=01;35:*.xwd=01;35:*.yuv=01;35:*.cgm=01;35:*.emf=01;35:*.ogv=01;35:*.ogx=01;35:*.aac=00;36:*.au=00;36:*.flac=00;36:*.m4a=00;36:*.mid=00;36:*.midi=00;36:*.mka=00;36:*.mp3=00;36:*.mpc=00;36:*.ogg=00;36:*.ra=00;36:*.wav=00;36:*.oga=00;36:*.opus=00;36:*.spx=00;36:*.xspf=00;36:'), ('ROS_DOMAIN_ID', '7'), ('AMENT_PREFIX_PATH', '/root/Dojo/Dojo/install/robot_navigation:/root/Dojo/Dojo/install/robot_hardware:/root/Dojo/Dojo/install/robot_description:/root/Dojo/Dojo/install/robot_control:/root/Dojo/install/robot_hardware:/opt/ros/humble'), ('PWD', '/root/Dojo/Dojo/build/robot_bringup'), ('LC_ALL', 'C.UTF-8'), ('PYTHONPATH', '/root/Dojo/Dojo/build/robot_hardware:/root/Dojo/Dojo/install/robot_hardware/lib/python3.10/site-packages:/root/Dojo/Dojo/install/robot_description/lib/python3.10/site-packages:/root/Dojo/build/robot_hardware:/root/Dojo/install/robot_hardware/lib/python3.10/site-packages:/opt/ros/humble/lib/python3.10/site-packages:/opt/ros/humble/local/lib/python3.10/dist-packages'), ('COLCON', '1'), ('CMAKE_PREFIX_PATH', '/root/Dojo/Dojo/install/robot_navigation:/root/Dojo/Dojo/install/robot_perception:/root/Dojo/Dojo/install/robot_description:/root/Dojo/Dojo/install/robot_control:/root/Dojo/install/robot_perception:/root/Dojo/install/robot_hardware:/opt/ros/humble')]), 'shell': False}
[4.625125] (robot_launch) CommandEnded: {'returncode': 0}
[4.632315] (robot_launch) JobEnded: {'identifier': 'robot_launch', 'rc': 0}
[4.651991] (robot_gazebo) CommandEnded: {'returncode': 0}
[4.652559] (robot_gazebo) JobProgress: {'identifier': 'robot_gazebo', 'progress': 'install'}
[4.653149] (robot_gazebo) Command: {'cmd': ['/usr/bin/cmake', '--install', '/root/Dojo/Dojo/build/robot_gazebo'], 'cwd': '/root/Dojo/Dojo/build/robot_gazebo', 'env': OrderedDict([('HOSTNAME', 'gareth-joel-HP-Pavilion-Gaming-Laptop-15-ec2xxx'), ('SHLVL', '1'), ('LD_LIBRARY_PATH', '/usr/lib/x86_64-linux-gnu/gazebo-11/plugins:/opt/ros/humble/opt/rviz_ogre_vendor/lib:/opt/ros/humble/lib/x86_64-linux-gnu:/opt/ros/humble/lib'), ('HOME', '/root'), ('OLDPWD', '/root/Dojo'), ('ROS_PYTHON_VERSION', '3'), ('COLCON_PREFIX_PATH', '/root/Dojo/install'), ('ROS_DISTRO', 'humble'), ('_', '/usr/bin/colcon'), ('ROS_VERSION', '2'), ('TERM', 'xterm'), ('ROS_LOCALHOST_ONLY', '0'), ('QT_X11_NO_MITSHM', '1'), ('PATH', '/opt/ros/humble/bin:/usr/local/sbin:/usr/local/bin:/usr/sbin:/usr/bin:/sbin:/bin'), ('DISPLAY', ':0'), ('LANG', 'C.UTF-8'), ('LS_COLORS', 'rs=0:di=01;34:ln=01;36:mh=00:pi=40;33:so=01;35:do=01;35:bd=40;33;01:cd=40;33;01:or=40;31;01:mi=00:su=37;41:sg=30;43:ca=30;41:tw=30;42:ow=34;42:st=37;44:ex=01;32:*.tar=01;31:*.tgz=01;31:*.arc=01;31:*.arj=01;31:*.taz=01;31:*.lha=01;31:*.lz4=01;31:*.lzh=01;31:*.lzma=01;31:*.tlz=01;31:*.txz=01;31:*.tzo=01;31:*.t7z=01;31:*.zip=01;31:*.z=01;31:*.dz=01;31:*.gz=01;31:*.lrz=01;31:*.lz=01;31:*.lzo=01;31:*.xz=01;31:*.zst=01;31:*.tzst=01;31:*.bz2=01;31:*.bz=01;31:*.tbz=01;31:*.tbz2=01;31:*.tz=01;31:*.deb=01;31:*.rpm=01;31:*.jar=01;31:*.war=01;31:*.ear=01;31:*.sar=01;31:*.rar=01;31:*.alz=01;31:*.ace=01;31:*.zoo=01;31:*.cpio=01;31:*.7z=01;31:*.rz=01;31:*.cab=01;31:*.wim=01;31:*.swm=01;31:*.dwm=01;31:*.esd=01;31:*.jpg=01;35:*.jpeg=01;35:*.mjpg=01;35:*.mjpeg=01;35:*.gif=01;35:*.bmp=01;35:*.pbm=01;35:*.pgm=01;35:*.ppm=01;35:*.tga=01;35:*.xbm=01;35:*.xpm=01;35:*.tif=01;35:*.tiff=01;35:*.png=01;35:*.svg=01;35:*.svgz=01;35:*.mng=01;35:*.pcx=01;35:*.mov=01;35:*.mpg=01;35:*.mpeg=01;35:*.m2v=01;35:*.mkv=01;35:*.webm=01;35:*.webp=01;35:*.ogm=01;35:*.mp4=01;35:*.m4v=01;35:*.mp4v=01;35:*.vob=01;35:*.qt=01;35:*.nuv=01;35:*.wmv=01;35:*.asf=01;35:*.rm=01;35:*.rmvb=01;35:*.flc=01;35:*.avi=01;35:*.fli=01;35:*.flv=01;35:*.gl=01;35:*.dl=01;35:*.xcf=01;35:*.xwd=01;35:*.yuv=01;35:*.cgm=01;35:*.emf=01;35:*.ogv=01;35:*.ogx=01;35:*.aac=00;36:*.au=00;36:*.flac=00;36:*.m4a=00;36:*.mid=00;36:*.midi=00;36:*.mka=00;36:*.mp3=00;36:*.mpc=00;36:*.ogg=00;36:*.ra=00;36:*.wav=00;36:*.oga=00;36:*.opus=00;36:*.spx=00;36:*.xspf=00;36:'), ('ROS_DOMAIN_ID', '7'), ('AMENT_PREFIX_PATH', '/root/Dojo/Dojo/install/robot_description:/root/Dojo/Dojo/install/robot_control:/root/Dojo/install/robot_hardware:/opt/ros/humble'), ('PWD', '/root/Dojo/Dojo/build/robot_gazebo'), ('LC_ALL', 'C.UTF-8'), ('PYTHONPATH', '/root/Dojo/Dojo/install/robot_description/lib/python3.10/site-packages:/root/Dojo/build/robot_hardware:/root/Dojo/install/robot_hardware/lib/python3.10/site-packages:/opt/ros/humble/lib/python3.10/site-packages:/opt/ros/humble/local/lib/python3.10/dist-packages'), ('COLCON', '1'), ('CMAKE_PREFIX_PATH', '/root/Dojo/Dojo/install/robot_description:/root/Dojo/Dojo/install/robot_control:/root/Dojo/install/robot_perception:/root/Dojo/install/robot_hardware:/opt/ros/humble')]), 'shell': False}
[4.660460] (robot_gazebo) StdoutLine: {'line': b'-- Install configuration: "Release"\n'}
[4.660886] (robot_gazebo) StdoutLine: {'line': b'-- Execute custom install script\n'}
[4.661254] (robot_gazebo) StdoutLine: {'line': b'-- Up-to-date symlink: /root/Dojo/Dojo/install/robot_gazebo/share/robot_gazebo/launch/gazebo.launch.py\n'}
[4.661399] (robot_gazebo) StdoutLine: {'line': b'-- Up-to-date symlink: /root/Dojo/Dojo/install/robot_gazebo/share/robot_gazebo/launch/simulation.launch.py\n'}
[4.661519] (robot_gazebo) StdoutLine: {'line': b'-- Up-to-date symlink: /root/Dojo/Dojo/install/robot_gazebo/share/robot_gazebo/launch/unified_simulation.launch.py\n'}
[4.661889] (robot_gazebo) StdoutLine: {'line': b'-- Up-to-date symlink: /root/Dojo/Dojo/install/robot_gazebo/share/robot_gazebo/config/diff_drive_controller.yaml\n'}
[4.662548] (robot_gazebo) StdoutLine: {'line': b'-- Up-to-date symlink: /root/Dojo/Dojo/install/robot_gazebo/share/robot_gazebo/config/ekf_config.yaml\n'}
[4.662666] (robot_gazebo) StdoutLine: {'line': b'-- Up-to-date symlink: /root/Dojo/Dojo/install/robot_gazebo/share/robot_gazebo/config/gazebo_controllers.yaml\n'}
[4.662846] (robot_gazebo) StdoutLine: {'line': b'-- Up-to-date symlink: /root/Dojo/Dojo/install/robot_gazebo/share/robot_gazebo/config/ros2_control.yaml\n'}
[4.663131] (robot_gazebo) StdoutLine: {'line': b'-- Up-to-date symlink: /root/Dojo/Dojo/install/robot_gazebo/share/robot_gazebo/config/slam_config.yaml\n'}
[4.664341] (robot_bringup) CommandEnded: {'returncode': 0}
[4.664699] (robot_bringup) JobProgress: {'identifier': 'robot_bringup', 'progress': 'install'}
[4.664730] (robot_bringup) Command: {'cmd': ['/usr/bin/cmake', '--install', '/root/Dojo/Dojo/build/robot_bringup'], 'cwd': '/root/Dojo/Dojo/build/robot_bringup', 'env': OrderedDict([('HOSTNAME', 'gareth-joel-HP-Pavilion-Gaming-Laptop-15-ec2xxx'), ('SHLVL', '1'), ('LD_LIBRARY_PATH', '/usr/lib/x86_64-linux-gnu/gazebo-11/plugins:/opt/ros/humble/opt/rviz_ogre_vendor/lib:/opt/ros/humble/lib/x86_64-linux-gnu:/opt/ros/humble/lib'), ('HOME', '/root'), ('OLDPWD', '/root/Dojo'), ('ROS_PYTHON_VERSION', '3'), ('COLCON_PREFIX_PATH', '/root/Dojo/install'), ('ROS_DISTRO', 'humble'), ('_', '/usr/bin/colcon'), ('ROS_VERSION', '2'), ('TERM', 'xterm'), ('ROS_LOCALHOST_ONLY', '0'), ('QT_X11_NO_MITSHM', '1'), ('PATH', '/opt/ros/humble/bin:/usr/local/sbin:/usr/local/bin:/usr/sbin:/usr/bin:/sbin:/bin'), ('DISPLAY', ':0'), ('LANG', 'C.UTF-8'), ('LS_COLORS', 'rs=0:di=01;34:ln=01;36:mh=00:pi=40;33:so=01;35:do=01;35:bd=40;33;01:cd=40;33;01:or=40;31;01:mi=00:su=37;41:sg=30;43:ca=30;41:tw=30;42:ow=34;42:st=37;44:ex=01;32:*.tar=01;31:*.tgz=01;31:*.arc=01;31:*.arj=01;31:*.taz=01;31:*.lha=01;31:*.lz4=01;31:*.lzh=01;31:*.lzma=01;31:*.tlz=01;31:*.txz=01;31:*.tzo=01;31:*.t7z=01;31:*.zip=01;31:*.z=01;31:*.dz=01;31:*.gz=01;31:*.lrz=01;31:*.lz=01;31:*.lzo=01;31:*.xz=01;31:*.zst=01;31:*.tzst=01;31:*.bz2=01;31:*.bz=01;31:*.tbz=01;31:*.tbz2=01;31:*.tz=01;31:*.deb=01;31:*.rpm=01;31:*.jar=01;31:*.war=01;31:*.ear=01;31:*.sar=01;31:*.rar=01;31:*.alz=01;31:*.ace=01;31:*.zoo=01;31:*.cpio=01;31:*.7z=01;31:*.rz=01;31:*.cab=01;31:*.wim=01;31:*.swm=01;31:*.dwm=01;31:*.esd=01;31:*.jpg=01;35:*.jpeg=01;35:*.mjpg=01;35:*.mjpeg=01;35:*.gif=01;35:*.bmp=01;35:*.pbm=01;35:*.pgm=01;35:*.ppm=01;35:*.tga=01;35:*.xbm=01;35:*.xpm=01;35:*.tif=01;35:*.tiff=01;35:*.png=01;35:*.svg=01;35:*.svgz=01;35:*.mng=01;35:*.pcx=01;35:*.mov=01;35:*.mpg=01;35:*.mpeg=01;35:*.m2v=01;35:*.mkv=01;35:*.webm=01;35:*.webp=01;35:*.ogm=01;35:*.mp4=01;35:*.m4v=01;35:*.mp4v=01;35:*.vob=01;35:*.qt=01;35:*.nuv=01;35:*.wmv=01;35:*.asf=01;35:*.rm=01;35:*.rmvb=01;35:*.flc=01;35:*.avi=01;35:*.fli=01;35:*.flv=01;35:*.gl=01;35:*.dl=01;35:*.xcf=01;35:*.xwd=01;35:*.yuv=01;35:*.cgm=01;35:*.emf=01;35:*.ogv=01;35:*.ogx=01;35:*.aac=00;36:*.au=00;36:*.flac=00;36:*.m4a=00;36:*.mid=00;36:*.midi=00;36:*.mka=00;36:*.mp3=00;36:*.mpc=00;36:*.ogg=00;36:*.ra=00;36:*.wav=00;36:*.oga=00;36:*.opus=00;36:*.spx=00;36:*.xspf=00;36:'), ('ROS_DOMAIN_ID', '7'), ('AMENT_PREFIX_PATH', '/root/Dojo/Dojo/install/robot_navigation:/root/Dojo/Dojo/install/robot_hardware:/root/Dojo/Dojo/install/robot_description:/root/Dojo/Dojo/install/robot_control:/root/Dojo/install/robot_hardware:/opt/ros/humble'), ('PWD', '/root/Dojo/Dojo/build/robot_bringup'), ('LC_ALL', 'C.UTF-8'), ('PYTHONPATH', '/root/Dojo/Dojo/build/robot_hardware:/root/Dojo/Dojo/install/robot_hardware/lib/python3.10/site-packages:/root/Dojo/Dojo/install/robot_description/lib/python3.10/site-packages:/root/Dojo/build/robot_hardware:/root/Dojo/install/robot_hardware/lib/python3.10/site-packages:/opt/ros/humble/lib/python3.10/site-packages:/opt/ros/humble/local/lib/python3.10/dist-packages'), ('COLCON', '1'), ('CMAKE_PREFIX_PATH', '/root/Dojo/Dojo/install/robot_navigation:/root/Dojo/Dojo/install/robot_perception:/root/Dojo/Dojo/install/robot_description:/root/Dojo/Dojo/install/robot_control:/root/Dojo/install/robot_perception:/root/Dojo/install/robot_hardware:/opt/ros/humble')]), 'shell': False}
[4.665014] (robot_gazebo) StdoutLine: {'line': b'-- Up-to-date symlink: /root/Dojo/Dojo/install/robot_gazebo/share/robot_gazebo/worlds/agriculture.world\n'}
[4.665131] (robot_gazebo) StdoutLine: {'line': b'-- Up-to-date symlink: /root/Dojo/Dojo/install/robot_gazebo/share/robot_gazebo/worlds/azcar.world\n'}
[4.665233] (robot_gazebo) StdoutLine: {'line': b'-- Up-to-date symlink: /root/Dojo/Dojo/install/robot_gazebo/share/robot_gazebo/worlds/barrels.world\n'}
[4.665427] (robot_gazebo) StdoutLine: {'line': b'-- Up-to-date symlink: /root/Dojo/Dojo/install/robot_gazebo/share/robot_gazebo/worlds/canyonview_field.world\n'}
[4.665559] (robot_gazebo) StdoutLine: {'line': b'-- Up-to-date symlink: /root/Dojo/Dojo/install/robot_gazebo/share/robot_gazebo/worlds/city_osm_roundabout.world\n'}
[4.665681] (robot_gazebo) StdoutLine: {'line': b'-- Up-to-date symlink: /root/Dojo/Dojo/install/robot_gazebo/share/robot_gazebo/worlds/city_osm_roundabout_combined.world\n'}
[4.665816] (robot_gazebo) StdoutLine: {'line': b'-- Up-to-date symlink: /root/Dojo/Dojo/install/robot_gazebo/share/robot_gazebo/worlds/cyberzoo.world\n'}
[4.665987] (robot_gazebo) StdoutLine: {'line': b'-- Up-to-date symlink: /root/Dojo/Dojo/install/robot_gazebo/share/robot_gazebo/worlds/cyberzoo2019_orange_poles.world\n'}
[4.666267] (robot_gazebo) StdoutLine: {'line': b'-- Up-to-date symlink: /root/Dojo/Dojo/install/robot_gazebo/share/robot_gazebo/worlds/cyberzoo2019_orange_poles_panels.world\n'}
[4.666386] (robot_gazebo) StdoutLine: {'line': b'-- Up-to-date symlink: /root/Dojo/Dojo/install/robot_gazebo/share/robot_gazebo/worlds/cyberzoo2019_orange_poles_panels_mats.world\n'}
[4.666507] (robot_gazebo) StdoutLine: {'line': b'-- Up-to-date symlink: /root/Dojo/Dojo/install/robot_gazebo/share/robot_gazebo/worlds/cyberzoo2019_ralphthesis2020.world\n'}
[4.666645] (robot_gazebo) StdoutLine: {'line': b'-- Up-to-date symlink: /root/Dojo/Dojo/install/robot_gazebo/share/robot_gazebo/worlds/cyberzoo_4_panels.world\n'}
[4.666784] (robot_gazebo) StdoutLine: {'line': b'-- Up-to-date symlink: /root/Dojo/Dojo/install/robot_gazebo/share/robot_gazebo/worlds/cyberzoo_orange_poles.world\n'}
[4.666910] (robot_gazebo) StdoutLine: {'line': b'-- Up-to-date symlink: /root/Dojo/Dojo/install/robot_gazebo/share/robot_gazebo/worlds/cyberzoo_panel.world\n'}
[4.667026] (robot_gazebo) StdoutLine: {'line': b'-- Up-to-date symlink: /root/Dojo/Dojo/install/robot_gazebo/share/robot_gazebo/worlds/demo_world.world\n'}
[4.667133] (robot_gazebo) StdoutLine: {'line': b'-- Up-to-date symlink: /root/Dojo/Dojo/install/robot_gazebo/share/robot_gazebo/worlds/dojo_world.world\n'}
[4.667234] (robot_gazebo) StdoutLine: {'line': b'-- Up-to-date symlink: /root/Dojo/Dojo/install/robot_gazebo/share/robot_gazebo/worlds/drone_race_track_2018_actual.world\n'}
[4.667346] (robot_gazebo) StdoutLine: {'line': b'-- Up-to-date symlink: /root/Dojo/Dojo/install/robot_gazebo/share/robot_gazebo/worlds/drone_race_track_2018_actual_with_gatepapers.world\n'}
[4.667471] (robot_gazebo) StdoutLine: {'line': b'-- Up-to-date symlink: /root/Dojo/Dojo/install/robot_gazebo/share/robot_gazebo/worlds/empty.world\n'}
[4.667594] (robot_gazebo) StdoutLine: {'line': b'-- Up-to-date symlink: /root/Dojo/Dojo/install/robot_gazebo/share/robot_gazebo/worlds/empty_aerial_manipulation.world\n'}
[4.667681] (robot_gazebo) StdoutLine: {'line': b'-- Up-to-date symlink: /root/Dojo/Dojo/install/robot_gazebo/share/robot_gazebo/worlds/fetchit_challenge_arena_montreal2019.world\n'}
[4.667787] (robot_gazebo) StdoutLine: {'line': b'-- Up-to-date symlink: /root/Dojo/Dojo/install/robot_gazebo/share/robot_gazebo/worlds/fetchit_challenge_arena_montreal2019_highlights.world\n'}
[4.667895] (robot_gazebo) StdoutLine: {'line': b'-- Up-to-date symlink: /root/Dojo/Dojo/install/robot_gazebo/share/robot_gazebo/worlds/fetchit_challenge_arena_montreal2019_onlylights.world\n'}
[4.668009] (robot_gazebo) StdoutLine: {'line': b'-- Up-to-date symlink: /root/Dojo/Dojo/install/robot_gazebo/share/robot_gazebo/worlds/fetchit_challenge_assembly.world\n'}
[4.668118] (robot_gazebo) StdoutLine: {'line': b'-- Up-to-date symlink: /root/Dojo/Dojo/install/robot_gazebo/share/robot_gazebo/worlds/fetchit_challenge_atrezzo.world\n'}
[4.668236] (robot_gazebo) StdoutLine: {'line': b'-- Up-to-date symlink: /root/Dojo/Dojo/install/robot_gazebo/share/robot_gazebo/worlds/fetchit_challenge_simple.world\n'}
[4.668381] (robot_gazebo) StdoutLine: {'line': b'-- Up-to-date symlink: /root/Dojo/Dojo/install/robot_gazebo/share/robot_gazebo/worlds/fetchit_challenge_simple_highlights.world\n'}
[4.668479] (robot_gazebo) StdoutLine: {'line': b'-- Up-to-date symlink: /root/Dojo/Dojo/install/robot_gazebo/share/robot_gazebo/worlds/fetchit_challenge_tests.world\n'}
[4.668638] (robot_gazebo) StdoutLine: {'line': b'-- Up-to-date symlink: /root/Dojo/Dojo/install/robot_gazebo/share/robot_gazebo/worlds/fetchit_challenge_tests_lowlights.world\n'}
[4.668775] (robot_gazebo) StdoutLine: {'line': b'-- Up-to-date symlink: /root/Dojo/Dojo/install/robot_gazebo/share/robot_gazebo/worlds/hemicyl.world\n'}
[4.668865] (robot_gazebo) StdoutLine: {'line': b'-- Up-to-date symlink: /root/Dojo/Dojo/install/robot_gazebo/share/robot_gazebo/worlds/house.world\n'}
[4.669021] (robot_gazebo) StdoutLine: {'line': b'-- Up-to-date symlink: /root/Dojo/Dojo/install/robot_gazebo/share/robot_gazebo/worlds/inspection.world\n'}
[4.669148] (robot_gazebo) StdoutLine: {'line': b'-- Up-to-date symlink: /root/Dojo/Dojo/install/robot_gazebo/share/robot_gazebo/worlds/neighborhood.world\n'}
[4.669242] (robot_gazebo) StdoutLine: {'line': b'-- Up-to-date symlink: /root/Dojo/Dojo/install/robot_gazebo/share/robot_gazebo/worlds/office_cpr.world\n'}
[4.669314] (robot_gazebo) StdoutLine: {'line': b'-- Up-to-date symlink: /root/Dojo/Dojo/install/robot_gazebo/share/robot_gazebo/worlds/office_cpr_construction.world\n'}
[4.669416] (robot_gazebo) StdoutLine: {'line': b'-- Up-to-date symlink: /root/Dojo/Dojo/install/robot_gazebo/share/robot_gazebo/worlds/office_earthquake.world\n'}
[4.669490] (robot_gazebo) StdoutLine: {'line': b'-- Up-to-date symlink: /root/Dojo/Dojo/install/robot_gazebo/share/robot_gazebo/worlds/office_env_large.world\n'}
[4.669581] (robot_gazebo) StdoutLine: {'line': b'-- Up-to-date symlink: /root/Dojo/Dojo/install/robot_gazebo/share/robot_gazebo/worlds/office_small.world\n'}
[4.669668] (robot_gazebo) StdoutLine: {'line': b'-- Up-to-date symlink: /root/Dojo/Dojo/install/robot_gazebo/share/robot_gazebo/worlds/outdoor.world\n'}
[4.669770] (robot_gazebo) StdoutLine: {'line': b'-- Up-to-date symlink: /root/Dojo/Dojo/install/robot_gazebo/share/robot_gazebo/worlds/powerplant.world\n'}
[4.669837] (robot_gazebo) StdoutLine: {'line': b'-- Up-to-date symlink: /root/Dojo/Dojo/install/robot_gazebo/share/robot_gazebo/worlds/rubble.world\n'}
[4.669904] (robot_gazebo) StdoutLine: {'line': b'-- Up-to-date symlink: /root/Dojo/Dojo/install/robot_gazebo/share/robot_gazebo/worlds/simple_env_1.world\n'}
[4.670021] (robot_gazebo) StdoutLine: {'line': b'-- Up-to-date symlink: /root/Dojo/Dojo/install/robot_gazebo/share/robot_gazebo/worlds/simple_env_2.world\n'}
[4.670138] (robot_gazebo) StdoutLine: {'line': b'-- Up-to-date symlink: /root/Dojo/Dojo/install/robot_gazebo/share/robot_gazebo/worlds/simple_env_3.world\n'}
[4.670238] (robot_gazebo) StdoutLine: {'line': b'-- Up-to-date symlink: /root/Dojo/Dojo/install/robot_gazebo/share/robot_gazebo/worlds/skidpan.world\n'}
[4.670348] (robot_gazebo) StdoutLine: {'line': b'-- Up-to-date symlink: /root/Dojo/Dojo/install/robot_gazebo/share/robot_gazebo/worlds/small_city.world\n'}
[4.670471] (robot_gazebo) StdoutLine: {'line': b'-- Up-to-date symlink: /root/Dojo/Dojo/install/robot_gazebo/share/robot_gazebo/worlds/test_city.world\n'}
[4.670603] (robot_gazebo) StdoutLine: {'line': b'-- Up-to-date symlink: /root/Dojo/Dojo/install/robot_gazebo/share/robot_gazebo/worlds/test_zone.world\n'}
[4.670716] (robot_gazebo) StdoutLine: {'line': b'-- Up-to-date symlink: /root/Dojo/Dojo/install/robot_gazebo/share/robot_gazebo/worlds/wall_aerial_manipulation.world\n'}
[4.670851] (robot_gazebo) StdoutLine: {'line': b'-- Up-to-date symlink: /root/Dojo/Dojo/install/robot_gazebo/share/robot_gazebo/worlds/warehouse.world\n'}
[4.670962] (robot_gazebo) StdoutLine: {'line': b'-- Up-to-date symlink: /root/Dojo/Dojo/install/robot_gazebo/share/robot_gazebo/worlds/waypoint.world\n'}
[4.671050] (robot_gazebo) StdoutLine: {'line': b'-- Up-to-date symlink: /root/Dojo/Dojo/install/robot_gazebo/share/robot_gazebo/worlds/workshop_example.world\n'}
[4.671167] (robot_gazebo) StdoutLine: {'line': b'-- Up-to-date symlink: /root/Dojo/Dojo/install/robot_gazebo/share/robot_gazebo/worlds/yosemite.world\n'}
[4.671276] (robot_gazebo) StdoutLine: {'line': b'-- Up-to-date symlink: /root/Dojo/Dojo/install/robot_gazebo/lib/robot_gazebo/spawn_robot.py\n'}
[4.671379] (robot_gazebo) StdoutLine: {'line': b'-- Up-to-date symlink: /root/Dojo/Dojo/install/robot_gazebo/share/robot_gazebo/package.xml\n'}
[4.671489] (robot_gazebo) StdoutLine: {'line': b'-- Up-to-date symlink: /root/Dojo/Dojo/install/robot_gazebo/share/robot_gazebo/setup.py\n'}
[4.671581] (robot_gazebo) StdoutLine: {'line': b'-- Up-to-date symlink: /root/Dojo/Dojo/install/robot_gazebo/share/robot_gazebo/setup.cfg\n'}
[4.671765] (robot_gazebo) StdoutLine: {'line': b'-- Up-to-date symlink: /root/Dojo/Dojo/install/robot_gazebo/share/ament_index/resource_index/package_run_dependencies/robot_gazebo\n'}
[4.671882] (robot_gazebo) StdoutLine: {'line': b'-- Up-to-date symlink: /root/Dojo/Dojo/install/robot_gazebo/share/ament_index/resource_index/parent_prefix_path/robot_gazebo\n'}
[4.671995] (robot_gazebo) StdoutLine: {'line': b'-- Up-to-date symlink: /root/Dojo/Dojo/install/robot_gazebo/share/robot_gazebo/environment/ament_prefix_path.sh\n'}
[4.672087] (robot_gazebo) StdoutLine: {'line': b'-- Up-to-date symlink: /root/Dojo/Dojo/install/robot_gazebo/share/robot_gazebo/environment/ament_prefix_path.dsv\n'}
[4.672220] (robot_gazebo) StdoutLine: {'line': b'-- Up-to-date symlink: /root/Dojo/Dojo/install/robot_gazebo/share/robot_gazebo/environment/path.sh\n'}
[4.672312] (robot_gazebo) StdoutLine: {'line': b'-- Up-to-date symlink: /root/Dojo/Dojo/install/robot_gazebo/share/robot_gazebo/environment/path.dsv\n'}
[4.672424] (robot_gazebo) StdoutLine: {'line': b'-- Up-to-date symlink: /root/Dojo/Dojo/install/robot_gazebo/share/robot_gazebo/local_setup.bash\n'}
[4.672533] (robot_gazebo) StdoutLine: {'line': b'-- Up-to-date symlink: /root/Dojo/Dojo/install/robot_gazebo/share/robot_gazebo/local_setup.sh\n'}
[4.672635] (robot_gazebo) StdoutLine: {'line': b'-- Up-to-date symlink: /root/Dojo/Dojo/install/robot_gazebo/share/robot_gazebo/local_setup.zsh\n'}
[4.672751] (robot_bringup) StdoutLine: {'line': b'-- Install configuration: "Release"\n'}
[4.672853] (robot_gazebo) StdoutLine: {'line': b'-- Up-to-date symlink: /root/Dojo/Dojo/install/robot_gazebo/share/robot_gazebo/local_setup.dsv\n'}
[4.672936] (robot_gazebo) StdoutLine: {'line': b'-- Symlinking: /root/Dojo/Dojo/install/robot_gazebo/share/robot_gazebo/package.dsv\n'}
[4.673016] (robot_bringup) StdoutLine: {'line': b'-- Execute custom install script\n'}
[4.673138] (robot_bringup) StdoutLine: {'line': b'-- Up-to-date symlink: /root/Dojo/Dojo/install/robot_bringup/share/robot_bringup/launch/bringup.launch.py\n'}
[4.673242] (robot_bringup) StdoutLine: {'line': b'-- Up-to-date symlink: /root/Dojo/Dojo/install/robot_bringup/share/robot_bringup/launch/bringup.launch.py.backup\n'}
[4.673375] (robot_bringup) StdoutLine: {'line': b'-- Up-to-date symlink: /root/Dojo/Dojo/install/robot_bringup/share/robot_bringup/launch/rviz.launch.py\n'}
[4.673559] (robot_bringup) StdoutLine: {'line': b'-- Up-to-date symlink: /root/Dojo/Dojo/install/robot_bringup/share/ament_index/resource_index/package_run_dependencies/robot_bringup\n'}
[4.673769] (robot_bringup) StdoutLine: {'line': b'-- Up-to-date symlink: /root/Dojo/Dojo/install/robot_bringup/share/ament_index/resource_index/parent_prefix_path/robot_bringup\n'}
[4.673962] (robot_bringup) StdoutLine: {'line': b'-- Up-to-date symlink: /root/Dojo/Dojo/install/robot_bringup/share/robot_bringup/environment/ament_prefix_path.sh\n'}
[4.674137] (robot_bringup) StdoutLine: {'line': b'-- Up-to-date symlink: /root/Dojo/Dojo/install/robot_bringup/share/robot_bringup/environment/ament_prefix_path.dsv\n'}
[4.674320] (robot_bringup) StdoutLine: {'line': b'-- Up-to-date symlink: /root/Dojo/Dojo/install/robot_bringup/share/robot_bringup/environment/path.sh\n'}
[4.674485] (robot_bringup) StdoutLine: {'line': b'-- Up-to-date symlink: /root/Dojo/Dojo/install/robot_bringup/share/robot_bringup/environment/path.dsv\n'}
[4.674664] (robot_bringup) StdoutLine: {'line': b'-- Up-to-date symlink: /root/Dojo/Dojo/install/robot_bringup/share/robot_bringup/local_setup.bash\n'}
[4.674841] (robot_bringup) StdoutLine: {'line': b'-- Up-to-date symlink: /root/Dojo/Dojo/install/robot_bringup/share/robot_bringup/local_setup.sh\n'}
[4.675010] (robot_bringup) StdoutLine: {'line': b'-- Up-to-date symlink: /root/Dojo/Dojo/install/robot_bringup/share/robot_bringup/local_setup.zsh\n'}
[4.675215] (robot_bringup) StdoutLine: {'line': b'-- Up-to-date symlink: /root/Dojo/Dojo/install/robot_bringup/share/robot_bringup/local_setup.dsv\n'}
[4.675324] (robot_bringup) StdoutLine: {'line': b'-- Symlinking: /root/Dojo/Dojo/install/robot_bringup/share/robot_bringup/package.dsv\n'}
[4.682994] (robot_gazebo) StdoutLine: {'line': b'-- Up-to-date symlink: /root/Dojo/Dojo/install/robot_gazebo/share/ament_index/resource_index/packages/robot_gazebo\n'}
[4.683246] (robot_gazebo) StdoutLine: {'line': b'-- Up-to-date symlink: /root/Dojo/Dojo/install/robot_gazebo/share/robot_gazebo/cmake/robot_gazebo-extras.cmake\n'}
[4.683446] (robot_gazebo) StdoutLine: {'line': b'-- Up-to-date symlink: /root/Dojo/Dojo/install/robot_gazebo/share/robot_gazebo/cmake/ament_cmake_export_include_directories-extras.cmake\n'}
[4.683667] (robot_gazebo) StdoutLine: {'line': b'-- Up-to-date symlink: /root/Dojo/Dojo/install/robot_gazebo/share/robot_gazebo/cmake/ament_cmake_export_dependencies-extras.cmake\n'}
[4.683875] (robot_gazebo) StdoutLine: {'line': b'-- Up-to-date symlink: /root/Dojo/Dojo/install/robot_gazebo/share/robot_gazebo/cmake/robot_gazeboConfig.cmake\n'}
[4.684043] (robot_gazebo) StdoutLine: {'line': b'-- Up-to-date symlink: /root/Dojo/Dojo/install/robot_gazebo/share/robot_gazebo/cmake/robot_gazeboConfig-version.cmake\n'}
[4.684215] (robot_gazebo) StdoutLine: {'line': b'-- Up-to-date symlink: /root/Dojo/Dojo/install/robot_gazebo/share/robot_gazebo/package.xml\n'}
[4.684395] (robot_gazebo) StdoutLine: {'line': b'-- Up-to-date: /robot_gazebo\n'}
[4.684615] (robot_gazebo) StdoutLine: {'line': b'-- Up-to-date: /robot_gazebo/__init__.py\n'}
[4.684809] (robot_gazebo) StdoutLine: {'line': b'-- Up-to-date: /robot_gazebo/cmd_vel_relay.py\n'}
[4.684933] (robot_bringup) StdoutLine: {'line': b'-- Up-to-date symlink: /root/Dojo/Dojo/install/robot_bringup/share/ament_index/resource_index/packages/robot_bringup\n'}
[4.685089] (robot_bringup) StdoutLine: {'line': b'-- Up-to-date symlink: /root/Dojo/Dojo/install/robot_bringup/share/robot_bringup/cmake/robot_bringupConfig.cmake\n'}
[4.685200] (robot_bringup) StdoutLine: {'line': b'-- Up-to-date symlink: /root/Dojo/Dojo/install/robot_bringup/share/robot_bringup/cmake/robot_bringupConfig-version.cmake\n'}
[4.685299] (robot_bringup) StdoutLine: {'line': b'-- Up-to-date symlink: /root/Dojo/Dojo/install/robot_bringup/share/robot_bringup/package.xml\n'}
[4.687174] (robot_gazebo) CommandEnded: {'returncode': 0}
[4.699307] (robot_gazebo) JobEnded: {'identifier': 'robot_gazebo', 'rc': 0}
[4.700512] (robot_bringup) CommandEnded: {'returncode': 0}
[4.713148] (-) TimerEvent: {}
[4.715000] (robot_bringup) JobEnded: {'identifier': 'robot_bringup', 'rc': 0}
[4.715825] (-) EventReactorShutdown: {}
