[0.097s] DEBUG:colcon:Command line arguments: ['/usr/bin/colcon', 'build', '--symlink-install', '--event-handlers', 'console_direct+']
[0.097s] DEBUG:colcon:Parsed command line arguments: Namespace(log_base=None, log_level=None, verb_name='build', build_base='build', install_base='install', merge_install=False, symlink_install=True, test_result_base=None, continue_on_error=False, executor='parallel', parallel_workers=16, event_handlers=['console_direct+'], ignore_user_meta=False, metas=['./colcon.meta'], base_paths=['.'], packages_ignore=None, packages_ignore_regex=None, paths=None, packages_up_to=None, packages_up_to_regex=None, packages_above=None, packages_above_and_dependencies=None, packages_above_depth=None, packages_select_by_dep=None, packages_skip_by_dep=None, packages_skip_up_to=None, packages_select_build_failed=False, packages_skip_build_finished=False, packages_select_test_failures=False, packages_skip_test_passed=False, packages_select=None, packages_skip=None, packages_select_regex=None, packages_skip_regex=None, packages_start=None, packages_end=None, cmake_args=None, cmake_target=None, cmake_target_skip_unavailable=False, cmake_clean_cache=False, cmake_clean_first=False, cmake_force_configure=False, ament_cmake_args=None, catkin_cmake_args=None, catkin_skip_building_tests=False, mixin_files=None, mixin=None, verb_parser=<colcon_mixin.mixin.mixin_argument.MixinArgumentDecorator object at 0x77eefd255c00>, verb_extension=<colcon_core.verb.build.BuildVerb object at 0x77eefd3d7250>, main=<bound method BuildVerb.main of <colcon_core.verb.build.BuildVerb object at 0x77eefd3d7250>>, mixin_verb=('build',))
[0.297s] Level 1:colcon.colcon_core.package_discovery:discover_packages(colcon_meta) check parameters
[0.298s] INFO:colcon.colcon_metadata.package_discovery.colcon_meta:Using configuration from '/root/.colcon/metadata/default/Gazebo.meta'
[0.298s] INFO:colcon.colcon_metadata.package_discovery.colcon_meta:Using configuration from '/root/.colcon/metadata/default/fastdds.meta'
[0.298s] INFO:colcon.colcon_metadata.package_discovery.colcon_meta:Using configuration from '/root/.colcon/metadata/default/fastrtps.meta'
[0.298s] Level 1:colcon.colcon_core.package_discovery:discover_packages(recursive) check parameters
[0.299s] Level 1:colcon.colcon_core.package_discovery:discover_packages(ignore) check parameters
[0.299s] Level 1:colcon.colcon_core.package_discovery:discover_packages(path) check parameters
[0.299s] Level 1:colcon.colcon_core.package_discovery:discover_packages(colcon_meta) discover
[0.299s] Level 1:colcon.colcon_core.package_discovery:discover_packages(recursive) discover
[0.299s] INFO:colcon.colcon_core.package_discovery:Crawling recursively for packages in '/root/Dojo/Dojo'
[0.299s] Level 1:colcon.colcon_core.package_identification:_identify(.) by extensions ['ignore', 'ignore_ament_install']
[0.299s] Level 1:colcon.colcon_core.package_identification:_identify(.) by extension 'ignore'
[0.299s] Level 1:colcon.colcon_core.package_identification:_identify(.) by extension 'ignore_ament_install'
[0.299s] Level 1:colcon.colcon_core.package_identification:_identify(.) by extensions ['colcon_pkg']
[0.299s] Level 1:colcon.colcon_core.package_identification:_identify(.) by extension 'colcon_pkg'
[0.299s] Level 1:colcon.colcon_core.package_identification:_identify(.) by extensions ['colcon_meta']
[0.299s] Level 1:colcon.colcon_core.package_identification:_identify(.) by extension 'colcon_meta'
[0.299s] Level 1:colcon.colcon_core.package_identification:_identify(.) by extensions ['ros']
[0.299s] Level 1:colcon.colcon_core.package_identification:_identify(.) by extension 'ros'
[0.310s] Level 1:colcon.colcon_core.package_identification:_identify(.) by extensions ['cmake', 'python']
[0.310s] Level 1:colcon.colcon_core.package_identification:_identify(.) by extension 'cmake'
[0.310s] Level 1:colcon.colcon_core.package_identification:_identify(.) by extension 'python'
[0.310s] Level 1:colcon.colcon_core.package_identification:_identify(.) by extensions ['python_setup_py']
[0.310s] Level 1:colcon.colcon_core.package_identification:_identify(.) by extension 'python_setup_py'
[0.310s] Level 1:colcon.colcon_core.package_identification:_identify(backup_packages) by extensions ['ignore', 'ignore_ament_install']
[0.310s] Level 1:colcon.colcon_core.package_identification:_identify(backup_packages) by extension 'ignore'
[0.310s] Level 1:colcon.colcon_core.package_identification:_identify(backup_packages) by extension 'ignore_ament_install'
[0.310s] Level 1:colcon.colcon_core.package_identification:_identify(backup_packages) by extensions ['colcon_pkg']
[0.310s] Level 1:colcon.colcon_core.package_identification:_identify(backup_packages) by extension 'colcon_pkg'
[0.310s] Level 1:colcon.colcon_core.package_identification:_identify(backup_packages) by extensions ['colcon_meta']
[0.310s] Level 1:colcon.colcon_core.package_identification:_identify(backup_packages) by extension 'colcon_meta'
[0.310s] Level 1:colcon.colcon_core.package_identification:_identify(backup_packages) by extensions ['ros']
[0.310s] Level 1:colcon.colcon_core.package_identification:_identify(backup_packages) by extension 'ros'
[0.310s] Level 1:colcon.colcon_core.package_identification:_identify(backup_packages) by extensions ['cmake', 'python']
[0.310s] Level 1:colcon.colcon_core.package_identification:_identify(backup_packages) by extension 'cmake'
[0.310s] Level 1:colcon.colcon_core.package_identification:_identify(backup_packages) by extension 'python'
[0.310s] Level 1:colcon.colcon_core.package_identification:_identify(backup_packages) by extensions ['python_setup_py']
[0.310s] Level 1:colcon.colcon_core.package_identification:_identify(backup_packages) by extension 'python_setup_py'
[0.310s] Level 1:colcon.colcon_core.package_identification:_identify(backup_packages/arduino_bridge) by extensions ['ignore', 'ignore_ament_install']
[0.311s] Level 1:colcon.colcon_core.package_identification:_identify(backup_packages/arduino_bridge) by extension 'ignore'
[0.311s] Level 1:colcon.colcon_core.package_identification:_identify(backup_packages/arduino_bridge) by extension 'ignore_ament_install'
[0.311s] Level 1:colcon.colcon_core.package_identification:_identify(backup_packages/arduino_bridge) by extensions ['colcon_pkg']
[0.311s] Level 1:colcon.colcon_core.package_identification:_identify(backup_packages/arduino_bridge) by extension 'colcon_pkg'
[0.311s] Level 1:colcon.colcon_core.package_identification:_identify(backup_packages/arduino_bridge) by extensions ['colcon_meta']
[0.311s] Level 1:colcon.colcon_core.package_identification:_identify(backup_packages/arduino_bridge) by extension 'colcon_meta'
[0.311s] Level 1:colcon.colcon_core.package_identification:_identify(backup_packages/arduino_bridge) by extensions ['ros']
[0.311s] Level 1:colcon.colcon_core.package_identification:_identify(backup_packages/arduino_bridge) by extension 'ros'
[0.313s] DEBUG:colcon.colcon_core.package_identification:Package 'backup_packages/arduino_bridge' with type 'ros.ament_python' and name 'arduino_bridge'
[0.313s] Level 1:colcon.colcon_core.package_identification:_identify(backup_packages/camera_ws) by extensions ['ignore', 'ignore_ament_install']
[0.313s] Level 1:colcon.colcon_core.package_identification:_identify(backup_packages/camera_ws) by extension 'ignore'
[0.313s] Level 1:colcon.colcon_core.package_identification:_identify(backup_packages/camera_ws) by extension 'ignore_ament_install'
[0.313s] Level 1:colcon.colcon_core.package_identification:_identify(backup_packages/camera_ws) by extensions ['colcon_pkg']
[0.313s] Level 1:colcon.colcon_core.package_identification:_identify(backup_packages/camera_ws) by extension 'colcon_pkg'
[0.313s] Level 1:colcon.colcon_core.package_identification:_identify(backup_packages/camera_ws) by extensions ['colcon_meta']
[0.313s] Level 1:colcon.colcon_core.package_identification:_identify(backup_packages/camera_ws) by extension 'colcon_meta'
[0.313s] Level 1:colcon.colcon_core.package_identification:_identify(backup_packages/camera_ws) by extensions ['ros']
[0.313s] Level 1:colcon.colcon_core.package_identification:_identify(backup_packages/camera_ws) by extension 'ros'
[0.313s] Level 1:colcon.colcon_core.package_identification:_identify(backup_packages/camera_ws) by extensions ['cmake', 'python']
[0.313s] Level 1:colcon.colcon_core.package_identification:_identify(backup_packages/camera_ws) by extension 'cmake'
[0.313s] Level 1:colcon.colcon_core.package_identification:_identify(backup_packages/camera_ws) by extension 'python'
[0.314s] Level 1:colcon.colcon_core.package_identification:_identify(backup_packages/camera_ws) by extensions ['python_setup_py']
[0.314s] Level 1:colcon.colcon_core.package_identification:_identify(backup_packages/camera_ws) by extension 'python_setup_py'
[0.314s] Level 1:colcon.colcon_core.package_identification:_identify(backup_packages/camera_ws/build) by extensions ['ignore', 'ignore_ament_install']
[0.314s] Level 1:colcon.colcon_core.package_identification:_identify(backup_packages/camera_ws/build) by extension 'ignore'
[0.314s] Level 1:colcon.colcon_core.package_identification:_identify(backup_packages/camera_ws/build) ignored
[0.314s] Level 1:colcon.colcon_core.package_identification:_identify(backup_packages/camera_ws/install) by extensions ['ignore', 'ignore_ament_install']
[0.314s] Level 1:colcon.colcon_core.package_identification:_identify(backup_packages/camera_ws/install) by extension 'ignore'
[0.314s] Level 1:colcon.colcon_core.package_identification:_identify(backup_packages/camera_ws/install) ignored
[0.314s] Level 1:colcon.colcon_core.package_identification:_identify(backup_packages/camera_ws/log) by extensions ['ignore', 'ignore_ament_install']
[0.314s] Level 1:colcon.colcon_core.package_identification:_identify(backup_packages/camera_ws/log) by extension 'ignore'
[0.314s] Level 1:colcon.colcon_core.package_identification:_identify(backup_packages/camera_ws/log) ignored
[0.314s] Level 1:colcon.colcon_core.package_identification:_identify(backup_packages/camera_ws/src) by extensions ['ignore', 'ignore_ament_install']
[0.314s] Level 1:colcon.colcon_core.package_identification:_identify(backup_packages/camera_ws/src) by extension 'ignore'
[0.314s] Level 1:colcon.colcon_core.package_identification:_identify(backup_packages/camera_ws/src) by extension 'ignore_ament_install'
[0.314s] Level 1:colcon.colcon_core.package_identification:_identify(backup_packages/camera_ws/src) by extensions ['colcon_pkg']
[0.314s] Level 1:colcon.colcon_core.package_identification:_identify(backup_packages/camera_ws/src) by extension 'colcon_pkg'
[0.314s] Level 1:colcon.colcon_core.package_identification:_identify(backup_packages/camera_ws/src) by extensions ['colcon_meta']
[0.314s] Level 1:colcon.colcon_core.package_identification:_identify(backup_packages/camera_ws/src) by extension 'colcon_meta'
[0.315s] Level 1:colcon.colcon_core.package_identification:_identify(backup_packages/camera_ws/src) by extensions ['ros']
[0.315s] Level 1:colcon.colcon_core.package_identification:_identify(backup_packages/camera_ws/src) by extension 'ros'
[0.315s] Level 1:colcon.colcon_core.package_identification:_identify(backup_packages/camera_ws/src) by extensions ['cmake', 'python']
[0.315s] Level 1:colcon.colcon_core.package_identification:_identify(backup_packages/camera_ws/src) by extension 'cmake'
[0.315s] Level 1:colcon.colcon_core.package_identification:_identify(backup_packages/camera_ws/src) by extension 'python'
[0.315s] Level 1:colcon.colcon_core.package_identification:_identify(backup_packages/camera_ws/src) by extensions ['python_setup_py']
[0.315s] Level 1:colcon.colcon_core.package_identification:_identify(backup_packages/camera_ws/src) by extension 'python_setup_py'
[0.315s] Level 1:colcon.colcon_core.package_identification:_identify(backup_packages/camera_ws/src/camera_ros) by extensions ['ignore', 'ignore_ament_install']
[0.315s] Level 1:colcon.colcon_core.package_identification:_identify(backup_packages/camera_ws/src/camera_ros) by extension 'ignore'
[0.315s] Level 1:colcon.colcon_core.package_identification:_identify(backup_packages/camera_ws/src/camera_ros) by extension 'ignore_ament_install'
[0.315s] Level 1:colcon.colcon_core.package_identification:_identify(backup_packages/camera_ws/src/camera_ros) by extensions ['colcon_pkg']
[0.315s] Level 1:colcon.colcon_core.package_identification:_identify(backup_packages/camera_ws/src/camera_ros) by extension 'colcon_pkg'
[0.315s] Level 1:colcon.colcon_core.package_identification:_identify(backup_packages/camera_ws/src/camera_ros) by extensions ['colcon_meta']
[0.315s] Level 1:colcon.colcon_core.package_identification:_identify(backup_packages/camera_ws/src/camera_ros) by extension 'colcon_meta'
[0.315s] Level 1:colcon.colcon_core.package_identification:_identify(backup_packages/camera_ws/src/camera_ros) by extensions ['ros']
[0.315s] Level 1:colcon.colcon_core.package_identification:_identify(backup_packages/camera_ws/src/camera_ros) by extension 'ros'
[0.315s] Level 1:colcon.colcon_core.package_identification:_identify(backup_packages/camera_ws/src/camera_ros) by extensions ['cmake', 'python']
[0.315s] Level 1:colcon.colcon_core.package_identification:_identify(backup_packages/camera_ws/src/camera_ros) by extension 'cmake'
[0.315s] Level 1:colcon.colcon_core.package_identification:_identify(backup_packages/camera_ws/src/camera_ros) by extension 'python'
[0.315s] Level 1:colcon.colcon_core.package_identification:_identify(backup_packages/camera_ws/src/camera_ros) by extensions ['python_setup_py']
[0.315s] Level 1:colcon.colcon_core.package_identification:_identify(backup_packages/camera_ws/src/camera_ros) by extension 'python_setup_py'
[0.315s] Level 1:colcon.colcon_core.package_identification:_identify(backup_packages/camera_ws/src/libcamera) by extensions ['ignore', 'ignore_ament_install']
[0.315s] Level 1:colcon.colcon_core.package_identification:_identify(backup_packages/camera_ws/src/libcamera) by extension 'ignore'
[0.316s] Level 1:colcon.colcon_core.package_identification:_identify(backup_packages/camera_ws/src/libcamera) by extension 'ignore_ament_install'
[0.316s] Level 1:colcon.colcon_core.package_identification:_identify(backup_packages/camera_ws/src/libcamera) by extensions ['colcon_pkg']
[0.316s] Level 1:colcon.colcon_core.package_identification:_identify(backup_packages/camera_ws/src/libcamera) by extension 'colcon_pkg'
[0.316s] Level 1:colcon.colcon_core.package_identification:_identify(backup_packages/camera_ws/src/libcamera) by extensions ['colcon_meta']
[0.316s] Level 1:colcon.colcon_core.package_identification:_identify(backup_packages/camera_ws/src/libcamera) by extension 'colcon_meta'
[0.316s] Level 1:colcon.colcon_core.package_identification:_identify(backup_packages/camera_ws/src/libcamera) by extensions ['ros']
[0.316s] Level 1:colcon.colcon_core.package_identification:_identify(backup_packages/camera_ws/src/libcamera) by extension 'ros'
[0.316s] Level 1:colcon.colcon_core.package_identification:_identify(backup_packages/camera_ws/src/libcamera) by extensions ['cmake', 'python']
[0.316s] Level 1:colcon.colcon_core.package_identification:_identify(backup_packages/camera_ws/src/libcamera) by extension 'cmake'
[0.316s] Level 1:colcon.colcon_core.package_identification:_identify(backup_packages/camera_ws/src/libcamera) by extension 'python'
[0.316s] Level 1:colcon.colcon_core.package_identification:_identify(backup_packages/camera_ws/src/libcamera) by extensions ['python_setup_py']
[0.316s] Level 1:colcon.colcon_core.package_identification:_identify(backup_packages/camera_ws/src/libcamera) by extension 'python_setup_py'
[0.316s] Level 1:colcon.colcon_core.package_identification:_identify(backup_packages/camera_ws/src/nv21_converter_pkg) by extensions ['ignore', 'ignore_ament_install']
[0.316s] Level 1:colcon.colcon_core.package_identification:_identify(backup_packages/camera_ws/src/nv21_converter_pkg) by extension 'ignore'
[0.316s] Level 1:colcon.colcon_core.package_identification:_identify(backup_packages/camera_ws/src/nv21_converter_pkg) by extension 'ignore_ament_install'
[0.316s] Level 1:colcon.colcon_core.package_identification:_identify(backup_packages/camera_ws/src/nv21_converter_pkg) by extensions ['colcon_pkg']
[0.316s] Level 1:colcon.colcon_core.package_identification:_identify(backup_packages/camera_ws/src/nv21_converter_pkg) by extension 'colcon_pkg'
[0.316s] Level 1:colcon.colcon_core.package_identification:_identify(backup_packages/camera_ws/src/nv21_converter_pkg) by extensions ['colcon_meta']
[0.316s] Level 1:colcon.colcon_core.package_identification:_identify(backup_packages/camera_ws/src/nv21_converter_pkg) by extension 'colcon_meta'
[0.316s] Level 1:colcon.colcon_core.package_identification:_identify(backup_packages/camera_ws/src/nv21_converter_pkg) by extensions ['ros']
[0.316s] Level 1:colcon.colcon_core.package_identification:_identify(backup_packages/camera_ws/src/nv21_converter_pkg) by extension 'ros'
[0.317s] DEBUG:colcon.colcon_core.package_identification:Package 'backup_packages/camera_ws/src/nv21_converter_pkg' with type 'ros.ament_python' and name 'nv21_converter_pkg'
[0.317s] Level 1:colcon.colcon_core.package_identification:_identify(backup_packages/robot_sensors) by extensions ['ignore', 'ignore_ament_install']
[0.317s] Level 1:colcon.colcon_core.package_identification:_identify(backup_packages/robot_sensors) by extension 'ignore'
[0.317s] Level 1:colcon.colcon_core.package_identification:_identify(backup_packages/robot_sensors) by extension 'ignore_ament_install'
[0.317s] Level 1:colcon.colcon_core.package_identification:_identify(backup_packages/robot_sensors) by extensions ['colcon_pkg']
[0.317s] Level 1:colcon.colcon_core.package_identification:_identify(backup_packages/robot_sensors) by extension 'colcon_pkg'
[0.317s] Level 1:colcon.colcon_core.package_identification:_identify(backup_packages/robot_sensors) by extensions ['colcon_meta']
[0.317s] Level 1:colcon.colcon_core.package_identification:_identify(backup_packages/robot_sensors) by extension 'colcon_meta'
[0.317s] Level 1:colcon.colcon_core.package_identification:_identify(backup_packages/robot_sensors) by extensions ['ros']
[0.317s] Level 1:colcon.colcon_core.package_identification:_identify(backup_packages/robot_sensors) by extension 'ros'
[0.318s] DEBUG:colcon.colcon_core.package_identification:Package 'backup_packages/robot_sensors' with type 'ros.ament_python' and name 'robot_sensors'
[0.319s] Level 1:colcon.colcon_core.package_identification:_identify(backup_packages/ros2arduino_bridge) by extensions ['ignore', 'ignore_ament_install']
[0.319s] Level 1:colcon.colcon_core.package_identification:_identify(backup_packages/ros2arduino_bridge) by extension 'ignore'
[0.319s] Level 1:colcon.colcon_core.package_identification:_identify(backup_packages/ros2arduino_bridge) by extension 'ignore_ament_install'
[0.319s] Level 1:colcon.colcon_core.package_identification:_identify(backup_packages/ros2arduino_bridge) by extensions ['colcon_pkg']
[0.319s] Level 1:colcon.colcon_core.package_identification:_identify(backup_packages/ros2arduino_bridge) by extension 'colcon_pkg'
[0.319s] Level 1:colcon.colcon_core.package_identification:_identify(backup_packages/ros2arduino_bridge) by extensions ['colcon_meta']
[0.319s] Level 1:colcon.colcon_core.package_identification:_identify(backup_packages/ros2arduino_bridge) by extension 'colcon_meta'
[0.319s] Level 1:colcon.colcon_core.package_identification:_identify(backup_packages/ros2arduino_bridge) by extensions ['ros']
[0.319s] Level 1:colcon.colcon_core.package_identification:_identify(backup_packages/ros2arduino_bridge) by extension 'ros'
[0.320s] DEBUG:colcon.colcon_core.package_identification:Package 'backup_packages/ros2arduino_bridge' with type 'ros.ament_python' and name 'ros2arduino_bridge'
[0.320s] Level 1:colcon.colcon_core.package_identification:_identify(backup_packages/vision_system) by extensions ['ignore', 'ignore_ament_install']
[0.320s] Level 1:colcon.colcon_core.package_identification:_identify(backup_packages/vision_system) by extension 'ignore'
[0.320s] Level 1:colcon.colcon_core.package_identification:_identify(backup_packages/vision_system) by extension 'ignore_ament_install'
[0.320s] Level 1:colcon.colcon_core.package_identification:_identify(backup_packages/vision_system) by extensions ['colcon_pkg']
[0.320s] Level 1:colcon.colcon_core.package_identification:_identify(backup_packages/vision_system) by extension 'colcon_pkg'
[0.320s] Level 1:colcon.colcon_core.package_identification:_identify(backup_packages/vision_system) by extensions ['colcon_meta']
[0.320s] Level 1:colcon.colcon_core.package_identification:_identify(backup_packages/vision_system) by extension 'colcon_meta'
[0.320s] Level 1:colcon.colcon_core.package_identification:_identify(backup_packages/vision_system) by extensions ['ros']
[0.320s] Level 1:colcon.colcon_core.package_identification:_identify(backup_packages/vision_system) by extension 'ros'
[0.321s] DEBUG:colcon.colcon_core.package_identification:Package 'backup_packages/vision_system' with type 'ros.ament_python' and name 'vision_system'
[0.321s] Level 1:colcon.colcon_core.package_identification:_identify(backup_redundant_launch_files) by extensions ['ignore', 'ignore_ament_install']
[0.321s] Level 1:colcon.colcon_core.package_identification:_identify(backup_redundant_launch_files) by extension 'ignore'
[0.321s] Level 1:colcon.colcon_core.package_identification:_identify(backup_redundant_launch_files) by extension 'ignore_ament_install'
[0.321s] Level 1:colcon.colcon_core.package_identification:_identify(backup_redundant_launch_files) by extensions ['colcon_pkg']
[0.321s] Level 1:colcon.colcon_core.package_identification:_identify(backup_redundant_launch_files) by extension 'colcon_pkg'
[0.321s] Level 1:colcon.colcon_core.package_identification:_identify(backup_redundant_launch_files) by extensions ['colcon_meta']
[0.321s] Level 1:colcon.colcon_core.package_identification:_identify(backup_redundant_launch_files) by extension 'colcon_meta'
[0.321s] Level 1:colcon.colcon_core.package_identification:_identify(backup_redundant_launch_files) by extensions ['ros']
[0.321s] Level 1:colcon.colcon_core.package_identification:_identify(backup_redundant_launch_files) by extension 'ros'
[0.321s] Level 1:colcon.colcon_core.package_identification:_identify(backup_redundant_launch_files) by extensions ['cmake', 'python']
[0.321s] Level 1:colcon.colcon_core.package_identification:_identify(backup_redundant_launch_files) by extension 'cmake'
[0.321s] Level 1:colcon.colcon_core.package_identification:_identify(backup_redundant_launch_files) by extension 'python'
[0.321s] Level 1:colcon.colcon_core.package_identification:_identify(backup_redundant_launch_files) by extensions ['python_setup_py']
[0.321s] Level 1:colcon.colcon_core.package_identification:_identify(backup_redundant_launch_files) by extension 'python_setup_py'
[0.321s] Level 1:colcon.colcon_core.package_identification:_identify(build) by extensions ['ignore', 'ignore_ament_install']
[0.321s] Level 1:colcon.colcon_core.package_identification:_identify(build) by extension 'ignore'
[0.322s] Level 1:colcon.colcon_core.package_identification:_identify(build) ignored
[0.322s] Level 1:colcon.colcon_core.package_identification:_identify(firmware) by extensions ['ignore', 'ignore_ament_install']
[0.322s] Level 1:colcon.colcon_core.package_identification:_identify(firmware) by extension 'ignore'
[0.322s] Level 1:colcon.colcon_core.package_identification:_identify(firmware) by extension 'ignore_ament_install'
[0.322s] Level 1:colcon.colcon_core.package_identification:_identify(firmware) by extensions ['colcon_pkg']
[0.322s] Level 1:colcon.colcon_core.package_identification:_identify(firmware) by extension 'colcon_pkg'
[0.322s] Level 1:colcon.colcon_core.package_identification:_identify(firmware) by extensions ['colcon_meta']
[0.322s] Level 1:colcon.colcon_core.package_identification:_identify(firmware) by extension 'colcon_meta'
[0.322s] Level 1:colcon.colcon_core.package_identification:_identify(firmware) by extensions ['ros']
[0.322s] Level 1:colcon.colcon_core.package_identification:_identify(firmware) by extension 'ros'
[0.322s] Level 1:colcon.colcon_core.package_identification:_identify(firmware) by extensions ['cmake', 'python']
[0.322s] Level 1:colcon.colcon_core.package_identification:_identify(firmware) by extension 'cmake'
[0.322s] Level 1:colcon.colcon_core.package_identification:_identify(firmware) by extension 'python'
[0.322s] Level 1:colcon.colcon_core.package_identification:_identify(firmware) by extensions ['python_setup_py']
[0.322s] Level 1:colcon.colcon_core.package_identification:_identify(firmware) by extension 'python_setup_py'
[0.322s] Level 1:colcon.colcon_core.package_identification:_identify(firmware/arduino) by extensions ['ignore', 'ignore_ament_install']
[0.322s] Level 1:colcon.colcon_core.package_identification:_identify(firmware/arduino) by extension 'ignore'
[0.322s] Level 1:colcon.colcon_core.package_identification:_identify(firmware/arduino) by extension 'ignore_ament_install'
[0.322s] Level 1:colcon.colcon_core.package_identification:_identify(firmware/arduino) by extensions ['colcon_pkg']
[0.322s] Level 1:colcon.colcon_core.package_identification:_identify(firmware/arduino) by extension 'colcon_pkg'
[0.322s] Level 1:colcon.colcon_core.package_identification:_identify(firmware/arduino) by extensions ['colcon_meta']
[0.322s] Level 1:colcon.colcon_core.package_identification:_identify(firmware/arduino) by extension 'colcon_meta'
[0.323s] Level 1:colcon.colcon_core.package_identification:_identify(firmware/arduino) by extensions ['ros']
[0.323s] Level 1:colcon.colcon_core.package_identification:_identify(firmware/arduino) by extension 'ros'
[0.323s] Level 1:colcon.colcon_core.package_identification:_identify(firmware/arduino) by extensions ['cmake', 'python']
[0.323s] Level 1:colcon.colcon_core.package_identification:_identify(firmware/arduino) by extension 'cmake'
[0.323s] Level 1:colcon.colcon_core.package_identification:_identify(firmware/arduino) by extension 'python'
[0.323s] Level 1:colcon.colcon_core.package_identification:_identify(firmware/arduino) by extensions ['python_setup_py']
[0.323s] Level 1:colcon.colcon_core.package_identification:_identify(firmware/arduino) by extension 'python_setup_py'
[0.323s] Level 1:colcon.colcon_core.package_identification:_identify(firmware/arduino/ROSArduinoBridge) by extensions ['ignore', 'ignore_ament_install']
[0.323s] Level 1:colcon.colcon_core.package_identification:_identify(firmware/arduino/ROSArduinoBridge) by extension 'ignore'
[0.323s] Level 1:colcon.colcon_core.package_identification:_identify(firmware/arduino/ROSArduinoBridge) by extension 'ignore_ament_install'
[0.323s] Level 1:colcon.colcon_core.package_identification:_identify(firmware/arduino/ROSArduinoBridge) by extensions ['colcon_pkg']
[0.323s] Level 1:colcon.colcon_core.package_identification:_identify(firmware/arduino/ROSArduinoBridge) by extension 'colcon_pkg'
[0.323s] Level 1:colcon.colcon_core.package_identification:_identify(firmware/arduino/ROSArduinoBridge) by extensions ['colcon_meta']
[0.323s] Level 1:colcon.colcon_core.package_identification:_identify(firmware/arduino/ROSArduinoBridge) by extension 'colcon_meta'
[0.323s] Level 1:colcon.colcon_core.package_identification:_identify(firmware/arduino/ROSArduinoBridge) by extensions ['ros']
[0.323s] Level 1:colcon.colcon_core.package_identification:_identify(firmware/arduino/ROSArduinoBridge) by extension 'ros'
[0.323s] Level 1:colcon.colcon_core.package_identification:_identify(firmware/arduino/ROSArduinoBridge) by extensions ['cmake', 'python']
[0.323s] Level 1:colcon.colcon_core.package_identification:_identify(firmware/arduino/ROSArduinoBridge) by extension 'cmake'
[0.323s] Level 1:colcon.colcon_core.package_identification:_identify(firmware/arduino/ROSArduinoBridge) by extension 'python'
[0.323s] Level 1:colcon.colcon_core.package_identification:_identify(firmware/arduino/ROSArduinoBridge) by extensions ['python_setup_py']
[0.323s] Level 1:colcon.colcon_core.package_identification:_identify(firmware/arduino/ROSArduinoBridge) by extension 'python_setup_py'
[0.323s] Level 1:colcon.colcon_core.package_identification:_identify(firmware/arduino/ros2_motor_controller) by extensions ['ignore', 'ignore_ament_install']
[0.324s] Level 1:colcon.colcon_core.package_identification:_identify(firmware/arduino/ros2_motor_controller) by extension 'ignore'
[0.324s] Level 1:colcon.colcon_core.package_identification:_identify(firmware/arduino/ros2_motor_controller) by extension 'ignore_ament_install'
[0.324s] Level 1:colcon.colcon_core.package_identification:_identify(firmware/arduino/ros2_motor_controller) by extensions ['colcon_pkg']
[0.324s] Level 1:colcon.colcon_core.package_identification:_identify(firmware/arduino/ros2_motor_controller) by extension 'colcon_pkg'
[0.324s] Level 1:colcon.colcon_core.package_identification:_identify(firmware/arduino/ros2_motor_controller) by extensions ['colcon_meta']
[0.324s] Level 1:colcon.colcon_core.package_identification:_identify(firmware/arduino/ros2_motor_controller) by extension 'colcon_meta'
[0.324s] Level 1:colcon.colcon_core.package_identification:_identify(firmware/arduino/ros2_motor_controller) by extensions ['ros']
[0.324s] Level 1:colcon.colcon_core.package_identification:_identify(firmware/arduino/ros2_motor_controller) by extension 'ros'
[0.324s] Level 1:colcon.colcon_core.package_identification:_identify(firmware/arduino/ros2_motor_controller) by extensions ['cmake', 'python']
[0.324s] Level 1:colcon.colcon_core.package_identification:_identify(firmware/arduino/ros2_motor_controller) by extension 'cmake'
[0.324s] Level 1:colcon.colcon_core.package_identification:_identify(firmware/arduino/ros2_motor_controller) by extension 'python'
[0.324s] Level 1:colcon.colcon_core.package_identification:_identify(firmware/arduino/ros2_motor_controller) by extensions ['python_setup_py']
[0.324s] Level 1:colcon.colcon_core.package_identification:_identify(firmware/arduino/ros2_motor_controller) by extension 'python_setup_py'
[0.324s] Level 1:colcon.colcon_core.package_identification:_identify(install) by extensions ['ignore', 'ignore_ament_install']
[0.324s] Level 1:colcon.colcon_core.package_identification:_identify(install) by extension 'ignore'
[0.324s] Level 1:colcon.colcon_core.package_identification:_identify(install) ignored
[0.324s] Level 1:colcon.colcon_core.package_identification:_identify(log) by extensions ['ignore', 'ignore_ament_install']
[0.324s] Level 1:colcon.colcon_core.package_identification:_identify(log) by extension 'ignore'
[0.324s] Level 1:colcon.colcon_core.package_identification:_identify(log) ignored
[0.324s] Level 1:colcon.colcon_core.package_identification:_identify(scripts) by extensions ['ignore', 'ignore_ament_install']
[0.324s] Level 1:colcon.colcon_core.package_identification:_identify(scripts) by extension 'ignore'
[0.325s] Level 1:colcon.colcon_core.package_identification:_identify(scripts) by extension 'ignore_ament_install'
[0.325s] Level 1:colcon.colcon_core.package_identification:_identify(scripts) by extensions ['colcon_pkg']
[0.325s] Level 1:colcon.colcon_core.package_identification:_identify(scripts) by extension 'colcon_pkg'
[0.325s] Level 1:colcon.colcon_core.package_identification:_identify(scripts) by extensions ['colcon_meta']
[0.325s] Level 1:colcon.colcon_core.package_identification:_identify(scripts) by extension 'colcon_meta'
[0.325s] Level 1:colcon.colcon_core.package_identification:_identify(scripts) by extensions ['ros']
[0.325s] Level 1:colcon.colcon_core.package_identification:_identify(scripts) by extension 'ros'
[0.325s] Level 1:colcon.colcon_core.package_identification:_identify(scripts) by extensions ['cmake', 'python']
[0.325s] Level 1:colcon.colcon_core.package_identification:_identify(scripts) by extension 'cmake'
[0.325s] Level 1:colcon.colcon_core.package_identification:_identify(scripts) by extension 'python'
[0.325s] Level 1:colcon.colcon_core.package_identification:_identify(scripts) by extensions ['python_setup_py']
[0.325s] Level 1:colcon.colcon_core.package_identification:_identify(scripts) by extension 'python_setup_py'
[0.325s] Level 1:colcon.colcon_core.package_identification:_identify(src) by extensions ['ignore', 'ignore_ament_install']
[0.325s] Level 1:colcon.colcon_core.package_identification:_identify(src) by extension 'ignore'
[0.325s] Level 1:colcon.colcon_core.package_identification:_identify(src) by extension 'ignore_ament_install'
[0.325s] Level 1:colcon.colcon_core.package_identification:_identify(src) by extensions ['colcon_pkg']
[0.325s] Level 1:colcon.colcon_core.package_identification:_identify(src) by extension 'colcon_pkg'
[0.325s] Level 1:colcon.colcon_core.package_identification:_identify(src) by extensions ['colcon_meta']
[0.325s] Level 1:colcon.colcon_core.package_identification:_identify(src) by extension 'colcon_meta'
[0.325s] Level 1:colcon.colcon_core.package_identification:_identify(src) by extensions ['ros']
[0.325s] Level 1:colcon.colcon_core.package_identification:_identify(src) by extension 'ros'
[0.325s] Level 1:colcon.colcon_core.package_identification:_identify(src) by extensions ['cmake', 'python']
[0.325s] Level 1:colcon.colcon_core.package_identification:_identify(src) by extension 'cmake'
[0.325s] Level 1:colcon.colcon_core.package_identification:_identify(src) by extension 'python'
[0.325s] Level 1:colcon.colcon_core.package_identification:_identify(src) by extensions ['python_setup_py']
[0.325s] Level 1:colcon.colcon_core.package_identification:_identify(src) by extension 'python_setup_py'
[0.326s] Level 1:colcon.colcon_core.package_identification:_identify(src/robot_bringup) by extensions ['ignore', 'ignore_ament_install']
[0.326s] Level 1:colcon.colcon_core.package_identification:_identify(src/robot_bringup) by extension 'ignore'
[0.326s] Level 1:colcon.colcon_core.package_identification:_identify(src/robot_bringup) by extension 'ignore_ament_install'
[0.326s] Level 1:colcon.colcon_core.package_identification:_identify(src/robot_bringup) by extensions ['colcon_pkg']
[0.326s] Level 1:colcon.colcon_core.package_identification:_identify(src/robot_bringup) by extension 'colcon_pkg'
[0.326s] Level 1:colcon.colcon_core.package_identification:_identify(src/robot_bringup) by extensions ['colcon_meta']
[0.326s] Level 1:colcon.colcon_core.package_identification:_identify(src/robot_bringup) by extension 'colcon_meta'
[0.326s] Level 1:colcon.colcon_core.package_identification:_identify(src/robot_bringup) by extensions ['ros']
[0.326s] Level 1:colcon.colcon_core.package_identification:_identify(src/robot_bringup) by extension 'ros'
[0.326s] DEBUG:colcon.colcon_core.package_identification:Package 'src/robot_bringup' with type 'ros.ament_cmake' and name 'robot_bringup'
[0.326s] Level 1:colcon.colcon_core.package_identification:_identify(src/robot_control) by extensions ['ignore', 'ignore_ament_install']
[0.326s] Level 1:colcon.colcon_core.package_identification:_identify(src/robot_control) by extension 'ignore'
[0.326s] Level 1:colcon.colcon_core.package_identification:_identify(src/robot_control) by extension 'ignore_ament_install'
[0.327s] Level 1:colcon.colcon_core.package_identification:_identify(src/robot_control) by extensions ['colcon_pkg']
[0.327s] Level 1:colcon.colcon_core.package_identification:_identify(src/robot_control) by extension 'colcon_pkg'
[0.327s] Level 1:colcon.colcon_core.package_identification:_identify(src/robot_control) by extensions ['colcon_meta']
[0.327s] Level 1:colcon.colcon_core.package_identification:_identify(src/robot_control) by extension 'colcon_meta'
[0.327s] Level 1:colcon.colcon_core.package_identification:_identify(src/robot_control) by extensions ['ros']
[0.327s] Level 1:colcon.colcon_core.package_identification:_identify(src/robot_control) by extension 'ros'
[0.328s] DEBUG:colcon.colcon_core.package_identification:Package 'src/robot_control' with type 'ros.ament_cmake' and name 'robot_control'
[0.328s] Level 1:colcon.colcon_core.package_identification:_identify(src/robot_description) by extensions ['ignore', 'ignore_ament_install']
[0.328s] Level 1:colcon.colcon_core.package_identification:_identify(src/robot_description) by extension 'ignore'
[0.328s] Level 1:colcon.colcon_core.package_identification:_identify(src/robot_description) by extension 'ignore_ament_install'
[0.328s] Level 1:colcon.colcon_core.package_identification:_identify(src/robot_description) by extensions ['colcon_pkg']
[0.328s] Level 1:colcon.colcon_core.package_identification:_identify(src/robot_description) by extension 'colcon_pkg'
[0.328s] Level 1:colcon.colcon_core.package_identification:_identify(src/robot_description) by extensions ['colcon_meta']
[0.328s] Level 1:colcon.colcon_core.package_identification:_identify(src/robot_description) by extension 'colcon_meta'
[0.328s] Level 1:colcon.colcon_core.package_identification:_identify(src/robot_description) by extensions ['ros']
[0.328s] Level 1:colcon.colcon_core.package_identification:_identify(src/robot_description) by extension 'ros'
[0.329s] DEBUG:colcon.colcon_core.package_identification:Package 'src/robot_description' with type 'ros.ament_cmake' and name 'robot_description'
[0.329s] Level 1:colcon.colcon_core.package_identification:_identify(src/robot_gazebo) by extensions ['ignore', 'ignore_ament_install']
[0.329s] Level 1:colcon.colcon_core.package_identification:_identify(src/robot_gazebo) by extension 'ignore'
[0.329s] Level 1:colcon.colcon_core.package_identification:_identify(src/robot_gazebo) by extension 'ignore_ament_install'
[0.329s] Level 1:colcon.colcon_core.package_identification:_identify(src/robot_gazebo) by extensions ['colcon_pkg']
[0.329s] Level 1:colcon.colcon_core.package_identification:_identify(src/robot_gazebo) by extension 'colcon_pkg'
[0.329s] Level 1:colcon.colcon_core.package_identification:_identify(src/robot_gazebo) by extensions ['colcon_meta']
[0.329s] Level 1:colcon.colcon_core.package_identification:_identify(src/robot_gazebo) by extension 'colcon_meta'
[0.329s] Level 1:colcon.colcon_core.package_identification:_identify(src/robot_gazebo) by extensions ['ros']
[0.329s] Level 1:colcon.colcon_core.package_identification:_identify(src/robot_gazebo) by extension 'ros'
[0.331s] DEBUG:colcon.colcon_core.package_identification:Package 'src/robot_gazebo' with type 'ros.ament_cmake' and name 'robot_gazebo'
[0.331s] Level 1:colcon.colcon_core.package_identification:_identify(src/robot_hardware) by extensions ['ignore', 'ignore_ament_install']
[0.331s] Level 1:colcon.colcon_core.package_identification:_identify(src/robot_hardware) by extension 'ignore'
[0.331s] Level 1:colcon.colcon_core.package_identification:_identify(src/robot_hardware) by extension 'ignore_ament_install'
[0.332s] Level 1:colcon.colcon_core.package_identification:_identify(src/robot_hardware) by extensions ['colcon_pkg']
[0.332s] Level 1:colcon.colcon_core.package_identification:_identify(src/robot_hardware) by extension 'colcon_pkg'
[0.332s] Level 1:colcon.colcon_core.package_identification:_identify(src/robot_hardware) by extensions ['colcon_meta']
[0.332s] Level 1:colcon.colcon_core.package_identification:_identify(src/robot_hardware) by extension 'colcon_meta'
[0.332s] Level 1:colcon.colcon_core.package_identification:_identify(src/robot_hardware) by extensions ['ros']
[0.332s] Level 1:colcon.colcon_core.package_identification:_identify(src/robot_hardware) by extension 'ros'
[0.332s] DEBUG:colcon.colcon_core.package_identification:Package 'src/robot_hardware' with type 'ros.ament_python' and name 'robot_hardware'
[0.333s] Level 1:colcon.colcon_core.package_identification:_identify(src/robot_interfaces) by extensions ['ignore', 'ignore_ament_install']
[0.333s] Level 1:colcon.colcon_core.package_identification:_identify(src/robot_interfaces) by extension 'ignore'
[0.333s] Level 1:colcon.colcon_core.package_identification:_identify(src/robot_interfaces) by extension 'ignore_ament_install'
[0.333s] Level 1:colcon.colcon_core.package_identification:_identify(src/robot_interfaces) by extensions ['colcon_pkg']
[0.333s] Level 1:colcon.colcon_core.package_identification:_identify(src/robot_interfaces) by extension 'colcon_pkg'
[0.333s] Level 1:colcon.colcon_core.package_identification:_identify(src/robot_interfaces) by extensions ['colcon_meta']
[0.333s] Level 1:colcon.colcon_core.package_identification:_identify(src/robot_interfaces) by extension 'colcon_meta'
[0.333s] Level 1:colcon.colcon_core.package_identification:_identify(src/robot_interfaces) by extensions ['ros']
[0.333s] Level 1:colcon.colcon_core.package_identification:_identify(src/robot_interfaces) by extension 'ros'
[0.333s] DEBUG:colcon.colcon_core.package_identification:Package 'src/robot_interfaces' with type 'ros.ament_cmake' and name 'robot_interfaces'
[0.333s] Level 1:colcon.colcon_core.package_identification:_identify(src/robot_launch) by extensions ['ignore', 'ignore_ament_install']
[0.334s] Level 1:colcon.colcon_core.package_identification:_identify(src/robot_launch) by extension 'ignore'
[0.334s] Level 1:colcon.colcon_core.package_identification:_identify(src/robot_launch) by extension 'ignore_ament_install'
[0.334s] Level 1:colcon.colcon_core.package_identification:_identify(src/robot_launch) by extensions ['colcon_pkg']
[0.334s] Level 1:colcon.colcon_core.package_identification:_identify(src/robot_launch) by extension 'colcon_pkg'
[0.334s] Level 1:colcon.colcon_core.package_identification:_identify(src/robot_launch) by extensions ['colcon_meta']
[0.334s] Level 1:colcon.colcon_core.package_identification:_identify(src/robot_launch) by extension 'colcon_meta'
[0.334s] Level 1:colcon.colcon_core.package_identification:_identify(src/robot_launch) by extensions ['ros']
[0.334s] Level 1:colcon.colcon_core.package_identification:_identify(src/robot_launch) by extension 'ros'
[0.334s] DEBUG:colcon.colcon_core.package_identification:Package 'src/robot_launch' with type 'ros.ament_python' and name 'robot_launch'
[0.334s] Level 1:colcon.colcon_core.package_identification:_identify(src/robot_navigation) by extensions ['ignore', 'ignore_ament_install']
[0.334s] Level 1:colcon.colcon_core.package_identification:_identify(src/robot_navigation) by extension 'ignore'
[0.335s] Level 1:colcon.colcon_core.package_identification:_identify(src/robot_navigation) by extension 'ignore_ament_install'
[0.335s] Level 1:colcon.colcon_core.package_identification:_identify(src/robot_navigation) by extensions ['colcon_pkg']
[0.335s] Level 1:colcon.colcon_core.package_identification:_identify(src/robot_navigation) by extension 'colcon_pkg'
[0.335s] Level 1:colcon.colcon_core.package_identification:_identify(src/robot_navigation) by extensions ['colcon_meta']
[0.335s] Level 1:colcon.colcon_core.package_identification:_identify(src/robot_navigation) by extension 'colcon_meta'
[0.335s] Level 1:colcon.colcon_core.package_identification:_identify(src/robot_navigation) by extensions ['ros']
[0.335s] Level 1:colcon.colcon_core.package_identification:_identify(src/robot_navigation) by extension 'ros'
[0.338s] DEBUG:colcon.colcon_core.package_identification:Package 'src/robot_navigation' with type 'ros.ament_cmake' and name 'robot_navigation'
[0.338s] Level 1:colcon.colcon_core.package_identification:_identify(src/robot_perception) by extensions ['ignore', 'ignore_ament_install']
[0.338s] Level 1:colcon.colcon_core.package_identification:_identify(src/robot_perception) by extension 'ignore'
[0.338s] Level 1:colcon.colcon_core.package_identification:_identify(src/robot_perception) by extension 'ignore_ament_install'
[0.338s] Level 1:colcon.colcon_core.package_identification:_identify(src/robot_perception) by extensions ['colcon_pkg']
[0.338s] Level 1:colcon.colcon_core.package_identification:_identify(src/robot_perception) by extension 'colcon_pkg'
[0.338s] Level 1:colcon.colcon_core.package_identification:_identify(src/robot_perception) by extensions ['colcon_meta']
[0.338s] Level 1:colcon.colcon_core.package_identification:_identify(src/robot_perception) by extension 'colcon_meta'
[0.338s] Level 1:colcon.colcon_core.package_identification:_identify(src/robot_perception) by extensions ['ros']
[0.338s] Level 1:colcon.colcon_core.package_identification:_identify(src/robot_perception) by extension 'ros'
[0.341s] WARNING:colcon.colcon_core.package_identification:ROS package 'robot_perception' in 'src/robot_perception' has more than one build type
[0.341s] Level 1:colcon.colcon_core.package_identification:_identify(src/robot_perception) by extensions ['cmake', 'python']
[0.341s] Level 1:colcon.colcon_core.package_identification:_identify(src/robot_perception) by extension 'cmake'
[0.343s] Level 1:colcon.colcon_core.package_identification:_identify(src/robot_perception) by extension 'python'
[0.343s] DEBUG:colcon.colcon_core.package_identification:Python package in 'src/robot_perception' passes arguments to the setup() function which requires a different identification extension than 'python'
[0.343s] DEBUG:colcon.colcon_core.package_identification:Package 'src/robot_perception' with type 'cmake' and name 'robot_perception'
[0.343s] Level 1:colcon.colcon_core.package_discovery:discover_packages(recursive) using defaults
[0.343s] Level 1:colcon.colcon_core.package_discovery:discover_packages(ignore) discover
[0.343s] Level 1:colcon.colcon_core.package_discovery:discover_packages(ignore) using defaults
[0.343s] Level 1:colcon.colcon_core.package_discovery:discover_packages(path) discover
[0.343s] Level 1:colcon.colcon_core.package_discovery:discover_packages(path) using defaults
[0.363s] Level 5:colcon.colcon_core.verb:set package 'arduino_bridge' build argument 'cmake_args' from command line to 'None'
[0.364s] Level 5:colcon.colcon_core.verb:set package 'arduino_bridge' build argument 'cmake_target' from command line to 'None'
[0.364s] Level 5:colcon.colcon_core.verb:set package 'arduino_bridge' build argument 'cmake_target_skip_unavailable' from command line to 'False'
[0.364s] Level 5:colcon.colcon_core.verb:set package 'arduino_bridge' build argument 'cmake_clean_cache' from command line to 'False'
[0.364s] Level 5:colcon.colcon_core.verb:set package 'arduino_bridge' build argument 'cmake_clean_first' from command line to 'False'
[0.364s] Level 5:colcon.colcon_core.verb:set package 'arduino_bridge' build argument 'cmake_force_configure' from command line to 'False'
[0.364s] Level 5:colcon.colcon_core.verb:set package 'arduino_bridge' build argument 'ament_cmake_args' from command line to 'None'
[0.364s] Level 5:colcon.colcon_core.verb:set package 'arduino_bridge' build argument 'catkin_cmake_args' from command line to 'None'
[0.364s] Level 5:colcon.colcon_core.verb:set package 'arduino_bridge' build argument 'catkin_skip_building_tests' from command line to 'False'
[0.364s] DEBUG:colcon.colcon_core.verb:Building package 'arduino_bridge' with the following arguments: {'ament_cmake_args': None, 'build_base': '/root/Dojo/Dojo/build/arduino_bridge', 'catkin_cmake_args': None, 'catkin_skip_building_tests': False, 'cmake_args': None, 'cmake_clean_cache': False, 'cmake_clean_first': False, 'cmake_force_configure': False, 'cmake_target': None, 'cmake_target_skip_unavailable': False, 'install_base': '/root/Dojo/Dojo/install/arduino_bridge', 'merge_install': False, 'path': '/root/Dojo/Dojo/backup_packages/arduino_bridge', 'symlink_install': True, 'test_result_base': None}
[0.364s] Level 5:colcon.colcon_core.verb:set package 'nv21_converter_pkg' build argument 'cmake_args' from command line to 'None'
[0.364s] Level 5:colcon.colcon_core.verb:set package 'nv21_converter_pkg' build argument 'cmake_target' from command line to 'None'
[0.364s] Level 5:colcon.colcon_core.verb:set package 'nv21_converter_pkg' build argument 'cmake_target_skip_unavailable' from command line to 'False'
[0.364s] Level 5:colcon.colcon_core.verb:set package 'nv21_converter_pkg' build argument 'cmake_clean_cache' from command line to 'False'
[0.364s] Level 5:colcon.colcon_core.verb:set package 'nv21_converter_pkg' build argument 'cmake_clean_first' from command line to 'False'
[0.364s] Level 5:colcon.colcon_core.verb:set package 'nv21_converter_pkg' build argument 'cmake_force_configure' from command line to 'False'
[0.364s] Level 5:colcon.colcon_core.verb:set package 'nv21_converter_pkg' build argument 'ament_cmake_args' from command line to 'None'
[0.364s] Level 5:colcon.colcon_core.verb:set package 'nv21_converter_pkg' build argument 'catkin_cmake_args' from command line to 'None'
[0.364s] Level 5:colcon.colcon_core.verb:set package 'nv21_converter_pkg' build argument 'catkin_skip_building_tests' from command line to 'False'
[0.364s] DEBUG:colcon.colcon_core.verb:Building package 'nv21_converter_pkg' with the following arguments: {'ament_cmake_args': None, 'build_base': '/root/Dojo/Dojo/build/nv21_converter_pkg', 'catkin_cmake_args': None, 'catkin_skip_building_tests': False, 'cmake_args': None, 'cmake_clean_cache': False, 'cmake_clean_first': False, 'cmake_force_configure': False, 'cmake_target': None, 'cmake_target_skip_unavailable': False, 'install_base': '/root/Dojo/Dojo/install/nv21_converter_pkg', 'merge_install': False, 'path': '/root/Dojo/Dojo/backup_packages/camera_ws/src/nv21_converter_pkg', 'symlink_install': True, 'test_result_base': None}
[0.365s] Level 5:colcon.colcon_core.verb:set package 'robot_control' build argument 'cmake_args' from command line to 'None'
[0.365s] Level 5:colcon.colcon_core.verb:set package 'robot_control' build argument 'cmake_target' from command line to 'None'
[0.365s] Level 5:colcon.colcon_core.verb:set package 'robot_control' build argument 'cmake_target_skip_unavailable' from command line to 'False'
[0.365s] Level 5:colcon.colcon_core.verb:set package 'robot_control' build argument 'cmake_clean_cache' from command line to 'False'
[0.365s] Level 5:colcon.colcon_core.verb:set package 'robot_control' build argument 'cmake_clean_first' from command line to 'False'
[0.365s] Level 5:colcon.colcon_core.verb:set package 'robot_control' build argument 'cmake_force_configure' from command line to 'False'
[0.365s] Level 5:colcon.colcon_core.verb:set package 'robot_control' build argument 'ament_cmake_args' from command line to 'None'
[0.365s] Level 5:colcon.colcon_core.verb:set package 'robot_control' build argument 'catkin_cmake_args' from command line to 'None'
[0.365s] Level 5:colcon.colcon_core.verb:set package 'robot_control' build argument 'catkin_skip_building_tests' from command line to 'False'
[0.365s] DEBUG:colcon.colcon_core.verb:Building package 'robot_control' with the following arguments: {'ament_cmake_args': None, 'build_base': '/root/Dojo/Dojo/build/robot_control', 'catkin_cmake_args': None, 'catkin_skip_building_tests': False, 'cmake_args': None, 'cmake_clean_cache': False, 'cmake_clean_first': False, 'cmake_force_configure': False, 'cmake_target': None, 'cmake_target_skip_unavailable': False, 'install_base': '/root/Dojo/Dojo/install/robot_control', 'merge_install': False, 'path': '/root/Dojo/Dojo/src/robot_control', 'symlink_install': True, 'test_result_base': None}
[0.365s] Level 5:colcon.colcon_core.verb:set package 'robot_description' build argument 'cmake_args' from command line to 'None'
[0.365s] Level 5:colcon.colcon_core.verb:set package 'robot_description' build argument 'cmake_target' from command line to 'None'
[0.365s] Level 5:colcon.colcon_core.verb:set package 'robot_description' build argument 'cmake_target_skip_unavailable' from command line to 'False'
[0.365s] Level 5:colcon.colcon_core.verb:set package 'robot_description' build argument 'cmake_clean_cache' from command line to 'False'
[0.365s] Level 5:colcon.colcon_core.verb:set package 'robot_description' build argument 'cmake_clean_first' from command line to 'False'
[0.365s] Level 5:colcon.colcon_core.verb:set package 'robot_description' build argument 'cmake_force_configure' from command line to 'False'
[0.365s] Level 5:colcon.colcon_core.verb:set package 'robot_description' build argument 'ament_cmake_args' from command line to 'None'
[0.365s] Level 5:colcon.colcon_core.verb:set package 'robot_description' build argument 'catkin_cmake_args' from command line to 'None'
[0.365s] Level 5:colcon.colcon_core.verb:set package 'robot_description' build argument 'catkin_skip_building_tests' from command line to 'False'
[0.365s] DEBUG:colcon.colcon_core.verb:Building package 'robot_description' with the following arguments: {'ament_cmake_args': None, 'build_base': '/root/Dojo/Dojo/build/robot_description', 'catkin_cmake_args': None, 'catkin_skip_building_tests': False, 'cmake_args': None, 'cmake_clean_cache': False, 'cmake_clean_first': False, 'cmake_force_configure': False, 'cmake_target': None, 'cmake_target_skip_unavailable': False, 'install_base': '/root/Dojo/Dojo/install/robot_description', 'merge_install': False, 'path': '/root/Dojo/Dojo/src/robot_description', 'symlink_install': True, 'test_result_base': None}
[0.365s] Level 5:colcon.colcon_core.verb:set package 'robot_hardware' build argument 'cmake_args' from command line to 'None'
[0.365s] Level 5:colcon.colcon_core.verb:set package 'robot_hardware' build argument 'cmake_target' from command line to 'None'
[0.366s] Level 5:colcon.colcon_core.verb:set package 'robot_hardware' build argument 'cmake_target_skip_unavailable' from command line to 'False'
[0.366s] Level 5:colcon.colcon_core.verb:set package 'robot_hardware' build argument 'cmake_clean_cache' from command line to 'False'
[0.366s] Level 5:colcon.colcon_core.verb:set package 'robot_hardware' build argument 'cmake_clean_first' from command line to 'False'
[0.366s] Level 5:colcon.colcon_core.verb:set package 'robot_hardware' build argument 'cmake_force_configure' from command line to 'False'
[0.366s] Level 5:colcon.colcon_core.verb:set package 'robot_hardware' build argument 'ament_cmake_args' from command line to 'None'
[0.366s] Level 5:colcon.colcon_core.verb:set package 'robot_hardware' build argument 'catkin_cmake_args' from command line to 'None'
[0.366s] Level 5:colcon.colcon_core.verb:set package 'robot_hardware' build argument 'catkin_skip_building_tests' from command line to 'False'
[0.366s] DEBUG:colcon.colcon_core.verb:Building package 'robot_hardware' with the following arguments: {'ament_cmake_args': None, 'build_base': '/root/Dojo/Dojo/build/robot_hardware', 'catkin_cmake_args': None, 'catkin_skip_building_tests': False, 'cmake_args': None, 'cmake_clean_cache': False, 'cmake_clean_first': False, 'cmake_force_configure': False, 'cmake_target': None, 'cmake_target_skip_unavailable': False, 'install_base': '/root/Dojo/Dojo/install/robot_hardware', 'merge_install': False, 'path': '/root/Dojo/Dojo/src/robot_hardware', 'symlink_install': True, 'test_result_base': None}
[0.366s] Level 5:colcon.colcon_core.verb:set package 'robot_interfaces' build argument 'cmake_args' from command line to 'None'
[0.366s] Level 5:colcon.colcon_core.verb:set package 'robot_interfaces' build argument 'cmake_target' from command line to 'None'
[0.366s] Level 5:colcon.colcon_core.verb:set package 'robot_interfaces' build argument 'cmake_target_skip_unavailable' from command line to 'False'
[0.366s] Level 5:colcon.colcon_core.verb:set package 'robot_interfaces' build argument 'cmake_clean_cache' from command line to 'False'
[0.366s] Level 5:colcon.colcon_core.verb:set package 'robot_interfaces' build argument 'cmake_clean_first' from command line to 'False'
[0.366s] Level 5:colcon.colcon_core.verb:set package 'robot_interfaces' build argument 'cmake_force_configure' from command line to 'False'
[0.366s] Level 5:colcon.colcon_core.verb:set package 'robot_interfaces' build argument 'ament_cmake_args' from command line to 'None'
[0.366s] Level 5:colcon.colcon_core.verb:set package 'robot_interfaces' build argument 'catkin_cmake_args' from command line to 'None'
[0.366s] Level 5:colcon.colcon_core.verb:set package 'robot_interfaces' build argument 'catkin_skip_building_tests' from command line to 'False'
[0.366s] DEBUG:colcon.colcon_core.verb:Building package 'robot_interfaces' with the following arguments: {'ament_cmake_args': None, 'build_base': '/root/Dojo/Dojo/build/robot_interfaces', 'catkin_cmake_args': None, 'catkin_skip_building_tests': False, 'cmake_args': None, 'cmake_clean_cache': False, 'cmake_clean_first': False, 'cmake_force_configure': False, 'cmake_target': None, 'cmake_target_skip_unavailable': False, 'install_base': '/root/Dojo/Dojo/install/robot_interfaces', 'merge_install': False, 'path': '/root/Dojo/Dojo/src/robot_interfaces', 'symlink_install': True, 'test_result_base': None}
[0.366s] Level 5:colcon.colcon_core.verb:set package 'robot_perception' build argument 'cmake_args' from command line to 'None'
[0.366s] Level 5:colcon.colcon_core.verb:set package 'robot_perception' build argument 'cmake_target' from command line to 'None'
[0.366s] Level 5:colcon.colcon_core.verb:set package 'robot_perception' build argument 'cmake_target_skip_unavailable' from command line to 'False'
[0.366s] Level 5:colcon.colcon_core.verb:set package 'robot_perception' build argument 'cmake_clean_cache' from command line to 'False'
[0.366s] Level 5:colcon.colcon_core.verb:set package 'robot_perception' build argument 'cmake_clean_first' from command line to 'False'
[0.366s] Level 5:colcon.colcon_core.verb:set package 'robot_perception' build argument 'cmake_force_configure' from command line to 'False'
[0.367s] Level 5:colcon.colcon_core.verb:set package 'robot_perception' build argument 'ament_cmake_args' from command line to 'None'
[0.367s] Level 5:colcon.colcon_core.verb:set package 'robot_perception' build argument 'catkin_cmake_args' from command line to 'None'
[0.367s] Level 5:colcon.colcon_core.verb:set package 'robot_perception' build argument 'catkin_skip_building_tests' from command line to 'False'
[0.367s] DEBUG:colcon.colcon_core.verb:Building package 'robot_perception' with the following arguments: {'ament_cmake_args': None, 'build_base': '/root/Dojo/Dojo/build/robot_perception', 'catkin_cmake_args': None, 'catkin_skip_building_tests': False, 'cmake_args': None, 'cmake_clean_cache': False, 'cmake_clean_first': False, 'cmake_force_configure': False, 'cmake_target': None, 'cmake_target_skip_unavailable': False, 'install_base': '/root/Dojo/Dojo/install/robot_perception', 'merge_install': False, 'path': '/root/Dojo/Dojo/src/robot_perception', 'symlink_install': True, 'test_result_base': None}
[0.367s] Level 5:colcon.colcon_core.verb:set package 'robot_sensors' build argument 'cmake_args' from command line to 'None'
[0.367s] Level 5:colcon.colcon_core.verb:set package 'robot_sensors' build argument 'cmake_target' from command line to 'None'
[0.367s] Level 5:colcon.colcon_core.verb:set package 'robot_sensors' build argument 'cmake_target_skip_unavailable' from command line to 'False'
[0.367s] Level 5:colcon.colcon_core.verb:set package 'robot_sensors' build argument 'cmake_clean_cache' from command line to 'False'
[0.367s] Level 5:colcon.colcon_core.verb:set package 'robot_sensors' build argument 'cmake_clean_first' from command line to 'False'
[0.367s] Level 5:colcon.colcon_core.verb:set package 'robot_sensors' build argument 'cmake_force_configure' from command line to 'False'
[0.367s] Level 5:colcon.colcon_core.verb:set package 'robot_sensors' build argument 'ament_cmake_args' from command line to 'None'
[0.367s] Level 5:colcon.colcon_core.verb:set package 'robot_sensors' build argument 'catkin_cmake_args' from command line to 'None'
[0.367s] Level 5:colcon.colcon_core.verb:set package 'robot_sensors' build argument 'catkin_skip_building_tests' from command line to 'False'
[0.367s] DEBUG:colcon.colcon_core.verb:Building package 'robot_sensors' with the following arguments: {'ament_cmake_args': None, 'build_base': '/root/Dojo/Dojo/build/robot_sensors', 'catkin_cmake_args': None, 'catkin_skip_building_tests': False, 'cmake_args': None, 'cmake_clean_cache': False, 'cmake_clean_first': False, 'cmake_force_configure': False, 'cmake_target': None, 'cmake_target_skip_unavailable': False, 'install_base': '/root/Dojo/Dojo/install/robot_sensors', 'merge_install': False, 'path': '/root/Dojo/Dojo/backup_packages/robot_sensors', 'symlink_install': True, 'test_result_base': None}
[0.367s] Level 5:colcon.colcon_core.verb:set package 'ros2arduino_bridge' build argument 'cmake_args' from command line to 'None'
[0.367s] Level 5:colcon.colcon_core.verb:set package 'ros2arduino_bridge' build argument 'cmake_target' from command line to 'None'
[0.367s] Level 5:colcon.colcon_core.verb:set package 'ros2arduino_bridge' build argument 'cmake_target_skip_unavailable' from command line to 'False'
[0.367s] Level 5:colcon.colcon_core.verb:set package 'ros2arduino_bridge' build argument 'cmake_clean_cache' from command line to 'False'
[0.367s] Level 5:colcon.colcon_core.verb:set package 'ros2arduino_bridge' build argument 'cmake_clean_first' from command line to 'False'
[0.367s] Level 5:colcon.colcon_core.verb:set package 'ros2arduino_bridge' build argument 'cmake_force_configure' from command line to 'False'
[0.367s] Level 5:colcon.colcon_core.verb:set package 'ros2arduino_bridge' build argument 'ament_cmake_args' from command line to 'None'
[0.367s] Level 5:colcon.colcon_core.verb:set package 'ros2arduino_bridge' build argument 'catkin_cmake_args' from command line to 'None'
[0.367s] Level 5:colcon.colcon_core.verb:set package 'ros2arduino_bridge' build argument 'catkin_skip_building_tests' from command line to 'False'
[0.367s] DEBUG:colcon.colcon_core.verb:Building package 'ros2arduino_bridge' with the following arguments: {'ament_cmake_args': None, 'build_base': '/root/Dojo/Dojo/build/ros2arduino_bridge', 'catkin_cmake_args': None, 'catkin_skip_building_tests': False, 'cmake_args': None, 'cmake_clean_cache': False, 'cmake_clean_first': False, 'cmake_force_configure': False, 'cmake_target': None, 'cmake_target_skip_unavailable': False, 'install_base': '/root/Dojo/Dojo/install/ros2arduino_bridge', 'merge_install': False, 'path': '/root/Dojo/Dojo/backup_packages/ros2arduino_bridge', 'symlink_install': True, 'test_result_base': None}
[0.368s] Level 5:colcon.colcon_core.verb:set package 'vision_system' build argument 'cmake_args' from command line to 'None'
[0.368s] Level 5:colcon.colcon_core.verb:set package 'vision_system' build argument 'cmake_target' from command line to 'None'
[0.368s] Level 5:colcon.colcon_core.verb:set package 'vision_system' build argument 'cmake_target_skip_unavailable' from command line to 'False'
[0.368s] Level 5:colcon.colcon_core.verb:set package 'vision_system' build argument 'cmake_clean_cache' from command line to 'False'
[0.368s] Level 5:colcon.colcon_core.verb:set package 'vision_system' build argument 'cmake_clean_first' from command line to 'False'
[0.368s] Level 5:colcon.colcon_core.verb:set package 'vision_system' build argument 'cmake_force_configure' from command line to 'False'
[0.368s] Level 5:colcon.colcon_core.verb:set package 'vision_system' build argument 'ament_cmake_args' from command line to 'None'
[0.368s] Level 5:colcon.colcon_core.verb:set package 'vision_system' build argument 'catkin_cmake_args' from command line to 'None'
[0.368s] Level 5:colcon.colcon_core.verb:set package 'vision_system' build argument 'catkin_skip_building_tests' from command line to 'False'
[0.368s] DEBUG:colcon.colcon_core.verb:Building package 'vision_system' with the following arguments: {'ament_cmake_args': None, 'build_base': '/root/Dojo/Dojo/build/vision_system', 'catkin_cmake_args': None, 'catkin_skip_building_tests': False, 'cmake_args': None, 'cmake_clean_cache': False, 'cmake_clean_first': False, 'cmake_force_configure': False, 'cmake_target': None, 'cmake_target_skip_unavailable': False, 'install_base': '/root/Dojo/Dojo/install/vision_system', 'merge_install': False, 'path': '/root/Dojo/Dojo/backup_packages/vision_system', 'symlink_install': True, 'test_result_base': None}
[0.368s] Level 5:colcon.colcon_core.verb:set package 'robot_gazebo' build argument 'cmake_args' from command line to 'None'
[0.368s] Level 5:colcon.colcon_core.verb:set package 'robot_gazebo' build argument 'cmake_target' from command line to 'None'
[0.368s] Level 5:colcon.colcon_core.verb:set package 'robot_gazebo' build argument 'cmake_target_skip_unavailable' from command line to 'False'
[0.368s] Level 5:colcon.colcon_core.verb:set package 'robot_gazebo' build argument 'cmake_clean_cache' from command line to 'False'
[0.368s] Level 5:colcon.colcon_core.verb:set package 'robot_gazebo' build argument 'cmake_clean_first' from command line to 'False'
[0.368s] Level 5:colcon.colcon_core.verb:set package 'robot_gazebo' build argument 'cmake_force_configure' from command line to 'False'
[0.368s] Level 5:colcon.colcon_core.verb:set package 'robot_gazebo' build argument 'ament_cmake_args' from command line to 'None'
[0.368s] Level 5:colcon.colcon_core.verb:set package 'robot_gazebo' build argument 'catkin_cmake_args' from command line to 'None'
[0.368s] Level 5:colcon.colcon_core.verb:set package 'robot_gazebo' build argument 'catkin_skip_building_tests' from command line to 'False'
[0.368s] DEBUG:colcon.colcon_core.verb:Building package 'robot_gazebo' with the following arguments: {'ament_cmake_args': None, 'build_base': '/root/Dojo/Dojo/build/robot_gazebo', 'catkin_cmake_args': None, 'catkin_skip_building_tests': False, 'cmake_args': None, 'cmake_clean_cache': False, 'cmake_clean_first': False, 'cmake_force_configure': False, 'cmake_target': None, 'cmake_target_skip_unavailable': False, 'install_base': '/root/Dojo/Dojo/install/robot_gazebo', 'merge_install': False, 'path': '/root/Dojo/Dojo/src/robot_gazebo', 'symlink_install': True, 'test_result_base': None}
[0.369s] Level 5:colcon.colcon_core.verb:set package 'robot_launch' build argument 'cmake_args' from command line to 'None'
[0.369s] Level 5:colcon.colcon_core.verb:set package 'robot_launch' build argument 'cmake_target' from command line to 'None'
[0.369s] Level 5:colcon.colcon_core.verb:set package 'robot_launch' build argument 'cmake_target_skip_unavailable' from command line to 'False'
[0.369s] Level 5:colcon.colcon_core.verb:set package 'robot_launch' build argument 'cmake_clean_cache' from command line to 'False'
[0.369s] Level 5:colcon.colcon_core.verb:set package 'robot_launch' build argument 'cmake_clean_first' from command line to 'False'
[0.369s] Level 5:colcon.colcon_core.verb:set package 'robot_launch' build argument 'cmake_force_configure' from command line to 'False'
[0.369s] Level 5:colcon.colcon_core.verb:set package 'robot_launch' build argument 'ament_cmake_args' from command line to 'None'
[0.369s] Level 5:colcon.colcon_core.verb:set package 'robot_launch' build argument 'catkin_cmake_args' from command line to 'None'
[0.369s] Level 5:colcon.colcon_core.verb:set package 'robot_launch' build argument 'catkin_skip_building_tests' from command line to 'False'
[0.369s] DEBUG:colcon.colcon_core.verb:Building package 'robot_launch' with the following arguments: {'ament_cmake_args': None, 'build_base': '/root/Dojo/Dojo/build/robot_launch', 'catkin_cmake_args': None, 'catkin_skip_building_tests': False, 'cmake_args': None, 'cmake_clean_cache': False, 'cmake_clean_first': False, 'cmake_force_configure': False, 'cmake_target': None, 'cmake_target_skip_unavailable': False, 'install_base': '/root/Dojo/Dojo/install/robot_launch', 'merge_install': False, 'path': '/root/Dojo/Dojo/src/robot_launch', 'symlink_install': True, 'test_result_base': None}
[0.369s] Level 5:colcon.colcon_core.verb:set package 'robot_navigation' build argument 'cmake_args' from command line to 'None'
[0.369s] Level 5:colcon.colcon_core.verb:set package 'robot_navigation' build argument 'cmake_target' from command line to 'None'
[0.369s] Level 5:colcon.colcon_core.verb:set package 'robot_navigation' build argument 'cmake_target_skip_unavailable' from command line to 'False'
[0.369s] Level 5:colcon.colcon_core.verb:set package 'robot_navigation' build argument 'cmake_clean_cache' from command line to 'False'
[0.369s] Level 5:colcon.colcon_core.verb:set package 'robot_navigation' build argument 'cmake_clean_first' from command line to 'False'
[0.369s] Level 5:colcon.colcon_core.verb:set package 'robot_navigation' build argument 'cmake_force_configure' from command line to 'False'
[0.369s] Level 5:colcon.colcon_core.verb:set package 'robot_navigation' build argument 'ament_cmake_args' from command line to 'None'
[0.369s] Level 5:colcon.colcon_core.verb:set package 'robot_navigation' build argument 'catkin_cmake_args' from command line to 'None'
[0.369s] Level 5:colcon.colcon_core.verb:set package 'robot_navigation' build argument 'catkin_skip_building_tests' from command line to 'False'
[0.369s] DEBUG:colcon.colcon_core.verb:Building package 'robot_navigation' with the following arguments: {'ament_cmake_args': None, 'build_base': '/root/Dojo/Dojo/build/robot_navigation', 'catkin_cmake_args': None, 'catkin_skip_building_tests': False, 'cmake_args': None, 'cmake_clean_cache': False, 'cmake_clean_first': False, 'cmake_force_configure': False, 'cmake_target': None, 'cmake_target_skip_unavailable': False, 'install_base': '/root/Dojo/Dojo/install/robot_navigation', 'merge_install': False, 'path': '/root/Dojo/Dojo/src/robot_navigation', 'symlink_install': True, 'test_result_base': None}
[0.370s] Level 5:colcon.colcon_core.verb:set package 'robot_bringup' build argument 'cmake_args' from command line to 'None'
[0.370s] Level 5:colcon.colcon_core.verb:set package 'robot_bringup' build argument 'cmake_target' from command line to 'None'
[0.370s] Level 5:colcon.colcon_core.verb:set package 'robot_bringup' build argument 'cmake_target_skip_unavailable' from command line to 'False'
[0.370s] Level 5:colcon.colcon_core.verb:set package 'robot_bringup' build argument 'cmake_clean_cache' from command line to 'False'
[0.370s] Level 5:colcon.colcon_core.verb:set package 'robot_bringup' build argument 'cmake_clean_first' from command line to 'False'
[0.370s] Level 5:colcon.colcon_core.verb:set package 'robot_bringup' build argument 'cmake_force_configure' from command line to 'False'
[0.370s] Level 5:colcon.colcon_core.verb:set package 'robot_bringup' build argument 'ament_cmake_args' from command line to 'None'
[0.370s] Level 5:colcon.colcon_core.verb:set package 'robot_bringup' build argument 'catkin_cmake_args' from command line to 'None'
[0.370s] Level 5:colcon.colcon_core.verb:set package 'robot_bringup' build argument 'catkin_skip_building_tests' from command line to 'False'
[0.370s] DEBUG:colcon.colcon_core.verb:Building package 'robot_bringup' with the following arguments: {'ament_cmake_args': None, 'build_base': '/root/Dojo/Dojo/build/robot_bringup', 'catkin_cmake_args': None, 'catkin_skip_building_tests': False, 'cmake_args': None, 'cmake_clean_cache': False, 'cmake_clean_first': False, 'cmake_force_configure': False, 'cmake_target': None, 'cmake_target_skip_unavailable': False, 'install_base': '/root/Dojo/Dojo/install/robot_bringup', 'merge_install': False, 'path': '/root/Dojo/Dojo/src/robot_bringup', 'symlink_install': True, 'test_result_base': None}
[0.370s] INFO:colcon.colcon_core.executor:Executing jobs using 'parallel' executor
[0.371s] DEBUG:colcon.colcon_parallel_executor.executor.parallel:run_until_complete
[0.371s] INFO:colcon.colcon_ros.task.ament_cmake.build:Building ROS package in '/root/Dojo/Dojo/src/robot_control' with build type 'ament_cmake'
[0.371s] INFO:colcon.colcon_cmake.task.cmake.build:Building CMake package in '/root/Dojo/Dojo/src/robot_control'
[0.374s] INFO:colcon.colcon_core.plugin_system:Skipping extension 'colcon_core.shell.bat': Not used on non-Windows systems
[0.374s] INFO:colcon.colcon_core.shell:Skip shell extension 'powershell' for command environment: Not usable outside of PowerShell
[0.374s] DEBUG:colcon.colcon_core.shell:Skip shell extension 'dsv' for command environment
[0.378s] INFO:colcon.colcon_ros.task.ament_cmake.build:Building ROS package in '/root/Dojo/Dojo/src/robot_description' with build type 'ament_cmake'
[0.378s] INFO:colcon.colcon_cmake.task.cmake.build:Building CMake package in '/root/Dojo/Dojo/src/robot_description'
[0.379s] INFO:colcon.colcon_core.shell:Skip shell extension 'powershell' for command environment: Not usable outside of PowerShell
[0.379s] DEBUG:colcon.colcon_core.shell:Skip shell extension 'dsv' for command environment
[0.382s] INFO:colcon.colcon_ros.task.ament_python.build:Building ROS package in '/root/Dojo/Dojo/src/robot_hardware' with build type 'ament_python'
[0.382s] Level 1:colcon.colcon_core.shell:create_environment_hook('robot_hardware', 'ament_prefix_path')
[0.382s] INFO:colcon.colcon_core.shell:Creating environment hook '/root/Dojo/Dojo/install/robot_hardware/share/robot_hardware/hook/ament_prefix_path.ps1'
[0.383s] INFO:colcon.colcon_core.shell:Creating environment descriptor '/root/Dojo/Dojo/install/robot_hardware/share/robot_hardware/hook/ament_prefix_path.dsv'
[0.383s] INFO:colcon.colcon_core.shell:Creating environment hook '/root/Dojo/Dojo/install/robot_hardware/share/robot_hardware/hook/ament_prefix_path.sh'
[0.384s] INFO:colcon.colcon_core.shell:Skip shell extension 'powershell' for command environment: Not usable outside of PowerShell
[0.384s] DEBUG:colcon.colcon_core.shell:Skip shell extension 'dsv' for command environment
[0.387s] INFO:colcon.colcon_cmake.task.cmake.build:Building CMake package in '/root/Dojo/Dojo/src/robot_perception'
[0.387s] INFO:colcon.colcon_core.shell:Skip shell extension 'powershell' for command environment: Not usable outside of PowerShell
[0.387s] DEBUG:colcon.colcon_core.shell:Skip shell extension 'dsv' for command environment
[0.391s] INFO:colcon.colcon_ros.task.ament_python.build:Building ROS package in '/root/Dojo/Dojo/backup_packages/arduino_bridge' with build type 'ament_python'
[0.391s] Level 1:colcon.colcon_core.shell:create_environment_hook('arduino_bridge', 'ament_prefix_path')
[0.392s] INFO:colcon.colcon_core.shell:Creating environment hook '/root/Dojo/Dojo/install/arduino_bridge/share/arduino_bridge/hook/ament_prefix_path.ps1'
[0.393s] INFO:colcon.colcon_core.shell:Creating environment descriptor '/root/Dojo/Dojo/install/arduino_bridge/share/arduino_bridge/hook/ament_prefix_path.dsv'
[0.393s] INFO:colcon.colcon_core.shell:Creating environment hook '/root/Dojo/Dojo/install/arduino_bridge/share/arduino_bridge/hook/ament_prefix_path.sh'
[0.394s] INFO:colcon.colcon_core.shell:Skip shell extension 'powershell' for command environment: Not usable outside of PowerShell
[0.394s] DEBUG:colcon.colcon_core.shell:Skip shell extension 'dsv' for command environment
[0.397s] INFO:colcon.colcon_ros.task.ament_python.build:Building ROS package in '/root/Dojo/Dojo/backup_packages/camera_ws/src/nv21_converter_pkg' with build type 'ament_python'
[0.397s] Level 1:colcon.colcon_core.shell:create_environment_hook('nv21_converter_pkg', 'ament_prefix_path')
[0.398s] INFO:colcon.colcon_core.shell:Creating environment hook '/root/Dojo/Dojo/install/nv21_converter_pkg/share/nv21_converter_pkg/hook/ament_prefix_path.ps1'
[0.398s] INFO:colcon.colcon_core.shell:Creating environment descriptor '/root/Dojo/Dojo/install/nv21_converter_pkg/share/nv21_converter_pkg/hook/ament_prefix_path.dsv'
[0.399s] INFO:colcon.colcon_core.shell:Creating environment hook '/root/Dojo/Dojo/install/nv21_converter_pkg/share/nv21_converter_pkg/hook/ament_prefix_path.sh'
[0.399s] INFO:colcon.colcon_core.shell:Skip shell extension 'powershell' for command environment: Not usable outside of PowerShell
[0.399s] DEBUG:colcon.colcon_core.shell:Skip shell extension 'dsv' for command environment
[0.402s] INFO:colcon.colcon_ros.task.ament_cmake.build:Building ROS package in '/root/Dojo/Dojo/src/robot_interfaces' with build type 'ament_cmake'
[0.403s] INFO:colcon.colcon_cmake.task.cmake.build:Building CMake package in '/root/Dojo/Dojo/src/robot_interfaces'
[0.403s] INFO:colcon.colcon_core.shell:Skip shell extension 'powershell' for command environment: Not usable outside of PowerShell
[0.403s] DEBUG:colcon.colcon_core.shell:Skip shell extension 'dsv' for command environment
[0.406s] INFO:colcon.colcon_ros.task.ament_python.build:Building ROS package in '/root/Dojo/Dojo/backup_packages/robot_sensors' with build type 'ament_python'
[0.407s] Level 1:colcon.colcon_core.shell:create_environment_hook('robot_sensors', 'ament_prefix_path')
[0.407s] INFO:colcon.colcon_core.shell:Creating environment hook '/root/Dojo/Dojo/install/robot_sensors/share/robot_sensors/hook/ament_prefix_path.ps1'
[0.407s] INFO:colcon.colcon_core.shell:Creating environment descriptor '/root/Dojo/Dojo/install/robot_sensors/share/robot_sensors/hook/ament_prefix_path.dsv'
[0.408s] INFO:colcon.colcon_core.shell:Creating environment hook '/root/Dojo/Dojo/install/robot_sensors/share/robot_sensors/hook/ament_prefix_path.sh'
[0.408s] INFO:colcon.colcon_core.shell:Skip shell extension 'powershell' for command environment: Not usable outside of PowerShell
[0.408s] DEBUG:colcon.colcon_core.shell:Skip shell extension 'dsv' for command environment
[0.412s] INFO:colcon.colcon_ros.task.ament_python.build:Building ROS package in '/root/Dojo/Dojo/backup_packages/ros2arduino_bridge' with build type 'ament_python'
[0.412s] Level 1:colcon.colcon_core.shell:create_environment_hook('ros2arduino_bridge', 'ament_prefix_path')
[0.412s] INFO:colcon.colcon_core.shell:Creating environment hook '/root/Dojo/Dojo/install/ros2arduino_bridge/share/ros2arduino_bridge/hook/ament_prefix_path.ps1'
[0.413s] INFO:colcon.colcon_core.shell:Creating environment descriptor '/root/Dojo/Dojo/install/ros2arduino_bridge/share/ros2arduino_bridge/hook/ament_prefix_path.dsv'
[0.413s] INFO:colcon.colcon_core.shell:Creating environment hook '/root/Dojo/Dojo/install/ros2arduino_bridge/share/ros2arduino_bridge/hook/ament_prefix_path.sh'
[0.414s] INFO:colcon.colcon_core.shell:Skip shell extension 'powershell' for command environment: Not usable outside of PowerShell
[0.414s] DEBUG:colcon.colcon_core.shell:Skip shell extension 'dsv' for command environment
[0.417s] INFO:colcon.colcon_ros.task.ament_python.build:Building ROS package in '/root/Dojo/Dojo/backup_packages/vision_system' with build type 'ament_python'
[0.417s] Level 1:colcon.colcon_core.shell:create_environment_hook('vision_system', 'ament_prefix_path')
[0.417s] INFO:colcon.colcon_core.shell:Creating environment hook '/root/Dojo/Dojo/install/vision_system/share/vision_system/hook/ament_prefix_path.ps1'
[0.418s] INFO:colcon.colcon_core.shell:Creating environment descriptor '/root/Dojo/Dojo/install/vision_system/share/vision_system/hook/ament_prefix_path.dsv'
[0.418s] INFO:colcon.colcon_core.shell:Creating environment hook '/root/Dojo/Dojo/install/vision_system/share/vision_system/hook/ament_prefix_path.sh'
[0.419s] INFO:colcon.colcon_core.shell:Skip shell extension 'powershell' for command environment: Not usable outside of PowerShell
[0.419s] DEBUG:colcon.colcon_core.shell:Skip shell extension 'dsv' for command environment
[0.428s] DEBUG:colcon.colcon_core.event_handler.log_command:Invoking command in '/root/Dojo/Dojo/build/robot_control': CMAKE_PREFIX_PATH=${CMAKE_PREFIX_PATH}:/root/Dojo/install/robot_hardware:/opt/ros/humble /usr/bin/cmake /root/Dojo/Dojo/src/robot_control -DAMENT_CMAKE_SYMLINK_INSTALL=1 -DCMAKE_INSTALL_PREFIX=/root/Dojo/Dojo/install/robot_control
[0.431s] DEBUG:colcon.colcon_core.event_handler.log_command:Invoking command in '/root/Dojo/Dojo/build/robot_description': CMAKE_PREFIX_PATH=${CMAKE_PREFIX_PATH}:/root/Dojo/install/robot_hardware:/opt/ros/humble /usr/bin/cmake /root/Dojo/Dojo/src/robot_description -DAMENT_CMAKE_SYMLINK_INSTALL=1 -DCMAKE_INSTALL_PREFIX=/root/Dojo/Dojo/install/robot_description
[0.760s] INFO:colcon.colcon_core.task.python.build:Building Python package in '/root/Dojo/Dojo/src/robot_hardware'
[0.760s] INFO:colcon.colcon_core.shell:Skip shell extension 'powershell' for command environment: Not usable outside of PowerShell
[0.760s] DEBUG:colcon.colcon_core.shell:Skip shell extension 'dsv' for command environment
[0.768s] DEBUG:colcon.colcon_core.event_handler.log_command:Invoking command in '/root/Dojo/Dojo/build/robot_perception': /usr/bin/cmake /root/Dojo/Dojo/src/robot_perception -DCMAKE_INSTALL_PREFIX=/root/Dojo/Dojo/install/robot_perception
[1.114s] INFO:colcon.colcon_core.task.python.build:Building Python package in '/root/Dojo/Dojo/backup_packages/arduino_bridge'
[1.114s] INFO:colcon.colcon_core.shell:Skip shell extension 'powershell' for command environment: Not usable outside of PowerShell
[1.114s] DEBUG:colcon.colcon_core.shell:Skip shell extension 'dsv' for command environment
[1.457s] INFO:colcon.colcon_core.task.python.build:Building Python package in '/root/Dojo/Dojo/backup_packages/camera_ws/src/nv21_converter_pkg'
[1.458s] INFO:colcon.colcon_core.shell:Skip shell extension 'powershell' for command environment: Not usable outside of PowerShell
[1.458s] DEBUG:colcon.colcon_core.shell:Skip shell extension 'dsv' for command environment
[1.464s] DEBUG:colcon.colcon_core.event_handler.log_command:Invoking command in '/root/Dojo/Dojo/build/robot_interfaces': CMAKE_PREFIX_PATH=${CMAKE_PREFIX_PATH}:/root/Dojo/install/robot_hardware:/opt/ros/humble /usr/bin/cmake /root/Dojo/Dojo/src/robot_interfaces -DAMENT_CMAKE_SYMLINK_INSTALL=1 -DCMAKE_INSTALL_PREFIX=/root/Dojo/Dojo/install/robot_interfaces
[1.821s] INFO:colcon.colcon_core.task.python.build:Building Python package in '/root/Dojo/Dojo/backup_packages/robot_sensors'
[1.822s] INFO:colcon.colcon_core.shell:Skip shell extension 'powershell' for command environment: Not usable outside of PowerShell
[1.822s] DEBUG:colcon.colcon_core.shell:Skip shell extension 'dsv' for command environment
[2.154s] INFO:colcon.colcon_core.task.python.build:Building Python package in '/root/Dojo/Dojo/backup_packages/ros2arduino_bridge'
[2.154s] INFO:colcon.colcon_core.shell:Skip shell extension 'powershell' for command environment: Not usable outside of PowerShell
[2.154s] DEBUG:colcon.colcon_core.shell:Skip shell extension 'dsv' for command environment
[2.486s] INFO:colcon.colcon_core.task.python.build:Building Python package in '/root/Dojo/Dojo/backup_packages/vision_system'
[2.486s] INFO:colcon.colcon_core.shell:Skip shell extension 'powershell' for command environment: Not usable outside of PowerShell
[2.486s] DEBUG:colcon.colcon_core.shell:Skip shell extension 'dsv' for command environment
[2.493s] DEBUG:colcon.colcon_core.event_handler.log_command:Invoked command in '/root/Dojo/Dojo/build/robot_perception' returned '0': /usr/bin/cmake /root/Dojo/Dojo/src/robot_perception -DCMAKE_INSTALL_PREFIX=/root/Dojo/Dojo/install/robot_perception
[2.494s] DEBUG:colcon.colcon_core.event_handler.log_command:Invoking command in '/root/Dojo/Dojo/build/robot_perception': /usr/bin/cmake --build /root/Dojo/Dojo/build/robot_perception -- -j16 -l16
[2.495s] DEBUG:colcon.colcon_core.event_handler.log_command:Invoked command in '/root/Dojo/Dojo/build/robot_control' returned '0': CMAKE_PREFIX_PATH=${CMAKE_PREFIX_PATH}:/root/Dojo/install/robot_hardware:/opt/ros/humble /usr/bin/cmake /root/Dojo/Dojo/src/robot_control -DAMENT_CMAKE_SYMLINK_INSTALL=1 -DCMAKE_INSTALL_PREFIX=/root/Dojo/Dojo/install/robot_control
[2.496s] DEBUG:colcon.colcon_core.event_handler.log_command:Invoking command in '/root/Dojo/Dojo/build/robot_control': CMAKE_PREFIX_PATH=${CMAKE_PREFIX_PATH}:/root/Dojo/install/robot_hardware:/opt/ros/humble /usr/bin/cmake --build /root/Dojo/Dojo/build/robot_control -- -j16 -l16
[2.497s] DEBUG:colcon.colcon_core.event_handler.log_command:Invoked command in '/root/Dojo/Dojo/build/robot_description' returned '0': CMAKE_PREFIX_PATH=${CMAKE_PREFIX_PATH}:/root/Dojo/install/robot_hardware:/opt/ros/humble /usr/bin/cmake /root/Dojo/Dojo/src/robot_description -DAMENT_CMAKE_SYMLINK_INSTALL=1 -DCMAKE_INSTALL_PREFIX=/root/Dojo/Dojo/install/robot_description
[2.498s] DEBUG:colcon.colcon_core.event_handler.log_command:Invoking command in '/root/Dojo/Dojo/build/robot_description': CMAKE_PREFIX_PATH=${CMAKE_PREFIX_PATH}:/root/Dojo/install/robot_hardware:/opt/ros/humble /usr/bin/cmake --build /root/Dojo/Dojo/build/robot_description -- -j16 -l16
[2.542s] DEBUG:colcon.colcon_core.event_handler.log_command:Invoked command in '/root/Dojo/Dojo/build/robot_control' returned '0': CMAKE_PREFIX_PATH=${CMAKE_PREFIX_PATH}:/root/Dojo/install/robot_hardware:/opt/ros/humble /usr/bin/cmake --build /root/Dojo/Dojo/build/robot_control -- -j16 -l16
[2.556s] DEBUG:colcon.colcon_core.event_handler.log_command:Invoking command in '/root/Dojo/Dojo/build/robot_control': CMAKE_PREFIX_PATH=${CMAKE_PREFIX_PATH}:/root/Dojo/install/robot_hardware:/opt/ros/humble /usr/bin/cmake --install /root/Dojo/Dojo/build/robot_control
[2.557s] DEBUG:colcon.colcon_core.event_handler.log_command:Invoked command in '/root/Dojo/Dojo/build/robot_description' returned '0': CMAKE_PREFIX_PATH=${CMAKE_PREFIX_PATH}:/root/Dojo/install/robot_hardware:/opt/ros/humble /usr/bin/cmake --build /root/Dojo/Dojo/build/robot_description -- -j16 -l16
[2.560s] DEBUG:colcon.colcon_core.event_handler.log_command:Invoking command in '/root/Dojo/Dojo/build/robot_description': CMAKE_PREFIX_PATH=${CMAKE_PREFIX_PATH}:/root/Dojo/install/robot_hardware:/opt/ros/humble /usr/bin/cmake --install /root/Dojo/Dojo/build/robot_description
[2.590s] Level 1:colcon.colcon_core.environment:create_environment_scripts_only(robot_control)
[2.593s] DEBUG:colcon.colcon_core.event_handler.log_command:Invoked command in '/root/Dojo/Dojo/build/robot_control' returned '0': CMAKE_PREFIX_PATH=${CMAKE_PREFIX_PATH}:/root/Dojo/install/robot_hardware:/opt/ros/humble /usr/bin/cmake --install /root/Dojo/Dojo/build/robot_control
[2.594s] Level 1:colcon.colcon_core.environment:checking '/root/Dojo/Dojo/install/robot_control' for CMake module files
[2.595s] Level 1:colcon.colcon_core.environment:checking '/root/Dojo/Dojo/install/robot_control' for CMake config files
[2.596s] Level 1:colcon.colcon_core.shell:create_environment_hook('robot_control', 'cmake_prefix_path')
[2.596s] INFO:colcon.colcon_core.shell:Creating environment hook '/root/Dojo/Dojo/install/robot_control/share/robot_control/hook/cmake_prefix_path.ps1'
[2.597s] INFO:colcon.colcon_core.shell:Creating environment descriptor '/root/Dojo/Dojo/install/robot_control/share/robot_control/hook/cmake_prefix_path.dsv'
[2.598s] INFO:colcon.colcon_core.shell:Creating environment hook '/root/Dojo/Dojo/install/robot_control/share/robot_control/hook/cmake_prefix_path.sh'
[2.599s] Level 1:colcon.colcon_core.environment:checking '/root/Dojo/Dojo/install/robot_control/bin'
[2.599s] Level 1:colcon.colcon_core.environment:checking '/root/Dojo/Dojo/install/robot_control/lib/pkgconfig/robot_control.pc'
[2.599s] Level 1:colcon.colcon_core.environment:checking '/root/Dojo/Dojo/install/robot_control/lib/python3.10/site-packages'
[2.599s] Level 1:colcon.colcon_core.environment:checking '/root/Dojo/Dojo/install/robot_control/bin'
[2.600s] INFO:colcon.colcon_core.shell:Creating package script '/root/Dojo/Dojo/install/robot_control/share/robot_control/package.ps1'
[2.601s] INFO:colcon.colcon_core.shell:Creating package descriptor '/root/Dojo/Dojo/install/robot_control/share/robot_control/package.dsv'
[2.602s] INFO:colcon.colcon_core.shell:Creating package script '/root/Dojo/Dojo/install/robot_control/share/robot_control/package.sh'
[2.603s] INFO:colcon.colcon_core.shell:Creating package script '/root/Dojo/Dojo/install/robot_control/share/robot_control/package.bash'
[2.604s] INFO:colcon.colcon_core.shell:Creating package script '/root/Dojo/Dojo/install/robot_control/share/robot_control/package.zsh'
[2.605s] Level 1:colcon.colcon_core.environment:create_file_with_runtime_dependencies(/root/Dojo/Dojo/install/robot_control/share/colcon-core/packages/robot_control)
[2.606s] Level 1:colcon.colcon_core.environment:create_environment_scripts_only(robot_control)
[2.606s] Level 1:colcon.colcon_core.environment:checking '/root/Dojo/Dojo/install/robot_control' for CMake module files
[2.607s] Level 1:colcon.colcon_core.environment:checking '/root/Dojo/Dojo/install/robot_control' for CMake config files
[2.607s] Level 1:colcon.colcon_core.shell:create_environment_hook('robot_control', 'cmake_prefix_path')
[2.608s] INFO:colcon.colcon_core.shell:Creating environment hook '/root/Dojo/Dojo/install/robot_control/share/robot_control/hook/cmake_prefix_path.ps1'
[2.609s] INFO:colcon.colcon_core.shell:Creating environment descriptor '/root/Dojo/Dojo/install/robot_control/share/robot_control/hook/cmake_prefix_path.dsv'
[2.609s] INFO:colcon.colcon_core.shell:Creating environment hook '/root/Dojo/Dojo/install/robot_control/share/robot_control/hook/cmake_prefix_path.sh'
[2.610s] Level 1:colcon.colcon_core.environment:checking '/root/Dojo/Dojo/install/robot_control/bin'
[2.610s] Level 1:colcon.colcon_core.environment:checking '/root/Dojo/Dojo/install/robot_control/lib/pkgconfig/robot_control.pc'
[2.610s] Level 1:colcon.colcon_core.environment:checking '/root/Dojo/Dojo/install/robot_control/lib/python3.10/site-packages'
[2.611s] Level 1:colcon.colcon_core.environment:checking '/root/Dojo/Dojo/install/robot_control/bin'
[2.611s] INFO:colcon.colcon_core.shell:Creating package script '/root/Dojo/Dojo/install/robot_control/share/robot_control/package.ps1'
[2.611s] INFO:colcon.colcon_core.shell:Creating package descriptor '/root/Dojo/Dojo/install/robot_control/share/robot_control/package.dsv'
[2.612s] INFO:colcon.colcon_core.shell:Creating package script '/root/Dojo/Dojo/install/robot_control/share/robot_control/package.sh'
[2.612s] INFO:colcon.colcon_core.shell:Creating package script '/root/Dojo/Dojo/install/robot_control/share/robot_control/package.bash'
[2.613s] INFO:colcon.colcon_core.shell:Creating package script '/root/Dojo/Dojo/install/robot_control/share/robot_control/package.zsh'
[2.613s] Level 1:colcon.colcon_core.environment:create_file_with_runtime_dependencies(/root/Dojo/Dojo/install/robot_control/share/colcon-core/packages/robot_control)
[2.614s] Level 1:colcon.colcon_core.environment:create_environment_scripts_only(robot_description)
[2.615s] Level 1:colcon.colcon_core.environment:checking '/root/Dojo/Dojo/install/robot_description' for CMake module files
[2.615s] DEBUG:colcon.colcon_core.event_handler.log_command:Invoked command in '/root/Dojo/Dojo/build/robot_description' returned '0': CMAKE_PREFIX_PATH=${CMAKE_PREFIX_PATH}:/root/Dojo/install/robot_hardware:/opt/ros/humble /usr/bin/cmake --install /root/Dojo/Dojo/build/robot_description
[2.616s] Level 1:colcon.colcon_core.environment:checking '/root/Dojo/Dojo/install/robot_description' for CMake config files
[2.616s] Level 1:colcon.colcon_core.shell:create_environment_hook('robot_description', 'cmake_prefix_path')
[2.617s] INFO:colcon.colcon_core.shell:Creating environment hook '/root/Dojo/Dojo/install/robot_description/share/robot_description/hook/cmake_prefix_path.ps1'
[2.617s] INFO:colcon.colcon_core.shell:Creating environment descriptor '/root/Dojo/Dojo/install/robot_description/share/robot_description/hook/cmake_prefix_path.dsv'
[2.618s] INFO:colcon.colcon_core.shell:Creating environment hook '/root/Dojo/Dojo/install/robot_description/share/robot_description/hook/cmake_prefix_path.sh'
[2.618s] Level 1:colcon.colcon_core.environment:checking '/root/Dojo/Dojo/install/robot_description/lib'
[2.619s] Level 1:colcon.colcon_core.environment:checking '/root/Dojo/Dojo/install/robot_description/bin'
[2.619s] Level 1:colcon.colcon_core.environment:checking '/root/Dojo/Dojo/install/robot_description/lib/pkgconfig/robot_description.pc'
[2.619s] Level 1:colcon.colcon_core.environment:checking '/root/Dojo/Dojo/install/robot_description/lib/python3.10/site-packages'
[2.619s] Level 1:colcon.colcon_core.shell:create_environment_hook('robot_description', 'pythonpath')
[2.620s] INFO:colcon.colcon_core.shell:Creating environment hook '/root/Dojo/Dojo/install/robot_description/share/robot_description/hook/pythonpath.ps1'
[2.620s] INFO:colcon.colcon_core.shell:Creating environment descriptor '/root/Dojo/Dojo/install/robot_description/share/robot_description/hook/pythonpath.dsv'
[2.621s] INFO:colcon.colcon_core.shell:Creating environment hook '/root/Dojo/Dojo/install/robot_description/share/robot_description/hook/pythonpath.sh'
[2.621s] Level 1:colcon.colcon_core.environment:checking '/root/Dojo/Dojo/install/robot_description/bin'
[2.622s] INFO:colcon.colcon_core.shell:Creating package script '/root/Dojo/Dojo/install/robot_description/share/robot_description/package.ps1'
[2.622s] INFO:colcon.colcon_core.shell:Creating package descriptor '/root/Dojo/Dojo/install/robot_description/share/robot_description/package.dsv'
[2.623s] INFO:colcon.colcon_core.shell:Creating package script '/root/Dojo/Dojo/install/robot_description/share/robot_description/package.sh'
[2.624s] INFO:colcon.colcon_core.shell:Creating package script '/root/Dojo/Dojo/install/robot_description/share/robot_description/package.bash'
[2.624s] INFO:colcon.colcon_core.shell:Creating package script '/root/Dojo/Dojo/install/robot_description/share/robot_description/package.zsh'
[2.625s] Level 1:colcon.colcon_core.environment:create_file_with_runtime_dependencies(/root/Dojo/Dojo/install/robot_description/share/colcon-core/packages/robot_description)
[2.626s] Level 1:colcon.colcon_core.environment:create_environment_scripts_only(robot_description)
[2.626s] Level 1:colcon.colcon_core.environment:checking '/root/Dojo/Dojo/install/robot_description' for CMake module files
[2.627s] Level 1:colcon.colcon_core.environment:checking '/root/Dojo/Dojo/install/robot_description' for CMake config files
[2.627s] Level 1:colcon.colcon_core.shell:create_environment_hook('robot_description', 'cmake_prefix_path')
[2.628s] INFO:colcon.colcon_core.shell:Creating environment hook '/root/Dojo/Dojo/install/robot_description/share/robot_description/hook/cmake_prefix_path.ps1'
[2.628s] INFO:colcon.colcon_core.shell:Creating environment descriptor '/root/Dojo/Dojo/install/robot_description/share/robot_description/hook/cmake_prefix_path.dsv'
[2.629s] INFO:colcon.colcon_core.shell:Creating environment hook '/root/Dojo/Dojo/install/robot_description/share/robot_description/hook/cmake_prefix_path.sh'
[2.630s] Level 1:colcon.colcon_core.environment:checking '/root/Dojo/Dojo/install/robot_description/lib'
[2.630s] Level 1:colcon.colcon_core.environment:checking '/root/Dojo/Dojo/install/robot_description/bin'
[2.630s] Level 1:colcon.colcon_core.environment:checking '/root/Dojo/Dojo/install/robot_description/lib/pkgconfig/robot_description.pc'
[2.630s] Level 1:colcon.colcon_core.environment:checking '/root/Dojo/Dojo/install/robot_description/lib/python3.10/site-packages'
[2.630s] Level 1:colcon.colcon_core.shell:create_environment_hook('robot_description', 'pythonpath')
[2.630s] INFO:colcon.colcon_core.shell:Creating environment hook '/root/Dojo/Dojo/install/robot_description/share/robot_description/hook/pythonpath.ps1'
[2.631s] INFO:colcon.colcon_core.shell:Creating environment descriptor '/root/Dojo/Dojo/install/robot_description/share/robot_description/hook/pythonpath.dsv'
[2.632s] INFO:colcon.colcon_core.shell:Creating environment hook '/root/Dojo/Dojo/install/robot_description/share/robot_description/hook/pythonpath.sh'
[2.632s] Level 1:colcon.colcon_core.environment:checking '/root/Dojo/Dojo/install/robot_description/bin'
[2.633s] INFO:colcon.colcon_core.shell:Creating package script '/root/Dojo/Dojo/install/robot_description/share/robot_description/package.ps1'
[2.634s] INFO:colcon.colcon_core.shell:Creating package descriptor '/root/Dojo/Dojo/install/robot_description/share/robot_description/package.dsv'
[2.634s] INFO:colcon.colcon_core.shell:Creating package script '/root/Dojo/Dojo/install/robot_description/share/robot_description/package.sh'
[2.635s] INFO:colcon.colcon_core.shell:Creating package script '/root/Dojo/Dojo/install/robot_description/share/robot_description/package.bash'
[2.635s] INFO:colcon.colcon_core.shell:Creating package script '/root/Dojo/Dojo/install/robot_description/share/robot_description/package.zsh'
[2.636s] Level 1:colcon.colcon_core.environment:create_file_with_runtime_dependencies(/root/Dojo/Dojo/install/robot_description/share/colcon-core/packages/robot_description)
[2.636s] INFO:colcon.colcon_ros.task.ament_cmake.build:Building ROS package in '/root/Dojo/Dojo/src/robot_navigation' with build type 'ament_cmake'
[2.637s] INFO:colcon.colcon_cmake.task.cmake.build:Building CMake package in '/root/Dojo/Dojo/src/robot_navigation'
[2.637s] INFO:colcon.colcon_core.shell:Skip shell extension 'powershell' for command environment: Not usable outside of PowerShell
[2.637s] DEBUG:colcon.colcon_core.shell:Skip shell extension 'dsv' for command environment
[2.644s] INFO:colcon.colcon_ros.task.ament_cmake.build:Building ROS package in '/root/Dojo/Dojo/src/robot_gazebo' with build type 'ament_cmake'
[2.644s] INFO:colcon.colcon_cmake.task.cmake.build:Building CMake package in '/root/Dojo/Dojo/src/robot_gazebo'
[2.645s] INFO:colcon.colcon_core.shell:Skip shell extension 'powershell' for command environment: Not usable outside of PowerShell
[2.645s] DEBUG:colcon.colcon_core.shell:Skip shell extension 'dsv' for command environment
[2.651s] INFO:colcon.colcon_ros.task.ament_python.build:Building ROS package in '/root/Dojo/Dojo/src/robot_launch' with build type 'ament_python'
[2.651s] Level 1:colcon.colcon_core.shell:create_environment_hook('robot_launch', 'ament_prefix_path')
[2.652s] INFO:colcon.colcon_core.shell:Creating environment hook '/root/Dojo/Dojo/install/robot_launch/share/robot_launch/hook/ament_prefix_path.ps1'
[2.653s] INFO:colcon.colcon_core.shell:Creating environment descriptor '/root/Dojo/Dojo/install/robot_launch/share/robot_launch/hook/ament_prefix_path.dsv'
[2.653s] INFO:colcon.colcon_core.shell:Creating environment hook '/root/Dojo/Dojo/install/robot_launch/share/robot_launch/hook/ament_prefix_path.sh'
[2.654s] INFO:colcon.colcon_core.shell:Skip shell extension 'powershell' for command environment: Not usable outside of PowerShell
[2.654s] DEBUG:colcon.colcon_core.shell:Skip shell extension 'dsv' for command environment
[2.668s] DEBUG:colcon.colcon_core.event_handler.log_command:Invoking command in '/root/Dojo/Dojo/build/robot_navigation': AMENT_PREFIX_PATH=/root/Dojo/Dojo/install/robot_description:/root/Dojo/Dojo/install/robot_control:${AMENT_PREFIX_PATH} CMAKE_PREFIX_PATH=/root/Dojo/Dojo/install/robot_description:/root/Dojo/Dojo/install/robot_control:/root/Dojo/install/robot_perception:/root/Dojo/install/robot_hardware:/opt/ros/humble PYTHONPATH=/root/Dojo/Dojo/install/robot_description/lib/python3.10/site-packages:${PYTHONPATH} /usr/bin/cmake /root/Dojo/Dojo/src/robot_navigation -DAMENT_CMAKE_SYMLINK_INSTALL=1 -DCMAKE_INSTALL_PREFIX=/root/Dojo/Dojo/install/robot_navigation
[2.671s] DEBUG:colcon.colcon_core.event_handler.log_command:Invoking command in '/root/Dojo/Dojo/build/robot_gazebo': AMENT_PREFIX_PATH=/root/Dojo/Dojo/install/robot_description:/root/Dojo/Dojo/install/robot_control:${AMENT_PREFIX_PATH} CMAKE_PREFIX_PATH=/root/Dojo/Dojo/install/robot_description:/root/Dojo/Dojo/install/robot_control:/root/Dojo/install/robot_perception:/root/Dojo/install/robot_hardware:/opt/ros/humble PYTHONPATH=/root/Dojo/Dojo/install/robot_description/lib/python3.10/site-packages:${PYTHONPATH} /usr/bin/cmake /root/Dojo/Dojo/src/robot_gazebo -DAMENT_CMAKE_SYMLINK_INSTALL=1 -DCMAKE_INSTALL_PREFIX=/root/Dojo/Dojo/install/robot_gazebo
[3.182s] INFO:colcon.colcon_core.task.python.build:Building Python package in '/root/Dojo/Dojo/src/robot_launch'
[3.182s] INFO:colcon.colcon_core.shell:Skip shell extension 'powershell' for command environment: Not usable outside of PowerShell
[3.182s] DEBUG:colcon.colcon_core.shell:Skip shell extension 'dsv' for command environment
[3.192s] DEBUG:colcon.colcon_core.event_handler.log_command:Invoked command in '/root/Dojo/Dojo/build/robot_interfaces' returned '0': CMAKE_PREFIX_PATH=${CMAKE_PREFIX_PATH}:/root/Dojo/install/robot_hardware:/opt/ros/humble /usr/bin/cmake /root/Dojo/Dojo/src/robot_interfaces -DAMENT_CMAKE_SYMLINK_INSTALL=1 -DCMAKE_INSTALL_PREFIX=/root/Dojo/Dojo/install/robot_interfaces
[3.193s] DEBUG:colcon.colcon_core.event_handler.log_command:Invoking command in '/root/Dojo/Dojo/build/robot_interfaces': CMAKE_PREFIX_PATH=${CMAKE_PREFIX_PATH}:/root/Dojo/install/robot_hardware:/opt/ros/humble /usr/bin/cmake --build /root/Dojo/Dojo/build/robot_interfaces -- -j16 -l16
[3.231s] DEBUG:colcon.colcon_core.event_handler.log_command:Invoked command in '/root/Dojo/Dojo/build/robot_perception' returned '0': /usr/bin/cmake --build /root/Dojo/Dojo/build/robot_perception -- -j16 -l16
[3.233s] DEBUG:colcon.colcon_core.event_handler.log_command:Invoking command in '/root/Dojo/Dojo/build/robot_perception': /usr/bin/cmake --install /root/Dojo/Dojo/build/robot_perception
[3.331s] Level 1:colcon.colcon_core.environment:create_environment_scripts_only(robot_perception)
[3.331s] Level 1:colcon.colcon_core.environment:checking '/root/Dojo/Dojo/install/robot_perception' for CMake module files
[3.332s] Level 1:colcon.colcon_core.environment:checking '/root/Dojo/Dojo/install/robot_perception' for CMake config files
[3.333s] DEBUG:colcon.colcon_core.event_handler.log_command:Invoked command in '/root/Dojo/Dojo/build/robot_perception' returned '0': /usr/bin/cmake --install /root/Dojo/Dojo/build/robot_perception
[3.333s] Level 1:colcon.colcon_core.shell:create_environment_hook('robot_perception', 'cmake_prefix_path')
[3.334s] INFO:colcon.colcon_core.shell:Creating environment hook '/root/Dojo/Dojo/install/robot_perception/share/robot_perception/hook/cmake_prefix_path.ps1'
[3.335s] INFO:colcon.colcon_core.shell:Creating environment descriptor '/root/Dojo/Dojo/install/robot_perception/share/robot_perception/hook/cmake_prefix_path.dsv'
[3.335s] INFO:colcon.colcon_core.shell:Creating environment hook '/root/Dojo/Dojo/install/robot_perception/share/robot_perception/hook/cmake_prefix_path.sh'
[3.336s] Level 1:colcon.colcon_core.environment:checking '/root/Dojo/Dojo/install/robot_perception/lib'
[3.336s] Level 1:colcon.colcon_core.environment:checking '/root/Dojo/Dojo/install/robot_perception/bin'
[3.336s] Level 1:colcon.colcon_core.environment:checking '/root/Dojo/Dojo/install/robot_perception/lib/pkgconfig/robot_perception.pc'
[3.336s] Level 1:colcon.colcon_core.environment:checking '/root/Dojo/Dojo/install/robot_perception/lib/python3.10/site-packages'
[3.337s] Level 1:colcon.colcon_core.environment:checking '/root/Dojo/Dojo/install/robot_perception/bin'
[3.337s] INFO:colcon.colcon_core.shell:Creating package script '/root/Dojo/Dojo/install/robot_perception/share/robot_perception/package.ps1'
[3.338s] INFO:colcon.colcon_core.shell:Creating package descriptor '/root/Dojo/Dojo/install/robot_perception/share/robot_perception/package.dsv'
[3.339s] INFO:colcon.colcon_core.shell:Creating package script '/root/Dojo/Dojo/install/robot_perception/share/robot_perception/package.sh'
[3.339s] INFO:colcon.colcon_core.shell:Creating package script '/root/Dojo/Dojo/install/robot_perception/share/robot_perception/package.bash'
[3.340s] INFO:colcon.colcon_core.shell:Creating package script '/root/Dojo/Dojo/install/robot_perception/share/robot_perception/package.zsh'
[3.341s] Level 1:colcon.colcon_core.environment:create_file_with_runtime_dependencies(/root/Dojo/Dojo/install/robot_perception/share/colcon-core/packages/robot_perception)
[3.352s] DEBUG:colcon.colcon_core.event_handler.log_command:Invoking command in '/root/Dojo/Dojo/build/robot_hardware': PYTHONPATH=/root/Dojo/Dojo/build/robot_hardware/prefix_override:/usr/lib/python3/dist-packages/colcon_core/task/python/colcon_distutils_commands:/root/Dojo/Dojo/install/robot_hardware/lib/python3.10/site-packages:${PYTHONPATH} /usr/bin/python3 -W ignore:setup.py install is deprecated -W ignore:easy_install command is deprecated setup.py develop --editable --build-directory /root/Dojo/Dojo/build/robot_hardware/build --no-deps symlink_data
[3.373s] DEBUG:colcon.colcon_core.event_handler.log_command:Invoking command in '/root/Dojo/Dojo/build/nv21_converter_pkg': PYTHONPATH=/root/Dojo/Dojo/build/nv21_converter_pkg/prefix_override:/usr/lib/python3/dist-packages/colcon_core/task/python/colcon_distutils_commands:/root/Dojo/Dojo/install/nv21_converter_pkg/lib/python3.10/site-packages:${PYTHONPATH} /usr/bin/python3 -W ignore:setup.py install is deprecated -W ignore:easy_install command is deprecated setup.py develop --editable --build-directory /root/Dojo/Dojo/build/nv21_converter_pkg/build --no-deps symlink_data
[3.398s] DEBUG:colcon.colcon_core.event_handler.log_command:Invoking command in '/root/Dojo/Dojo/build/ros2arduino_bridge': PYTHONPATH=/root/Dojo/Dojo/build/ros2arduino_bridge/prefix_override:/usr/lib/python3/dist-packages/colcon_core/task/python/colcon_distutils_commands:/root/Dojo/Dojo/install/ros2arduino_bridge/lib/python3.10/site-packages:${PYTHONPATH} /usr/bin/python3 -W ignore:setup.py install is deprecated -W ignore:easy_install command is deprecated setup.py develop --editable --build-directory /root/Dojo/Dojo/build/ros2arduino_bridge/build --no-deps symlink_data
[3.403s] DEBUG:colcon.colcon_core.event_handler.log_command:Invoking command in '/root/Dojo/Dojo/build/robot_sensors': PYTHONPATH=/root/Dojo/Dojo/build/robot_sensors/prefix_override:/usr/lib/python3/dist-packages/colcon_core/task/python/colcon_distutils_commands:/root/Dojo/Dojo/install/robot_sensors/lib/python3.10/site-packages:${PYTHONPATH} /usr/bin/python3 -W ignore:setup.py install is deprecated -W ignore:easy_install command is deprecated setup.py develop --editable --build-directory /root/Dojo/Dojo/build/robot_sensors/build --no-deps symlink_data
[3.417s] DEBUG:colcon.colcon_core.event_handler.log_command:Invoking command in '/root/Dojo/Dojo/build/vision_system': PYTHONPATH=/root/Dojo/Dojo/build/vision_system/prefix_override:/usr/lib/python3/dist-packages/colcon_core/task/python/colcon_distutils_commands:/root/Dojo/Dojo/install/vision_system/lib/python3.10/site-packages:${PYTHONPATH} /usr/bin/python3 -W ignore:setup.py install is deprecated -W ignore:easy_install command is deprecated setup.py develop --editable --build-directory /root/Dojo/Dojo/build/vision_system/build --no-deps symlink_data
[3.473s] DEBUG:colcon.colcon_core.event_handler.log_command:Invoking command in '/root/Dojo/Dojo/build/arduino_bridge': PYTHONPATH=/root/Dojo/Dojo/build/arduino_bridge/prefix_override:/usr/lib/python3/dist-packages/colcon_core/task/python/colcon_distutils_commands:/root/Dojo/Dojo/install/arduino_bridge/lib/python3.10/site-packages:${PYTHONPATH} /usr/bin/python3 -W ignore:setup.py install is deprecated -W ignore:easy_install command is deprecated setup.py develop --editable --build-directory /root/Dojo/Dojo/build/arduino_bridge/build --no-deps symlink_data
[4.172s] DEBUG:colcon.colcon_core.event_handler.log_command:Invoking command in '/root/Dojo/Dojo/build/robot_launch': AMENT_PREFIX_PATH=/root/Dojo/Dojo/install/robot_description:/root/Dojo/Dojo/install/robot_control:${AMENT_PREFIX_PATH} CMAKE_PREFIX_PATH=/root/Dojo/Dojo/install/robot_description:/root/Dojo/Dojo/install/robot_control:${CMAKE_PREFIX_PATH} PYTHONPATH=/root/Dojo/Dojo/build/robot_launch/prefix_override:/usr/lib/python3/dist-packages/colcon_core/task/python/colcon_distutils_commands:/root/Dojo/Dojo/install/robot_launch/lib/python3.10/site-packages:/root/Dojo/Dojo/install/robot_description/lib/python3.10/site-packages:${PYTHONPATH} /usr/bin/python3 -W ignore:setup.py install is deprecated -W ignore:easy_install command is deprecated setup.py develop --editable --build-directory /root/Dojo/Dojo/build/robot_launch/build --no-deps symlink_data
[4.177s] DEBUG:colcon.colcon_core.event_handler.log_command:Invoked command in '/root/Dojo/Dojo/build/robot_interfaces' returned '0': CMAKE_PREFIX_PATH=${CMAKE_PREFIX_PATH}:/root/Dojo/install/robot_hardware:/opt/ros/humble /usr/bin/cmake --build /root/Dojo/Dojo/build/robot_interfaces -- -j16 -l16
[4.179s] DEBUG:colcon.colcon_core.event_handler.log_command:Invoking command in '/root/Dojo/Dojo/build/robot_interfaces': CMAKE_PREFIX_PATH=${CMAKE_PREFIX_PATH}:/root/Dojo/install/robot_hardware:/opt/ros/humble /usr/bin/cmake --install /root/Dojo/Dojo/build/robot_interfaces
[4.325s] Level 1:colcon.colcon_core.environment:create_environment_scripts_only(robot_interfaces)
[4.326s] Level 1:colcon.colcon_core.environment:checking '/root/Dojo/Dojo/install/robot_interfaces' for CMake module files
[4.327s] DEBUG:colcon.colcon_core.event_handler.log_command:Invoked command in '/root/Dojo/Dojo/build/robot_interfaces' returned '0': CMAKE_PREFIX_PATH=${CMAKE_PREFIX_PATH}:/root/Dojo/install/robot_hardware:/opt/ros/humble /usr/bin/cmake --install /root/Dojo/Dojo/build/robot_interfaces
[4.328s] Level 1:colcon.colcon_core.environment:checking '/root/Dojo/Dojo/install/robot_interfaces' for CMake config files
[4.332s] Level 1:colcon.colcon_core.shell:create_environment_hook('robot_interfaces', 'cmake_prefix_path')
[4.332s] INFO:colcon.colcon_core.shell:Creating environment hook '/root/Dojo/Dojo/install/robot_interfaces/share/robot_interfaces/hook/cmake_prefix_path.ps1'
[4.333s] INFO:colcon.colcon_core.shell:Creating environment descriptor '/root/Dojo/Dojo/install/robot_interfaces/share/robot_interfaces/hook/cmake_prefix_path.dsv'
[4.333s] INFO:colcon.colcon_core.shell:Creating environment hook '/root/Dojo/Dojo/install/robot_interfaces/share/robot_interfaces/hook/cmake_prefix_path.sh'
[4.334s] Level 1:colcon.colcon_core.environment:checking '/root/Dojo/Dojo/install/robot_interfaces/lib'
[4.334s] Level 1:colcon.colcon_core.shell:create_environment_hook('robot_interfaces', 'ld_library_path_lib')
[4.335s] INFO:colcon.colcon_core.shell:Creating environment hook '/root/Dojo/Dojo/install/robot_interfaces/share/robot_interfaces/hook/ld_library_path_lib.ps1'
[4.335s] INFO:colcon.colcon_core.shell:Creating environment descriptor '/root/Dojo/Dojo/install/robot_interfaces/share/robot_interfaces/hook/ld_library_path_lib.dsv'
[4.336s] INFO:colcon.colcon_core.shell:Creating environment hook '/root/Dojo/Dojo/install/robot_interfaces/share/robot_interfaces/hook/ld_library_path_lib.sh'
[4.336s] Level 1:colcon.colcon_core.environment:checking '/root/Dojo/Dojo/install/robot_interfaces/bin'
[4.337s] Level 1:colcon.colcon_core.environment:checking '/root/Dojo/Dojo/install/robot_interfaces/lib/pkgconfig/robot_interfaces.pc'
[4.337s] Level 1:colcon.colcon_core.environment:checking '/root/Dojo/Dojo/install/robot_interfaces/lib/python3.10/site-packages'
[4.337s] Level 1:colcon.colcon_core.environment:checking '/root/Dojo/Dojo/install/robot_interfaces/bin'
[4.338s] INFO:colcon.colcon_core.shell:Creating package script '/root/Dojo/Dojo/install/robot_interfaces/share/robot_interfaces/package.ps1'
[4.338s] INFO:colcon.colcon_core.shell:Creating package descriptor '/root/Dojo/Dojo/install/robot_interfaces/share/robot_interfaces/package.dsv'
[4.339s] INFO:colcon.colcon_core.shell:Creating package script '/root/Dojo/Dojo/install/robot_interfaces/share/robot_interfaces/package.sh'
[4.340s] INFO:colcon.colcon_core.shell:Creating package script '/root/Dojo/Dojo/install/robot_interfaces/share/robot_interfaces/package.bash'
[4.340s] INFO:colcon.colcon_core.shell:Creating package script '/root/Dojo/Dojo/install/robot_interfaces/share/robot_interfaces/package.zsh'
[4.341s] Level 1:colcon.colcon_core.environment:create_file_with_runtime_dependencies(/root/Dojo/Dojo/install/robot_interfaces/share/colcon-core/packages/robot_interfaces)
[4.342s] Level 1:colcon.colcon_core.environment:create_environment_scripts_only(robot_interfaces)
[4.342s] Level 1:colcon.colcon_core.environment:checking '/root/Dojo/Dojo/install/robot_interfaces' for CMake module files
[4.343s] Level 1:colcon.colcon_core.environment:checking '/root/Dojo/Dojo/install/robot_interfaces' for CMake config files
[4.346s] Level 1:colcon.colcon_core.shell:create_environment_hook('robot_interfaces', 'cmake_prefix_path')
[4.346s] INFO:colcon.colcon_core.shell:Creating environment hook '/root/Dojo/Dojo/install/robot_interfaces/share/robot_interfaces/hook/cmake_prefix_path.ps1'
[4.347s] INFO:colcon.colcon_core.shell:Creating environment descriptor '/root/Dojo/Dojo/install/robot_interfaces/share/robot_interfaces/hook/cmake_prefix_path.dsv'
[4.348s] INFO:colcon.colcon_core.shell:Creating environment hook '/root/Dojo/Dojo/install/robot_interfaces/share/robot_interfaces/hook/cmake_prefix_path.sh'
[4.349s] Level 1:colcon.colcon_core.environment:checking '/root/Dojo/Dojo/install/robot_interfaces/lib'
[4.349s] Level 1:colcon.colcon_core.shell:create_environment_hook('robot_interfaces', 'ld_library_path_lib')
[4.349s] INFO:colcon.colcon_core.shell:Creating environment hook '/root/Dojo/Dojo/install/robot_interfaces/share/robot_interfaces/hook/ld_library_path_lib.ps1'
[4.350s] INFO:colcon.colcon_core.shell:Creating environment descriptor '/root/Dojo/Dojo/install/robot_interfaces/share/robot_interfaces/hook/ld_library_path_lib.dsv'
[4.350s] INFO:colcon.colcon_core.shell:Creating environment hook '/root/Dojo/Dojo/install/robot_interfaces/share/robot_interfaces/hook/ld_library_path_lib.sh'
[4.351s] Level 1:colcon.colcon_core.environment:checking '/root/Dojo/Dojo/install/robot_interfaces/bin'
[4.351s] Level 1:colcon.colcon_core.environment:checking '/root/Dojo/Dojo/install/robot_interfaces/lib/pkgconfig/robot_interfaces.pc'
[4.351s] Level 1:colcon.colcon_core.environment:checking '/root/Dojo/Dojo/install/robot_interfaces/lib/python3.10/site-packages'
[4.351s] Level 1:colcon.colcon_core.environment:checking '/root/Dojo/Dojo/install/robot_interfaces/bin'
[4.352s] INFO:colcon.colcon_core.shell:Creating package script '/root/Dojo/Dojo/install/robot_interfaces/share/robot_interfaces/package.ps1'
[4.353s] INFO:colcon.colcon_core.shell:Creating package descriptor '/root/Dojo/Dojo/install/robot_interfaces/share/robot_interfaces/package.dsv'
[4.354s] INFO:colcon.colcon_core.shell:Creating package script '/root/Dojo/Dojo/install/robot_interfaces/share/robot_interfaces/package.sh'
[4.355s] INFO:colcon.colcon_core.shell:Creating package script '/root/Dojo/Dojo/install/robot_interfaces/share/robot_interfaces/package.bash'
[4.356s] INFO:colcon.colcon_core.shell:Creating package script '/root/Dojo/Dojo/install/robot_interfaces/share/robot_interfaces/package.zsh'
[4.356s] Level 1:colcon.colcon_core.environment:create_file_with_runtime_dependencies(/root/Dojo/Dojo/install/robot_interfaces/share/colcon-core/packages/robot_interfaces)
[4.366s] Level 1:colcon.colcon_core.shell:create_environment_hook('robot_hardware', 'pythonpath_develop')
[4.367s] INFO:colcon.colcon_core.shell:Creating environment hook '/root/Dojo/Dojo/build/robot_hardware/share/robot_hardware/hook/pythonpath_develop.ps1'
[4.368s] INFO:colcon.colcon_core.shell:Creating environment descriptor '/root/Dojo/Dojo/build/robot_hardware/share/robot_hardware/hook/pythonpath_develop.dsv'
[4.368s] DEBUG:colcon.colcon_core.event_handler.log_command:Invoked command in '/root/Dojo/Dojo/build/robot_hardware' returned '0': PYTHONPATH=/root/Dojo/Dojo/build/robot_hardware/prefix_override:/usr/lib/python3/dist-packages/colcon_core/task/python/colcon_distutils_commands:/root/Dojo/Dojo/install/robot_hardware/lib/python3.10/site-packages:${PYTHONPATH} /usr/bin/python3 -W ignore:setup.py install is deprecated -W ignore:easy_install command is deprecated setup.py develop --editable --build-directory /root/Dojo/Dojo/build/robot_hardware/build --no-deps symlink_data
[4.369s] INFO:colcon.colcon_core.shell:Creating environment hook '/root/Dojo/Dojo/build/robot_hardware/share/robot_hardware/hook/pythonpath_develop.sh'
[4.370s] Level 1:colcon.colcon_core.environment:checking '/root/Dojo/Dojo/install/robot_hardware' for CMake module files
[4.371s] Level 1:colcon.colcon_core.environment:checking '/root/Dojo/Dojo/install/robot_hardware' for CMake config files
[4.372s] Level 1:colcon.colcon_core.environment:checking '/root/Dojo/Dojo/install/robot_hardware/lib'
[4.372s] Level 1:colcon.colcon_core.environment:checking '/root/Dojo/Dojo/install/robot_hardware/bin'
[4.372s] Level 1:colcon.colcon_core.environment:checking '/root/Dojo/Dojo/install/robot_hardware/lib/pkgconfig/robot_hardware.pc'
[4.372s] Level 1:colcon.colcon_core.environment:checking '/root/Dojo/Dojo/install/robot_hardware/lib/python3.10/site-packages'
[4.372s] Level 1:colcon.colcon_core.shell:create_environment_hook('robot_hardware', 'pythonpath')
[4.373s] INFO:colcon.colcon_core.shell:Creating environment hook '/root/Dojo/Dojo/install/robot_hardware/share/robot_hardware/hook/pythonpath.ps1'
[4.374s] INFO:colcon.colcon_core.shell:Creating environment descriptor '/root/Dojo/Dojo/install/robot_hardware/share/robot_hardware/hook/pythonpath.dsv'
[4.375s] INFO:colcon.colcon_core.shell:Creating environment hook '/root/Dojo/Dojo/install/robot_hardware/share/robot_hardware/hook/pythonpath.sh'
[4.376s] Level 1:colcon.colcon_core.environment:checking '/root/Dojo/Dojo/install/robot_hardware/bin'
[4.376s] Level 1:colcon.colcon_core.environment:create_environment_scripts_only(robot_hardware)
[4.377s] INFO:colcon.colcon_core.shell:Creating package script '/root/Dojo/Dojo/install/robot_hardware/share/robot_hardware/package.ps1'
[4.378s] INFO:colcon.colcon_core.shell:Creating package descriptor '/root/Dojo/Dojo/install/robot_hardware/share/robot_hardware/package.dsv'
[4.379s] INFO:colcon.colcon_core.shell:Creating package script '/root/Dojo/Dojo/install/robot_hardware/share/robot_hardware/package.sh'
[4.380s] INFO:colcon.colcon_core.shell:Creating package script '/root/Dojo/Dojo/install/robot_hardware/share/robot_hardware/package.bash'
[4.381s] INFO:colcon.colcon_core.shell:Creating package script '/root/Dojo/Dojo/install/robot_hardware/share/robot_hardware/package.zsh'
[4.381s] Level 1:colcon.colcon_core.environment:create_file_with_runtime_dependencies(/root/Dojo/Dojo/install/robot_hardware/share/colcon-core/packages/robot_hardware)
[4.460s] Level 1:colcon.colcon_core.shell:create_environment_hook('nv21_converter_pkg', 'pythonpath_develop')
[4.460s] INFO:colcon.colcon_core.shell:Creating environment hook '/root/Dojo/Dojo/build/nv21_converter_pkg/share/nv21_converter_pkg/hook/pythonpath_develop.ps1'
[4.460s] DEBUG:colcon.colcon_core.event_handler.log_command:Invoked command in '/root/Dojo/Dojo/build/nv21_converter_pkg' returned '0': PYTHONPATH=/root/Dojo/Dojo/build/nv21_converter_pkg/prefix_override:/usr/lib/python3/dist-packages/colcon_core/task/python/colcon_distutils_commands:/root/Dojo/Dojo/install/nv21_converter_pkg/lib/python3.10/site-packages:${PYTHONPATH} /usr/bin/python3 -W ignore:setup.py install is deprecated -W ignore:easy_install command is deprecated setup.py develop --editable --build-directory /root/Dojo/Dojo/build/nv21_converter_pkg/build --no-deps symlink_data
[4.461s] INFO:colcon.colcon_core.shell:Creating environment descriptor '/root/Dojo/Dojo/build/nv21_converter_pkg/share/nv21_converter_pkg/hook/pythonpath_develop.dsv'
[4.462s] INFO:colcon.colcon_core.shell:Creating environment hook '/root/Dojo/Dojo/build/nv21_converter_pkg/share/nv21_converter_pkg/hook/pythonpath_develop.sh'
[4.463s] Level 1:colcon.colcon_core.environment:checking '/root/Dojo/Dojo/install/nv21_converter_pkg' for CMake module files
[4.464s] Level 1:colcon.colcon_core.environment:checking '/root/Dojo/Dojo/install/nv21_converter_pkg' for CMake config files
[4.465s] Level 1:colcon.colcon_core.environment:checking '/root/Dojo/Dojo/install/nv21_converter_pkg/lib'
[4.465s] Level 1:colcon.colcon_core.environment:checking '/root/Dojo/Dojo/install/nv21_converter_pkg/bin'
[4.465s] Level 1:colcon.colcon_core.environment:checking '/root/Dojo/Dojo/install/nv21_converter_pkg/lib/pkgconfig/nv21_converter_pkg.pc'
[4.465s] Level 1:colcon.colcon_core.environment:checking '/root/Dojo/Dojo/install/nv21_converter_pkg/lib/python3.10/site-packages'
[4.465s] Level 1:colcon.colcon_core.shell:create_environment_hook('nv21_converter_pkg', 'pythonpath')
[4.465s] INFO:colcon.colcon_core.shell:Creating environment hook '/root/Dojo/Dojo/install/nv21_converter_pkg/share/nv21_converter_pkg/hook/pythonpath.ps1'
[4.466s] INFO:colcon.colcon_core.shell:Creating environment descriptor '/root/Dojo/Dojo/install/nv21_converter_pkg/share/nv21_converter_pkg/hook/pythonpath.dsv'
[4.467s] INFO:colcon.colcon_core.shell:Creating environment hook '/root/Dojo/Dojo/install/nv21_converter_pkg/share/nv21_converter_pkg/hook/pythonpath.sh'
[4.468s] Level 1:colcon.colcon_core.environment:checking '/root/Dojo/Dojo/install/nv21_converter_pkg/bin'
[4.468s] Level 1:colcon.colcon_core.environment:create_environment_scripts_only(nv21_converter_pkg)
[4.468s] INFO:colcon.colcon_core.shell:Creating package script '/root/Dojo/Dojo/install/nv21_converter_pkg/share/nv21_converter_pkg/package.ps1'
[4.469s] INFO:colcon.colcon_core.shell:Creating package descriptor '/root/Dojo/Dojo/install/nv21_converter_pkg/share/nv21_converter_pkg/package.dsv'
[4.469s] INFO:colcon.colcon_core.shell:Creating package script '/root/Dojo/Dojo/install/nv21_converter_pkg/share/nv21_converter_pkg/package.sh'
[4.470s] INFO:colcon.colcon_core.shell:Creating package script '/root/Dojo/Dojo/install/nv21_converter_pkg/share/nv21_converter_pkg/package.bash'
[4.470s] INFO:colcon.colcon_core.shell:Creating package script '/root/Dojo/Dojo/install/nv21_converter_pkg/share/nv21_converter_pkg/package.zsh'
[4.471s] Level 1:colcon.colcon_core.environment:create_file_with_runtime_dependencies(/root/Dojo/Dojo/install/nv21_converter_pkg/share/colcon-core/packages/nv21_converter_pkg)
[4.483s] Level 1:colcon.colcon_core.shell:create_environment_hook('robot_sensors', 'pythonpath_develop')
[4.484s] INFO:colcon.colcon_core.shell:Creating environment hook '/root/Dojo/Dojo/build/robot_sensors/share/robot_sensors/hook/pythonpath_develop.ps1'
[4.484s] DEBUG:colcon.colcon_core.event_handler.log_command:Invoked command in '/root/Dojo/Dojo/build/robot_sensors' returned '0': PYTHONPATH=/root/Dojo/Dojo/build/robot_sensors/prefix_override:/usr/lib/python3/dist-packages/colcon_core/task/python/colcon_distutils_commands:/root/Dojo/Dojo/install/robot_sensors/lib/python3.10/site-packages:${PYTHONPATH} /usr/bin/python3 -W ignore:setup.py install is deprecated -W ignore:easy_install command is deprecated setup.py develop --editable --build-directory /root/Dojo/Dojo/build/robot_sensors/build --no-deps symlink_data
[4.485s] INFO:colcon.colcon_core.shell:Creating environment descriptor '/root/Dojo/Dojo/build/robot_sensors/share/robot_sensors/hook/pythonpath_develop.dsv'
[4.485s] INFO:colcon.colcon_core.shell:Creating environment hook '/root/Dojo/Dojo/build/robot_sensors/share/robot_sensors/hook/pythonpath_develop.sh'
[4.486s] Level 1:colcon.colcon_core.environment:checking '/root/Dojo/Dojo/install/robot_sensors' for CMake module files
[4.486s] Level 1:colcon.colcon_core.environment:checking '/root/Dojo/Dojo/install/robot_sensors' for CMake config files
[4.487s] Level 1:colcon.colcon_core.environment:checking '/root/Dojo/Dojo/install/robot_sensors/lib'
[4.487s] Level 1:colcon.colcon_core.environment:checking '/root/Dojo/Dojo/install/robot_sensors/bin'
[4.487s] Level 1:colcon.colcon_core.environment:checking '/root/Dojo/Dojo/install/robot_sensors/lib/pkgconfig/robot_sensors.pc'
[4.487s] Level 1:colcon.colcon_core.environment:checking '/root/Dojo/Dojo/install/robot_sensors/lib/python3.10/site-packages'
[4.487s] Level 1:colcon.colcon_core.shell:create_environment_hook('robot_sensors', 'pythonpath')
[4.487s] INFO:colcon.colcon_core.shell:Creating environment hook '/root/Dojo/Dojo/install/robot_sensors/share/robot_sensors/hook/pythonpath.ps1'
[4.488s] INFO:colcon.colcon_core.shell:Creating environment descriptor '/root/Dojo/Dojo/install/robot_sensors/share/robot_sensors/hook/pythonpath.dsv'
[4.488s] INFO:colcon.colcon_core.shell:Creating environment hook '/root/Dojo/Dojo/install/robot_sensors/share/robot_sensors/hook/pythonpath.sh'
[4.489s] Level 1:colcon.colcon_core.environment:checking '/root/Dojo/Dojo/install/robot_sensors/bin'
[4.490s] Level 1:colcon.colcon_core.environment:create_environment_scripts_only(robot_sensors)
[4.490s] INFO:colcon.colcon_core.shell:Creating package script '/root/Dojo/Dojo/install/robot_sensors/share/robot_sensors/package.ps1'
[4.491s] INFO:colcon.colcon_core.shell:Creating package descriptor '/root/Dojo/Dojo/install/robot_sensors/share/robot_sensors/package.dsv'
[4.491s] INFO:colcon.colcon_core.shell:Creating package script '/root/Dojo/Dojo/install/robot_sensors/share/robot_sensors/package.sh'
[4.492s] INFO:colcon.colcon_core.shell:Creating package script '/root/Dojo/Dojo/install/robot_sensors/share/robot_sensors/package.bash'
[4.492s] INFO:colcon.colcon_core.shell:Creating package script '/root/Dojo/Dojo/install/robot_sensors/share/robot_sensors/package.zsh'
[4.493s] Level 1:colcon.colcon_core.environment:create_file_with_runtime_dependencies(/root/Dojo/Dojo/install/robot_sensors/share/colcon-core/packages/robot_sensors)
[4.586s] Level 1:colcon.colcon_core.shell:create_environment_hook('vision_system', 'pythonpath_develop')
[4.587s] INFO:colcon.colcon_core.shell:Creating environment hook '/root/Dojo/Dojo/build/vision_system/share/vision_system/hook/pythonpath_develop.ps1'
[4.588s] DEBUG:colcon.colcon_core.event_handler.log_command:Invoked command in '/root/Dojo/Dojo/build/vision_system' returned '0': PYTHONPATH=/root/Dojo/Dojo/build/vision_system/prefix_override:/usr/lib/python3/dist-packages/colcon_core/task/python/colcon_distutils_commands:/root/Dojo/Dojo/install/vision_system/lib/python3.10/site-packages:${PYTHONPATH} /usr/bin/python3 -W ignore:setup.py install is deprecated -W ignore:easy_install command is deprecated setup.py develop --editable --build-directory /root/Dojo/Dojo/build/vision_system/build --no-deps symlink_data
[4.588s] INFO:colcon.colcon_core.shell:Creating environment descriptor '/root/Dojo/Dojo/build/vision_system/share/vision_system/hook/pythonpath_develop.dsv'
[4.589s] INFO:colcon.colcon_core.shell:Creating environment hook '/root/Dojo/Dojo/build/vision_system/share/vision_system/hook/pythonpath_develop.sh'
[4.590s] Level 1:colcon.colcon_core.environment:checking '/root/Dojo/Dojo/install/vision_system' for CMake module files
[4.590s] Level 1:colcon.colcon_core.environment:checking '/root/Dojo/Dojo/install/vision_system' for CMake config files
[4.591s] Level 1:colcon.colcon_core.environment:checking '/root/Dojo/Dojo/install/vision_system/lib'
[4.591s] Level 1:colcon.colcon_core.environment:checking '/root/Dojo/Dojo/install/vision_system/bin'
[4.591s] Level 1:colcon.colcon_core.environment:checking '/root/Dojo/Dojo/install/vision_system/lib/pkgconfig/vision_system.pc'
[4.591s] Level 1:colcon.colcon_core.environment:checking '/root/Dojo/Dojo/install/vision_system/lib/python3.10/site-packages'
[4.592s] Level 1:colcon.colcon_core.shell:create_environment_hook('vision_system', 'pythonpath')
[4.592s] INFO:colcon.colcon_core.shell:Creating environment hook '/root/Dojo/Dojo/install/vision_system/share/vision_system/hook/pythonpath.ps1'
[4.592s] INFO:colcon.colcon_core.shell:Creating environment descriptor '/root/Dojo/Dojo/install/vision_system/share/vision_system/hook/pythonpath.dsv'
[4.593s] INFO:colcon.colcon_core.shell:Creating environment hook '/root/Dojo/Dojo/install/vision_system/share/vision_system/hook/pythonpath.sh'
[4.593s] Level 1:colcon.colcon_core.environment:checking '/root/Dojo/Dojo/install/vision_system/bin'
[4.593s] Level 1:colcon.colcon_core.environment:create_environment_scripts_only(vision_system)
[4.594s] INFO:colcon.colcon_core.shell:Creating package script '/root/Dojo/Dojo/install/vision_system/share/vision_system/package.ps1'
[4.594s] INFO:colcon.colcon_core.shell:Creating package descriptor '/root/Dojo/Dojo/install/vision_system/share/vision_system/package.dsv'
[4.595s] INFO:colcon.colcon_core.shell:Creating package script '/root/Dojo/Dojo/install/vision_system/share/vision_system/package.sh'
[4.595s] INFO:colcon.colcon_core.shell:Creating package script '/root/Dojo/Dojo/install/vision_system/share/vision_system/package.bash'
[4.595s] INFO:colcon.colcon_core.shell:Creating package script '/root/Dojo/Dojo/install/vision_system/share/vision_system/package.zsh'
[4.596s] Level 1:colcon.colcon_core.environment:create_file_with_runtime_dependencies(/root/Dojo/Dojo/install/vision_system/share/colcon-core/packages/vision_system)
[4.597s] Level 1:colcon.colcon_core.shell:create_environment_hook('ros2arduino_bridge', 'pythonpath_develop')
[4.597s] INFO:colcon.colcon_core.shell:Creating environment hook '/root/Dojo/Dojo/build/ros2arduino_bridge/share/ros2arduino_bridge/hook/pythonpath_develop.ps1'
[4.598s] DEBUG:colcon.colcon_core.event_handler.log_command:Invoked command in '/root/Dojo/Dojo/build/ros2arduino_bridge' returned '0': PYTHONPATH=/root/Dojo/Dojo/build/ros2arduino_bridge/prefix_override:/usr/lib/python3/dist-packages/colcon_core/task/python/colcon_distutils_commands:/root/Dojo/Dojo/install/ros2arduino_bridge/lib/python3.10/site-packages:${PYTHONPATH} /usr/bin/python3 -W ignore:setup.py install is deprecated -W ignore:easy_install command is deprecated setup.py develop --editable --build-directory /root/Dojo/Dojo/build/ros2arduino_bridge/build --no-deps symlink_data
[4.598s] INFO:colcon.colcon_core.shell:Creating environment descriptor '/root/Dojo/Dojo/build/ros2arduino_bridge/share/ros2arduino_bridge/hook/pythonpath_develop.dsv'
[4.599s] INFO:colcon.colcon_core.shell:Creating environment hook '/root/Dojo/Dojo/build/ros2arduino_bridge/share/ros2arduino_bridge/hook/pythonpath_develop.sh'
[4.599s] Level 1:colcon.colcon_core.environment:checking '/root/Dojo/Dojo/install/ros2arduino_bridge' for CMake module files
[4.599s] Level 1:colcon.colcon_core.environment:checking '/root/Dojo/Dojo/install/ros2arduino_bridge' for CMake config files
[4.600s] Level 1:colcon.colcon_core.environment:checking '/root/Dojo/Dojo/install/ros2arduino_bridge/lib'
[4.600s] Level 1:colcon.colcon_core.environment:checking '/root/Dojo/Dojo/install/ros2arduino_bridge/bin'
[4.600s] Level 1:colcon.colcon_core.environment:checking '/root/Dojo/Dojo/install/ros2arduino_bridge/lib/pkgconfig/ros2arduino_bridge.pc'
[4.600s] Level 1:colcon.colcon_core.environment:checking '/root/Dojo/Dojo/install/ros2arduino_bridge/lib/python3.10/site-packages'
[4.600s] Level 1:colcon.colcon_core.shell:create_environment_hook('ros2arduino_bridge', 'pythonpath')
[4.601s] INFO:colcon.colcon_core.shell:Creating environment hook '/root/Dojo/Dojo/install/ros2arduino_bridge/share/ros2arduino_bridge/hook/pythonpath.ps1'
[4.601s] INFO:colcon.colcon_core.shell:Creating environment descriptor '/root/Dojo/Dojo/install/ros2arduino_bridge/share/ros2arduino_bridge/hook/pythonpath.dsv'
[4.601s] INFO:colcon.colcon_core.shell:Creating environment hook '/root/Dojo/Dojo/install/ros2arduino_bridge/share/ros2arduino_bridge/hook/pythonpath.sh'
[4.602s] Level 1:colcon.colcon_core.environment:checking '/root/Dojo/Dojo/install/ros2arduino_bridge/bin'
[4.602s] Level 1:colcon.colcon_core.environment:create_environment_scripts_only(ros2arduino_bridge)
[4.603s] INFO:colcon.colcon_core.shell:Creating package script '/root/Dojo/Dojo/install/ros2arduino_bridge/share/ros2arduino_bridge/package.ps1'
[4.603s] INFO:colcon.colcon_core.shell:Creating package descriptor '/root/Dojo/Dojo/install/ros2arduino_bridge/share/ros2arduino_bridge/package.dsv'
[4.603s] INFO:colcon.colcon_core.shell:Creating package script '/root/Dojo/Dojo/install/ros2arduino_bridge/share/ros2arduino_bridge/package.sh'
[4.604s] INFO:colcon.colcon_core.shell:Creating package script '/root/Dojo/Dojo/install/ros2arduino_bridge/share/ros2arduino_bridge/package.bash'
[4.604s] INFO:colcon.colcon_core.shell:Creating package script '/root/Dojo/Dojo/install/ros2arduino_bridge/share/ros2arduino_bridge/package.zsh'
[4.604s] Level 1:colcon.colcon_core.environment:create_file_with_runtime_dependencies(/root/Dojo/Dojo/install/ros2arduino_bridge/share/colcon-core/packages/ros2arduino_bridge)
[4.605s] Level 1:colcon.colcon_core.shell:create_environment_hook('arduino_bridge', 'pythonpath_develop')
[4.605s] INFO:colcon.colcon_core.shell:Creating environment hook '/root/Dojo/Dojo/build/arduino_bridge/share/arduino_bridge/hook/pythonpath_develop.ps1'
[4.606s] INFO:colcon.colcon_core.shell:Creating environment descriptor '/root/Dojo/Dojo/build/arduino_bridge/share/arduino_bridge/hook/pythonpath_develop.dsv'
[4.606s] DEBUG:colcon.colcon_core.event_handler.log_command:Invoked command in '/root/Dojo/Dojo/build/arduino_bridge' returned '0': PYTHONPATH=/root/Dojo/Dojo/build/arduino_bridge/prefix_override:/usr/lib/python3/dist-packages/colcon_core/task/python/colcon_distutils_commands:/root/Dojo/Dojo/install/arduino_bridge/lib/python3.10/site-packages:${PYTHONPATH} /usr/bin/python3 -W ignore:setup.py install is deprecated -W ignore:easy_install command is deprecated setup.py develop --editable --build-directory /root/Dojo/Dojo/build/arduino_bridge/build --no-deps symlink_data
[4.607s] INFO:colcon.colcon_core.shell:Creating environment hook '/root/Dojo/Dojo/build/arduino_bridge/share/arduino_bridge/hook/pythonpath_develop.sh'
[4.608s] Level 1:colcon.colcon_core.environment:checking '/root/Dojo/Dojo/install/arduino_bridge' for CMake module files
[4.608s] Level 1:colcon.colcon_core.environment:checking '/root/Dojo/Dojo/install/arduino_bridge' for CMake config files
[4.609s] Level 1:colcon.colcon_core.environment:checking '/root/Dojo/Dojo/install/arduino_bridge/lib'
[4.609s] Level 1:colcon.colcon_core.environment:checking '/root/Dojo/Dojo/install/arduino_bridge/bin'
[4.609s] Level 1:colcon.colcon_core.environment:checking '/root/Dojo/Dojo/install/arduino_bridge/lib/pkgconfig/arduino_bridge.pc'
[4.609s] Level 1:colcon.colcon_core.environment:checking '/root/Dojo/Dojo/install/arduino_bridge/lib/python3.10/site-packages'
[4.609s] Level 1:colcon.colcon_core.shell:create_environment_hook('arduino_bridge', 'pythonpath')
[4.610s] INFO:colcon.colcon_core.shell:Creating environment hook '/root/Dojo/Dojo/install/arduino_bridge/share/arduino_bridge/hook/pythonpath.ps1'
[4.610s] INFO:colcon.colcon_core.shell:Creating environment descriptor '/root/Dojo/Dojo/install/arduino_bridge/share/arduino_bridge/hook/pythonpath.dsv'
[4.611s] INFO:colcon.colcon_core.shell:Creating environment hook '/root/Dojo/Dojo/install/arduino_bridge/share/arduino_bridge/hook/pythonpath.sh'
[4.611s] Level 1:colcon.colcon_core.environment:checking '/root/Dojo/Dojo/install/arduino_bridge/bin'
[4.611s] Level 1:colcon.colcon_core.environment:create_environment_scripts_only(arduino_bridge)
[4.612s] INFO:colcon.colcon_core.shell:Creating package script '/root/Dojo/Dojo/install/arduino_bridge/share/arduino_bridge/package.ps1'
[4.612s] INFO:colcon.colcon_core.shell:Creating package descriptor '/root/Dojo/Dojo/install/arduino_bridge/share/arduino_bridge/package.dsv'
[4.613s] INFO:colcon.colcon_core.shell:Creating package script '/root/Dojo/Dojo/install/arduino_bridge/share/arduino_bridge/package.sh'
[4.613s] INFO:colcon.colcon_core.shell:Creating package script '/root/Dojo/Dojo/install/arduino_bridge/share/arduino_bridge/package.bash'
[4.614s] INFO:colcon.colcon_core.shell:Creating package script '/root/Dojo/Dojo/install/arduino_bridge/share/arduino_bridge/package.zsh'
[4.614s] Level 1:colcon.colcon_core.environment:create_file_with_runtime_dependencies(/root/Dojo/Dojo/install/arduino_bridge/share/colcon-core/packages/arduino_bridge)
[4.657s] DEBUG:colcon.colcon_core.event_handler.log_command:Invoked command in '/root/Dojo/Dojo/build/robot_navigation' returned '0': AMENT_PREFIX_PATH=/root/Dojo/Dojo/install/robot_description:/root/Dojo/Dojo/install/robot_control:${AMENT_PREFIX_PATH} CMAKE_PREFIX_PATH=/root/Dojo/Dojo/install/robot_description:/root/Dojo/Dojo/install/robot_control:/root/Dojo/install/robot_perception:/root/Dojo/install/robot_hardware:/opt/ros/humble PYTHONPATH=/root/Dojo/Dojo/install/robot_description/lib/python3.10/site-packages:${PYTHONPATH} /usr/bin/cmake /root/Dojo/Dojo/src/robot_navigation -DAMENT_CMAKE_SYMLINK_INSTALL=1 -DCMAKE_INSTALL_PREFIX=/root/Dojo/Dojo/install/robot_navigation
[4.660s] DEBUG:colcon.colcon_core.event_handler.log_command:Invoking command in '/root/Dojo/Dojo/build/robot_navigation': AMENT_PREFIX_PATH=/root/Dojo/Dojo/install/robot_description:/root/Dojo/Dojo/install/robot_control:${AMENT_PREFIX_PATH} CMAKE_PREFIX_PATH=/root/Dojo/Dojo/install/robot_description:/root/Dojo/Dojo/install/robot_control:/root/Dojo/install/robot_perception:/root/Dojo/install/robot_hardware:/opt/ros/humble PYTHONPATH=/root/Dojo/Dojo/install/robot_description/lib/python3.10/site-packages:${PYTHONPATH} /usr/bin/cmake --build /root/Dojo/Dojo/build/robot_navigation -- -j16 -l16
[4.710s] DEBUG:colcon.colcon_core.event_handler.log_command:Invoked command in '/root/Dojo/Dojo/build/robot_navigation' returned '0': AMENT_PREFIX_PATH=/root/Dojo/Dojo/install/robot_description:/root/Dojo/Dojo/install/robot_control:${AMENT_PREFIX_PATH} CMAKE_PREFIX_PATH=/root/Dojo/Dojo/install/robot_description:/root/Dojo/Dojo/install/robot_control:/root/Dojo/install/robot_perception:/root/Dojo/install/robot_hardware:/opt/ros/humble PYTHONPATH=/root/Dojo/Dojo/install/robot_description/lib/python3.10/site-packages:${PYTHONPATH} /usr/bin/cmake --build /root/Dojo/Dojo/build/robot_navigation -- -j16 -l16
[4.712s] DEBUG:colcon.colcon_core.event_handler.log_command:Invoking command in '/root/Dojo/Dojo/build/robot_navigation': AMENT_PREFIX_PATH=/root/Dojo/Dojo/install/robot_description:/root/Dojo/Dojo/install/robot_control:${AMENT_PREFIX_PATH} CMAKE_PREFIX_PATH=/root/Dojo/Dojo/install/robot_description:/root/Dojo/Dojo/install/robot_control:/root/Dojo/install/robot_perception:/root/Dojo/install/robot_hardware:/opt/ros/humble PYTHONPATH=/root/Dojo/Dojo/install/robot_description/lib/python3.10/site-packages:${PYTHONPATH} /usr/bin/cmake --install /root/Dojo/Dojo/build/robot_navigation
[4.737s] Level 1:colcon.colcon_core.environment:create_environment_scripts_only(robot_navigation)
[4.738s] Level 1:colcon.colcon_core.environment:checking '/root/Dojo/Dojo/install/robot_navigation' for CMake module files
[4.738s] DEBUG:colcon.colcon_core.event_handler.log_command:Invoked command in '/root/Dojo/Dojo/build/robot_navigation' returned '0': AMENT_PREFIX_PATH=/root/Dojo/Dojo/install/robot_description:/root/Dojo/Dojo/install/robot_control:${AMENT_PREFIX_PATH} CMAKE_PREFIX_PATH=/root/Dojo/Dojo/install/robot_description:/root/Dojo/Dojo/install/robot_control:/root/Dojo/install/robot_perception:/root/Dojo/install/robot_hardware:/opt/ros/humble PYTHONPATH=/root/Dojo/Dojo/install/robot_description/lib/python3.10/site-packages:${PYTHONPATH} /usr/bin/cmake --install /root/Dojo/Dojo/build/robot_navigation
[4.739s] Level 1:colcon.colcon_core.environment:checking '/root/Dojo/Dojo/install/robot_navigation' for CMake config files
[4.739s] Level 1:colcon.colcon_core.shell:create_environment_hook('robot_navigation', 'cmake_prefix_path')
[4.739s] INFO:colcon.colcon_core.shell:Creating environment hook '/root/Dojo/Dojo/install/robot_navigation/share/robot_navigation/hook/cmake_prefix_path.ps1'
[4.740s] INFO:colcon.colcon_core.shell:Creating environment descriptor '/root/Dojo/Dojo/install/robot_navigation/share/robot_navigation/hook/cmake_prefix_path.dsv'
[4.740s] INFO:colcon.colcon_core.shell:Creating environment hook '/root/Dojo/Dojo/install/robot_navigation/share/robot_navigation/hook/cmake_prefix_path.sh'
[4.741s] Level 1:colcon.colcon_core.environment:checking '/root/Dojo/Dojo/install/robot_navigation/bin'
[4.741s] Level 1:colcon.colcon_core.environment:checking '/root/Dojo/Dojo/install/robot_navigation/lib/pkgconfig/robot_navigation.pc'
[4.742s] Level 1:colcon.colcon_core.environment:checking '/root/Dojo/Dojo/install/robot_navigation/lib/python3.10/site-packages'
[4.742s] Level 1:colcon.colcon_core.environment:checking '/root/Dojo/Dojo/install/robot_navigation/bin'
[4.742s] INFO:colcon.colcon_core.shell:Creating package script '/root/Dojo/Dojo/install/robot_navigation/share/robot_navigation/package.ps1'
[4.743s] INFO:colcon.colcon_core.shell:Creating package descriptor '/root/Dojo/Dojo/install/robot_navigation/share/robot_navigation/package.dsv'
[4.743s] INFO:colcon.colcon_core.shell:Creating package script '/root/Dojo/Dojo/install/robot_navigation/share/robot_navigation/package.sh'
[4.744s] INFO:colcon.colcon_core.shell:Creating package script '/root/Dojo/Dojo/install/robot_navigation/share/robot_navigation/package.bash'
[4.744s] INFO:colcon.colcon_core.shell:Creating package script '/root/Dojo/Dojo/install/robot_navigation/share/robot_navigation/package.zsh'
[4.745s] Level 1:colcon.colcon_core.environment:create_file_with_runtime_dependencies(/root/Dojo/Dojo/install/robot_navigation/share/colcon-core/packages/robot_navigation)
[4.745s] Level 1:colcon.colcon_core.environment:create_environment_scripts_only(robot_navigation)
[4.745s] Level 1:colcon.colcon_core.environment:checking '/root/Dojo/Dojo/install/robot_navigation' for CMake module files
[4.746s] Level 1:colcon.colcon_core.environment:checking '/root/Dojo/Dojo/install/robot_navigation' for CMake config files
[4.746s] Level 1:colcon.colcon_core.shell:create_environment_hook('robot_navigation', 'cmake_prefix_path')
[4.746s] INFO:colcon.colcon_core.shell:Creating environment hook '/root/Dojo/Dojo/install/robot_navigation/share/robot_navigation/hook/cmake_prefix_path.ps1'
[4.747s] INFO:colcon.colcon_core.shell:Creating environment descriptor '/root/Dojo/Dojo/install/robot_navigation/share/robot_navigation/hook/cmake_prefix_path.dsv'
[4.747s] INFO:colcon.colcon_core.shell:Creating environment hook '/root/Dojo/Dojo/install/robot_navigation/share/robot_navigation/hook/cmake_prefix_path.sh'
[4.747s] Level 1:colcon.colcon_core.environment:checking '/root/Dojo/Dojo/install/robot_navigation/bin'
[4.748s] Level 1:colcon.colcon_core.environment:checking '/root/Dojo/Dojo/install/robot_navigation/lib/pkgconfig/robot_navigation.pc'
[4.748s] Level 1:colcon.colcon_core.environment:checking '/root/Dojo/Dojo/install/robot_navigation/lib/python3.10/site-packages'
[4.748s] Level 1:colcon.colcon_core.environment:checking '/root/Dojo/Dojo/install/robot_navigation/bin'
[4.748s] INFO:colcon.colcon_core.shell:Creating package script '/root/Dojo/Dojo/install/robot_navigation/share/robot_navigation/package.ps1'
[4.749s] INFO:colcon.colcon_core.shell:Creating package descriptor '/root/Dojo/Dojo/install/robot_navigation/share/robot_navigation/package.dsv'
[4.749s] INFO:colcon.colcon_core.shell:Creating package script '/root/Dojo/Dojo/install/robot_navigation/share/robot_navigation/package.sh'
[4.750s] INFO:colcon.colcon_core.shell:Creating package script '/root/Dojo/Dojo/install/robot_navigation/share/robot_navigation/package.bash'
[4.750s] INFO:colcon.colcon_core.shell:Creating package script '/root/Dojo/Dojo/install/robot_navigation/share/robot_navigation/package.zsh'
[4.750s] Level 1:colcon.colcon_core.environment:create_file_with_runtime_dependencies(/root/Dojo/Dojo/install/robot_navigation/share/colcon-core/packages/robot_navigation)
[4.751s] INFO:colcon.colcon_ros.task.ament_cmake.build:Building ROS package in '/root/Dojo/Dojo/src/robot_bringup' with build type 'ament_cmake'
[4.751s] INFO:colcon.colcon_cmake.task.cmake.build:Building CMake package in '/root/Dojo/Dojo/src/robot_bringup'
[4.751s] INFO:colcon.colcon_core.shell:Skip shell extension 'powershell' for command environment: Not usable outside of PowerShell
[4.751s] DEBUG:colcon.colcon_core.shell:Skip shell extension 'dsv' for command environment
[4.764s] DEBUG:colcon.colcon_core.event_handler.log_command:Invoking command in '/root/Dojo/Dojo/build/robot_bringup': AMENT_PREFIX_PATH=/root/Dojo/Dojo/install/robot_navigation:/root/Dojo/Dojo/install/robot_hardware:/root/Dojo/Dojo/install/robot_description:/root/Dojo/Dojo/install/robot_control:${AMENT_PREFIX_PATH} CMAKE_PREFIX_PATH=/root/Dojo/Dojo/install/robot_navigation:/root/Dojo/Dojo/install/robot_perception:/root/Dojo/Dojo/install/robot_description:/root/Dojo/Dojo/install/robot_control:/root/Dojo/install/robot_perception:/root/Dojo/install/robot_hardware:/opt/ros/humble PYTHONPATH=/root/Dojo/Dojo/build/robot_hardware:/root/Dojo/Dojo/install/robot_hardware/lib/python3.10/site-packages:/root/Dojo/Dojo/install/robot_description/lib/python3.10/site-packages:${PYTHONPATH} /usr/bin/cmake /root/Dojo/Dojo/src/robot_bringup -DAMENT_CMAKE_SYMLINK_INSTALL=1 -DCMAKE_INSTALL_PREFIX=/root/Dojo/Dojo/install/robot_bringup
[4.971s] DEBUG:colcon.colcon_core.event_handler.log_command:Invoked command in '/root/Dojo/Dojo/build/robot_gazebo' returned '0': AMENT_PREFIX_PATH=/root/Dojo/Dojo/install/robot_description:/root/Dojo/Dojo/install/robot_control:${AMENT_PREFIX_PATH} CMAKE_PREFIX_PATH=/root/Dojo/Dojo/install/robot_description:/root/Dojo/Dojo/install/robot_control:/root/Dojo/install/robot_perception:/root/Dojo/install/robot_hardware:/opt/ros/humble PYTHONPATH=/root/Dojo/Dojo/install/robot_description/lib/python3.10/site-packages:${PYTHONPATH} /usr/bin/cmake /root/Dojo/Dojo/src/robot_gazebo -DAMENT_CMAKE_SYMLINK_INSTALL=1 -DCMAKE_INSTALL_PREFIX=/root/Dojo/Dojo/install/robot_gazebo
[4.973s] DEBUG:colcon.colcon_core.event_handler.log_command:Invoking command in '/root/Dojo/Dojo/build/robot_gazebo': AMENT_PREFIX_PATH=/root/Dojo/Dojo/install/robot_description:/root/Dojo/Dojo/install/robot_control:${AMENT_PREFIX_PATH} CMAKE_PREFIX_PATH=/root/Dojo/Dojo/install/robot_description:/root/Dojo/Dojo/install/robot_control:/root/Dojo/install/robot_perception:/root/Dojo/install/robot_hardware:/opt/ros/humble PYTHONPATH=/root/Dojo/Dojo/install/robot_description/lib/python3.10/site-packages:${PYTHONPATH} /usr/bin/cmake --build /root/Dojo/Dojo/build/robot_gazebo -- -j16 -l16
[4.995s] DEBUG:colcon.colcon_core.event_handler.log_command:Invoked command in '/root/Dojo/Dojo/build/robot_bringup' returned '0': AMENT_PREFIX_PATH=/root/Dojo/Dojo/install/robot_navigation:/root/Dojo/Dojo/install/robot_hardware:/root/Dojo/Dojo/install/robot_description:/root/Dojo/Dojo/install/robot_control:${AMENT_PREFIX_PATH} CMAKE_PREFIX_PATH=/root/Dojo/Dojo/install/robot_navigation:/root/Dojo/Dojo/install/robot_perception:/root/Dojo/Dojo/install/robot_description:/root/Dojo/Dojo/install/robot_control:/root/Dojo/install/robot_perception:/root/Dojo/install/robot_hardware:/opt/ros/humble PYTHONPATH=/root/Dojo/Dojo/build/robot_hardware:/root/Dojo/Dojo/install/robot_hardware/lib/python3.10/site-packages:/root/Dojo/Dojo/install/robot_description/lib/python3.10/site-packages:${PYTHONPATH} /usr/bin/cmake /root/Dojo/Dojo/src/robot_bringup -DAMENT_CMAKE_SYMLINK_INSTALL=1 -DCMAKE_INSTALL_PREFIX=/root/Dojo/Dojo/install/robot_bringup
[4.996s] DEBUG:colcon.colcon_core.event_handler.log_command:Invoking command in '/root/Dojo/Dojo/build/robot_bringup': AMENT_PREFIX_PATH=/root/Dojo/Dojo/install/robot_navigation:/root/Dojo/Dojo/install/robot_hardware:/root/Dojo/Dojo/install/robot_description:/root/Dojo/Dojo/install/robot_control:${AMENT_PREFIX_PATH} CMAKE_PREFIX_PATH=/root/Dojo/Dojo/install/robot_navigation:/root/Dojo/Dojo/install/robot_perception:/root/Dojo/Dojo/install/robot_description:/root/Dojo/Dojo/install/robot_control:/root/Dojo/install/robot_perception:/root/Dojo/install/robot_hardware:/opt/ros/humble PYTHONPATH=/root/Dojo/Dojo/build/robot_hardware:/root/Dojo/Dojo/install/robot_hardware/lib/python3.10/site-packages:/root/Dojo/Dojo/install/robot_description/lib/python3.10/site-packages:${PYTHONPATH} /usr/bin/cmake --build /root/Dojo/Dojo/build/robot_bringup -- -j16 -l16
[4.996s] Level 1:colcon.colcon_core.shell:create_environment_hook('robot_launch', 'pythonpath_develop')
[4.996s] INFO:colcon.colcon_core.shell:Creating environment hook '/root/Dojo/Dojo/build/robot_launch/share/robot_launch/hook/pythonpath_develop.ps1'
[4.997s] DEBUG:colcon.colcon_core.event_handler.log_command:Invoked command in '/root/Dojo/Dojo/build/robot_launch' returned '0': AMENT_PREFIX_PATH=/root/Dojo/Dojo/install/robot_description:/root/Dojo/Dojo/install/robot_control:${AMENT_PREFIX_PATH} CMAKE_PREFIX_PATH=/root/Dojo/Dojo/install/robot_description:/root/Dojo/Dojo/install/robot_control:${CMAKE_PREFIX_PATH} PYTHONPATH=/root/Dojo/Dojo/build/robot_launch/prefix_override:/usr/lib/python3/dist-packages/colcon_core/task/python/colcon_distutils_commands:/root/Dojo/Dojo/install/robot_launch/lib/python3.10/site-packages:/root/Dojo/Dojo/install/robot_description/lib/python3.10/site-packages:${PYTHONPATH} /usr/bin/python3 -W ignore:setup.py install is deprecated -W ignore:easy_install command is deprecated setup.py develop --editable --build-directory /root/Dojo/Dojo/build/robot_launch/build --no-deps symlink_data
[4.997s] INFO:colcon.colcon_core.shell:Creating environment descriptor '/root/Dojo/Dojo/build/robot_launch/share/robot_launch/hook/pythonpath_develop.dsv'
[4.997s] INFO:colcon.colcon_core.shell:Creating environment hook '/root/Dojo/Dojo/build/robot_launch/share/robot_launch/hook/pythonpath_develop.sh'
[4.998s] Level 1:colcon.colcon_core.environment:checking '/root/Dojo/Dojo/install/robot_launch' for CMake module files
[4.998s] Level 1:colcon.colcon_core.environment:checking '/root/Dojo/Dojo/install/robot_launch' for CMake config files
[4.999s] Level 1:colcon.colcon_core.environment:checking '/root/Dojo/Dojo/install/robot_launch/lib'
[4.999s] Level 1:colcon.colcon_core.environment:checking '/root/Dojo/Dojo/install/robot_launch/bin'
[4.999s] Level 1:colcon.colcon_core.environment:checking '/root/Dojo/Dojo/install/robot_launch/lib/pkgconfig/robot_launch.pc'
[4.999s] Level 1:colcon.colcon_core.environment:checking '/root/Dojo/Dojo/install/robot_launch/lib/python3.10/site-packages'
[4.999s] Level 1:colcon.colcon_core.shell:create_environment_hook('robot_launch', 'pythonpath')
[4.999s] INFO:colcon.colcon_core.shell:Creating environment hook '/root/Dojo/Dojo/install/robot_launch/share/robot_launch/hook/pythonpath.ps1'
[5.000s] INFO:colcon.colcon_core.shell:Creating environment descriptor '/root/Dojo/Dojo/install/robot_launch/share/robot_launch/hook/pythonpath.dsv'
[5.000s] INFO:colcon.colcon_core.shell:Creating environment hook '/root/Dojo/Dojo/install/robot_launch/share/robot_launch/hook/pythonpath.sh'
[5.001s] Level 1:colcon.colcon_core.environment:checking '/root/Dojo/Dojo/install/robot_launch/bin'
[5.001s] Level 1:colcon.colcon_core.environment:create_environment_scripts_only(robot_launch)
[5.001s] INFO:colcon.colcon_core.shell:Creating package script '/root/Dojo/Dojo/install/robot_launch/share/robot_launch/package.ps1'
[5.001s] INFO:colcon.colcon_core.shell:Creating package descriptor '/root/Dojo/Dojo/install/robot_launch/share/robot_launch/package.dsv'
[5.002s] INFO:colcon.colcon_core.shell:Creating package script '/root/Dojo/Dojo/install/robot_launch/share/robot_launch/package.sh'
[5.002s] INFO:colcon.colcon_core.shell:Creating package script '/root/Dojo/Dojo/install/robot_launch/share/robot_launch/package.bash'
[5.003s] INFO:colcon.colcon_core.shell:Creating package script '/root/Dojo/Dojo/install/robot_launch/share/robot_launch/package.zsh'
[5.003s] Level 1:colcon.colcon_core.environment:create_file_with_runtime_dependencies(/root/Dojo/Dojo/install/robot_launch/share/colcon-core/packages/robot_launch)
[5.023s] DEBUG:colcon.colcon_core.event_handler.log_command:Invoked command in '/root/Dojo/Dojo/build/robot_gazebo' returned '0': AMENT_PREFIX_PATH=/root/Dojo/Dojo/install/robot_description:/root/Dojo/Dojo/install/robot_control:${AMENT_PREFIX_PATH} CMAKE_PREFIX_PATH=/root/Dojo/Dojo/install/robot_description:/root/Dojo/Dojo/install/robot_control:/root/Dojo/install/robot_perception:/root/Dojo/install/robot_hardware:/opt/ros/humble PYTHONPATH=/root/Dojo/Dojo/install/robot_description/lib/python3.10/site-packages:${PYTHONPATH} /usr/bin/cmake --build /root/Dojo/Dojo/build/robot_gazebo -- -j16 -l16
[5.025s] DEBUG:colcon.colcon_core.event_handler.log_command:Invoking command in '/root/Dojo/Dojo/build/robot_gazebo': AMENT_PREFIX_PATH=/root/Dojo/Dojo/install/robot_description:/root/Dojo/Dojo/install/robot_control:${AMENT_PREFIX_PATH} CMAKE_PREFIX_PATH=/root/Dojo/Dojo/install/robot_description:/root/Dojo/Dojo/install/robot_control:/root/Dojo/install/robot_perception:/root/Dojo/install/robot_hardware:/opt/ros/humble PYTHONPATH=/root/Dojo/Dojo/install/robot_description/lib/python3.10/site-packages:${PYTHONPATH} /usr/bin/cmake --install /root/Dojo/Dojo/build/robot_gazebo
[5.035s] DEBUG:colcon.colcon_core.event_handler.log_command:Invoked command in '/root/Dojo/Dojo/build/robot_bringup' returned '0': AMENT_PREFIX_PATH=/root/Dojo/Dojo/install/robot_navigation:/root/Dojo/Dojo/install/robot_hardware:/root/Dojo/Dojo/install/robot_description:/root/Dojo/Dojo/install/robot_control:${AMENT_PREFIX_PATH} CMAKE_PREFIX_PATH=/root/Dojo/Dojo/install/robot_navigation:/root/Dojo/Dojo/install/robot_perception:/root/Dojo/Dojo/install/robot_description:/root/Dojo/Dojo/install/robot_control:/root/Dojo/install/robot_perception:/root/Dojo/install/robot_hardware:/opt/ros/humble PYTHONPATH=/root/Dojo/Dojo/build/robot_hardware:/root/Dojo/Dojo/install/robot_hardware/lib/python3.10/site-packages:/root/Dojo/Dojo/install/robot_description/lib/python3.10/site-packages:${PYTHONPATH} /usr/bin/cmake --build /root/Dojo/Dojo/build/robot_bringup -- -j16 -l16
[5.036s] DEBUG:colcon.colcon_core.event_handler.log_command:Invoking command in '/root/Dojo/Dojo/build/robot_bringup': AMENT_PREFIX_PATH=/root/Dojo/Dojo/install/robot_navigation:/root/Dojo/Dojo/install/robot_hardware:/root/Dojo/Dojo/install/robot_description:/root/Dojo/Dojo/install/robot_control:${AMENT_PREFIX_PATH} CMAKE_PREFIX_PATH=/root/Dojo/Dojo/install/robot_navigation:/root/Dojo/Dojo/install/robot_perception:/root/Dojo/Dojo/install/robot_description:/root/Dojo/Dojo/install/robot_control:/root/Dojo/install/robot_perception:/root/Dojo/install/robot_hardware:/opt/ros/humble PYTHONPATH=/root/Dojo/Dojo/build/robot_hardware:/root/Dojo/Dojo/install/robot_hardware/lib/python3.10/site-packages:/root/Dojo/Dojo/install/robot_description/lib/python3.10/site-packages:${PYTHONPATH} /usr/bin/cmake --install /root/Dojo/Dojo/build/robot_bringup
[5.058s] Level 1:colcon.colcon_core.environment:create_environment_scripts_only(robot_gazebo)
[5.059s] Level 1:colcon.colcon_core.environment:checking '/root/Dojo/Dojo/install/robot_gazebo' for CMake module files
[5.059s] DEBUG:colcon.colcon_core.event_handler.log_command:Invoked command in '/root/Dojo/Dojo/build/robot_gazebo' returned '0': AMENT_PREFIX_PATH=/root/Dojo/Dojo/install/robot_description:/root/Dojo/Dojo/install/robot_control:${AMENT_PREFIX_PATH} CMAKE_PREFIX_PATH=/root/Dojo/Dojo/install/robot_description:/root/Dojo/Dojo/install/robot_control:/root/Dojo/install/robot_perception:/root/Dojo/install/robot_hardware:/opt/ros/humble PYTHONPATH=/root/Dojo/Dojo/install/robot_description/lib/python3.10/site-packages:${PYTHONPATH} /usr/bin/cmake --install /root/Dojo/Dojo/build/robot_gazebo
[5.059s] Level 1:colcon.colcon_core.environment:checking '/root/Dojo/Dojo/install/robot_gazebo' for CMake config files
[5.060s] Level 1:colcon.colcon_core.shell:create_environment_hook('robot_gazebo', 'cmake_prefix_path')
[5.060s] INFO:colcon.colcon_core.shell:Creating environment hook '/root/Dojo/Dojo/install/robot_gazebo/share/robot_gazebo/hook/cmake_prefix_path.ps1'
[5.060s] INFO:colcon.colcon_core.shell:Creating environment descriptor '/root/Dojo/Dojo/install/robot_gazebo/share/robot_gazebo/hook/cmake_prefix_path.dsv'
[5.061s] INFO:colcon.colcon_core.shell:Creating environment hook '/root/Dojo/Dojo/install/robot_gazebo/share/robot_gazebo/hook/cmake_prefix_path.sh'
[5.061s] Level 1:colcon.colcon_core.environment:checking '/root/Dojo/Dojo/install/robot_gazebo/lib'
[5.061s] Level 1:colcon.colcon_core.environment:checking '/root/Dojo/Dojo/install/robot_gazebo/bin'
[5.062s] Level 1:colcon.colcon_core.environment:checking '/root/Dojo/Dojo/install/robot_gazebo/lib/pkgconfig/robot_gazebo.pc'
[5.062s] Level 1:colcon.colcon_core.environment:checking '/root/Dojo/Dojo/install/robot_gazebo/lib/python3.10/site-packages'
[5.062s] Level 1:colcon.colcon_core.environment:checking '/root/Dojo/Dojo/install/robot_gazebo/bin'
[5.062s] INFO:colcon.colcon_core.shell:Creating package script '/root/Dojo/Dojo/install/robot_gazebo/share/robot_gazebo/package.ps1'
[5.063s] INFO:colcon.colcon_core.shell:Creating package descriptor '/root/Dojo/Dojo/install/robot_gazebo/share/robot_gazebo/package.dsv'
[5.063s] INFO:colcon.colcon_core.shell:Creating package script '/root/Dojo/Dojo/install/robot_gazebo/share/robot_gazebo/package.sh'
[5.063s] INFO:colcon.colcon_core.shell:Creating package script '/root/Dojo/Dojo/install/robot_gazebo/share/robot_gazebo/package.bash'
[5.064s] INFO:colcon.colcon_core.shell:Creating package script '/root/Dojo/Dojo/install/robot_gazebo/share/robot_gazebo/package.zsh'
[5.064s] Level 1:colcon.colcon_core.environment:create_file_with_runtime_dependencies(/root/Dojo/Dojo/install/robot_gazebo/share/colcon-core/packages/robot_gazebo)
[5.065s] Level 1:colcon.colcon_core.environment:create_environment_scripts_only(robot_gazebo)
[5.065s] Level 1:colcon.colcon_core.environment:checking '/root/Dojo/Dojo/install/robot_gazebo' for CMake module files
[5.065s] Level 1:colcon.colcon_core.environment:checking '/root/Dojo/Dojo/install/robot_gazebo' for CMake config files
[5.066s] Level 1:colcon.colcon_core.shell:create_environment_hook('robot_gazebo', 'cmake_prefix_path')
[5.066s] INFO:colcon.colcon_core.shell:Creating environment hook '/root/Dojo/Dojo/install/robot_gazebo/share/robot_gazebo/hook/cmake_prefix_path.ps1'
[5.066s] INFO:colcon.colcon_core.shell:Creating environment descriptor '/root/Dojo/Dojo/install/robot_gazebo/share/robot_gazebo/hook/cmake_prefix_path.dsv'
[5.067s] INFO:colcon.colcon_core.shell:Creating environment hook '/root/Dojo/Dojo/install/robot_gazebo/share/robot_gazebo/hook/cmake_prefix_path.sh'
[5.067s] Level 1:colcon.colcon_core.environment:checking '/root/Dojo/Dojo/install/robot_gazebo/lib'
[5.067s] Level 1:colcon.colcon_core.environment:checking '/root/Dojo/Dojo/install/robot_gazebo/bin'
[5.067s] Level 1:colcon.colcon_core.environment:checking '/root/Dojo/Dojo/install/robot_gazebo/lib/pkgconfig/robot_gazebo.pc'
[5.067s] Level 1:colcon.colcon_core.environment:checking '/root/Dojo/Dojo/install/robot_gazebo/lib/python3.10/site-packages'
[5.068s] Level 1:colcon.colcon_core.environment:checking '/root/Dojo/Dojo/install/robot_gazebo/bin'
[5.068s] INFO:colcon.colcon_core.shell:Creating package script '/root/Dojo/Dojo/install/robot_gazebo/share/robot_gazebo/package.ps1'
[5.068s] INFO:colcon.colcon_core.shell:Creating package descriptor '/root/Dojo/Dojo/install/robot_gazebo/share/robot_gazebo/package.dsv'
[5.069s] INFO:colcon.colcon_core.shell:Creating package script '/root/Dojo/Dojo/install/robot_gazebo/share/robot_gazebo/package.sh'
[5.069s] INFO:colcon.colcon_core.shell:Creating package script '/root/Dojo/Dojo/install/robot_gazebo/share/robot_gazebo/package.bash'
[5.070s] INFO:colcon.colcon_core.shell:Creating package script '/root/Dojo/Dojo/install/robot_gazebo/share/robot_gazebo/package.zsh'
[5.070s] Level 1:colcon.colcon_core.environment:create_file_with_runtime_dependencies(/root/Dojo/Dojo/install/robot_gazebo/share/colcon-core/packages/robot_gazebo)
[5.070s] Level 1:colcon.colcon_core.environment:create_environment_scripts_only(robot_bringup)
[5.071s] Level 1:colcon.colcon_core.environment:checking '/root/Dojo/Dojo/install/robot_bringup' for CMake module files
[5.072s] DEBUG:colcon.colcon_core.event_handler.log_command:Invoked command in '/root/Dojo/Dojo/build/robot_bringup' returned '0': AMENT_PREFIX_PATH=/root/Dojo/Dojo/install/robot_navigation:/root/Dojo/Dojo/install/robot_hardware:/root/Dojo/Dojo/install/robot_description:/root/Dojo/Dojo/install/robot_control:${AMENT_PREFIX_PATH} CMAKE_PREFIX_PATH=/root/Dojo/Dojo/install/robot_navigation:/root/Dojo/Dojo/install/robot_perception:/root/Dojo/Dojo/install/robot_description:/root/Dojo/Dojo/install/robot_control:/root/Dojo/install/robot_perception:/root/Dojo/install/robot_hardware:/opt/ros/humble PYTHONPATH=/root/Dojo/Dojo/build/robot_hardware:/root/Dojo/Dojo/install/robot_hardware/lib/python3.10/site-packages:/root/Dojo/Dojo/install/robot_description/lib/python3.10/site-packages:${PYTHONPATH} /usr/bin/cmake --install /root/Dojo/Dojo/build/robot_bringup
[5.072s] Level 1:colcon.colcon_core.environment:checking '/root/Dojo/Dojo/install/robot_bringup' for CMake config files
[5.072s] Level 1:colcon.colcon_core.shell:create_environment_hook('robot_bringup', 'cmake_prefix_path')
[5.072s] INFO:colcon.colcon_core.shell:Creating environment hook '/root/Dojo/Dojo/install/robot_bringup/share/robot_bringup/hook/cmake_prefix_path.ps1'
[5.073s] INFO:colcon.colcon_core.shell:Creating environment descriptor '/root/Dojo/Dojo/install/robot_bringup/share/robot_bringup/hook/cmake_prefix_path.dsv'
[5.073s] INFO:colcon.colcon_core.shell:Creating environment hook '/root/Dojo/Dojo/install/robot_bringup/share/robot_bringup/hook/cmake_prefix_path.sh'
[5.074s] Level 1:colcon.colcon_core.environment:checking '/root/Dojo/Dojo/install/robot_bringup/bin'
[5.074s] Level 1:colcon.colcon_core.environment:checking '/root/Dojo/Dojo/install/robot_bringup/lib/pkgconfig/robot_bringup.pc'
[5.074s] Level 1:colcon.colcon_core.environment:checking '/root/Dojo/Dojo/install/robot_bringup/lib/python3.10/site-packages'
[5.074s] Level 1:colcon.colcon_core.environment:checking '/root/Dojo/Dojo/install/robot_bringup/bin'
[5.074s] INFO:colcon.colcon_core.shell:Creating package script '/root/Dojo/Dojo/install/robot_bringup/share/robot_bringup/package.ps1'
[5.075s] INFO:colcon.colcon_core.shell:Creating package descriptor '/root/Dojo/Dojo/install/robot_bringup/share/robot_bringup/package.dsv'
[5.076s] INFO:colcon.colcon_core.shell:Creating package script '/root/Dojo/Dojo/install/robot_bringup/share/robot_bringup/package.sh'
[5.076s] INFO:colcon.colcon_core.shell:Creating package script '/root/Dojo/Dojo/install/robot_bringup/share/robot_bringup/package.bash'
[5.077s] INFO:colcon.colcon_core.shell:Creating package script '/root/Dojo/Dojo/install/robot_bringup/share/robot_bringup/package.zsh'
[5.077s] Level 1:colcon.colcon_core.environment:create_file_with_runtime_dependencies(/root/Dojo/Dojo/install/robot_bringup/share/colcon-core/packages/robot_bringup)
[5.078s] Level 1:colcon.colcon_core.environment:create_environment_scripts_only(robot_bringup)
[5.078s] Level 1:colcon.colcon_core.environment:checking '/root/Dojo/Dojo/install/robot_bringup' for CMake module files
[5.079s] Level 1:colcon.colcon_core.environment:checking '/root/Dojo/Dojo/install/robot_bringup' for CMake config files
[5.079s] Level 1:colcon.colcon_core.shell:create_environment_hook('robot_bringup', 'cmake_prefix_path')
[5.079s] INFO:colcon.colcon_core.shell:Creating environment hook '/root/Dojo/Dojo/install/robot_bringup/share/robot_bringup/hook/cmake_prefix_path.ps1'
[5.080s] INFO:colcon.colcon_core.shell:Creating environment descriptor '/root/Dojo/Dojo/install/robot_bringup/share/robot_bringup/hook/cmake_prefix_path.dsv'
[5.080s] INFO:colcon.colcon_core.shell:Creating environment hook '/root/Dojo/Dojo/install/robot_bringup/share/robot_bringup/hook/cmake_prefix_path.sh'
[5.081s] Level 1:colcon.colcon_core.environment:checking '/root/Dojo/Dojo/install/robot_bringup/bin'
[5.081s] Level 1:colcon.colcon_core.environment:checking '/root/Dojo/Dojo/install/robot_bringup/lib/pkgconfig/robot_bringup.pc'
[5.081s] Level 1:colcon.colcon_core.environment:checking '/root/Dojo/Dojo/install/robot_bringup/lib/python3.10/site-packages'
[5.081s] Level 1:colcon.colcon_core.environment:checking '/root/Dojo/Dojo/install/robot_bringup/bin'
[5.082s] INFO:colcon.colcon_core.shell:Creating package script '/root/Dojo/Dojo/install/robot_bringup/share/robot_bringup/package.ps1'
[5.082s] INFO:colcon.colcon_core.shell:Creating package descriptor '/root/Dojo/Dojo/install/robot_bringup/share/robot_bringup/package.dsv'
[5.083s] INFO:colcon.colcon_core.shell:Creating package script '/root/Dojo/Dojo/install/robot_bringup/share/robot_bringup/package.sh'
[5.084s] INFO:colcon.colcon_core.shell:Creating package script '/root/Dojo/Dojo/install/robot_bringup/share/robot_bringup/package.bash'
[5.085s] INFO:colcon.colcon_core.shell:Creating package script '/root/Dojo/Dojo/install/robot_bringup/share/robot_bringup/package.zsh'
[5.085s] Level 1:colcon.colcon_core.environment:create_file_with_runtime_dependencies(/root/Dojo/Dojo/install/robot_bringup/share/colcon-core/packages/robot_bringup)
[5.086s] DEBUG:colcon.colcon_parallel_executor.executor.parallel:closing loop
[5.086s] DEBUG:colcon.colcon_parallel_executor.executor.parallel:loop closed
[5.086s] DEBUG:colcon.colcon_parallel_executor.executor.parallel:run_until_complete finished with '0'
[5.087s] DEBUG:colcon.colcon_core.event_reactor:joining thread
[5.094s] INFO:colcon.colcon_core.plugin_system:Skipping extension 'colcon_notification.desktop_notification.notify_send': Could not find 'notify-send'
[5.095s] INFO:colcon.colcon_core.plugin_system:Skipping extension 'colcon_notification.desktop_notification.terminal_notifier': Not used on non-Darwin systems
[5.095s] INFO:colcon.colcon_core.plugin_system:Skipping extension 'colcon_notification.desktop_notification.win32': Not used on non-Windows systems
[5.095s] INFO:colcon.colcon_notification.desktop_notification:Sending desktop notification using 'notify2'
[5.100s] DEBUG:colcon.colcon_notification.desktop_notification.notify2:Failed to initialize notify2: org.freedesktop.DBus.Error.Spawn.ExecFailed: /usr/bin/dbus-launch terminated abnormally without any error message
[5.100s] DEBUG:colcon.colcon_core.event_reactor:joined thread
[5.101s] INFO:colcon.colcon_core.shell:Creating prefix script '/root/Dojo/Dojo/install/local_setup.ps1'
[5.102s] INFO:colcon.colcon_core.shell:Creating prefix util module '/root/Dojo/Dojo/install/_local_setup_util_ps1.py'
[5.104s] INFO:colcon.colcon_core.shell:Creating prefix chain script '/root/Dojo/Dojo/install/setup.ps1'
[5.105s] INFO:colcon.colcon_core.shell:Creating prefix script '/root/Dojo/Dojo/install/local_setup.sh'
[5.105s] INFO:colcon.colcon_core.shell:Creating prefix util module '/root/Dojo/Dojo/install/_local_setup_util_sh.py'
[5.106s] INFO:colcon.colcon_core.shell:Creating prefix chain script '/root/Dojo/Dojo/install/setup.sh'
[5.107s] INFO:colcon.colcon_core.shell:Creating prefix script '/root/Dojo/Dojo/install/local_setup.bash'
[5.108s] INFO:colcon.colcon_core.shell:Creating prefix chain script '/root/Dojo/Dojo/install/setup.bash'
[5.109s] INFO:colcon.colcon_core.shell:Creating prefix script '/root/Dojo/Dojo/install/local_setup.zsh'
[5.110s] INFO:colcon.colcon_core.shell:Creating prefix chain script '/root/Dojo/Dojo/install/setup.zsh'
