[0.000000] (-) TimerEvent: {}
[0.000502] (arduino_bridge) JobQueued: {'identifier': 'arduino_bridge', 'dependencies': OrderedDict()}
[0.000601] (nv21_converter_pkg) JobQueued: {'identifier': 'nv21_converter_pkg', 'dependencies': OrderedDict()}
[0.000632] (robot_control) JobQueued: {'identifier': 'robot_control', 'dependencies': OrderedDict()}
[0.000733] (robot_description) JobQueued: {'identifier': 'robot_description', 'dependencies': OrderedDict()}
[0.000774] (robot_hardware) JobQueued: {'identifier': 'robot_hardware', 'dependencies': OrderedDict()}
[0.000816] (robot_interfaces) JobQueued: {'identifier': 'robot_interfaces', 'dependencies': OrderedDict()}
[0.000846] (robot_perception) JobQueued: {'identifier': 'robot_perception', 'dependencies': OrderedDict()}
[0.000895] (robot_sensors) JobQueued: {'identifier': 'robot_sensors', 'dependencies': OrderedDict()}
[0.000923] (ros2arduino_bridge) JobQueued: {'identifier': 'ros2arduino_bridge', 'dependencies': OrderedDict()}
[0.000965] (vision_system) JobQueued: {'identifier': 'vision_system', 'dependencies': OrderedDict()}
[0.001035] (robot_gazebo) JobQueued: {'identifier': 'robot_gazebo', 'dependencies': OrderedDict([('robot_control', '/root/Dojo/Dojo/install/robot_control'), ('robot_description', '/root/Dojo/Dojo/install/robot_description')])}
[0.001059] (robot_launch) JobQueued: {'identifier': 'robot_launch', 'dependencies': OrderedDict([('robot_control', '/root/Dojo/Dojo/install/robot_control'), ('robot_description', '/root/Dojo/Dojo/install/robot_description')])}
[0.001085] (robot_navigation) JobQueued: {'identifier': 'robot_navigation', 'dependencies': OrderedDict([('robot_control', '/root/Dojo/Dojo/install/robot_control'), ('robot_description', '/root/Dojo/Dojo/install/robot_description')])}
[0.001104] (robot_bringup) JobQueued: {'identifier': 'robot_bringup', 'dependencies': OrderedDict([('robot_control', '/root/Dojo/Dojo/install/robot_control'), ('robot_description', '/root/Dojo/Dojo/install/robot_description'), ('robot_hardware', '/root/Dojo/Dojo/install/robot_hardware'), ('robot_perception', '/root/Dojo/Dojo/install/robot_perception'), ('robot_navigation', '/root/Dojo/Dojo/install/robot_navigation')])}
[0.001139] (robot_control) JobStarted: {'identifier': 'robot_control'}
[0.007074] (robot_description) JobStarted: {'identifier': 'robot_description'}
[0.011016] (robot_hardware) JobStarted: {'identifier': 'robot_hardware'}
[0.018844] (robot_perception) JobStarted: {'identifier': 'robot_perception'}
[0.022632] (arduino_bridge) JobStarted: {'identifier': 'arduino_bridge'}
[0.027383] (nv21_converter_pkg) JobStarted: {'identifier': 'nv21_converter_pkg'}
[0.032393] (robot_interfaces) JobStarted: {'identifier': 'robot_interfaces'}
[0.036640] (robot_sensors) JobStarted: {'identifier': 'robot_sensors'}
[0.041486] (ros2arduino_bridge) JobStarted: {'identifier': 'ros2arduino_bridge'}
[0.046796] (vision_system) JobStarted: {'identifier': 'vision_system'}
[0.053926] (robot_control) JobProgress: {'identifier': 'robot_control', 'progress': 'cmake'}
[0.054406] (robot_control) JobProgress: {'identifier': 'robot_control', 'progress': 'build'}
[0.055014] (robot_control) Command: {'cmd': ['/usr/bin/cmake', '--build', '/root/Dojo/Dojo/build/robot_control', '--', '-j16', '-l16'], 'cwd': '/root/Dojo/Dojo/build/robot_control', 'env': OrderedDict([('HOSTNAME', 'gareth-joel-HP-Pavilion-Gaming-Laptop-15-ec2xxx'), ('SHLVL', '1'), ('LD_LIBRARY_PATH', '/usr/lib/x86_64-linux-gnu/gazebo-11/plugins:/opt/ros/humble/opt/rviz_ogre_vendor/lib:/opt/ros/humble/lib/x86_64-linux-gnu:/opt/ros/humble/lib'), ('HOME', '/root'), ('OLDPWD', '/root/Dojo'), ('ROS_PYTHON_VERSION', '3'), ('COLCON_PREFIX_PATH', '/root/Dojo/install'), ('ROS_DISTRO', 'humble'), ('_', '/usr/bin/colcon'), ('ROS_VERSION', '2'), ('TERM', 'xterm'), ('ROS_LOCALHOST_ONLY', '0'), ('QT_X11_NO_MITSHM', '1'), ('PATH', '/opt/ros/humble/bin:/usr/local/sbin:/usr/local/bin:/usr/sbin:/usr/bin:/sbin:/bin'), ('DISPLAY', ':0'), ('LANG', 'C.UTF-8'), ('LS_COLORS', 'rs=0:di=01;34:ln=01;36:mh=00:pi=40;33:so=01;35:do=01;35:bd=40;33;01:cd=40;33;01:or=40;31;01:mi=00:su=37;41:sg=30;43:ca=30;41:tw=30;42:ow=34;42:st=37;44:ex=01;32:*.tar=01;31:*.tgz=01;31:*.arc=01;31:*.arj=01;31:*.taz=01;31:*.lha=01;31:*.lz4=01;31:*.lzh=01;31:*.lzma=01;31:*.tlz=01;31:*.txz=01;31:*.tzo=01;31:*.t7z=01;31:*.zip=01;31:*.z=01;31:*.dz=01;31:*.gz=01;31:*.lrz=01;31:*.lz=01;31:*.lzo=01;31:*.xz=01;31:*.zst=01;31:*.tzst=01;31:*.bz2=01;31:*.bz=01;31:*.tbz=01;31:*.tbz2=01;31:*.tz=01;31:*.deb=01;31:*.rpm=01;31:*.jar=01;31:*.war=01;31:*.ear=01;31:*.sar=01;31:*.rar=01;31:*.alz=01;31:*.ace=01;31:*.zoo=01;31:*.cpio=01;31:*.7z=01;31:*.rz=01;31:*.cab=01;31:*.wim=01;31:*.swm=01;31:*.dwm=01;31:*.esd=01;31:*.jpg=01;35:*.jpeg=01;35:*.mjpg=01;35:*.mjpeg=01;35:*.gif=01;35:*.bmp=01;35:*.pbm=01;35:*.pgm=01;35:*.ppm=01;35:*.tga=01;35:*.xbm=01;35:*.xpm=01;35:*.tif=01;35:*.tiff=01;35:*.png=01;35:*.svg=01;35:*.svgz=01;35:*.mng=01;35:*.pcx=01;35:*.mov=01;35:*.mpg=01;35:*.mpeg=01;35:*.m2v=01;35:*.mkv=01;35:*.webm=01;35:*.webp=01;35:*.ogm=01;35:*.mp4=01;35:*.m4v=01;35:*.mp4v=01;35:*.vob=01;35:*.qt=01;35:*.nuv=01;35:*.wmv=01;35:*.asf=01;35:*.rm=01;35:*.rmvb=01;35:*.flc=01;35:*.avi=01;35:*.fli=01;35:*.flv=01;35:*.gl=01;35:*.dl=01;35:*.xcf=01;35:*.xwd=01;35:*.yuv=01;35:*.cgm=01;35:*.emf=01;35:*.ogv=01;35:*.ogx=01;35:*.aac=00;36:*.au=00;36:*.flac=00;36:*.m4a=00;36:*.mid=00;36:*.midi=00;36:*.mka=00;36:*.mp3=00;36:*.mpc=00;36:*.ogg=00;36:*.ra=00;36:*.wav=00;36:*.oga=00;36:*.opus=00;36:*.spx=00;36:*.xspf=00;36:'), ('ROS_DOMAIN_ID', '7'), ('AMENT_PREFIX_PATH', '/root/Dojo/install/robot_hardware:/opt/ros/humble'), ('PWD', '/root/Dojo/Dojo/build/robot_control'), ('LC_ALL', 'C.UTF-8'), ('PYTHONPATH', '/root/Dojo/build/robot_hardware:/root/Dojo/install/robot_hardware/lib/python3.10/site-packages:/opt/ros/humble/lib/python3.10/site-packages:/opt/ros/humble/local/lib/python3.10/dist-packages'), ('COLCON', '1'), ('CMAKE_PREFIX_PATH', '/root/Dojo/install/robot_perception:/root/Dojo/install/robot_hardware:/opt/ros/humble')]), 'shell': False}
[0.056922] (robot_description) JobProgress: {'identifier': 'robot_description', 'progress': 'cmake'}
[0.057587] (robot_description) JobProgress: {'identifier': 'robot_description', 'progress': 'build'}
[0.057983] (robot_description) Command: {'cmd': ['/usr/bin/cmake', '--build', '/root/Dojo/Dojo/build/robot_description', '--', '-j16', '-l16'], 'cwd': '/root/Dojo/Dojo/build/robot_description', 'env': OrderedDict([('HOSTNAME', 'gareth-joel-HP-Pavilion-Gaming-Laptop-15-ec2xxx'), ('SHLVL', '1'), ('LD_LIBRARY_PATH', '/usr/lib/x86_64-linux-gnu/gazebo-11/plugins:/opt/ros/humble/opt/rviz_ogre_vendor/lib:/opt/ros/humble/lib/x86_64-linux-gnu:/opt/ros/humble/lib'), ('HOME', '/root'), ('OLDPWD', '/root/Dojo'), ('ROS_PYTHON_VERSION', '3'), ('COLCON_PREFIX_PATH', '/root/Dojo/install'), ('ROS_DISTRO', 'humble'), ('_', '/usr/bin/colcon'), ('ROS_VERSION', '2'), ('TERM', 'xterm'), ('ROS_LOCALHOST_ONLY', '0'), ('QT_X11_NO_MITSHM', '1'), ('PATH', '/opt/ros/humble/bin:/usr/local/sbin:/usr/local/bin:/usr/sbin:/usr/bin:/sbin:/bin'), ('DISPLAY', ':0'), ('LANG', 'C.UTF-8'), ('LS_COLORS', 'rs=0:di=01;34:ln=01;36:mh=00:pi=40;33:so=01;35:do=01;35:bd=40;33;01:cd=40;33;01:or=40;31;01:mi=00:su=37;41:sg=30;43:ca=30;41:tw=30;42:ow=34;42:st=37;44:ex=01;32:*.tar=01;31:*.tgz=01;31:*.arc=01;31:*.arj=01;31:*.taz=01;31:*.lha=01;31:*.lz4=01;31:*.lzh=01;31:*.lzma=01;31:*.tlz=01;31:*.txz=01;31:*.tzo=01;31:*.t7z=01;31:*.zip=01;31:*.z=01;31:*.dz=01;31:*.gz=01;31:*.lrz=01;31:*.lz=01;31:*.lzo=01;31:*.xz=01;31:*.zst=01;31:*.tzst=01;31:*.bz2=01;31:*.bz=01;31:*.tbz=01;31:*.tbz2=01;31:*.tz=01;31:*.deb=01;31:*.rpm=01;31:*.jar=01;31:*.war=01;31:*.ear=01;31:*.sar=01;31:*.rar=01;31:*.alz=01;31:*.ace=01;31:*.zoo=01;31:*.cpio=01;31:*.7z=01;31:*.rz=01;31:*.cab=01;31:*.wim=01;31:*.swm=01;31:*.dwm=01;31:*.esd=01;31:*.jpg=01;35:*.jpeg=01;35:*.mjpg=01;35:*.mjpeg=01;35:*.gif=01;35:*.bmp=01;35:*.pbm=01;35:*.pgm=01;35:*.ppm=01;35:*.tga=01;35:*.xbm=01;35:*.xpm=01;35:*.tif=01;35:*.tiff=01;35:*.png=01;35:*.svg=01;35:*.svgz=01;35:*.mng=01;35:*.pcx=01;35:*.mov=01;35:*.mpg=01;35:*.mpeg=01;35:*.m2v=01;35:*.mkv=01;35:*.webm=01;35:*.webp=01;35:*.ogm=01;35:*.mp4=01;35:*.m4v=01;35:*.mp4v=01;35:*.vob=01;35:*.qt=01;35:*.nuv=01;35:*.wmv=01;35:*.asf=01;35:*.rm=01;35:*.rmvb=01;35:*.flc=01;35:*.avi=01;35:*.fli=01;35:*.flv=01;35:*.gl=01;35:*.dl=01;35:*.xcf=01;35:*.xwd=01;35:*.yuv=01;35:*.cgm=01;35:*.emf=01;35:*.ogv=01;35:*.ogx=01;35:*.aac=00;36:*.au=00;36:*.flac=00;36:*.m4a=00;36:*.mid=00;36:*.midi=00;36:*.mka=00;36:*.mp3=00;36:*.mpc=00;36:*.ogg=00;36:*.ra=00;36:*.wav=00;36:*.oga=00;36:*.opus=00;36:*.spx=00;36:*.xspf=00;36:'), ('ROS_DOMAIN_ID', '7'), ('AMENT_PREFIX_PATH', '/root/Dojo/install/robot_hardware:/opt/ros/humble'), ('PWD', '/root/Dojo/Dojo/build/robot_description'), ('LC_ALL', 'C.UTF-8'), ('PYTHONPATH', '/root/Dojo/build/robot_hardware:/root/Dojo/install/robot_hardware/lib/python3.10/site-packages:/opt/ros/humble/lib/python3.10/site-packages:/opt/ros/humble/local/lib/python3.10/dist-packages'), ('COLCON', '1'), ('CMAKE_PREFIX_PATH', '/root/Dojo/install/robot_perception:/root/Dojo/install/robot_hardware:/opt/ros/humble')]), 'shell': False}
[0.099814] (-) TimerEvent: {}
[0.200186] (-) TimerEvent: {}
[0.300515] (-) TimerEvent: {}
[0.376772] (robot_perception) JobProgress: {'identifier': 'robot_perception', 'progress': 'cmake'}
[0.377183] (robot_perception) JobProgress: {'identifier': 'robot_perception', 'progress': 'build'}
[0.377907] (robot_perception) Command: {'cmd': ['/usr/bin/cmake', '--build', '/root/Dojo/Dojo/build/robot_perception', '--', '-j16', '-l16'], 'cwd': '/root/Dojo/Dojo/build/robot_perception', 'env': OrderedDict([('HOSTNAME', 'gareth-joel-HP-Pavilion-Gaming-Laptop-15-ec2xxx'), ('SHLVL', '1'), ('LD_LIBRARY_PATH', '/usr/lib/x86_64-linux-gnu/gazebo-11/plugins:/opt/ros/humble/opt/rviz_ogre_vendor/lib:/opt/ros/humble/lib/x86_64-linux-gnu:/opt/ros/humble/lib'), ('HOME', '/root'), ('OLDPWD', '/root/Dojo'), ('ROS_PYTHON_VERSION', '3'), ('COLCON_PREFIX_PATH', '/root/Dojo/install'), ('ROS_DISTRO', 'humble'), ('_', '/usr/bin/colcon'), ('ROS_VERSION', '2'), ('TERM', 'xterm'), ('ROS_LOCALHOST_ONLY', '0'), ('QT_X11_NO_MITSHM', '1'), ('PATH', '/opt/ros/humble/bin:/usr/local/sbin:/usr/local/bin:/usr/sbin:/usr/bin:/sbin:/bin'), ('DISPLAY', ':0'), ('LANG', 'C.UTF-8'), ('LS_COLORS', 'rs=0:di=01;34:ln=01;36:mh=00:pi=40;33:so=01;35:do=01;35:bd=40;33;01:cd=40;33;01:or=40;31;01:mi=00:su=37;41:sg=30;43:ca=30;41:tw=30;42:ow=34;42:st=37;44:ex=01;32:*.tar=01;31:*.tgz=01;31:*.arc=01;31:*.arj=01;31:*.taz=01;31:*.lha=01;31:*.lz4=01;31:*.lzh=01;31:*.lzma=01;31:*.tlz=01;31:*.txz=01;31:*.tzo=01;31:*.t7z=01;31:*.zip=01;31:*.z=01;31:*.dz=01;31:*.gz=01;31:*.lrz=01;31:*.lz=01;31:*.lzo=01;31:*.xz=01;31:*.zst=01;31:*.tzst=01;31:*.bz2=01;31:*.bz=01;31:*.tbz=01;31:*.tbz2=01;31:*.tz=01;31:*.deb=01;31:*.rpm=01;31:*.jar=01;31:*.war=01;31:*.ear=01;31:*.sar=01;31:*.rar=01;31:*.alz=01;31:*.ace=01;31:*.zoo=01;31:*.cpio=01;31:*.7z=01;31:*.rz=01;31:*.cab=01;31:*.wim=01;31:*.swm=01;31:*.dwm=01;31:*.esd=01;31:*.jpg=01;35:*.jpeg=01;35:*.mjpg=01;35:*.mjpeg=01;35:*.gif=01;35:*.bmp=01;35:*.pbm=01;35:*.pgm=01;35:*.ppm=01;35:*.tga=01;35:*.xbm=01;35:*.xpm=01;35:*.tif=01;35:*.tiff=01;35:*.png=01;35:*.svg=01;35:*.svgz=01;35:*.mng=01;35:*.pcx=01;35:*.mov=01;35:*.mpg=01;35:*.mpeg=01;35:*.m2v=01;35:*.mkv=01;35:*.webm=01;35:*.webp=01;35:*.ogm=01;35:*.mp4=01;35:*.m4v=01;35:*.mp4v=01;35:*.vob=01;35:*.qt=01;35:*.nuv=01;35:*.wmv=01;35:*.asf=01;35:*.rm=01;35:*.rmvb=01;35:*.flc=01;35:*.avi=01;35:*.fli=01;35:*.flv=01;35:*.gl=01;35:*.dl=01;35:*.xcf=01;35:*.xwd=01;35:*.yuv=01;35:*.cgm=01;35:*.emf=01;35:*.ogv=01;35:*.ogx=01;35:*.aac=00;36:*.au=00;36:*.flac=00;36:*.m4a=00;36:*.mid=00;36:*.midi=00;36:*.mka=00;36:*.mp3=00;36:*.mpc=00;36:*.ogg=00;36:*.ra=00;36:*.wav=00;36:*.oga=00;36:*.opus=00;36:*.spx=00;36:*.xspf=00;36:'), ('ROS_DOMAIN_ID', '7'), ('AMENT_PREFIX_PATH', '/root/Dojo/install/robot_hardware:/opt/ros/humble'), ('PWD', '/root/Dojo/Dojo/build/robot_perception'), ('LC_ALL', 'C.UTF-8'), ('PYTHONPATH', '/root/Dojo/build/robot_hardware:/root/Dojo/install/robot_hardware/lib/python3.10/site-packages:/opt/ros/humble/lib/python3.10/site-packages:/opt/ros/humble/local/lib/python3.10/dist-packages'), ('COLCON', '1'), ('CMAKE_PREFIX_PATH', '/root/Dojo/install/robot_perception')]), 'shell': False}
[0.400604] (-) TimerEvent: {}
[0.500963] (-) TimerEvent: {}
[0.601262] (-) TimerEvent: {}
[0.701577] (-) TimerEvent: {}
[0.801850] (-) TimerEvent: {}
[0.902145] (-) TimerEvent: {}
[1.002454] (-) TimerEvent: {}
[1.010523] (robot_interfaces) JobProgress: {'identifier': 'robot_interfaces', 'progress': 'cmake'}
[1.011189] (robot_interfaces) JobProgress: {'identifier': 'robot_interfaces', 'progress': 'build'}
[1.011940] (robot_interfaces) Command: {'cmd': ['/usr/bin/cmake', '--build', '/root/Dojo/Dojo/build/robot_interfaces', '--', '-j16', '-l16'], 'cwd': '/root/Dojo/Dojo/build/robot_interfaces', 'env': OrderedDict([('HOSTNAME', 'gareth-joel-HP-Pavilion-Gaming-Laptop-15-ec2xxx'), ('SHLVL', '1'), ('LD_LIBRARY_PATH', '/usr/lib/x86_64-linux-gnu/gazebo-11/plugins:/opt/ros/humble/opt/rviz_ogre_vendor/lib:/opt/ros/humble/lib/x86_64-linux-gnu:/opt/ros/humble/lib'), ('HOME', '/root'), ('OLDPWD', '/root/Dojo'), ('ROS_PYTHON_VERSION', '3'), ('COLCON_PREFIX_PATH', '/root/Dojo/install'), ('ROS_DISTRO', 'humble'), ('_', '/usr/bin/colcon'), ('ROS_VERSION', '2'), ('TERM', 'xterm'), ('ROS_LOCALHOST_ONLY', '0'), ('QT_X11_NO_MITSHM', '1'), ('PATH', '/opt/ros/humble/bin:/usr/local/sbin:/usr/local/bin:/usr/sbin:/usr/bin:/sbin:/bin'), ('DISPLAY', ':0'), ('LANG', 'C.UTF-8'), ('LS_COLORS', 'rs=0:di=01;34:ln=01;36:mh=00:pi=40;33:so=01;35:do=01;35:bd=40;33;01:cd=40;33;01:or=40;31;01:mi=00:su=37;41:sg=30;43:ca=30;41:tw=30;42:ow=34;42:st=37;44:ex=01;32:*.tar=01;31:*.tgz=01;31:*.arc=01;31:*.arj=01;31:*.taz=01;31:*.lha=01;31:*.lz4=01;31:*.lzh=01;31:*.lzma=01;31:*.tlz=01;31:*.txz=01;31:*.tzo=01;31:*.t7z=01;31:*.zip=01;31:*.z=01;31:*.dz=01;31:*.gz=01;31:*.lrz=01;31:*.lz=01;31:*.lzo=01;31:*.xz=01;31:*.zst=01;31:*.tzst=01;31:*.bz2=01;31:*.bz=01;31:*.tbz=01;31:*.tbz2=01;31:*.tz=01;31:*.deb=01;31:*.rpm=01;31:*.jar=01;31:*.war=01;31:*.ear=01;31:*.sar=01;31:*.rar=01;31:*.alz=01;31:*.ace=01;31:*.zoo=01;31:*.cpio=01;31:*.7z=01;31:*.rz=01;31:*.cab=01;31:*.wim=01;31:*.swm=01;31:*.dwm=01;31:*.esd=01;31:*.jpg=01;35:*.jpeg=01;35:*.mjpg=01;35:*.mjpeg=01;35:*.gif=01;35:*.bmp=01;35:*.pbm=01;35:*.pgm=01;35:*.ppm=01;35:*.tga=01;35:*.xbm=01;35:*.xpm=01;35:*.tif=01;35:*.tiff=01;35:*.png=01;35:*.svg=01;35:*.svgz=01;35:*.mng=01;35:*.pcx=01;35:*.mov=01;35:*.mpg=01;35:*.mpeg=01;35:*.m2v=01;35:*.mkv=01;35:*.webm=01;35:*.webp=01;35:*.ogm=01;35:*.mp4=01;35:*.m4v=01;35:*.mp4v=01;35:*.vob=01;35:*.qt=01;35:*.nuv=01;35:*.wmv=01;35:*.asf=01;35:*.rm=01;35:*.rmvb=01;35:*.flc=01;35:*.avi=01;35:*.fli=01;35:*.flv=01;35:*.gl=01;35:*.dl=01;35:*.xcf=01;35:*.xwd=01;35:*.yuv=01;35:*.cgm=01;35:*.emf=01;35:*.ogv=01;35:*.ogx=01;35:*.aac=00;36:*.au=00;36:*.flac=00;36:*.m4a=00;36:*.mid=00;36:*.midi=00;36:*.mka=00;36:*.mp3=00;36:*.mpc=00;36:*.ogg=00;36:*.ra=00;36:*.wav=00;36:*.oga=00;36:*.opus=00;36:*.spx=00;36:*.xspf=00;36:'), ('ROS_DOMAIN_ID', '7'), ('AMENT_PREFIX_PATH', '/root/Dojo/install/robot_hardware:/opt/ros/humble'), ('PWD', '/root/Dojo/Dojo/build/robot_interfaces'), ('LC_ALL', 'C.UTF-8'), ('PYTHONPATH', '/root/Dojo/build/robot_hardware:/root/Dojo/install/robot_hardware/lib/python3.10/site-packages:/opt/ros/humble/lib/python3.10/site-packages:/opt/ros/humble/local/lib/python3.10/dist-packages'), ('COLCON', '1'), ('CMAKE_PREFIX_PATH', '/root/Dojo/install/robot_perception:/root/Dojo/install/robot_hardware:/opt/ros/humble')]), 'shell': False}
[1.102545] (-) TimerEvent: {}
[1.202889] (-) TimerEvent: {}
[1.303204] (-) TimerEvent: {}
[1.403509] (-) TimerEvent: {}
[1.503814] (-) TimerEvent: {}
[1.604131] (-) TimerEvent: {}
[1.639315] (robot_perception) StdoutLine: {'line': b'Built target ament_cmake_python_copy_robot_perception_setup\n'}
[1.640303] (robot_perception) StdoutLine: {'line': b'Built target ament_cmake_python_copy_robot_perception\n'}
[1.640863] (robot_perception) StdoutLine: {'line': b'running egg_info\n'}
[1.641195] (robot_perception) StdoutLine: {'line': b'writing robot_perception.egg-info/PKG-INFO\n'}
[1.642085] (robot_perception) StdoutLine: {'line': b'writing dependency_links to robot_perception.egg-info/dependency_links.txt\n'}
[1.642207] (robot_perception) StdoutLine: {'line': b'writing top-level names to robot_perception.egg-info/top_level.txt\n'}
[1.642360] (robot_perception) StdoutLine: {'line': b"reading manifest file 'robot_perception.egg-info/SOURCES.txt'\n"}
[1.642649] (robot_perception) StdoutLine: {'line': b"writing manifest file 'robot_perception.egg-info/SOURCES.txt'\n"}
[1.643253] (robot_perception) StdoutLine: {'line': b'Built target ament_cmake_python_build_robot_perception_egg\n'}
[1.643358] (robot_interfaces) StdoutLine: {'line': b'[  1%] Built target robot_interfaces__cpp\n'}
[1.643494] (robot_interfaces) StdoutLine: {'line': b'[ 12%] Built target robot_interfaces__rosidl_generator_c\n'}
[1.643601] (robot_interfaces) StdoutLine: {'line': b'[ 12%] Built target ament_cmake_python_symlink_robot_interfaces\n'}
[1.643721] (robot_interfaces) StdoutLine: {'line': b'[ 69%] Built target robot_interfaces__rosidl_typesupport_fastrtps_cpp\n'}
[1.643818] (robot_interfaces) StdoutLine: {'line': b'[ 69%] Built target robot_interfaces__rosidl_typesupport_cpp\n'}
[1.643888] (robot_interfaces) StdoutLine: {'line': b'[ 69%] Built target robot_interfaces__rosidl_typesupport_introspection_cpp\n'}
[1.643991] (robot_interfaces) StdoutLine: {'line': b'[ 69%] Built target robot_interfaces__rosidl_typesupport_introspection_c\n'}
[1.644088] (robot_interfaces) StdoutLine: {'line': b'[ 69%] Built target robot_interfaces__rosidl_typesupport_c\n'}
[1.644173] (robot_interfaces) StdoutLine: {'line': b'[ 81%] Built target robot_interfaces__rosidl_typesupport_fastrtps_c\n'}
[1.644265] (robot_interfaces) StdoutLine: {'line': b'[ 81%] Built target robot_interfaces\n'}
[1.644347] (robot_interfaces) StdoutLine: {'line': b'[ 82%] Built target robot_interfaces__py\n'}
[1.644447] (robot_interfaces) StdoutLine: {'line': b'[ 92%] Built target robot_interfaces__rosidl_generator_py\n'}
[1.644527] (robot_interfaces) StdoutLine: {'line': b'[100%] Built target robot_interfaces__rosidl_typesupport_c__pyext\n'}
[1.644595] (robot_interfaces) StdoutLine: {'line': b'[100%] Built target robot_interfaces__rosidl_typesupport_introspection_c__pyext\n'}
[1.644678] (robot_interfaces) StdoutLine: {'line': b'[100%] Built target robot_interfaces__rosidl_typesupport_fastrtps_c__pyext\n'}
[1.644744] (robot_interfaces) StdoutLine: {'line': b'running egg_info\n'}
[1.644808] (robot_interfaces) StdoutLine: {'line': b'writing robot_interfaces.egg-info/PKG-INFO\n'}
[1.644873] (robot_interfaces) StdoutLine: {'line': b'writing dependency_links to robot_interfaces.egg-info/dependency_links.txt\n'}
[1.644975] (robot_interfaces) StdoutLine: {'line': b'writing top-level names to robot_interfaces.egg-info/top_level.txt\n'}
[1.645071] (robot_interfaces) StdoutLine: {'line': b"reading manifest file 'robot_interfaces.egg-info/SOURCES.txt'\n"}
[1.645159] (robot_interfaces) StdoutLine: {'line': b"writing manifest file 'robot_interfaces.egg-info/SOURCES.txt'\n"}
[1.645254] (robot_interfaces) StdoutLine: {'line': b'[100%] Built target ament_cmake_python_build_robot_interfaces_egg\n'}
[1.645344] (robot_description) CommandEnded: {'returncode': 0}
[1.645566] (robot_description) JobProgress: {'identifier': 'robot_description', 'progress': 'install'}
[1.652686] (robot_description) Command: {'cmd': ['/usr/bin/cmake', '--install', '/root/Dojo/Dojo/build/robot_description'], 'cwd': '/root/Dojo/Dojo/build/robot_description', 'env': OrderedDict([('HOSTNAME', 'gareth-joel-HP-Pavilion-Gaming-Laptop-15-ec2xxx'), ('SHLVL', '1'), ('LD_LIBRARY_PATH', '/usr/lib/x86_64-linux-gnu/gazebo-11/plugins:/opt/ros/humble/opt/rviz_ogre_vendor/lib:/opt/ros/humble/lib/x86_64-linux-gnu:/opt/ros/humble/lib'), ('HOME', '/root'), ('OLDPWD', '/root/Dojo'), ('ROS_PYTHON_VERSION', '3'), ('COLCON_PREFIX_PATH', '/root/Dojo/install'), ('ROS_DISTRO', 'humble'), ('_', '/usr/bin/colcon'), ('ROS_VERSION', '2'), ('TERM', 'xterm'), ('ROS_LOCALHOST_ONLY', '0'), ('QT_X11_NO_MITSHM', '1'), ('PATH', '/opt/ros/humble/bin:/usr/local/sbin:/usr/local/bin:/usr/sbin:/usr/bin:/sbin:/bin'), ('DISPLAY', ':0'), ('LANG', 'C.UTF-8'), ('LS_COLORS', 'rs=0:di=01;34:ln=01;36:mh=00:pi=40;33:so=01;35:do=01;35:bd=40;33;01:cd=40;33;01:or=40;31;01:mi=00:su=37;41:sg=30;43:ca=30;41:tw=30;42:ow=34;42:st=37;44:ex=01;32:*.tar=01;31:*.tgz=01;31:*.arc=01;31:*.arj=01;31:*.taz=01;31:*.lha=01;31:*.lz4=01;31:*.lzh=01;31:*.lzma=01;31:*.tlz=01;31:*.txz=01;31:*.tzo=01;31:*.t7z=01;31:*.zip=01;31:*.z=01;31:*.dz=01;31:*.gz=01;31:*.lrz=01;31:*.lz=01;31:*.lzo=01;31:*.xz=01;31:*.zst=01;31:*.tzst=01;31:*.bz2=01;31:*.bz=01;31:*.tbz=01;31:*.tbz2=01;31:*.tz=01;31:*.deb=01;31:*.rpm=01;31:*.jar=01;31:*.war=01;31:*.ear=01;31:*.sar=01;31:*.rar=01;31:*.alz=01;31:*.ace=01;31:*.zoo=01;31:*.cpio=01;31:*.7z=01;31:*.rz=01;31:*.cab=01;31:*.wim=01;31:*.swm=01;31:*.dwm=01;31:*.esd=01;31:*.jpg=01;35:*.jpeg=01;35:*.mjpg=01;35:*.mjpeg=01;35:*.gif=01;35:*.bmp=01;35:*.pbm=01;35:*.pgm=01;35:*.ppm=01;35:*.tga=01;35:*.xbm=01;35:*.xpm=01;35:*.tif=01;35:*.tiff=01;35:*.png=01;35:*.svg=01;35:*.svgz=01;35:*.mng=01;35:*.pcx=01;35:*.mov=01;35:*.mpg=01;35:*.mpeg=01;35:*.m2v=01;35:*.mkv=01;35:*.webm=01;35:*.webp=01;35:*.ogm=01;35:*.mp4=01;35:*.m4v=01;35:*.mp4v=01;35:*.vob=01;35:*.qt=01;35:*.nuv=01;35:*.wmv=01;35:*.asf=01;35:*.rm=01;35:*.rmvb=01;35:*.flc=01;35:*.avi=01;35:*.fli=01;35:*.flv=01;35:*.gl=01;35:*.dl=01;35:*.xcf=01;35:*.xwd=01;35:*.yuv=01;35:*.cgm=01;35:*.emf=01;35:*.ogv=01;35:*.ogx=01;35:*.aac=00;36:*.au=00;36:*.flac=00;36:*.m4a=00;36:*.mid=00;36:*.midi=00;36:*.mka=00;36:*.mp3=00;36:*.mpc=00;36:*.ogg=00;36:*.ra=00;36:*.wav=00;36:*.oga=00;36:*.opus=00;36:*.spx=00;36:*.xspf=00;36:'), ('ROS_DOMAIN_ID', '7'), ('AMENT_PREFIX_PATH', '/root/Dojo/install/robot_hardware:/opt/ros/humble'), ('PWD', '/root/Dojo/Dojo/build/robot_description'), ('LC_ALL', 'C.UTF-8'), ('PYTHONPATH', '/root/Dojo/build/robot_hardware:/root/Dojo/install/robot_hardware/lib/python3.10/site-packages:/opt/ros/humble/lib/python3.10/site-packages:/opt/ros/humble/local/lib/python3.10/dist-packages'), ('COLCON', '1'), ('CMAKE_PREFIX_PATH', '/root/Dojo/install/robot_perception:/root/Dojo/install/robot_hardware:/opt/ros/humble')]), 'shell': False}
[1.653544] (robot_control) CommandEnded: {'returncode': 0}
[1.653998] (robot_control) JobProgress: {'identifier': 'robot_control', 'progress': 'install'}
[1.654179] (robot_control) Command: {'cmd': ['/usr/bin/cmake', '--install', '/root/Dojo/Dojo/build/robot_control'], 'cwd': '/root/Dojo/Dojo/build/robot_control', 'env': OrderedDict([('HOSTNAME', 'gareth-joel-HP-Pavilion-Gaming-Laptop-15-ec2xxx'), ('SHLVL', '1'), ('LD_LIBRARY_PATH', '/usr/lib/x86_64-linux-gnu/gazebo-11/plugins:/opt/ros/humble/opt/rviz_ogre_vendor/lib:/opt/ros/humble/lib/x86_64-linux-gnu:/opt/ros/humble/lib'), ('HOME', '/root'), ('OLDPWD', '/root/Dojo'), ('ROS_PYTHON_VERSION', '3'), ('COLCON_PREFIX_PATH', '/root/Dojo/install'), ('ROS_DISTRO', 'humble'), ('_', '/usr/bin/colcon'), ('ROS_VERSION', '2'), ('TERM', 'xterm'), ('ROS_LOCALHOST_ONLY', '0'), ('QT_X11_NO_MITSHM', '1'), ('PATH', '/opt/ros/humble/bin:/usr/local/sbin:/usr/local/bin:/usr/sbin:/usr/bin:/sbin:/bin'), ('DISPLAY', ':0'), ('LANG', 'C.UTF-8'), ('LS_COLORS', 'rs=0:di=01;34:ln=01;36:mh=00:pi=40;33:so=01;35:do=01;35:bd=40;33;01:cd=40;33;01:or=40;31;01:mi=00:su=37;41:sg=30;43:ca=30;41:tw=30;42:ow=34;42:st=37;44:ex=01;32:*.tar=01;31:*.tgz=01;31:*.arc=01;31:*.arj=01;31:*.taz=01;31:*.lha=01;31:*.lz4=01;31:*.lzh=01;31:*.lzma=01;31:*.tlz=01;31:*.txz=01;31:*.tzo=01;31:*.t7z=01;31:*.zip=01;31:*.z=01;31:*.dz=01;31:*.gz=01;31:*.lrz=01;31:*.lz=01;31:*.lzo=01;31:*.xz=01;31:*.zst=01;31:*.tzst=01;31:*.bz2=01;31:*.bz=01;31:*.tbz=01;31:*.tbz2=01;31:*.tz=01;31:*.deb=01;31:*.rpm=01;31:*.jar=01;31:*.war=01;31:*.ear=01;31:*.sar=01;31:*.rar=01;31:*.alz=01;31:*.ace=01;31:*.zoo=01;31:*.cpio=01;31:*.7z=01;31:*.rz=01;31:*.cab=01;31:*.wim=01;31:*.swm=01;31:*.dwm=01;31:*.esd=01;31:*.jpg=01;35:*.jpeg=01;35:*.mjpg=01;35:*.mjpeg=01;35:*.gif=01;35:*.bmp=01;35:*.pbm=01;35:*.pgm=01;35:*.ppm=01;35:*.tga=01;35:*.xbm=01;35:*.xpm=01;35:*.tif=01;35:*.tiff=01;35:*.png=01;35:*.svg=01;35:*.svgz=01;35:*.mng=01;35:*.pcx=01;35:*.mov=01;35:*.mpg=01;35:*.mpeg=01;35:*.m2v=01;35:*.mkv=01;35:*.webm=01;35:*.webp=01;35:*.ogm=01;35:*.mp4=01;35:*.m4v=01;35:*.mp4v=01;35:*.vob=01;35:*.qt=01;35:*.nuv=01;35:*.wmv=01;35:*.asf=01;35:*.rm=01;35:*.rmvb=01;35:*.flc=01;35:*.avi=01;35:*.fli=01;35:*.flv=01;35:*.gl=01;35:*.dl=01;35:*.xcf=01;35:*.xwd=01;35:*.yuv=01;35:*.cgm=01;35:*.emf=01;35:*.ogv=01;35:*.ogx=01;35:*.aac=00;36:*.au=00;36:*.flac=00;36:*.m4a=00;36:*.mid=00;36:*.midi=00;36:*.mka=00;36:*.mp3=00;36:*.mpc=00;36:*.ogg=00;36:*.ra=00;36:*.wav=00;36:*.oga=00;36:*.opus=00;36:*.spx=00;36:*.xspf=00;36:'), ('ROS_DOMAIN_ID', '7'), ('AMENT_PREFIX_PATH', '/root/Dojo/install/robot_hardware:/opt/ros/humble'), ('PWD', '/root/Dojo/Dojo/build/robot_control'), ('LC_ALL', 'C.UTF-8'), ('PYTHONPATH', '/root/Dojo/build/robot_hardware:/root/Dojo/install/robot_hardware/lib/python3.10/site-packages:/opt/ros/humble/lib/python3.10/site-packages:/opt/ros/humble/local/lib/python3.10/dist-packages'), ('COLCON', '1'), ('CMAKE_PREFIX_PATH', '/root/Dojo/install/robot_perception:/root/Dojo/install/robot_hardware:/opt/ros/humble')]), 'shell': False}
[1.704216] (-) TimerEvent: {}
[1.804511] (-) TimerEvent: {}
[1.904874] (-) TimerEvent: {}
[1.961389] (robot_interfaces) CommandEnded: {'returncode': 0}
[1.961932] (robot_interfaces) JobProgress: {'identifier': 'robot_interfaces', 'progress': 'install'}
[1.962127] (robot_interfaces) Command: {'cmd': ['/usr/bin/cmake', '--install', '/root/Dojo/Dojo/build/robot_interfaces'], 'cwd': '/root/Dojo/Dojo/build/robot_interfaces', 'env': OrderedDict([('HOSTNAME', 'gareth-joel-HP-Pavilion-Gaming-Laptop-15-ec2xxx'), ('SHLVL', '1'), ('LD_LIBRARY_PATH', '/usr/lib/x86_64-linux-gnu/gazebo-11/plugins:/opt/ros/humble/opt/rviz_ogre_vendor/lib:/opt/ros/humble/lib/x86_64-linux-gnu:/opt/ros/humble/lib'), ('HOME', '/root'), ('OLDPWD', '/root/Dojo'), ('ROS_PYTHON_VERSION', '3'), ('COLCON_PREFIX_PATH', '/root/Dojo/install'), ('ROS_DISTRO', 'humble'), ('_', '/usr/bin/colcon'), ('ROS_VERSION', '2'), ('TERM', 'xterm'), ('ROS_LOCALHOST_ONLY', '0'), ('QT_X11_NO_MITSHM', '1'), ('PATH', '/opt/ros/humble/bin:/usr/local/sbin:/usr/local/bin:/usr/sbin:/usr/bin:/sbin:/bin'), ('DISPLAY', ':0'), ('LANG', 'C.UTF-8'), ('LS_COLORS', 'rs=0:di=01;34:ln=01;36:mh=00:pi=40;33:so=01;35:do=01;35:bd=40;33;01:cd=40;33;01:or=40;31;01:mi=00:su=37;41:sg=30;43:ca=30;41:tw=30;42:ow=34;42:st=37;44:ex=01;32:*.tar=01;31:*.tgz=01;31:*.arc=01;31:*.arj=01;31:*.taz=01;31:*.lha=01;31:*.lz4=01;31:*.lzh=01;31:*.lzma=01;31:*.tlz=01;31:*.txz=01;31:*.tzo=01;31:*.t7z=01;31:*.zip=01;31:*.z=01;31:*.dz=01;31:*.gz=01;31:*.lrz=01;31:*.lz=01;31:*.lzo=01;31:*.xz=01;31:*.zst=01;31:*.tzst=01;31:*.bz2=01;31:*.bz=01;31:*.tbz=01;31:*.tbz2=01;31:*.tz=01;31:*.deb=01;31:*.rpm=01;31:*.jar=01;31:*.war=01;31:*.ear=01;31:*.sar=01;31:*.rar=01;31:*.alz=01;31:*.ace=01;31:*.zoo=01;31:*.cpio=01;31:*.7z=01;31:*.rz=01;31:*.cab=01;31:*.wim=01;31:*.swm=01;31:*.dwm=01;31:*.esd=01;31:*.jpg=01;35:*.jpeg=01;35:*.mjpg=01;35:*.mjpeg=01;35:*.gif=01;35:*.bmp=01;35:*.pbm=01;35:*.pgm=01;35:*.ppm=01;35:*.tga=01;35:*.xbm=01;35:*.xpm=01;35:*.tif=01;35:*.tiff=01;35:*.png=01;35:*.svg=01;35:*.svgz=01;35:*.mng=01;35:*.pcx=01;35:*.mov=01;35:*.mpg=01;35:*.mpeg=01;35:*.m2v=01;35:*.mkv=01;35:*.webm=01;35:*.webp=01;35:*.ogm=01;35:*.mp4=01;35:*.m4v=01;35:*.mp4v=01;35:*.vob=01;35:*.qt=01;35:*.nuv=01;35:*.wmv=01;35:*.asf=01;35:*.rm=01;35:*.rmvb=01;35:*.flc=01;35:*.avi=01;35:*.fli=01;35:*.flv=01;35:*.gl=01;35:*.dl=01;35:*.xcf=01;35:*.xwd=01;35:*.yuv=01;35:*.cgm=01;35:*.emf=01;35:*.ogv=01;35:*.ogx=01;35:*.aac=00;36:*.au=00;36:*.flac=00;36:*.m4a=00;36:*.mid=00;36:*.midi=00;36:*.mka=00;36:*.mp3=00;36:*.mpc=00;36:*.ogg=00;36:*.ra=00;36:*.wav=00;36:*.oga=00;36:*.opus=00;36:*.spx=00;36:*.xspf=00;36:'), ('ROS_DOMAIN_ID', '7'), ('AMENT_PREFIX_PATH', '/root/Dojo/install/robot_hardware:/opt/ros/humble'), ('PWD', '/root/Dojo/Dojo/build/robot_interfaces'), ('LC_ALL', 'C.UTF-8'), ('PYTHONPATH', '/root/Dojo/build/robot_hardware:/root/Dojo/install/robot_hardware/lib/python3.10/site-packages:/opt/ros/humble/lib/python3.10/site-packages:/opt/ros/humble/local/lib/python3.10/dist-packages'), ('COLCON', '1'), ('CMAKE_PREFIX_PATH', '/root/Dojo/install/robot_perception:/root/Dojo/install/robot_hardware:/opt/ros/humble')]), 'shell': False}
[1.963056] (robot_perception) CommandEnded: {'returncode': 0}
[1.963490] (robot_perception) JobProgress: {'identifier': 'robot_perception', 'progress': 'install'}
[1.964106] (robot_perception) Command: {'cmd': ['/usr/bin/cmake', '--install', '/root/Dojo/Dojo/build/robot_perception'], 'cwd': '/root/Dojo/Dojo/build/robot_perception', 'env': OrderedDict([('HOSTNAME', 'gareth-joel-HP-Pavilion-Gaming-Laptop-15-ec2xxx'), ('SHLVL', '1'), ('LD_LIBRARY_PATH', '/usr/lib/x86_64-linux-gnu/gazebo-11/plugins:/opt/ros/humble/opt/rviz_ogre_vendor/lib:/opt/ros/humble/lib/x86_64-linux-gnu:/opt/ros/humble/lib'), ('HOME', '/root'), ('OLDPWD', '/root/Dojo'), ('ROS_PYTHON_VERSION', '3'), ('COLCON_PREFIX_PATH', '/root/Dojo/install'), ('ROS_DISTRO', 'humble'), ('_', '/usr/bin/colcon'), ('ROS_VERSION', '2'), ('TERM', 'xterm'), ('ROS_LOCALHOST_ONLY', '0'), ('QT_X11_NO_MITSHM', '1'), ('PATH', '/opt/ros/humble/bin:/usr/local/sbin:/usr/local/bin:/usr/sbin:/usr/bin:/sbin:/bin'), ('DISPLAY', ':0'), ('LANG', 'C.UTF-8'), ('LS_COLORS', 'rs=0:di=01;34:ln=01;36:mh=00:pi=40;33:so=01;35:do=01;35:bd=40;33;01:cd=40;33;01:or=40;31;01:mi=00:su=37;41:sg=30;43:ca=30;41:tw=30;42:ow=34;42:st=37;44:ex=01;32:*.tar=01;31:*.tgz=01;31:*.arc=01;31:*.arj=01;31:*.taz=01;31:*.lha=01;31:*.lz4=01;31:*.lzh=01;31:*.lzma=01;31:*.tlz=01;31:*.txz=01;31:*.tzo=01;31:*.t7z=01;31:*.zip=01;31:*.z=01;31:*.dz=01;31:*.gz=01;31:*.lrz=01;31:*.lz=01;31:*.lzo=01;31:*.xz=01;31:*.zst=01;31:*.tzst=01;31:*.bz2=01;31:*.bz=01;31:*.tbz=01;31:*.tbz2=01;31:*.tz=01;31:*.deb=01;31:*.rpm=01;31:*.jar=01;31:*.war=01;31:*.ear=01;31:*.sar=01;31:*.rar=01;31:*.alz=01;31:*.ace=01;31:*.zoo=01;31:*.cpio=01;31:*.7z=01;31:*.rz=01;31:*.cab=01;31:*.wim=01;31:*.swm=01;31:*.dwm=01;31:*.esd=01;31:*.jpg=01;35:*.jpeg=01;35:*.mjpg=01;35:*.mjpeg=01;35:*.gif=01;35:*.bmp=01;35:*.pbm=01;35:*.pgm=01;35:*.ppm=01;35:*.tga=01;35:*.xbm=01;35:*.xpm=01;35:*.tif=01;35:*.tiff=01;35:*.png=01;35:*.svg=01;35:*.svgz=01;35:*.mng=01;35:*.pcx=01;35:*.mov=01;35:*.mpg=01;35:*.mpeg=01;35:*.m2v=01;35:*.mkv=01;35:*.webm=01;35:*.webp=01;35:*.ogm=01;35:*.mp4=01;35:*.m4v=01;35:*.mp4v=01;35:*.vob=01;35:*.qt=01;35:*.nuv=01;35:*.wmv=01;35:*.asf=01;35:*.rm=01;35:*.rmvb=01;35:*.flc=01;35:*.avi=01;35:*.fli=01;35:*.flv=01;35:*.gl=01;35:*.dl=01;35:*.xcf=01;35:*.xwd=01;35:*.yuv=01;35:*.cgm=01;35:*.emf=01;35:*.ogv=01;35:*.ogx=01;35:*.aac=00;36:*.au=00;36:*.flac=00;36:*.m4a=00;36:*.mid=00;36:*.midi=00;36:*.mka=00;36:*.mp3=00;36:*.mpc=00;36:*.ogg=00;36:*.ra=00;36:*.wav=00;36:*.oga=00;36:*.opus=00;36:*.spx=00;36:*.xspf=00;36:'), ('ROS_DOMAIN_ID', '7'), ('AMENT_PREFIX_PATH', '/root/Dojo/install/robot_hardware:/opt/ros/humble'), ('PWD', '/root/Dojo/Dojo/build/robot_perception'), ('LC_ALL', 'C.UTF-8'), ('PYTHONPATH', '/root/Dojo/build/robot_hardware:/root/Dojo/install/robot_hardware/lib/python3.10/site-packages:/opt/ros/humble/lib/python3.10/site-packages:/opt/ros/humble/local/lib/python3.10/dist-packages'), ('COLCON', '1'), ('CMAKE_PREFIX_PATH', '/root/Dojo/install/robot_perception')]), 'shell': False}
[1.965689] (robot_description) StdoutLine: {'line': b'-- Install configuration: "Release"\n'}
[1.966327] (robot_description) StdoutLine: {'line': b'-- Execute custom install script\n'}
[1.966556] (robot_description) StdoutLine: {'line': b'-- Up-to-date symlink: /root/Dojo/Dojo/install/robot_description/share/robot_description/launch/description.launch.py\n'}
[1.966781] (robot_description) StdoutLine: {'line': b'-- Up-to-date symlink: /root/Dojo/Dojo/install/robot_description/share/robot_description/launch/display.launch.py\n'}
[1.967494] (robot_description) StdoutLine: {'line': b'-- Up-to-date symlink: /root/Dojo/Dojo/install/robot_description/share/robot_description/launch/robot_state_publisher.launch.py\n'}
[1.968171] (robot_description) StdoutLine: {'line': b'-- Up-to-date symlink: /root/Dojo/Dojo/install/robot_description/share/robot_description/config/robot_controllers.yaml\n'}
[1.968388] (robot_description) StdoutLine: {'line': b'-- Up-to-date symlink: /root/Dojo/Dojo/install/robot_description/share/robot_description/common_properties.xacro\n'}
[1.968651] (robot_description) StdoutLine: {'line': b'-- Up-to-date symlink: /root/Dojo/Dojo/install/robot_description/share/robot_description/dojo_robot.gazebo\n'}
[1.968930] (robot_description) StdoutLine: {'line': b'-- Up-to-date symlink: /root/Dojo/Dojo/install/robot_description/share/robot_description/dojo_robot.urdf.xacro\n'}
[1.969032] (robot_description) StdoutLine: {'line': b'-- Up-to-date symlink: /root/Dojo/Dojo/install/robot_description/share/robot_description/robot.urdf\n'}
[1.969415] (robot_description) StdoutLine: {'line': b'-- Up-to-date symlink: /root/Dojo/Dojo/install/robot_description/share/robot_description/robot.urdf.xacro\n'}
[1.970096] (robot_description) StdoutLine: {'line': b'-- Up-to-date symlink: /root/Dojo/Dojo/install/robot_description/share/robot_description/robot.urdf.xacro.clean\n'}
[1.970472] (robot_description) StdoutLine: {'line': b'-- Up-to-date symlink: /root/Dojo/Dojo/install/robot_description/share/robot_description/sensors/rplidar.urdf.xacro\n'}
[1.971087] (robot_description) StdoutLine: {'line': b'-- Up-to-date symlink: /root/Dojo/Dojo/install/robot_description/share/robot_description/display.rviz\n'}
[1.972250] (robot_description) StdoutLine: {'line': b'-- Up-to-date symlink: /root/Dojo/Dojo/install/robot_description/share/robot_description/dojo_robot.rviz\n'}
[1.972894] (robot_description) StdoutLine: {'line': b'-- Up-to-date symlink: /root/Dojo/Dojo/install/robot_description/share/robot_description/robot.rviz\n'}
[1.973093] (robot_description) StdoutLine: {'line': b'-- Up-to-date symlink: /root/Dojo/Dojo/install/robot_description/lib/python3.10/site-packages/__init__.py\n'}
[1.973282] (robot_description) StdoutLine: {'line': b'-- Up-to-date symlink: /root/Dojo/Dojo/install/robot_description/lib/python3.10/site-packages/robot_description/__init__.py\n'}
[1.974522] (robot_description) StdoutLine: {'line': b'-- Up-to-date symlink: /root/Dojo/Dojo/install/robot_description/lib/robot_description/display_robot.py\n'}
[1.975085] (robot_description) StdoutLine: {'line': b'-- Up-to-date symlink: /root/Dojo/Dojo/install/robot_description/share/robot_description/package.xml\n'}
[1.975321] (robot_description) StdoutLine: {'line': b'-- Up-to-date symlink: /root/Dojo/Dojo/install/robot_description/share/robot_description/setup.py\n'}
[1.975465] (robot_description) StdoutLine: {'line': b'-- Up-to-date symlink: /root/Dojo/Dojo/install/robot_description/share/robot_description/setup.cfg\n'}
[1.975835] (robot_description) StdoutLine: {'line': b'-- Up-to-date symlink: /root/Dojo/Dojo/install/robot_description/share/ament_index/resource_index/package_run_dependencies/robot_description\n'}
[1.976398] (robot_description) StdoutLine: {'line': b'-- Up-to-date symlink: /root/Dojo/Dojo/install/robot_description/share/ament_index/resource_index/parent_prefix_path/robot_description\n'}
[1.976593] (robot_description) StdoutLine: {'line': b'-- Up-to-date symlink: /root/Dojo/Dojo/install/robot_description/share/robot_description/environment/ament_prefix_path.sh\n'}
[1.978296] (robot_description) StdoutLine: {'line': b'-- Up-to-date symlink: /root/Dojo/Dojo/install/robot_description/share/robot_description/environment/ament_prefix_path.dsv\n'}
[1.979513] (robot_description) StdoutLine: {'line': b'-- Up-to-date symlink: /root/Dojo/Dojo/install/robot_description/share/robot_description/environment/path.sh\n'}
[1.980660] (robot_description) StdoutLine: {'line': b'-- Up-to-date symlink: /root/Dojo/Dojo/install/robot_description/share/robot_description/environment/path.dsv\n'}
[1.981078] (robot_description) StdoutLine: {'line': b'-- Up-to-date symlink: /root/Dojo/Dojo/install/robot_description/share/robot_description/local_setup.bash\n'}
[1.981565] (robot_description) StdoutLine: {'line': b'-- Up-to-date symlink: /root/Dojo/Dojo/install/robot_description/share/robot_description/local_setup.sh\n'}
[1.982196] (robot_description) StdoutLine: {'line': b'-- Up-to-date symlink: /root/Dojo/Dojo/install/robot_description/share/robot_description/local_setup.zsh\n'}
[1.982456] (robot_description) StdoutLine: {'line': b'-- Up-to-date symlink: /root/Dojo/Dojo/install/robot_description/share/robot_description/local_setup.dsv\n'}
[1.982928] (robot_description) StdoutLine: {'line': b'-- Symlinking: /root/Dojo/Dojo/install/robot_description/share/robot_description/package.dsv\n'}
[1.983164] (robot_description) StdoutLine: {'line': b'-- Up-to-date symlink: /root/Dojo/Dojo/install/robot_description/share/ament_index/resource_index/packages/robot_description\n'}
[1.983453] (robot_description) StdoutLine: {'line': b'-- Up-to-date symlink: /root/Dojo/Dojo/install/robot_description/share/robot_description/cmake/robot_descriptionConfig.cmake\n'}
[1.984062] (robot_description) StdoutLine: {'line': b'-- Up-to-date symlink: /root/Dojo/Dojo/install/robot_description/share/robot_description/cmake/robot_descriptionConfig-version.cmake\n'}
[1.984476] (robot_description) StdoutLine: {'line': b'-- Up-to-date symlink: /root/Dojo/Dojo/install/robot_description/share/robot_description/package.xml\n'}
[1.984750] (robot_control) StdoutLine: {'line': b'-- Install configuration: "Release"\n'}
[1.984979] (robot_control) StdoutLine: {'line': b'-- Execute custom install script\n'}
[1.985292] (robot_control) StdoutLine: {'line': b'-- Up-to-date symlink: /root/Dojo/Dojo/install/robot_control/share/robot_control/launch/control.launch.py\n'}
[1.985560] (robot_control) StdoutLine: {'line': b'-- Up-to-date symlink: /root/Dojo/Dojo/install/robot_control/share/robot_control/launch/robot_control.launch.py\n'}
[1.985741] (robot_control) StdoutLine: {'line': b'-- Up-to-date symlink: /root/Dojo/Dojo/install/robot_control/share/robot_control/config/arduino.yaml\n'}
[1.986999] (robot_control) StdoutLine: {'line': b'-- Up-to-date symlink: /root/Dojo/Dojo/install/robot_control/share/robot_control/config/controllers.yaml\n'}
[1.987228] (robot_control) StdoutLine: {'line': b'-- Up-to-date symlink: /root/Dojo/Dojo/install/robot_control/share/robot_control/config/robot_control_params.yaml\n'}
[1.987522] (robot_control) StdoutLine: {'line': b'-- Up-to-date symlink: /root/Dojo/Dojo/install/robot_control/share/robot_control/config/twist_mux.yaml\n'}
[1.987944] (robot_control) StdoutLine: {'line': b'-- Up-to-date symlink: /root/Dojo/Dojo/install/robot_control/share/robot_control/package.xml\n'}
[1.988327] (robot_control) StdoutLine: {'line': b'-- Up-to-date symlink: /root/Dojo/Dojo/install/robot_control/share/robot_control/setup.py\n'}
[1.988506] (robot_control) StdoutLine: {'line': b'-- Up-to-date symlink: /root/Dojo/Dojo/install/robot_control/share/robot_control/setup.cfg\n'}
[1.988683] (robot_control) StdoutLine: {'line': b'-- Up-to-date symlink: /root/Dojo/Dojo/install/robot_control/share/ament_index/resource_index/package_run_dependencies/robot_control\n'}
[1.988875] (robot_control) StdoutLine: {'line': b'-- Up-to-date symlink: /root/Dojo/Dojo/install/robot_control/share/ament_index/resource_index/parent_prefix_path/robot_control\n'}
[1.989121] (robot_control) StdoutLine: {'line': b'-- Up-to-date symlink: /root/Dojo/Dojo/install/robot_control/share/robot_control/environment/ament_prefix_path.sh\n'}
[1.989972] (robot_control) StdoutLine: {'line': b'-- Up-to-date symlink: /root/Dojo/Dojo/install/robot_control/share/robot_control/environment/ament_prefix_path.dsv\n'}
[1.990587] (robot_control) StdoutLine: {'line': b'-- Up-to-date symlink: /root/Dojo/Dojo/install/robot_control/share/robot_control/environment/path.sh\n'}
[1.991112] (robot_control) StdoutLine: {'line': b'-- Up-to-date symlink: /root/Dojo/Dojo/install/robot_control/share/robot_control/environment/path.dsv\n'}
[1.991352] (robot_control) StdoutLine: {'line': b'-- Up-to-date symlink: /root/Dojo/Dojo/install/robot_control/share/robot_control/local_setup.bash\n'}
[1.991830] (robot_control) StdoutLine: {'line': b'-- Up-to-date symlink: /root/Dojo/Dojo/install/robot_control/share/robot_control/local_setup.sh\n'}
[1.992129] (robot_control) StdoutLine: {'line': b'-- Up-to-date symlink: /root/Dojo/Dojo/install/robot_control/share/robot_control/local_setup.zsh\n'}
[1.993547] (robot_control) StdoutLine: {'line': b'-- Up-to-date symlink: /root/Dojo/Dojo/install/robot_control/share/robot_control/local_setup.dsv\n'}
[1.994755] (robot_control) StdoutLine: {'line': b'-- Symlinking: /root/Dojo/Dojo/install/robot_control/share/robot_control/package.dsv\n'}
[1.995787] (robot_control) StdoutLine: {'line': b'-- Up-to-date symlink: /root/Dojo/Dojo/install/robot_control/share/ament_index/resource_index/packages/robot_control\n'}
[1.996001] (robot_control) StdoutLine: {'line': b'-- Up-to-date symlink: /root/Dojo/Dojo/install/robot_control/share/robot_control/cmake/robot_controlConfig.cmake\n'}
[1.996458] (robot_control) StdoutLine: {'line': b'-- Up-to-date symlink: /root/Dojo/Dojo/install/robot_control/share/robot_control/cmake/robot_controlConfig-version.cmake\n'}
[1.997509] (robot_control) StdoutLine: {'line': b'-- Up-to-date symlink: /root/Dojo/Dojo/install/robot_control/share/robot_control/package.xml\n'}
[1.998556] (robot_control) StdoutLine: {'line': b'-- Up-to-date: /robot_control\n'}
[1.998810] (robot_control) StdoutLine: {'line': b'-- Up-to-date: /robot_control/__init__.py\n'}
[1.999204] (robot_perception) StdoutLine: {'line': b'-- Install configuration: "Release"\n'}
[2.000187] (robot_perception) StdoutLine: {'line': b'-- Up-to-date: /root/Dojo/Dojo/install/robot_perception/share/robot_perception/environment/pythonpath.sh\n'}
[2.000597] (robot_perception) StdoutLine: {'line': b'-- Up-to-date: /root/Dojo/Dojo/install/robot_perception/share/robot_perception/environment/pythonpath.dsv\n'}
[2.001477] (robot_perception) StdoutLine: {'line': b'-- Up-to-date: /root/Dojo/Dojo/install/robot_perception/local/lib/python3.10/dist-packages/robot_perception-0.2.0-py3.10.egg-info\n'}
[2.001859] (robot_interfaces) StdoutLine: {'line': b'-- Install configuration: "Release"\n'}
[2.002033] (robot_perception) StdoutLine: {'line': b'-- Installing: /root/Dojo/Dojo/install/robot_perception/local/lib/python3.10/dist-packages/robot_perception-0.2.0-py3.10.egg-info/SOURCES.txt\n'}
[2.002251] (robot_perception) StdoutLine: {'line': b'-- Installing: /root/Dojo/Dojo/install/robot_perception/local/lib/python3.10/dist-packages/robot_perception-0.2.0-py3.10.egg-info/dependency_links.txt\n'}
[2.002455] (robot_interfaces) StdoutLine: {'line': b'-- Execute custom install script\n'}
[2.003449] (robot_perception) StdoutLine: {'line': b'-- Installing: /root/Dojo/Dojo/install/robot_perception/local/lib/python3.10/dist-packages/robot_perception-0.2.0-py3.10.egg-info/PKG-INFO\n'}
[2.003922] (robot_perception) StdoutLine: {'line': b'-- Installing: /root/Dojo/Dojo/install/robot_perception/local/lib/python3.10/dist-packages/robot_perception-0.2.0-py3.10.egg-info/top_level.txt\n'}
[2.004201] (robot_perception) StdoutLine: {'line': b'-- Up-to-date: /root/Dojo/Dojo/install/robot_perception/local/lib/python3.10/dist-packages/robot_perception\n'}
[2.004429] (robot_perception) StdoutLine: {'line': b'-- Up-to-date: /root/Dojo/Dojo/install/robot_perception/local/lib/python3.10/dist-packages/robot_perception/yolov8n.pt\n'}
[2.004717] (robot_perception) StdoutLine: {'line': b'-- Up-to-date: /root/Dojo/Dojo/install/robot_perception/local/lib/python3.10/dist-packages/robot_perception/utils\n'}
[2.004974] (-) TimerEvent: {}
[2.005165] (robot_perception) StdoutLine: {'line': b'-- Up-to-date: /root/Dojo/Dojo/install/robot_perception/local/lib/python3.10/dist-packages/robot_perception/utils/common.py\n'}
[2.005357] (robot_perception) StdoutLine: {'line': b'-- Up-to-date: /root/Dojo/Dojo/install/robot_perception/local/lib/python3.10/dist-packages/robot_perception/utils/__init__.py\n'}
[2.005508] (robot_perception) StdoutLine: {'line': b'-- Up-to-date: /root/Dojo/Dojo/install/robot_perception/local/lib/python3.10/dist-packages/robot_perception/utils/config.py\n'}
[2.005739] (robot_perception) StdoutLine: {'line': b'-- Up-to-date: /root/Dojo/Dojo/install/robot_perception/local/lib/python3.10/dist-packages/robot_perception/nodes\n'}
[2.005941] (robot_perception) StdoutLine: {'line': b'-- Up-to-date: /root/Dojo/Dojo/install/robot_perception/local/lib/python3.10/dist-packages/robot_perception/nodes/object_detector.py\n'}
[2.006594] (robot_perception) StdoutLine: {'line': b'-- Up-to-date: /root/Dojo/Dojo/install/robot_perception/local/lib/python3.10/dist-packages/robot_perception/nodes/perception_integrator.py\n'}
[2.007094] (robot_perception) StdoutLine: {'line': b'-- Up-to-date: /root/Dojo/Dojo/install/robot_perception/local/lib/python3.10/dist-packages/robot_perception/nodes/lidar_processor.py\n'}
[2.007267] (robot_perception) StdoutLine: {'line': b'-- Up-to-date: /root/Dojo/Dojo/install/robot_perception/local/lib/python3.10/dist-packages/robot_perception/nodes/camera_processor.py\n'}
[2.007571] (robot_perception) StdoutLine: {'line': b'-- Up-to-date: /root/Dojo/Dojo/install/robot_perception/local/lib/python3.10/dist-packages/robot_perception/nodes/__init__.py\n'}
[2.007898] (robot_perception) StdoutLine: {'line': b'-- Up-to-date: /root/Dojo/Dojo/install/robot_perception/local/lib/python3.10/dist-packages/robot_perception/__init__.py\n'}
[2.008084] (robot_interfaces) StdoutLine: {'line': b'-- Up-to-date symlink: /root/Dojo/Dojo/install/robot_interfaces/share/ament_index/resource_index/rosidl_interfaces/robot_interfaces\n'}
[2.008382] (robot_interfaces) StdoutLine: {'line': b'-- Up-to-date symlink: /root/Dojo/Dojo/install/robot_interfaces/include/robot_interfaces/robot_interfaces/action/detail/navigation__functions.h\n'}
[2.008838] (robot_interfaces) StdoutLine: {'line': b'-- Up-to-date symlink: /root/Dojo/Dojo/install/robot_interfaces/include/robot_interfaces/robot_interfaces/action/detail/navigation__struct.h\n'}
[2.009159] (robot_interfaces) StdoutLine: {'line': b'-- Up-to-date symlink: /root/Dojo/Dojo/install/robot_interfaces/include/robot_interfaces/robot_interfaces/action/detail/navigation__type_support.h\n'}
[2.009994] (robot_interfaces) StdoutLine: {'line': b'-- Up-to-date symlink: /root/Dojo/Dojo/install/robot_interfaces/include/robot_interfaces/robot_interfaces/action/navigation.h\n'}
[2.010148] (robot_interfaces) StdoutLine: {'line': b'-- Up-to-date symlink: /root/Dojo/Dojo/install/robot_interfaces/include/robot_interfaces/robot_interfaces/msg/detail/hardware_status__functions.h\n'}
[2.010668] (robot_interfaces) StdoutLine: {'line': b'-- Up-to-date symlink: /root/Dojo/Dojo/install/robot_interfaces/include/robot_interfaces/robot_interfaces/msg/detail/hardware_status__struct.h\n'}
[2.011407] (robot_interfaces) StdoutLine: {'line': b'-- Up-to-date symlink: /root/Dojo/Dojo/install/robot_interfaces/include/robot_interfaces/robot_interfaces/msg/detail/hardware_status__type_support.h\n'}
[2.012105] (robot_interfaces) StdoutLine: {'line': b'-- Up-to-date symlink: /root/Dojo/Dojo/install/robot_interfaces/include/robot_interfaces/robot_interfaces/msg/detail/motor_command__functions.h\n'}
[2.012725] (robot_interfaces) StdoutLine: {'line': b'-- Up-to-date symlink: /root/Dojo/Dojo/install/robot_interfaces/include/robot_interfaces/robot_interfaces/msg/detail/motor_command__struct.h\n'}
[2.013225] (robot_interfaces) StdoutLine: {'line': b'-- Up-to-date symlink: /root/Dojo/Dojo/install/robot_interfaces/include/robot_interfaces/robot_interfaces/msg/detail/motor_command__type_support.h\n'}
[2.013374] (robot_interfaces) StdoutLine: {'line': b'-- Up-to-date symlink: /root/Dojo/Dojo/install/robot_interfaces/include/robot_interfaces/robot_interfaces/msg/detail/robot_state__functions.h\n'}
[2.013880] (robot_interfaces) StdoutLine: {'line': b'-- Up-to-date symlink: /root/Dojo/Dojo/install/robot_interfaces/include/robot_interfaces/robot_interfaces/msg/detail/robot_state__struct.h\n'}
[2.014331] (robot_interfaces) StdoutLine: {'line': b'-- Up-to-date symlink: /root/Dojo/Dojo/install/robot_interfaces/include/robot_interfaces/robot_interfaces/msg/detail/robot_state__type_support.h\n'}
[2.014762] (robot_interfaces) StdoutLine: {'line': b'-- Up-to-date symlink: /root/Dojo/Dojo/install/robot_interfaces/include/robot_interfaces/robot_interfaces/msg/detail/sensor_data__functions.h\n'}
[2.015002] (robot_interfaces) StdoutLine: {'line': b'-- Up-to-date symlink: /root/Dojo/Dojo/install/robot_interfaces/include/robot_interfaces/robot_interfaces/msg/detail/sensor_data__struct.h\n'}
[2.016462] (robot_interfaces) StdoutLine: {'line': b'-- Up-to-date symlink: /root/Dojo/Dojo/install/robot_interfaces/include/robot_interfaces/robot_interfaces/msg/detail/sensor_data__type_support.h\n'}
[2.016828] (robot_interfaces) StdoutLine: {'line': b'-- Up-to-date symlink: /root/Dojo/Dojo/install/robot_interfaces/include/robot_interfaces/robot_interfaces/msg/hardware_status.h\n'}
[2.017759] (robot_interfaces) StdoutLine: {'line': b'-- Up-to-date symlink: /root/Dojo/Dojo/install/robot_interfaces/include/robot_interfaces/robot_interfaces/msg/motor_command.h\n'}
[2.018280] (robot_interfaces) StdoutLine: {'line': b'-- Up-to-date symlink: /root/Dojo/Dojo/install/robot_interfaces/include/robot_interfaces/robot_interfaces/msg/robot_state.h\n'}
[2.018632] (robot_interfaces) StdoutLine: {'line': b'-- Up-to-date symlink: /root/Dojo/Dojo/install/robot_interfaces/include/robot_interfaces/robot_interfaces/msg/rosidl_generator_c__visibility_control.h\n'}
[2.018962] (robot_interfaces) StdoutLine: {'line': b'-- Up-to-date symlink: /root/Dojo/Dojo/install/robot_interfaces/include/robot_interfaces/robot_interfaces/msg/sensor_data.h\n'}
[2.019173] (robot_interfaces) StdoutLine: {'line': b'-- Up-to-date symlink: /root/Dojo/Dojo/install/robot_interfaces/include/robot_interfaces/robot_interfaces/srv/calibration.h\n'}
[2.019369] (robot_interfaces) StdoutLine: {'line': b'-- Up-to-date symlink: /root/Dojo/Dojo/install/robot_interfaces/include/robot_interfaces/robot_interfaces/srv/detail/calibration__functions.h\n'}
[2.019507] (robot_interfaces) StdoutLine: {'line': b'-- Up-to-date symlink: /root/Dojo/Dojo/install/robot_interfaces/include/robot_interfaces/robot_interfaces/srv/detail/calibration__struct.h\n'}
[2.019788] (robot_interfaces) StdoutLine: {'line': b'-- Up-to-date symlink: /root/Dojo/Dojo/install/robot_interfaces/include/robot_interfaces/robot_interfaces/srv/detail/calibration__type_support.h\n'}
[2.019972] (robot_interfaces) StdoutLine: {'line': b'-- Up-to-date symlink: /root/Dojo/Dojo/install/robot_interfaces/include/robot_interfaces/robot_interfaces/srv/detail/set_mode__functions.h\n'}
[2.020156] (robot_interfaces) StdoutLine: {'line': b'-- Up-to-date symlink: /root/Dojo/Dojo/install/robot_interfaces/include/robot_interfaces/robot_interfaces/srv/detail/set_mode__struct.h\n'}
[2.020291] (robot_interfaces) StdoutLine: {'line': b'-- Up-to-date symlink: /root/Dojo/Dojo/install/robot_interfaces/include/robot_interfaces/robot_interfaces/srv/detail/set_mode__type_support.h\n'}
[2.020702] (robot_interfaces) StdoutLine: {'line': b'-- Up-to-date symlink: /root/Dojo/Dojo/install/robot_interfaces/include/robot_interfaces/robot_interfaces/srv/set_mode.h\n'}
[2.021580] (robot_interfaces) StdoutLine: {'line': b'-- Up-to-date symlink: /root/Dojo/Dojo/install/robot_interfaces/share/robot_interfaces/environment/library_path.sh\n'}
[2.021751] (robot_interfaces) StdoutLine: {'line': b'-- Up-to-date symlink: /root/Dojo/Dojo/install/robot_interfaces/share/robot_interfaces/environment/library_path.dsv\n'}
[2.022075] (robot_interfaces) StdoutLine: {'line': b'-- Up-to-date symlink: /root/Dojo/Dojo/install/robot_interfaces/include/robot_interfaces/robot_interfaces/action/detail/navigation__rosidl_typesupport_fastrtps_c.h\n'}
[2.022388] (robot_interfaces) StdoutLine: {'line': b'-- Up-to-date symlink: /root/Dojo/Dojo/install/robot_interfaces/include/robot_interfaces/robot_interfaces/msg/detail/hardware_status__rosidl_typesupport_fastrtps_c.h\n'}
[2.022546] (robot_interfaces) StdoutLine: {'line': b'-- Up-to-date symlink: /root/Dojo/Dojo/install/robot_interfaces/include/robot_interfaces/robot_interfaces/msg/detail/motor_command__rosidl_typesupport_fastrtps_c.h\n'}
[2.023101] (robot_interfaces) StdoutLine: {'line': b'-- Up-to-date symlink: /root/Dojo/Dojo/install/robot_interfaces/include/robot_interfaces/robot_interfaces/msg/detail/robot_state__rosidl_typesupport_fastrtps_c.h\n'}
[2.023272] (robot_interfaces) StdoutLine: {'line': b'-- Up-to-date symlink: /root/Dojo/Dojo/install/robot_interfaces/include/robot_interfaces/robot_interfaces/msg/detail/sensor_data__rosidl_typesupport_fastrtps_c.h\n'}
[2.023554] (robot_interfaces) StdoutLine: {'line': b'-- Up-to-date symlink: /root/Dojo/Dojo/install/robot_interfaces/include/robot_interfaces/robot_interfaces/msg/rosidl_typesupport_fastrtps_c__visibility_control.h\n'}
[2.023921] (robot_interfaces) StdoutLine: {'line': b'-- Up-to-date symlink: /root/Dojo/Dojo/install/robot_interfaces/include/robot_interfaces/robot_interfaces/srv/detail/calibration__rosidl_typesupport_fastrtps_c.h\n'}
[2.024104] (robot_interfaces) StdoutLine: {'line': b'-- Up-to-date symlink: /root/Dojo/Dojo/install/robot_interfaces/include/robot_interfaces/robot_interfaces/srv/detail/set_mode__rosidl_typesupport_fastrtps_c.h\n'}
[2.024885] (robot_control) CommandEnded: {'returncode': 0}
[2.025500] (robot_interfaces) StdoutLine: {'line': b'-- Up-to-date symlink: /root/Dojo/Dojo/install/robot_interfaces/include/robot_interfaces/robot_interfaces/action/detail/navigation__builder.hpp\n'}
[2.025717] (robot_interfaces) StdoutLine: {'line': b'-- Up-to-date symlink: /root/Dojo/Dojo/install/robot_interfaces/include/robot_interfaces/robot_interfaces/action/detail/navigation__struct.hpp\n'}
[2.026113] (robot_interfaces) StdoutLine: {'line': b'-- Up-to-date symlink: /root/Dojo/Dojo/install/robot_interfaces/include/robot_interfaces/robot_interfaces/action/detail/navigation__traits.hpp\n'}
[2.026921] (robot_interfaces) StdoutLine: {'line': b'-- Up-to-date symlink: /root/Dojo/Dojo/install/robot_interfaces/include/robot_interfaces/robot_interfaces/action/detail/navigation__type_support.hpp\n'}
[2.027104] (robot_interfaces) StdoutLine: {'line': b'-- Up-to-date symlink: /root/Dojo/Dojo/install/robot_interfaces/include/robot_interfaces/robot_interfaces/action/navigation.hpp\n'}
[2.028405] (robot_interfaces) StdoutLine: {'line': b'-- Up-to-date symlink: /root/Dojo/Dojo/install/robot_interfaces/include/robot_interfaces/robot_interfaces/msg/detail/hardware_status__builder.hpp\n'}
[2.028605] (robot_interfaces) StdoutLine: {'line': b'-- Up-to-date symlink: /root/Dojo/Dojo/install/robot_interfaces/include/robot_interfaces/robot_interfaces/msg/detail/hardware_status__struct.hpp\n'}
[2.029241] (robot_interfaces) StdoutLine: {'line': b'-- Up-to-date symlink: /root/Dojo/Dojo/install/robot_interfaces/include/robot_interfaces/robot_interfaces/msg/detail/hardware_status__traits.hpp\n'}
[2.029569] (robot_interfaces) StdoutLine: {'line': b'-- Up-to-date symlink: /root/Dojo/Dojo/install/robot_interfaces/include/robot_interfaces/robot_interfaces/msg/detail/hardware_status__type_support.hpp\n'}
[2.030025] (robot_interfaces) StdoutLine: {'line': b'-- Up-to-date symlink: /root/Dojo/Dojo/install/robot_interfaces/include/robot_interfaces/robot_interfaces/msg/detail/motor_command__builder.hpp\n'}
[2.030270] (robot_interfaces) StdoutLine: {'line': b'-- Up-to-date symlink: /root/Dojo/Dojo/install/robot_interfaces/include/robot_interfaces/robot_interfaces/msg/detail/motor_command__struct.hpp\n'}
[2.030642] (robot_interfaces) StdoutLine: {'line': b'-- Up-to-date symlink: /root/Dojo/Dojo/install/robot_interfaces/include/robot_interfaces/robot_interfaces/msg/detail/motor_command__traits.hpp\n'}
[2.030820] (robot_interfaces) StdoutLine: {'line': b'-- Up-to-date symlink: /root/Dojo/Dojo/install/robot_interfaces/include/robot_interfaces/robot_interfaces/msg/detail/motor_command__type_support.hpp\n'}
[2.030946] (robot_interfaces) StdoutLine: {'line': b'-- Up-to-date symlink: /root/Dojo/Dojo/install/robot_interfaces/include/robot_interfaces/robot_interfaces/msg/detail/robot_state__builder.hpp\n'}
[2.031545] (robot_interfaces) StdoutLine: {'line': b'-- Up-to-date symlink: /root/Dojo/Dojo/install/robot_interfaces/include/robot_interfaces/robot_interfaces/msg/detail/robot_state__struct.hpp\n'}
[2.031779] (robot_interfaces) StdoutLine: {'line': b'-- Up-to-date symlink: /root/Dojo/Dojo/install/robot_interfaces/include/robot_interfaces/robot_interfaces/msg/detail/robot_state__traits.hpp\n'}
[2.032438] (robot_interfaces) StdoutLine: {'line': b'-- Up-to-date symlink: /root/Dojo/Dojo/install/robot_interfaces/include/robot_interfaces/robot_interfaces/msg/detail/robot_state__type_support.hpp\n'}
[2.032773] (robot_interfaces) StdoutLine: {'line': b'-- Up-to-date symlink: /root/Dojo/Dojo/install/robot_interfaces/include/robot_interfaces/robot_interfaces/msg/detail/sensor_data__builder.hpp\n'}
[2.033692] (robot_interfaces) StdoutLine: {'line': b'-- Up-to-date symlink: /root/Dojo/Dojo/install/robot_interfaces/include/robot_interfaces/robot_interfaces/msg/detail/sensor_data__struct.hpp\n'}
[2.033948] (robot_interfaces) StdoutLine: {'line': b'-- Up-to-date symlink: /root/Dojo/Dojo/install/robot_interfaces/include/robot_interfaces/robot_interfaces/msg/detail/sensor_data__traits.hpp\n'}
[2.034065] (robot_interfaces) StdoutLine: {'line': b'-- Up-to-date symlink: /root/Dojo/Dojo/install/robot_interfaces/include/robot_interfaces/robot_interfaces/msg/detail/sensor_data__type_support.hpp\n'}
[2.034213] (robot_interfaces) StdoutLine: {'line': b'-- Up-to-date symlink: /root/Dojo/Dojo/install/robot_interfaces/include/robot_interfaces/robot_interfaces/msg/hardware_status.hpp\n'}
[2.034373] (robot_interfaces) StdoutLine: {'line': b'-- Up-to-date symlink: /root/Dojo/Dojo/install/robot_interfaces/include/robot_interfaces/robot_interfaces/msg/motor_command.hpp\n'}
[2.034489] (robot_interfaces) StdoutLine: {'line': b'-- Up-to-date symlink: /root/Dojo/Dojo/install/robot_interfaces/include/robot_interfaces/robot_interfaces/msg/robot_state.hpp\n'}
[2.034680] (robot_interfaces) StdoutLine: {'line': b'-- Up-to-date symlink: /root/Dojo/Dojo/install/robot_interfaces/include/robot_interfaces/robot_interfaces/msg/rosidl_generator_cpp__visibility_control.hpp\n'}
[2.034841] (robot_interfaces) StdoutLine: {'line': b'-- Up-to-date symlink: /root/Dojo/Dojo/install/robot_interfaces/include/robot_interfaces/robot_interfaces/msg/sensor_data.hpp\n'}
[2.035054] (robot_interfaces) StdoutLine: {'line': b'-- Up-to-date symlink: /root/Dojo/Dojo/install/robot_interfaces/include/robot_interfaces/robot_interfaces/srv/calibration.hpp\n'}
[2.035261] (robot_interfaces) StdoutLine: {'line': b'-- Up-to-date symlink: /root/Dojo/Dojo/install/robot_interfaces/include/robot_interfaces/robot_interfaces/srv/detail/calibration__builder.hpp\n'}
[2.035390] (robot_interfaces) StdoutLine: {'line': b'-- Up-to-date symlink: /root/Dojo/Dojo/install/robot_interfaces/include/robot_interfaces/robot_interfaces/srv/detail/calibration__struct.hpp\n'}
[2.035532] (robot_interfaces) StdoutLine: {'line': b'-- Up-to-date symlink: /root/Dojo/Dojo/install/robot_interfaces/include/robot_interfaces/robot_interfaces/srv/detail/calibration__traits.hpp\n'}
[2.035696] (robot_interfaces) StdoutLine: {'line': b'-- Up-to-date symlink: /root/Dojo/Dojo/install/robot_interfaces/include/robot_interfaces/robot_interfaces/srv/detail/calibration__type_support.hpp\n'}
[2.036075] (robot_interfaces) StdoutLine: {'line': b'-- Up-to-date symlink: /root/Dojo/Dojo/install/robot_interfaces/include/robot_interfaces/robot_interfaces/srv/detail/set_mode__builder.hpp\n'}
[2.036651] (robot_interfaces) StdoutLine: {'line': b'-- Up-to-date symlink: /root/Dojo/Dojo/install/robot_interfaces/include/robot_interfaces/robot_interfaces/srv/detail/set_mode__struct.hpp\n'}
[2.036881] (robot_interfaces) StdoutLine: {'line': b'-- Up-to-date symlink: /root/Dojo/Dojo/install/robot_interfaces/include/robot_interfaces/robot_interfaces/srv/detail/set_mode__traits.hpp\n'}
[2.037286] (robot_interfaces) StdoutLine: {'line': b'-- Up-to-date symlink: /root/Dojo/Dojo/install/robot_interfaces/include/robot_interfaces/robot_interfaces/srv/detail/set_mode__type_support.hpp\n'}
[2.037475] (robot_interfaces) StdoutLine: {'line': b'-- Up-to-date symlink: /root/Dojo/Dojo/install/robot_interfaces/include/robot_interfaces/robot_interfaces/srv/set_mode.hpp\n'}
[2.037832] (robot_interfaces) StdoutLine: {'line': b'-- Up-to-date symlink: /root/Dojo/Dojo/install/robot_interfaces/include/robot_interfaces/robot_interfaces/action/detail/navigation__rosidl_typesupport_fastrtps_cpp.hpp\n'}
[2.038145] (robot_interfaces) StdoutLine: {'line': b'-- Up-to-date symlink: /root/Dojo/Dojo/install/robot_interfaces/include/robot_interfaces/robot_interfaces/msg/detail/hardware_status__rosidl_typesupport_fastrtps_cpp.hpp\n'}
[2.038288] (robot_interfaces) StdoutLine: {'line': b'-- Up-to-date symlink: /root/Dojo/Dojo/install/robot_interfaces/include/robot_interfaces/robot_interfaces/msg/detail/motor_command__rosidl_typesupport_fastrtps_cpp.hpp\n'}
[2.038568] (robot_interfaces) StdoutLine: {'line': b'-- Up-to-date symlink: /root/Dojo/Dojo/install/robot_interfaces/include/robot_interfaces/robot_interfaces/msg/detail/robot_state__rosidl_typesupport_fastrtps_cpp.hpp\n'}
[2.038944] (robot_interfaces) StdoutLine: {'line': b'-- Up-to-date symlink: /root/Dojo/Dojo/install/robot_interfaces/include/robot_interfaces/robot_interfaces/msg/detail/sensor_data__rosidl_typesupport_fastrtps_cpp.hpp\n'}
[2.039099] (robot_interfaces) StdoutLine: {'line': b'-- Up-to-date symlink: /root/Dojo/Dojo/install/robot_interfaces/include/robot_interfaces/robot_interfaces/msg/rosidl_typesupport_fastrtps_cpp__visibility_control.h\n'}
[2.039381] (robot_interfaces) StdoutLine: {'line': b'-- Up-to-date symlink: /root/Dojo/Dojo/install/robot_interfaces/include/robot_interfaces/robot_interfaces/srv/detail/calibration__rosidl_typesupport_fastrtps_cpp.hpp\n'}
[2.039562] (robot_interfaces) StdoutLine: {'line': b'-- Up-to-date symlink: /root/Dojo/Dojo/install/robot_interfaces/include/robot_interfaces/robot_interfaces/srv/detail/set_mode__rosidl_typesupport_fastrtps_cpp.hpp\n'}
[2.039715] (robot_interfaces) StdoutLine: {'line': b'-- Up-to-date symlink: /root/Dojo/Dojo/install/robot_interfaces/include/robot_interfaces/robot_interfaces/action/detail/navigation__rosidl_typesupport_introspection_c.h\n'}
[2.040260] (robot_interfaces) StdoutLine: {'line': b'-- Up-to-date symlink: /root/Dojo/Dojo/install/robot_interfaces/include/robot_interfaces/robot_interfaces/msg/detail/hardware_status__rosidl_typesupport_introspection_c.h\n'}
[2.040829] (robot_interfaces) StdoutLine: {'line': b'-- Up-to-date symlink: /root/Dojo/Dojo/install/robot_interfaces/include/robot_interfaces/robot_interfaces/msg/detail/motor_command__rosidl_typesupport_introspection_c.h\n'}
[2.041244] (robot_interfaces) StdoutLine: {'line': b'-- Up-to-date symlink: /root/Dojo/Dojo/install/robot_interfaces/include/robot_interfaces/robot_interfaces/msg/detail/robot_state__rosidl_typesupport_introspection_c.h\n'}
[2.041575] (robot_interfaces) StdoutLine: {'line': b'-- Up-to-date symlink: /root/Dojo/Dojo/install/robot_interfaces/include/robot_interfaces/robot_interfaces/msg/detail/sensor_data__rosidl_typesupport_introspection_c.h\n'}
[2.041957] (robot_interfaces) StdoutLine: {'line': b'-- Up-to-date symlink: /root/Dojo/Dojo/install/robot_interfaces/include/robot_interfaces/robot_interfaces/msg/rosidl_typesupport_introspection_c__visibility_control.h\n'}
[2.042130] (robot_interfaces) StdoutLine: {'line': b'-- Up-to-date symlink: /root/Dojo/Dojo/install/robot_interfaces/include/robot_interfaces/robot_interfaces/srv/detail/calibration__rosidl_typesupport_introspection_c.h\n'}
[2.042462] (robot_interfaces) StdoutLine: {'line': b'-- Up-to-date symlink: /root/Dojo/Dojo/install/robot_interfaces/include/robot_interfaces/robot_interfaces/srv/detail/set_mode__rosidl_typesupport_introspection_c.h\n'}
[2.042953] (robot_interfaces) StdoutLine: {'line': b'-- Up-to-date symlink: /root/Dojo/Dojo/install/robot_interfaces/include/robot_interfaces/robot_interfaces/action/detail/navigation__rosidl_typesupport_introspection_cpp.hpp\n'}
[2.043101] (robot_interfaces) StdoutLine: {'line': b'-- Up-to-date symlink: /root/Dojo/Dojo/install/robot_interfaces/include/robot_interfaces/robot_interfaces/msg/detail/hardware_status__rosidl_typesupport_introspection_cpp.hpp\n'}
[2.044482] (robot_interfaces) StdoutLine: {'line': b'-- Up-to-date symlink: /root/Dojo/Dojo/install/robot_interfaces/include/robot_interfaces/robot_interfaces/msg/detail/motor_command__rosidl_typesupport_introspection_cpp.hpp\n'}
[2.044736] (robot_interfaces) StdoutLine: {'line': b'-- Up-to-date symlink: /root/Dojo/Dojo/install/robot_interfaces/include/robot_interfaces/robot_interfaces/msg/detail/robot_state__rosidl_typesupport_introspection_cpp.hpp\n'}
[2.045523] (robot_interfaces) StdoutLine: {'line': b'-- Up-to-date symlink: /root/Dojo/Dojo/install/robot_interfaces/include/robot_interfaces/robot_interfaces/msg/detail/sensor_data__rosidl_typesupport_introspection_cpp.hpp\n'}
[2.045849] (robot_interfaces) StdoutLine: {'line': b'-- Up-to-date symlink: /root/Dojo/Dojo/install/robot_interfaces/include/robot_interfaces/robot_interfaces/srv/detail/calibration__rosidl_typesupport_introspection_cpp.hpp\n'}
[2.046451] (robot_interfaces) StdoutLine: {'line': b'-- Up-to-date symlink: /root/Dojo/Dojo/install/robot_interfaces/include/robot_interfaces/robot_interfaces/srv/detail/set_mode__rosidl_typesupport_introspection_cpp.hpp\n'}
[2.046598] (robot_interfaces) StdoutLine: {'line': b'-- Up-to-date symlink: /root/Dojo/Dojo/install/robot_interfaces/share/robot_interfaces/environment/pythonpath.sh\n'}
[2.046747] (robot_interfaces) StdoutLine: {'line': b'-- Up-to-date symlink: /root/Dojo/Dojo/install/robot_interfaces/share/robot_interfaces/environment/pythonpath.dsv\n'}
[2.047438] (robot_interfaces) StdoutLine: {'line': b'-- Up-to-date symlink: /root/Dojo/Dojo/install/robot_interfaces/local/lib/python3.10/dist-packages/robot_interfaces-1.0.0-py3.10.egg-info/PKG-INFO\n'}
[2.047617] (robot_interfaces) StdoutLine: {'line': b'-- Up-to-date symlink: /root/Dojo/Dojo/install/robot_interfaces/local/lib/python3.10/dist-packages/robot_interfaces-1.0.0-py3.10.egg-info/SOURCES.txt\n'}
[2.048134] (robot_interfaces) StdoutLine: {'line': b'-- Up-to-date symlink: /root/Dojo/Dojo/install/robot_interfaces/local/lib/python3.10/dist-packages/robot_interfaces-1.0.0-py3.10.egg-info/dependency_links.txt\n'}
[2.048331] (robot_interfaces) StdoutLine: {'line': b'-- Up-to-date symlink: /root/Dojo/Dojo/install/robot_interfaces/local/lib/python3.10/dist-packages/robot_interfaces-1.0.0-py3.10.egg-info/top_level.txt\n'}
[2.048587] (robot_interfaces) StdoutLine: {'line': b'-- Up-to-date symlink: /root/Dojo/Dojo/install/robot_interfaces/local/lib/python3.10/dist-packages/robot_interfaces/__init__.py\n'}
[2.048816] (robot_interfaces) StdoutLine: {'line': b'-- Up-to-date symlink: /root/Dojo/Dojo/install/robot_interfaces/local/lib/python3.10/dist-packages/robot_interfaces/_robot_interfaces_s.ep.rosidl_typesupport_c.c\n'}
[2.049391] (robot_interfaces) StdoutLine: {'line': b'-- Up-to-date symlink: /root/Dojo/Dojo/install/robot_interfaces/local/lib/python3.10/dist-packages/robot_interfaces/_robot_interfaces_s.ep.rosidl_typesupport_fastrtps_c.c\n'}
[2.050398] (robot_interfaces) StdoutLine: {'line': b'-- Up-to-date symlink: /root/Dojo/Dojo/install/robot_interfaces/local/lib/python3.10/dist-packages/robot_interfaces/_robot_interfaces_s.ep.rosidl_typesupport_introspection_c.c\n'}
[2.050722] (robot_interfaces) StdoutLine: {'line': b'-- Up-to-date symlink: /root/Dojo/Dojo/install/robot_interfaces/local/lib/python3.10/dist-packages/robot_interfaces/action/__init__.py\n'}
[2.050904] (robot_interfaces) StdoutLine: {'line': b'-- Up-to-date symlink: /root/Dojo/Dojo/install/robot_interfaces/local/lib/python3.10/dist-packages/robot_interfaces/action/_navigation.py\n'}
[2.051021] (robot_interfaces) StdoutLine: {'line': b'-- Up-to-date symlink: /root/Dojo/Dojo/install/robot_interfaces/local/lib/python3.10/dist-packages/robot_interfaces/action/_navigation_s.c\n'}
[2.051472] (robot_interfaces) StdoutLine: {'line': b'-- Up-to-date symlink: /root/Dojo/Dojo/install/robot_interfaces/local/lib/python3.10/dist-packages/robot_interfaces/librobot_interfaces__rosidl_generator_py.so\n'}
[2.051782] (robot_interfaces) StdoutLine: {'line': b'-- Up-to-date symlink: /root/Dojo/Dojo/install/robot_interfaces/local/lib/python3.10/dist-packages/robot_interfaces/msg/__init__.py\n'}
[2.052439] (robot_interfaces) StdoutLine: {'line': b'-- Up-to-date symlink: /root/Dojo/Dojo/install/robot_interfaces/local/lib/python3.10/dist-packages/robot_interfaces/msg/_hardware_status.py\n'}
[2.052690] (robot_interfaces) StdoutLine: {'line': b'-- Up-to-date symlink: /root/Dojo/Dojo/install/robot_interfaces/local/lib/python3.10/dist-packages/robot_interfaces/msg/_hardware_status_s.c\n'}
[2.052899] (robot_interfaces) StdoutLine: {'line': b'-- Up-to-date symlink: /root/Dojo/Dojo/install/robot_interfaces/local/lib/python3.10/dist-packages/robot_interfaces/msg/_motor_command.py\n'}
[2.053042] (robot_interfaces) StdoutLine: {'line': b'-- Up-to-date symlink: /root/Dojo/Dojo/install/robot_interfaces/local/lib/python3.10/dist-packages/robot_interfaces/msg/_motor_command_s.c\n'}
[2.053369] (robot_interfaces) StdoutLine: {'line': b'-- Up-to-date symlink: /root/Dojo/Dojo/install/robot_interfaces/local/lib/python3.10/dist-packages/robot_interfaces/msg/_robot_state.py\n'}
[2.053470] (robot_interfaces) StdoutLine: {'line': b'-- Up-to-date symlink: /root/Dojo/Dojo/install/robot_interfaces/local/lib/python3.10/dist-packages/robot_interfaces/msg/_robot_state_s.c\n'}
[2.053570] (robot_interfaces) StdoutLine: {'line': b'-- Up-to-date symlink: /root/Dojo/Dojo/install/robot_interfaces/local/lib/python3.10/dist-packages/robot_interfaces/msg/_sensor_data.py\n'}
[2.053702] (robot_interfaces) StdoutLine: {'line': b'-- Up-to-date symlink: /root/Dojo/Dojo/install/robot_interfaces/local/lib/python3.10/dist-packages/robot_interfaces/msg/_sensor_data_s.c\n'}
[2.053859] (robot_interfaces) StdoutLine: {'line': b'-- Up-to-date symlink: /root/Dojo/Dojo/install/robot_interfaces/local/lib/python3.10/dist-packages/robot_interfaces/robot_interfaces_s__rosidl_typesupport_c.cpython-310-x86_64-linux-gnu.so\n'}
[2.053970] (robot_interfaces) StdoutLine: {'line': b'-- Up-to-date symlink: /root/Dojo/Dojo/install/robot_interfaces/local/lib/python3.10/dist-packages/robot_interfaces/robot_interfaces_s__rosidl_typesupport_fastrtps_c.cpython-310-x86_64-linux-gnu.so\n'}
[2.054090] (robot_interfaces) StdoutLine: {'line': b'-- Up-to-date symlink: /root/Dojo/Dojo/install/robot_interfaces/local/lib/python3.10/dist-packages/robot_interfaces/robot_interfaces_s__rosidl_typesupport_introspection_c.cpython-310-x86_64-linux-gnu.so\n'}
[2.054203] (robot_interfaces) StdoutLine: {'line': b'-- Up-to-date symlink: /root/Dojo/Dojo/install/robot_interfaces/local/lib/python3.10/dist-packages/robot_interfaces/srv/__init__.py\n'}
[2.054310] (robot_interfaces) StdoutLine: {'line': b'-- Up-to-date symlink: /root/Dojo/Dojo/install/robot_interfaces/local/lib/python3.10/dist-packages/robot_interfaces/srv/_calibration.py\n'}
[2.055002] (robot_interfaces) StdoutLine: {'line': b'-- Up-to-date symlink: /root/Dojo/Dojo/install/robot_interfaces/local/lib/python3.10/dist-packages/robot_interfaces/srv/_calibration_s.c\n'}
[2.055285] (robot_interfaces) StdoutLine: {'line': b'-- Up-to-date symlink: /root/Dojo/Dojo/install/robot_interfaces/local/lib/python3.10/dist-packages/robot_interfaces/srv/_set_mode.py\n'}
[2.055492] (robot_interfaces) StdoutLine: {'line': b'-- Up-to-date symlink: /root/Dojo/Dojo/install/robot_interfaces/local/lib/python3.10/dist-packages/robot_interfaces/srv/_set_mode_s.c\n'}
[2.055653] (robot_interfaces) StdoutLine: {'line': b'-- Up-to-date symlink: /root/Dojo/Dojo/install/robot_interfaces/local/lib/python3.10/dist-packages/robot_interfaces/robot_interfaces_s__rosidl_typesupport_fastrtps_c.cpython-310-x86_64-linux-gnu.so\n'}
[2.056313] (robot_interfaces) StdoutLine: {'line': b'-- Up-to-date symlink: /root/Dojo/Dojo/install/robot_interfaces/local/lib/python3.10/dist-packages/robot_interfaces/robot_interfaces_s__rosidl_typesupport_introspection_c.cpython-310-x86_64-linux-gnu.so\n'}
[2.056487] (robot_interfaces) StdoutLine: {'line': b'-- Up-to-date symlink: /root/Dojo/Dojo/install/robot_interfaces/local/lib/python3.10/dist-packages/robot_interfaces/robot_interfaces_s__rosidl_typesupport_c.cpython-310-x86_64-linux-gnu.so\n'}
[2.056683] (robot_interfaces) StdoutLine: {'line': b'-- Up-to-date symlink: /root/Dojo/Dojo/install/robot_interfaces/share/robot_interfaces/msg/HardwareStatus.idl\n'}
[2.056839] (robot_interfaces) StdoutLine: {'line': b'-- Up-to-date symlink: /root/Dojo/Dojo/install/robot_interfaces/share/robot_interfaces/msg/SensorData.idl\n'}
[2.056960] (robot_interfaces) StdoutLine: {'line': b'-- Up-to-date symlink: /root/Dojo/Dojo/install/robot_interfaces/share/robot_interfaces/msg/MotorCommand.idl\n'}
[2.057137] (robot_interfaces) StdoutLine: {'line': b'-- Up-to-date symlink: /root/Dojo/Dojo/install/robot_interfaces/share/robot_interfaces/msg/RobotState.idl\n'}
[2.057290] (robot_interfaces) StdoutLine: {'line': b'-- Up-to-date symlink: /root/Dojo/Dojo/install/robot_interfaces/share/robot_interfaces/srv/Calibration.idl\n'}
[2.057482] (robot_interfaces) StdoutLine: {'line': b'-- Up-to-date symlink: /root/Dojo/Dojo/install/robot_interfaces/share/robot_interfaces/srv/SetMode.idl\n'}
[2.057767] (robot_interfaces) StdoutLine: {'line': b'-- Up-to-date symlink: /root/Dojo/Dojo/install/robot_interfaces/share/robot_interfaces/action/Navigation.idl\n'}
[2.057993] (robot_interfaces) StdoutLine: {'line': b'-- Up-to-date symlink: /root/Dojo/Dojo/install/robot_interfaces/share/robot_interfaces/msg/HardwareStatus.msg\n'}
[2.058231] (robot_interfaces) StdoutLine: {'line': b'-- Up-to-date symlink: /root/Dojo/Dojo/install/robot_interfaces/share/robot_interfaces/msg/SensorData.msg\n'}
[2.058541] (robot_interfaces) StdoutLine: {'line': b'-- Up-to-date symlink: /root/Dojo/Dojo/install/robot_interfaces/share/robot_interfaces/msg/MotorCommand.msg\n'}
[2.058765] (robot_interfaces) StdoutLine: {'line': b'-- Up-to-date symlink: /root/Dojo/Dojo/install/robot_interfaces/share/robot_interfaces/msg/RobotState.msg\n'}
[2.059079] (robot_interfaces) StdoutLine: {'line': b'-- Up-to-date symlink: /root/Dojo/Dojo/install/robot_interfaces/share/robot_interfaces/srv/Calibration.srv\n'}
[2.059337] (robot_interfaces) StdoutLine: {'line': b'-- Up-to-date symlink: /root/Dojo/Dojo/install/robot_interfaces/share/robot_interfaces/srv/Calibration_Request.msg\n'}
[2.059548] (robot_interfaces) StdoutLine: {'line': b'-- Up-to-date symlink: /root/Dojo/Dojo/install/robot_interfaces/share/robot_interfaces/srv/Calibration_Response.msg\n'}
[2.059706] (robot_interfaces) StdoutLine: {'line': b'-- Up-to-date symlink: /root/Dojo/Dojo/install/robot_interfaces/share/robot_interfaces/srv/SetMode.srv\n'}
[2.060007] (robot_interfaces) StdoutLine: {'line': b'-- Up-to-date symlink: /root/Dojo/Dojo/install/robot_interfaces/share/robot_interfaces/srv/SetMode_Request.msg\n'}
[2.060222] (robot_interfaces) StdoutLine: {'line': b'-- Up-to-date symlink: /root/Dojo/Dojo/install/robot_interfaces/share/robot_interfaces/srv/SetMode_Response.msg\n'}
[2.060738] (robot_interfaces) StdoutLine: {'line': b'-- Up-to-date symlink: /root/Dojo/Dojo/install/robot_interfaces/share/robot_interfaces/action/Navigation.action\n'}
[2.060900] (robot_interfaces) StdoutLine: {'line': b'-- Up-to-date symlink: /root/Dojo/Dojo/install/robot_interfaces/share/ament_index/resource_index/package_run_dependencies/robot_interfaces\n'}
[2.061535] (robot_interfaces) StdoutLine: {'line': b'-- Up-to-date symlink: /root/Dojo/Dojo/install/robot_interfaces/share/ament_index/resource_index/parent_prefix_path/robot_interfaces\n'}
[2.061677] (robot_interfaces) StdoutLine: {'line': b'-- Up-to-date symlink: /root/Dojo/Dojo/install/robot_interfaces/share/robot_interfaces/environment/ament_prefix_path.sh\n'}
[2.061860] (robot_interfaces) StdoutLine: {'line': b'-- Up-to-date symlink: /root/Dojo/Dojo/install/robot_interfaces/share/robot_interfaces/environment/ament_prefix_path.dsv\n'}
[2.062848] (robot_interfaces) StdoutLine: {'line': b'-- Up-to-date symlink: /root/Dojo/Dojo/install/robot_interfaces/share/robot_interfaces/environment/path.sh\n'}
[2.063864] (robot_interfaces) StdoutLine: {'line': b'-- Up-to-date symlink: /root/Dojo/Dojo/install/robot_interfaces/share/robot_interfaces/environment/path.dsv\n'}
[2.064325] (robot_interfaces) StdoutLine: {'line': b'-- Up-to-date symlink: /root/Dojo/Dojo/install/robot_interfaces/share/robot_interfaces/local_setup.bash\n'}
[2.064543] (robot_interfaces) StdoutLine: {'line': b'-- Up-to-date symlink: /root/Dojo/Dojo/install/robot_interfaces/share/robot_interfaces/local_setup.sh\n'}
[2.064980] (robot_interfaces) StdoutLine: {'line': b'-- Up-to-date symlink: /root/Dojo/Dojo/install/robot_interfaces/share/robot_interfaces/local_setup.zsh\n'}
[2.065364] (robot_interfaces) StdoutLine: {'line': b'-- Up-to-date symlink: /root/Dojo/Dojo/install/robot_interfaces/share/robot_interfaces/local_setup.dsv\n'}
[2.065930] (robot_interfaces) StdoutLine: {'line': b'-- Symlinking: /root/Dojo/Dojo/install/robot_interfaces/share/robot_interfaces/package.dsv\n'}
[2.066085] (robot_perception) StdoutLine: {'line': b"Listing '/root/Dojo/Dojo/install/robot_perception/local/lib/python3.10/dist-packages/robot_perception'...\n"}
[2.066289] (robot_perception) StdoutLine: {'line': b"Listing '/root/Dojo/Dojo/install/robot_perception/local/lib/python3.10/dist-packages/robot_perception/nodes'...\n"}
[2.066890] (robot_perception) StdoutLine: {'line': b"Listing '/root/Dojo/Dojo/install/robot_perception/local/lib/python3.10/dist-packages/robot_perception/utils'...\n"}
[2.067118] (robot_interfaces) StdoutLine: {'line': b'-- Up-to-date symlink: /root/Dojo/Dojo/install/robot_interfaces/share/ament_index/resource_index/packages/robot_interfaces\n'}
[2.067773] (robot_interfaces) StdoutLine: {'line': b'-- Up-to-date symlink: /root/Dojo/Dojo/install/robot_interfaces/share/robot_interfaces/cmake/rosidl_cmake-extras.cmake\n'}
[2.067986] (robot_interfaces) StdoutLine: {'line': b'-- Up-to-date symlink: /root/Dojo/Dojo/install/robot_interfaces/share/robot_interfaces/cmake/ament_cmake_export_dependencies-extras.cmake\n'}
[2.068305] (robot_interfaces) StdoutLine: {'line': b'-- Up-to-date symlink: /root/Dojo/Dojo/install/robot_interfaces/share/robot_interfaces/cmake/ament_cmake_export_include_directories-extras.cmake\n'}
[2.068465] (robot_perception) StdoutLine: {'line': b'-- Up-to-date: /root/Dojo/Dojo/install/robot_perception/share/robot_perception/launch\n'}
[2.068620] (robot_perception) StdoutLine: {'line': b'-- Up-to-date: /root/Dojo/Dojo/install/robot_perception/share/robot_perception/launch/robot_perception.launch.py\n'}
[2.068770] (robot_perception) StdoutLine: {'line': b'-- Up-to-date: /root/Dojo/Dojo/install/robot_perception/share/robot_perception/launch/perception.launch.py\n'}
[2.068999] (robot_perception) StdoutLine: {'line': b'-- Up-to-date: /root/Dojo/Dojo/install/robot_perception/share/robot_perception/launch/perception_integration.launch.py\n'}
[2.069183] (robot_perception) StdoutLine: {'line': b'-- Up-to-date: /root/Dojo/Dojo/install/robot_perception/share/robot_perception/launch/object_detector.launch.py\n'}
[2.069381] (robot_perception) StdoutLine: {'line': b'-- Up-to-date: /root/Dojo/Dojo/install/robot_perception/share/robot_perception/launch/perception_system.launch.py\n'}
[2.069592] (robot_interfaces) StdoutLine: {'line': b'-- Up-to-date symlink: /root/Dojo/Dojo/install/robot_interfaces/share/robot_interfaces/cmake/ament_cmake_export_libraries-extras.cmake\n'}
[2.069774] (robot_interfaces) StdoutLine: {'line': b'-- Up-to-date symlink: /root/Dojo/Dojo/install/robot_interfaces/share/robot_interfaces/cmake/ament_cmake_export_targets-extras.cmake\n'}
[2.069936] (robot_interfaces) StdoutLine: {'line': b'-- Up-to-date symlink: /root/Dojo/Dojo/install/robot_interfaces/share/robot_interfaces/cmake/rosidl_cmake_export_typesupport_targets-extras.cmake\n'}
[2.070094] (robot_interfaces) StdoutLine: {'line': b'-- Up-to-date symlink: /root/Dojo/Dojo/install/robot_interfaces/share/robot_interfaces/cmake/rosidl_cmake_export_typesupport_libraries-extras.cmake\n'}
[2.070397] (robot_interfaces) StdoutLine: {'line': b'-- Up-to-date symlink: /root/Dojo/Dojo/install/robot_interfaces/share/robot_interfaces/cmake/robot_interfacesConfig.cmake\n'}
[2.070669] (robot_perception) StdoutLine: {'line': b'-- Up-to-date: /root/Dojo/Dojo/install/robot_perception/share/robot_perception/config\n'}
[2.070852] (robot_perception) StdoutLine: {'line': b'-- Up-to-date: /root/Dojo/Dojo/install/robot_perception/share/robot_perception/config/robot_perception_params.yaml\n'}
[2.071026] (robot_perception) StdoutLine: {'line': b'-- Up-to-date: /root/Dojo/Dojo/install/robot_perception/share/robot_perception/config/perception_params.yaml\n'}
[2.071202] (robot_perception) StdoutLine: {'line': b'-- Up-to-date: /root/Dojo/Dojo/install/robot_perception/share/robot_perception/rviz\n'}
[2.071441] (robot_perception) StdoutLine: {'line': b'-- Up-to-date: /root/Dojo/Dojo/install/robot_perception/share/robot_perception/rviz/object_detection.rviz\n'}
[2.071723] (robot_perception) StdoutLine: {'line': b'-- Up-to-date: /root/Dojo/Dojo/install/robot_perception/share/robot_perception/rviz/perception_integration.rviz\n'}
[2.071974] (robot_perception) StdoutLine: {'line': b'-- Up-to-date: /root/Dojo/Dojo/install/robot_perception/share/robot_perception/resource\n'}
[2.073432] (robot_perception) StdoutLine: {'line': b'-- Up-to-date: /root/Dojo/Dojo/install/robot_perception/share/robot_perception/resource/robot_perception\n'}
[2.073554] (robot_perception) StdoutLine: {'line': b'-- Up-to-date: /root/Dojo/Dojo/install/robot_perception/share/robot_perception/CMakeLists.txt\n'}
[2.073885] (robot_perception) StdoutLine: {'line': b'-- Up-to-date: /root/Dojo/Dojo/install/robot_perception/share/robot_perception/package.xml\n'}
[2.074493] (robot_perception) StdoutLine: {'line': b'-- Up-to-date: /root/Dojo/Dojo/install/robot_perception/lib/local/lib/python3.10/dist-packages/robot_perception/setup.py\n'}
[2.075492] (robot_perception) StdoutLine: {'line': b'-- Up-to-date: /root/Dojo/Dojo/install/robot_perception/share/ament_index/resource_index/package_run_dependencies/robot_perception\n'}
[2.076000] (robot_perception) StdoutLine: {'line': b'-- Up-to-date: /root/Dojo/Dojo/install/robot_perception/share/ament_index/resource_index/parent_prefix_path/robot_perception\n'}
[2.076177] (robot_perception) StdoutLine: {'line': b'-- Up-to-date: /root/Dojo/Dojo/install/robot_perception/share/robot_perception/environment/ament_prefix_path.sh\n'}
[2.076338] (robot_perception) StdoutLine: {'line': b'-- Up-to-date: /root/Dojo/Dojo/install/robot_perception/share/robot_perception/environment/ament_prefix_path.dsv\n'}
[2.076436] (robot_perception) StdoutLine: {'line': b'-- Up-to-date: /root/Dojo/Dojo/install/robot_perception/share/robot_perception/environment/path.sh\n'}
[2.076970] (robot_perception) StdoutLine: {'line': b'-- Up-to-date: /root/Dojo/Dojo/install/robot_perception/share/robot_perception/environment/path.dsv\n'}
[2.077137] (robot_perception) StdoutLine: {'line': b'-- Up-to-date: /root/Dojo/Dojo/install/robot_perception/share/robot_perception/local_setup.bash\n'}
[2.077320] (robot_perception) StdoutLine: {'line': b'-- Up-to-date: /root/Dojo/Dojo/install/robot_perception/share/robot_perception/local_setup.sh\n'}
[2.077698] (robot_perception) StdoutLine: {'line': b'-- Up-to-date: /root/Dojo/Dojo/install/robot_perception/share/robot_perception/local_setup.zsh\n'}
[2.077834] (robot_perception) StdoutLine: {'line': b'-- Up-to-date: /root/Dojo/Dojo/install/robot_perception/share/robot_perception/local_setup.dsv\n'}
[2.079421] (robot_perception) StdoutLine: {'line': b'-- Installing: /root/Dojo/Dojo/install/robot_perception/share/robot_perception/package.dsv\n'}
[2.079629] (robot_interfaces) StdoutLine: {'line': b'-- Up-to-date symlink: /root/Dojo/Dojo/install/robot_interfaces/share/robot_interfaces/cmake/robot_interfacesConfig-version.cmake\n'}
[2.079788] (robot_interfaces) StdoutLine: {'line': b'-- Up-to-date symlink: /root/Dojo/Dojo/install/robot_interfaces/share/robot_interfaces/package.xml\n'}
[2.080321] (robot_interfaces) StdoutLine: {'line': b'-- Up-to-date: /root/Dojo/Dojo/install/robot_interfaces/lib/librobot_interfaces__rosidl_generator_c.so\n'}
[2.080579] (robot_perception) StdoutLine: {'line': b'-- Up-to-date: /root/Dojo/Dojo/install/robot_perception/share/ament_index/resource_index/packages/robot_perception\n'}
[2.080819] (robot_perception) StdoutLine: {'line': b'-- Up-to-date: /root/Dojo/Dojo/install/robot_perception/share/robot_perception/cmake/ament_cmake_export_dependencies-extras.cmake\n'}
[2.081208] (robot_perception) StdoutLine: {'line': b'-- Up-to-date: /root/Dojo/Dojo/install/robot_perception/share/robot_perception/cmake/robot_perceptionConfig.cmake\n'}
[2.081373] (robot_perception) StdoutLine: {'line': b'-- Up-to-date: /root/Dojo/Dojo/install/robot_perception/share/robot_perception/cmake/robot_perceptionConfig-version.cmake\n'}
[2.081750] (robot_perception) StdoutLine: {'line': b'-- Up-to-date: /root/Dojo/Dojo/install/robot_perception/share/robot_perception/package.xml\n'}
[2.081871] (robot_interfaces) StdoutLine: {'line': b'-- Up-to-date: /root/Dojo/Dojo/install/robot_interfaces/lib/librobot_interfaces__rosidl_typesupport_fastrtps_c.so\n'}
[2.082067] (robot_control) JobEnded: {'identifier': 'robot_control', 'rc': 0}
[2.082966] (robot_description) CommandEnded: {'returncode': 0}
[2.083342] (robot_interfaces) StdoutLine: {'line': b'-- Up-to-date: /root/Dojo/Dojo/install/robot_interfaces/lib/librobot_interfaces__rosidl_typesupport_fastrtps_cpp.so\n'}
[2.083494] (robot_interfaces) StdoutLine: {'line': b'-- Up-to-date: /root/Dojo/Dojo/install/robot_interfaces/lib/librobot_interfaces__rosidl_typesupport_introspection_c.so\n'}
[2.083650] (robot_interfaces) StdoutLine: {'line': b'-- Up-to-date: /root/Dojo/Dojo/install/robot_interfaces/lib/librobot_interfaces__rosidl_typesupport_c.so\n'}
[2.083848] (robot_interfaces) StdoutLine: {'line': b'-- Up-to-date: /root/Dojo/Dojo/install/robot_interfaces/lib/librobot_interfaces__rosidl_typesupport_introspection_cpp.so\n'}
[2.084053] (robot_interfaces) StdoutLine: {'line': b'-- Up-to-date: /root/Dojo/Dojo/install/robot_interfaces/lib/librobot_interfaces__rosidl_typesupport_cpp.so\n'}
[2.084209] (robot_description) JobEnded: {'identifier': 'robot_description', 'rc': 0}
[2.084648] (robot_navigation) JobStarted: {'identifier': 'robot_navigation'}
[2.084729] (robot_interfaces) StdoutLine: {'line': b"Listing '/root/Dojo/Dojo/install/robot_interfaces/local/lib/python3.10/dist-packages/robot_interfaces'...\n"}
[2.084988] (robot_interfaces) StdoutLine: {'line': b"Listing '/root/Dojo/Dojo/install/robot_interfaces/local/lib/python3.10/dist-packages/robot_interfaces/action'...\n"}
[2.085382] (robot_interfaces) StdoutLine: {'line': b"Listing '/root/Dojo/Dojo/install/robot_interfaces/local/lib/python3.10/dist-packages/robot_interfaces/msg'...\n"}
[2.085566] (robot_interfaces) StdoutLine: {'line': b"Listing '/root/Dojo/Dojo/install/robot_interfaces/local/lib/python3.10/dist-packages/robot_interfaces/srv'...\n"}
[2.085757] (robot_gazebo) JobStarted: {'identifier': 'robot_gazebo'}
[2.085858] (robot_interfaces) StdoutLine: {'line': b'-- Up-to-date: /root/Dojo/Dojo/install/robot_interfaces/lib/librobot_interfaces__rosidl_generator_py.so\n'}
[2.086115] (robot_interfaces) StdoutLine: {'line': b'-- Up-to-date: /root/Dojo/Dojo/install/robot_interfaces/share/robot_interfaces/cmake/export_robot_interfaces__rosidl_generator_cExport.cmake\n'}
[2.086298] (robot_interfaces) StdoutLine: {'line': b'-- Up-to-date: /root/Dojo/Dojo/install/robot_interfaces/share/robot_interfaces/cmake/export_robot_interfaces__rosidl_generator_cExport-release.cmake\n'}
[2.086605] (robot_interfaces) StdoutLine: {'line': b'-- Up-to-date: /root/Dojo/Dojo/install/robot_interfaces/share/robot_interfaces/cmake/export_robot_interfaces__rosidl_typesupport_fastrtps_cExport.cmake\n'}
[2.086817] (robot_interfaces) StdoutLine: {'line': b'-- Up-to-date: /root/Dojo/Dojo/install/robot_interfaces/share/robot_interfaces/cmake/export_robot_interfaces__rosidl_typesupport_fastrtps_cExport-release.cmake\n'}
[2.087017] (robot_interfaces) StdoutLine: {'line': b'-- Up-to-date: /root/Dojo/Dojo/install/robot_interfaces/share/robot_interfaces/cmake/export_robot_interfaces__rosidl_generator_cppExport.cmake\n'}
[2.087200] (robot_interfaces) StdoutLine: {'line': b'-- Up-to-date: /root/Dojo/Dojo/install/robot_interfaces/share/robot_interfaces/cmake/export_robot_interfaces__rosidl_typesupport_fastrtps_cppExport.cmake\n'}
[2.087462] (robot_interfaces) StdoutLine: {'line': b'-- Up-to-date: /root/Dojo/Dojo/install/robot_interfaces/share/robot_interfaces/cmake/export_robot_interfaces__rosidl_typesupport_fastrtps_cppExport-release.cmake\n'}
[2.087636] (robot_interfaces) StdoutLine: {'line': b'-- Up-to-date: /root/Dojo/Dojo/install/robot_interfaces/share/robot_interfaces/cmake/robot_interfaces__rosidl_typesupport_introspection_cExport.cmake\n'}
[2.087838] (robot_interfaces) StdoutLine: {'line': b'-- Up-to-date: /root/Dojo/Dojo/install/robot_interfaces/share/robot_interfaces/cmake/robot_interfaces__rosidl_typesupport_introspection_cExport-release.cmake\n'}
[2.088014] (robot_interfaces) StdoutLine: {'line': b'-- Up-to-date: /root/Dojo/Dojo/install/robot_interfaces/share/robot_interfaces/cmake/robot_interfaces__rosidl_typesupport_cExport.cmake\n'}
[2.088142] (robot_interfaces) StdoutLine: {'line': b'-- Up-to-date: /root/Dojo/Dojo/install/robot_interfaces/share/robot_interfaces/cmake/robot_interfaces__rosidl_typesupport_cExport-release.cmake\n'}
[2.088301] (robot_interfaces) StdoutLine: {'line': b'-- Up-to-date: /root/Dojo/Dojo/install/robot_interfaces/share/robot_interfaces/cmake/robot_interfaces__rosidl_typesupport_introspection_cppExport.cmake\n'}
[2.088518] (robot_interfaces) StdoutLine: {'line': b'-- Up-to-date: /root/Dojo/Dojo/install/robot_interfaces/share/robot_interfaces/cmake/robot_interfaces__rosidl_typesupport_introspection_cppExport-release.cmake\n'}
[2.088691] (robot_interfaces) StdoutLine: {'line': b'-- Up-to-date: /root/Dojo/Dojo/install/robot_interfaces/share/robot_interfaces/cmake/robot_interfaces__rosidl_typesupport_cppExport.cmake\n'}
[2.089135] (robot_interfaces) StdoutLine: {'line': b'-- Up-to-date: /root/Dojo/Dojo/install/robot_interfaces/share/robot_interfaces/cmake/robot_interfaces__rosidl_typesupport_cppExport-release.cmake\n'}
[2.089679] (robot_interfaces) StdoutLine: {'line': b'-- Up-to-date: /root/Dojo/Dojo/install/robot_interfaces/share/robot_interfaces/cmake/export_robot_interfaces__rosidl_generator_pyExport.cmake\n'}
[2.089878] (robot_interfaces) StdoutLine: {'line': b'-- Up-to-date: /root/Dojo/Dojo/install/robot_interfaces/share/robot_interfaces/cmake/export_robot_interfaces__rosidl_generator_pyExport-release.cmake\n'}
[2.090258] (robot_launch) JobStarted: {'identifier': 'robot_launch'}
[2.096147] (robot_perception) CommandEnded: {'returncode': 0}
[2.104806] (robot_perception) JobEnded: {'identifier': 'robot_perception', 'rc': 0}
[2.105921] (-) TimerEvent: {}
[2.106110] (robot_interfaces) CommandEnded: {'returncode': 0}
[2.131223] (robot_interfaces) JobEnded: {'identifier': 'robot_interfaces', 'rc': 0}
[2.132104] (robot_navigation) JobProgress: {'identifier': 'robot_navigation', 'progress': 'cmake'}
[2.132506] (robot_navigation) JobProgress: {'identifier': 'robot_navigation', 'progress': 'build'}
[2.133348] (robot_navigation) Command: {'cmd': ['/usr/bin/cmake', '--build', '/root/Dojo/Dojo/build/robot_navigation', '--', '-j16', '-l16'], 'cwd': '/root/Dojo/Dojo/build/robot_navigation', 'env': OrderedDict([('HOSTNAME', 'gareth-joel-HP-Pavilion-Gaming-Laptop-15-ec2xxx'), ('SHLVL', '1'), ('LD_LIBRARY_PATH', '/usr/lib/x86_64-linux-gnu/gazebo-11/plugins:/opt/ros/humble/opt/rviz_ogre_vendor/lib:/opt/ros/humble/lib/x86_64-linux-gnu:/opt/ros/humble/lib'), ('HOME', '/root'), ('OLDPWD', '/root/Dojo'), ('ROS_PYTHON_VERSION', '3'), ('COLCON_PREFIX_PATH', '/root/Dojo/install'), ('ROS_DISTRO', 'humble'), ('_', '/usr/bin/colcon'), ('ROS_VERSION', '2'), ('TERM', 'xterm'), ('ROS_LOCALHOST_ONLY', '0'), ('QT_X11_NO_MITSHM', '1'), ('PATH', '/opt/ros/humble/bin:/usr/local/sbin:/usr/local/bin:/usr/sbin:/usr/bin:/sbin:/bin'), ('DISPLAY', ':0'), ('LANG', 'C.UTF-8'), ('LS_COLORS', 'rs=0:di=01;34:ln=01;36:mh=00:pi=40;33:so=01;35:do=01;35:bd=40;33;01:cd=40;33;01:or=40;31;01:mi=00:su=37;41:sg=30;43:ca=30;41:tw=30;42:ow=34;42:st=37;44:ex=01;32:*.tar=01;31:*.tgz=01;31:*.arc=01;31:*.arj=01;31:*.taz=01;31:*.lha=01;31:*.lz4=01;31:*.lzh=01;31:*.lzma=01;31:*.tlz=01;31:*.txz=01;31:*.tzo=01;31:*.t7z=01;31:*.zip=01;31:*.z=01;31:*.dz=01;31:*.gz=01;31:*.lrz=01;31:*.lz=01;31:*.lzo=01;31:*.xz=01;31:*.zst=01;31:*.tzst=01;31:*.bz2=01;31:*.bz=01;31:*.tbz=01;31:*.tbz2=01;31:*.tz=01;31:*.deb=01;31:*.rpm=01;31:*.jar=01;31:*.war=01;31:*.ear=01;31:*.sar=01;31:*.rar=01;31:*.alz=01;31:*.ace=01;31:*.zoo=01;31:*.cpio=01;31:*.7z=01;31:*.rz=01;31:*.cab=01;31:*.wim=01;31:*.swm=01;31:*.dwm=01;31:*.esd=01;31:*.jpg=01;35:*.jpeg=01;35:*.mjpg=01;35:*.mjpeg=01;35:*.gif=01;35:*.bmp=01;35:*.pbm=01;35:*.pgm=01;35:*.ppm=01;35:*.tga=01;35:*.xbm=01;35:*.xpm=01;35:*.tif=01;35:*.tiff=01;35:*.png=01;35:*.svg=01;35:*.svgz=01;35:*.mng=01;35:*.pcx=01;35:*.mov=01;35:*.mpg=01;35:*.mpeg=01;35:*.m2v=01;35:*.mkv=01;35:*.webm=01;35:*.webp=01;35:*.ogm=01;35:*.mp4=01;35:*.m4v=01;35:*.mp4v=01;35:*.vob=01;35:*.qt=01;35:*.nuv=01;35:*.wmv=01;35:*.asf=01;35:*.rm=01;35:*.rmvb=01;35:*.flc=01;35:*.avi=01;35:*.fli=01;35:*.flv=01;35:*.gl=01;35:*.dl=01;35:*.xcf=01;35:*.xwd=01;35:*.yuv=01;35:*.cgm=01;35:*.emf=01;35:*.ogv=01;35:*.ogx=01;35:*.aac=00;36:*.au=00;36:*.flac=00;36:*.m4a=00;36:*.mid=00;36:*.midi=00;36:*.mka=00;36:*.mp3=00;36:*.mpc=00;36:*.ogg=00;36:*.ra=00;36:*.wav=00;36:*.oga=00;36:*.opus=00;36:*.spx=00;36:*.xspf=00;36:'), ('ROS_DOMAIN_ID', '7'), ('AMENT_PREFIX_PATH', '/root/Dojo/Dojo/install/robot_description:/root/Dojo/Dojo/install/robot_control:/root/Dojo/install/robot_hardware:/opt/ros/humble'), ('PWD', '/root/Dojo/Dojo/build/robot_navigation'), ('LC_ALL', 'C.UTF-8'), ('PYTHONPATH', '/root/Dojo/Dojo/install/robot_description/lib/python3.10/site-packages:/root/Dojo/build/robot_hardware:/root/Dojo/install/robot_hardware/lib/python3.10/site-packages:/opt/ros/humble/lib/python3.10/site-packages:/opt/ros/humble/local/lib/python3.10/dist-packages'), ('COLCON', '1'), ('CMAKE_PREFIX_PATH', '/root/Dojo/Dojo/install/robot_description:/root/Dojo/Dojo/install/robot_control:/root/Dojo/install/robot_perception:/root/Dojo/install/robot_hardware:/opt/ros/humble')]), 'shell': False}
[2.134952] (robot_gazebo) JobProgress: {'identifier': 'robot_gazebo', 'progress': 'cmake'}
[2.135795] (robot_gazebo) JobProgress: {'identifier': 'robot_gazebo', 'progress': 'build'}
[2.135956] (robot_gazebo) Command: {'cmd': ['/usr/bin/cmake', '--build', '/root/Dojo/Dojo/build/robot_gazebo', '--', '-j16', '-l16'], 'cwd': '/root/Dojo/Dojo/build/robot_gazebo', 'env': OrderedDict([('HOSTNAME', 'gareth-joel-HP-Pavilion-Gaming-Laptop-15-ec2xxx'), ('SHLVL', '1'), ('LD_LIBRARY_PATH', '/usr/lib/x86_64-linux-gnu/gazebo-11/plugins:/opt/ros/humble/opt/rviz_ogre_vendor/lib:/opt/ros/humble/lib/x86_64-linux-gnu:/opt/ros/humble/lib'), ('HOME', '/root'), ('OLDPWD', '/root/Dojo'), ('ROS_PYTHON_VERSION', '3'), ('COLCON_PREFIX_PATH', '/root/Dojo/install'), ('ROS_DISTRO', 'humble'), ('_', '/usr/bin/colcon'), ('ROS_VERSION', '2'), ('TERM', 'xterm'), ('ROS_LOCALHOST_ONLY', '0'), ('QT_X11_NO_MITSHM', '1'), ('PATH', '/opt/ros/humble/bin:/usr/local/sbin:/usr/local/bin:/usr/sbin:/usr/bin:/sbin:/bin'), ('DISPLAY', ':0'), ('LANG', 'C.UTF-8'), ('LS_COLORS', 'rs=0:di=01;34:ln=01;36:mh=00:pi=40;33:so=01;35:do=01;35:bd=40;33;01:cd=40;33;01:or=40;31;01:mi=00:su=37;41:sg=30;43:ca=30;41:tw=30;42:ow=34;42:st=37;44:ex=01;32:*.tar=01;31:*.tgz=01;31:*.arc=01;31:*.arj=01;31:*.taz=01;31:*.lha=01;31:*.lz4=01;31:*.lzh=01;31:*.lzma=01;31:*.tlz=01;31:*.txz=01;31:*.tzo=01;31:*.t7z=01;31:*.zip=01;31:*.z=01;31:*.dz=01;31:*.gz=01;31:*.lrz=01;31:*.lz=01;31:*.lzo=01;31:*.xz=01;31:*.zst=01;31:*.tzst=01;31:*.bz2=01;31:*.bz=01;31:*.tbz=01;31:*.tbz2=01;31:*.tz=01;31:*.deb=01;31:*.rpm=01;31:*.jar=01;31:*.war=01;31:*.ear=01;31:*.sar=01;31:*.rar=01;31:*.alz=01;31:*.ace=01;31:*.zoo=01;31:*.cpio=01;31:*.7z=01;31:*.rz=01;31:*.cab=01;31:*.wim=01;31:*.swm=01;31:*.dwm=01;31:*.esd=01;31:*.jpg=01;35:*.jpeg=01;35:*.mjpg=01;35:*.mjpeg=01;35:*.gif=01;35:*.bmp=01;35:*.pbm=01;35:*.pgm=01;35:*.ppm=01;35:*.tga=01;35:*.xbm=01;35:*.xpm=01;35:*.tif=01;35:*.tiff=01;35:*.png=01;35:*.svg=01;35:*.svgz=01;35:*.mng=01;35:*.pcx=01;35:*.mov=01;35:*.mpg=01;35:*.mpeg=01;35:*.m2v=01;35:*.mkv=01;35:*.webm=01;35:*.webp=01;35:*.ogm=01;35:*.mp4=01;35:*.m4v=01;35:*.mp4v=01;35:*.vob=01;35:*.qt=01;35:*.nuv=01;35:*.wmv=01;35:*.asf=01;35:*.rm=01;35:*.rmvb=01;35:*.flc=01;35:*.avi=01;35:*.fli=01;35:*.flv=01;35:*.gl=01;35:*.dl=01;35:*.xcf=01;35:*.xwd=01;35:*.yuv=01;35:*.cgm=01;35:*.emf=01;35:*.ogv=01;35:*.ogx=01;35:*.aac=00;36:*.au=00;36:*.flac=00;36:*.m4a=00;36:*.mid=00;36:*.midi=00;36:*.mka=00;36:*.mp3=00;36:*.mpc=00;36:*.ogg=00;36:*.ra=00;36:*.wav=00;36:*.oga=00;36:*.opus=00;36:*.spx=00;36:*.xspf=00;36:'), ('ROS_DOMAIN_ID', '7'), ('AMENT_PREFIX_PATH', '/root/Dojo/Dojo/install/robot_description:/root/Dojo/Dojo/install/robot_control:/root/Dojo/install/robot_hardware:/opt/ros/humble'), ('PWD', '/root/Dojo/Dojo/build/robot_gazebo'), ('LC_ALL', 'C.UTF-8'), ('PYTHONPATH', '/root/Dojo/Dojo/install/robot_description/lib/python3.10/site-packages:/root/Dojo/build/robot_hardware:/root/Dojo/install/robot_hardware/lib/python3.10/site-packages:/opt/ros/humble/lib/python3.10/site-packages:/opt/ros/humble/local/lib/python3.10/dist-packages'), ('COLCON', '1'), ('CMAKE_PREFIX_PATH', '/root/Dojo/Dojo/install/robot_description:/root/Dojo/Dojo/install/robot_control:/root/Dojo/install/robot_perception:/root/Dojo/install/robot_hardware:/opt/ros/humble')]), 'shell': False}
[2.206025] (-) TimerEvent: {}
[2.306375] (-) TimerEvent: {}
[2.406753] (-) TimerEvent: {}
[2.507603] (-) TimerEvent: {}
[2.508462] (robot_navigation) CommandEnded: {'returncode': 0}
[2.509104] (robot_navigation) JobProgress: {'identifier': 'robot_navigation', 'progress': 'install'}
[2.509737] (robot_navigation) Command: {'cmd': ['/usr/bin/cmake', '--install', '/root/Dojo/Dojo/build/robot_navigation'], 'cwd': '/root/Dojo/Dojo/build/robot_navigation', 'env': OrderedDict([('HOSTNAME', 'gareth-joel-HP-Pavilion-Gaming-Laptop-15-ec2xxx'), ('SHLVL', '1'), ('LD_LIBRARY_PATH', '/usr/lib/x86_64-linux-gnu/gazebo-11/plugins:/opt/ros/humble/opt/rviz_ogre_vendor/lib:/opt/ros/humble/lib/x86_64-linux-gnu:/opt/ros/humble/lib'), ('HOME', '/root'), ('OLDPWD', '/root/Dojo'), ('ROS_PYTHON_VERSION', '3'), ('COLCON_PREFIX_PATH', '/root/Dojo/install'), ('ROS_DISTRO', 'humble'), ('_', '/usr/bin/colcon'), ('ROS_VERSION', '2'), ('TERM', 'xterm'), ('ROS_LOCALHOST_ONLY', '0'), ('QT_X11_NO_MITSHM', '1'), ('PATH', '/opt/ros/humble/bin:/usr/local/sbin:/usr/local/bin:/usr/sbin:/usr/bin:/sbin:/bin'), ('DISPLAY', ':0'), ('LANG', 'C.UTF-8'), ('LS_COLORS', 'rs=0:di=01;34:ln=01;36:mh=00:pi=40;33:so=01;35:do=01;35:bd=40;33;01:cd=40;33;01:or=40;31;01:mi=00:su=37;41:sg=30;43:ca=30;41:tw=30;42:ow=34;42:st=37;44:ex=01;32:*.tar=01;31:*.tgz=01;31:*.arc=01;31:*.arj=01;31:*.taz=01;31:*.lha=01;31:*.lz4=01;31:*.lzh=01;31:*.lzma=01;31:*.tlz=01;31:*.txz=01;31:*.tzo=01;31:*.t7z=01;31:*.zip=01;31:*.z=01;31:*.dz=01;31:*.gz=01;31:*.lrz=01;31:*.lz=01;31:*.lzo=01;31:*.xz=01;31:*.zst=01;31:*.tzst=01;31:*.bz2=01;31:*.bz=01;31:*.tbz=01;31:*.tbz2=01;31:*.tz=01;31:*.deb=01;31:*.rpm=01;31:*.jar=01;31:*.war=01;31:*.ear=01;31:*.sar=01;31:*.rar=01;31:*.alz=01;31:*.ace=01;31:*.zoo=01;31:*.cpio=01;31:*.7z=01;31:*.rz=01;31:*.cab=01;31:*.wim=01;31:*.swm=01;31:*.dwm=01;31:*.esd=01;31:*.jpg=01;35:*.jpeg=01;35:*.mjpg=01;35:*.mjpeg=01;35:*.gif=01;35:*.bmp=01;35:*.pbm=01;35:*.pgm=01;35:*.ppm=01;35:*.tga=01;35:*.xbm=01;35:*.xpm=01;35:*.tif=01;35:*.tiff=01;35:*.png=01;35:*.svg=01;35:*.svgz=01;35:*.mng=01;35:*.pcx=01;35:*.mov=01;35:*.mpg=01;35:*.mpeg=01;35:*.m2v=01;35:*.mkv=01;35:*.webm=01;35:*.webp=01;35:*.ogm=01;35:*.mp4=01;35:*.m4v=01;35:*.mp4v=01;35:*.vob=01;35:*.qt=01;35:*.nuv=01;35:*.wmv=01;35:*.asf=01;35:*.rm=01;35:*.rmvb=01;35:*.flc=01;35:*.avi=01;35:*.fli=01;35:*.flv=01;35:*.gl=01;35:*.dl=01;35:*.xcf=01;35:*.xwd=01;35:*.yuv=01;35:*.cgm=01;35:*.emf=01;35:*.ogv=01;35:*.ogx=01;35:*.aac=00;36:*.au=00;36:*.flac=00;36:*.m4a=00;36:*.mid=00;36:*.midi=00;36:*.mka=00;36:*.mp3=00;36:*.mpc=00;36:*.ogg=00;36:*.ra=00;36:*.wav=00;36:*.oga=00;36:*.opus=00;36:*.spx=00;36:*.xspf=00;36:'), ('ROS_DOMAIN_ID', '7'), ('AMENT_PREFIX_PATH', '/root/Dojo/Dojo/install/robot_description:/root/Dojo/Dojo/install/robot_control:/root/Dojo/install/robot_hardware:/opt/ros/humble'), ('PWD', '/root/Dojo/Dojo/build/robot_navigation'), ('LC_ALL', 'C.UTF-8'), ('PYTHONPATH', '/root/Dojo/Dojo/install/robot_description/lib/python3.10/site-packages:/root/Dojo/build/robot_hardware:/root/Dojo/install/robot_hardware/lib/python3.10/site-packages:/opt/ros/humble/lib/python3.10/site-packages:/opt/ros/humble/local/lib/python3.10/dist-packages'), ('COLCON', '1'), ('CMAKE_PREFIX_PATH', '/root/Dojo/Dojo/install/robot_description:/root/Dojo/Dojo/install/robot_control:/root/Dojo/install/robot_perception:/root/Dojo/install/robot_hardware:/opt/ros/humble')]), 'shell': False}
[2.510943] (robot_gazebo) CommandEnded: {'returncode': 0}
[2.511561] (robot_gazebo) JobProgress: {'identifier': 'robot_gazebo', 'progress': 'install'}
[2.512195] (robot_gazebo) Command: {'cmd': ['/usr/bin/cmake', '--install', '/root/Dojo/Dojo/build/robot_gazebo'], 'cwd': '/root/Dojo/Dojo/build/robot_gazebo', 'env': OrderedDict([('HOSTNAME', 'gareth-joel-HP-Pavilion-Gaming-Laptop-15-ec2xxx'), ('SHLVL', '1'), ('LD_LIBRARY_PATH', '/usr/lib/x86_64-linux-gnu/gazebo-11/plugins:/opt/ros/humble/opt/rviz_ogre_vendor/lib:/opt/ros/humble/lib/x86_64-linux-gnu:/opt/ros/humble/lib'), ('HOME', '/root'), ('OLDPWD', '/root/Dojo'), ('ROS_PYTHON_VERSION', '3'), ('COLCON_PREFIX_PATH', '/root/Dojo/install'), ('ROS_DISTRO', 'humble'), ('_', '/usr/bin/colcon'), ('ROS_VERSION', '2'), ('TERM', 'xterm'), ('ROS_LOCALHOST_ONLY', '0'), ('QT_X11_NO_MITSHM', '1'), ('PATH', '/opt/ros/humble/bin:/usr/local/sbin:/usr/local/bin:/usr/sbin:/usr/bin:/sbin:/bin'), ('DISPLAY', ':0'), ('LANG', 'C.UTF-8'), ('LS_COLORS', 'rs=0:di=01;34:ln=01;36:mh=00:pi=40;33:so=01;35:do=01;35:bd=40;33;01:cd=40;33;01:or=40;31;01:mi=00:su=37;41:sg=30;43:ca=30;41:tw=30;42:ow=34;42:st=37;44:ex=01;32:*.tar=01;31:*.tgz=01;31:*.arc=01;31:*.arj=01;31:*.taz=01;31:*.lha=01;31:*.lz4=01;31:*.lzh=01;31:*.lzma=01;31:*.tlz=01;31:*.txz=01;31:*.tzo=01;31:*.t7z=01;31:*.zip=01;31:*.z=01;31:*.dz=01;31:*.gz=01;31:*.lrz=01;31:*.lz=01;31:*.lzo=01;31:*.xz=01;31:*.zst=01;31:*.tzst=01;31:*.bz2=01;31:*.bz=01;31:*.tbz=01;31:*.tbz2=01;31:*.tz=01;31:*.deb=01;31:*.rpm=01;31:*.jar=01;31:*.war=01;31:*.ear=01;31:*.sar=01;31:*.rar=01;31:*.alz=01;31:*.ace=01;31:*.zoo=01;31:*.cpio=01;31:*.7z=01;31:*.rz=01;31:*.cab=01;31:*.wim=01;31:*.swm=01;31:*.dwm=01;31:*.esd=01;31:*.jpg=01;35:*.jpeg=01;35:*.mjpg=01;35:*.mjpeg=01;35:*.gif=01;35:*.bmp=01;35:*.pbm=01;35:*.pgm=01;35:*.ppm=01;35:*.tga=01;35:*.xbm=01;35:*.xpm=01;35:*.tif=01;35:*.tiff=01;35:*.png=01;35:*.svg=01;35:*.svgz=01;35:*.mng=01;35:*.pcx=01;35:*.mov=01;35:*.mpg=01;35:*.mpeg=01;35:*.m2v=01;35:*.mkv=01;35:*.webm=01;35:*.webp=01;35:*.ogm=01;35:*.mp4=01;35:*.m4v=01;35:*.mp4v=01;35:*.vob=01;35:*.qt=01;35:*.nuv=01;35:*.wmv=01;35:*.asf=01;35:*.rm=01;35:*.rmvb=01;35:*.flc=01;35:*.avi=01;35:*.fli=01;35:*.flv=01;35:*.gl=01;35:*.dl=01;35:*.xcf=01;35:*.xwd=01;35:*.yuv=01;35:*.cgm=01;35:*.emf=01;35:*.ogv=01;35:*.ogx=01;35:*.aac=00;36:*.au=00;36:*.flac=00;36:*.m4a=00;36:*.mid=00;36:*.midi=00;36:*.mka=00;36:*.mp3=00;36:*.mpc=00;36:*.ogg=00;36:*.ra=00;36:*.wav=00;36:*.oga=00;36:*.opus=00;36:*.spx=00;36:*.xspf=00;36:'), ('ROS_DOMAIN_ID', '7'), ('AMENT_PREFIX_PATH', '/root/Dojo/Dojo/install/robot_description:/root/Dojo/Dojo/install/robot_control:/root/Dojo/install/robot_hardware:/opt/ros/humble'), ('PWD', '/root/Dojo/Dojo/build/robot_gazebo'), ('LC_ALL', 'C.UTF-8'), ('PYTHONPATH', '/root/Dojo/Dojo/install/robot_description/lib/python3.10/site-packages:/root/Dojo/build/robot_hardware:/root/Dojo/install/robot_hardware/lib/python3.10/site-packages:/opt/ros/humble/lib/python3.10/site-packages:/opt/ros/humble/local/lib/python3.10/dist-packages'), ('COLCON', '1'), ('CMAKE_PREFIX_PATH', '/root/Dojo/Dojo/install/robot_description:/root/Dojo/Dojo/install/robot_control:/root/Dojo/install/robot_perception:/root/Dojo/install/robot_hardware:/opt/ros/humble')]), 'shell': False}
[2.519302] (robot_navigation) StdoutLine: {'line': b'-- Install configuration: "Release"\n'}
[2.519987] (robot_navigation) StdoutLine: {'line': b'-- Execute custom install script\n'}
[2.520572] (robot_navigation) StdoutLine: {'line': b'-- Up-to-date symlink: /root/Dojo/Dojo/install/robot_navigation/share/robot_navigation/launch/localization.launch.py\n'}
[2.520790] (robot_navigation) StdoutLine: {'line': b'-- Up-to-date symlink: /root/Dojo/Dojo/install/robot_navigation/share/robot_navigation/launch/map_server.launch.py\n'}
[2.520951] (robot_navigation) StdoutLine: {'line': b'-- Up-to-date symlink: /root/Dojo/Dojo/install/robot_navigation/share/robot_navigation/launch/nav2.launch.py\n'}
[2.521129] (robot_navigation) StdoutLine: {'line': b'-- Up-to-date symlink: /root/Dojo/Dojo/install/robot_navigation/share/robot_navigation/launch/navigation.launch.py\n'}
[2.521513] (robot_gazebo) StdoutLine: {'line': b'-- Install configuration: "Release"\n'}
[2.521778] (robot_navigation) StdoutLine: {'line': b'-- Up-to-date symlink: /root/Dojo/Dojo/install/robot_navigation/share/robot_navigation/config/bt_navigator_params.yaml\n'}
[2.521953] (robot_navigation) StdoutLine: {'line': b'-- Up-to-date symlink: /root/Dojo/Dojo/install/robot_navigation/share/robot_navigation/config/controller_params.yaml\n'}
[2.522108] (robot_navigation) StdoutLine: {'line': b'-- Up-to-date symlink: /root/Dojo/Dojo/install/robot_navigation/share/robot_navigation/config/costmap_common_params.yaml\n'}
[2.522298] (robot_gazebo) StdoutLine: {'line': b'-- Execute custom install script\n'}
[2.522468] (robot_navigation) StdoutLine: {'line': b'-- Up-to-date symlink: /root/Dojo/Dojo/install/robot_navigation/share/robot_navigation/config/global_costmap_params.yaml\n'}
[2.522661] (robot_navigation) StdoutLine: {'line': b'-- Up-to-date symlink: /root/Dojo/Dojo/install/robot_navigation/share/robot_navigation/config/local_costmap_params.yaml\n'}
[2.523083] (robot_navigation) StdoutLine: {'line': b'-- Up-to-date symlink: /root/Dojo/Dojo/install/robot_navigation/share/robot_navigation/config/localization_params.yaml\n'}
[2.523340] (robot_navigation) StdoutLine: {'line': b'-- Up-to-date symlink: /root/Dojo/Dojo/install/robot_navigation/share/robot_navigation/config/map_server_params.yaml\n'}
[2.523562] (robot_gazebo) StdoutLine: {'line': b'-- Up-to-date symlink: /root/Dojo/Dojo/install/robot_gazebo/share/robot_gazebo/launch/gazebo.launch.py\n'}
[2.523792] (robot_gazebo) StdoutLine: {'line': b'-- Up-to-date symlink: /root/Dojo/Dojo/install/robot_gazebo/share/robot_gazebo/launch/simulation.launch.py\n'}
[2.523948] (robot_navigation) StdoutLine: {'line': b'-- Up-to-date symlink: /root/Dojo/Dojo/install/robot_navigation/share/robot_navigation/config/nav2_params.yaml\n'}
[2.524122] (robot_gazebo) StdoutLine: {'line': b'-- Up-to-date symlink: /root/Dojo/Dojo/install/robot_gazebo/share/robot_gazebo/launch/unified_simulation.launch.py\n'}
[2.524325] (robot_navigation) StdoutLine: {'line': b'-- Up-to-date symlink: /root/Dojo/Dojo/install/robot_navigation/share/robot_navigation/config/planner_params.yaml\n'}
[2.524486] (robot_navigation) StdoutLine: {'line': b'-- Up-to-date symlink: /root/Dojo/Dojo/install/robot_navigation/share/robot_navigation/package.xml\n'}
[2.524669] (robot_gazebo) StdoutLine: {'line': b'-- Up-to-date symlink: /root/Dojo/Dojo/install/robot_gazebo/share/robot_gazebo/config/diff_drive_controller.yaml\n'}
[2.524819] (robot_navigation) StdoutLine: {'line': b'-- Up-to-date symlink: /root/Dojo/Dojo/install/robot_navigation/share/robot_navigation/setup.py\n'}
[2.524944] (robot_gazebo) StdoutLine: {'line': b'-- Up-to-date symlink: /root/Dojo/Dojo/install/robot_gazebo/share/robot_gazebo/config/ekf_config.yaml\n'}
[2.525063] (robot_navigation) StdoutLine: {'line': b'-- Up-to-date symlink: /root/Dojo/Dojo/install/robot_navigation/share/robot_navigation/setup.cfg\n'}
[2.525178] (robot_gazebo) StdoutLine: {'line': b'-- Up-to-date symlink: /root/Dojo/Dojo/install/robot_gazebo/share/robot_gazebo/config/gazebo_controllers.yaml\n'}
[2.525293] (robot_gazebo) StdoutLine: {'line': b'-- Up-to-date symlink: /root/Dojo/Dojo/install/robot_gazebo/share/robot_gazebo/config/ros2_control.yaml\n'}
[2.525414] (robot_navigation) StdoutLine: {'line': b'-- Up-to-date symlink: /root/Dojo/Dojo/install/robot_navigation/share/robot_navigation/launch/localization.launch.py\n'}
[2.525533] (robot_gazebo) StdoutLine: {'line': b'-- Up-to-date symlink: /root/Dojo/Dojo/install/robot_gazebo/share/robot_gazebo/config/slam_config.yaml\n'}
[2.525773] (robot_navigation) StdoutLine: {'line': b'-- Up-to-date symlink: /root/Dojo/Dojo/install/robot_navigation/share/robot_navigation/launch/map_server.launch.py\n'}
[2.525975] (robot_navigation) StdoutLine: {'line': b'-- Up-to-date symlink: /root/Dojo/Dojo/install/robot_navigation/share/robot_navigation/launch/nav2.launch.py\n'}
[2.526193] (robot_navigation) StdoutLine: {'line': b'-- Up-to-date symlink: /root/Dojo/Dojo/install/robot_navigation/share/robot_navigation/launch/navigation.launch.py\n'}
[2.526338] (robot_gazebo) StdoutLine: {'line': b'-- Up-to-date symlink: /root/Dojo/Dojo/install/robot_gazebo/share/robot_gazebo/worlds/agriculture.world\n'}
[2.526479] (robot_navigation) StdoutLine: {'line': b'-- Up-to-date symlink: /root/Dojo/Dojo/install/robot_navigation/share/ament_index/resource_index/package_run_dependencies/robot_navigation\n'}
[2.526792] (robot_navigation) StdoutLine: {'line': b'-- Up-to-date symlink: /root/Dojo/Dojo/install/robot_navigation/share/ament_index/resource_index/parent_prefix_path/robot_navigation\n'}
[2.527079] (robot_navigation) StdoutLine: {'line': b'-- Up-to-date symlink: /root/Dojo/Dojo/install/robot_navigation/share/robot_navigation/environment/ament_prefix_path.sh\n'}
[2.527316] (robot_gazebo) StdoutLine: {'line': b'-- Up-to-date symlink: /root/Dojo/Dojo/install/robot_gazebo/share/robot_gazebo/worlds/azcar.world\n'}
[2.527667] (robot_navigation) StdoutLine: {'line': b'-- Up-to-date symlink: /root/Dojo/Dojo/install/robot_navigation/share/robot_navigation/environment/ament_prefix_path.dsv\n'}
[2.527831] (robot_navigation) StdoutLine: {'line': b'-- Up-to-date symlink: /root/Dojo/Dojo/install/robot_navigation/share/robot_navigation/environment/path.sh\n'}
[2.528326] (robot_navigation) StdoutLine: {'line': b'-- Up-to-date symlink: /root/Dojo/Dojo/install/robot_navigation/share/robot_navigation/environment/path.dsv\n'}
[2.528774] (robot_navigation) StdoutLine: {'line': b'-- Up-to-date symlink: /root/Dojo/Dojo/install/robot_navigation/share/robot_navigation/local_setup.bash\n'}
[2.528992] (robot_gazebo) StdoutLine: {'line': b'-- Up-to-date symlink: /root/Dojo/Dojo/install/robot_gazebo/share/robot_gazebo/worlds/barrels.world\n'}
[2.529162] (robot_gazebo) StdoutLine: {'line': b'-- Up-to-date symlink: /root/Dojo/Dojo/install/robot_gazebo/share/robot_gazebo/worlds/canyonview_field.world\n'}
[2.529295] (robot_gazebo) StdoutLine: {'line': b'-- Up-to-date symlink: /root/Dojo/Dojo/install/robot_gazebo/share/robot_gazebo/worlds/city_osm_roundabout.world\n'}
[2.529426] (robot_gazebo) StdoutLine: {'line': b'-- Up-to-date symlink: /root/Dojo/Dojo/install/robot_gazebo/share/robot_gazebo/worlds/city_osm_roundabout_combined.world\n'}
[2.529549] (robot_gazebo) StdoutLine: {'line': b'-- Up-to-date symlink: /root/Dojo/Dojo/install/robot_gazebo/share/robot_gazebo/worlds/cyberzoo.world\n'}
[2.529709] (robot_gazebo) StdoutLine: {'line': b'-- Up-to-date symlink: /root/Dojo/Dojo/install/robot_gazebo/share/robot_gazebo/worlds/cyberzoo2019_orange_poles.world\n'}
[2.529862] (robot_navigation) StdoutLine: {'line': b'-- Up-to-date symlink: /root/Dojo/Dojo/install/robot_navigation/share/robot_navigation/local_setup.sh\n'}
[2.530001] (robot_gazebo) StdoutLine: {'line': b'-- Up-to-date symlink: /root/Dojo/Dojo/install/robot_gazebo/share/robot_gazebo/worlds/cyberzoo2019_orange_poles_panels.world\n'}
[2.530135] (robot_navigation) StdoutLine: {'line': b'-- Up-to-date symlink: /root/Dojo/Dojo/install/robot_navigation/share/robot_navigation/local_setup.zsh\n'}
[2.530263] (robot_gazebo) StdoutLine: {'line': b'-- Up-to-date symlink: /root/Dojo/Dojo/install/robot_gazebo/share/robot_gazebo/worlds/cyberzoo2019_orange_poles_panels_mats.world\n'}
[2.530388] (robot_navigation) StdoutLine: {'line': b'-- Up-to-date symlink: /root/Dojo/Dojo/install/robot_navigation/share/robot_navigation/local_setup.dsv\n'}
[2.530514] (robot_gazebo) StdoutLine: {'line': b'-- Up-to-date symlink: /root/Dojo/Dojo/install/robot_gazebo/share/robot_gazebo/worlds/cyberzoo2019_ralphthesis2020.world\n'}
[2.530655] (robot_navigation) StdoutLine: {'line': b'-- Symlinking: /root/Dojo/Dojo/install/robot_navigation/share/robot_navigation/package.dsv\n'}
[2.530925] (robot_gazebo) StdoutLine: {'line': b'-- Up-to-date symlink: /root/Dojo/Dojo/install/robot_gazebo/share/robot_gazebo/worlds/cyberzoo_4_panels.world\n'}
[2.531060] (robot_gazebo) StdoutLine: {'line': b'-- Up-to-date symlink: /root/Dojo/Dojo/install/robot_gazebo/share/robot_gazebo/worlds/cyberzoo_orange_poles.world\n'}
[2.531224] (robot_gazebo) StdoutLine: {'line': b'-- Up-to-date symlink: /root/Dojo/Dojo/install/robot_gazebo/share/robot_gazebo/worlds/cyberzoo_panel.world\n'}
[2.531357] (robot_gazebo) StdoutLine: {'line': b'-- Up-to-date symlink: /root/Dojo/Dojo/install/robot_gazebo/share/robot_gazebo/worlds/demo_world.world\n'}
[2.531473] (robot_gazebo) StdoutLine: {'line': b'-- Up-to-date symlink: /root/Dojo/Dojo/install/robot_gazebo/share/robot_gazebo/worlds/dojo_world.world\n'}
[2.531584] (robot_gazebo) StdoutLine: {'line': b'-- Up-to-date symlink: /root/Dojo/Dojo/install/robot_gazebo/share/robot_gazebo/worlds/drone_race_track_2018_actual.world\n'}
[2.531777] (robot_gazebo) StdoutLine: {'line': b'-- Up-to-date symlink: /root/Dojo/Dojo/install/robot_gazebo/share/robot_gazebo/worlds/drone_race_track_2018_actual_with_gatepapers.world\n'}
[2.531910] (robot_gazebo) StdoutLine: {'line': b'-- Up-to-date symlink: /root/Dojo/Dojo/install/robot_gazebo/share/robot_gazebo/worlds/empty.world\n'}
[2.532036] (robot_gazebo) StdoutLine: {'line': b'-- Up-to-date symlink: /root/Dojo/Dojo/install/robot_gazebo/share/robot_gazebo/worlds/empty_aerial_manipulation.world\n'}
[2.532158] (robot_gazebo) StdoutLine: {'line': b'-- Up-to-date symlink: /root/Dojo/Dojo/install/robot_gazebo/share/robot_gazebo/worlds/fetchit_challenge_arena_montreal2019.world\n'}
[2.532281] (robot_gazebo) StdoutLine: {'line': b'-- Up-to-date symlink: /root/Dojo/Dojo/install/robot_gazebo/share/robot_gazebo/worlds/fetchit_challenge_arena_montreal2019_highlights.world\n'}
[2.532425] (robot_gazebo) StdoutLine: {'line': b'-- Up-to-date symlink: /root/Dojo/Dojo/install/robot_gazebo/share/robot_gazebo/worlds/fetchit_challenge_arena_montreal2019_onlylights.world\n'}
[2.532651] (robot_gazebo) StdoutLine: {'line': b'-- Up-to-date symlink: /root/Dojo/Dojo/install/robot_gazebo/share/robot_gazebo/worlds/fetchit_challenge_assembly.world\n'}
[2.532824] (robot_gazebo) StdoutLine: {'line': b'-- Up-to-date symlink: /root/Dojo/Dojo/install/robot_gazebo/share/robot_gazebo/worlds/fetchit_challenge_atrezzo.world\n'}
[2.532956] (robot_gazebo) StdoutLine: {'line': b'-- Up-to-date symlink: /root/Dojo/Dojo/install/robot_gazebo/share/robot_gazebo/worlds/fetchit_challenge_simple.world\n'}
[2.533070] (robot_gazebo) StdoutLine: {'line': b'-- Up-to-date symlink: /root/Dojo/Dojo/install/robot_gazebo/share/robot_gazebo/worlds/fetchit_challenge_simple_highlights.world\n'}
[2.533193] (robot_gazebo) StdoutLine: {'line': b'-- Up-to-date symlink: /root/Dojo/Dojo/install/robot_gazebo/share/robot_gazebo/worlds/fetchit_challenge_tests.world\n'}
[2.533334] (robot_gazebo) StdoutLine: {'line': b'-- Up-to-date symlink: /root/Dojo/Dojo/install/robot_gazebo/share/robot_gazebo/worlds/fetchit_challenge_tests_lowlights.world\n'}
[2.533449] (robot_gazebo) StdoutLine: {'line': b'-- Up-to-date symlink: /root/Dojo/Dojo/install/robot_gazebo/share/robot_gazebo/worlds/hemicyl.world\n'}
[2.533564] (robot_gazebo) StdoutLine: {'line': b'-- Up-to-date symlink: /root/Dojo/Dojo/install/robot_gazebo/share/robot_gazebo/worlds/house.world\n'}
[2.533843] (robot_gazebo) StdoutLine: {'line': b'-- Up-to-date symlink: /root/Dojo/Dojo/install/robot_gazebo/share/robot_gazebo/worlds/inspection.world\n'}
[2.534044] (robot_gazebo) StdoutLine: {'line': b'-- Up-to-date symlink: /root/Dojo/Dojo/install/robot_gazebo/share/robot_gazebo/worlds/neighborhood.world\n'}
[2.534206] (robot_gazebo) StdoutLine: {'line': b'-- Up-to-date symlink: /root/Dojo/Dojo/install/robot_gazebo/share/robot_gazebo/worlds/office_cpr.world\n'}
[2.534351] (robot_gazebo) StdoutLine: {'line': b'-- Up-to-date symlink: /root/Dojo/Dojo/install/robot_gazebo/share/robot_gazebo/worlds/office_cpr_construction.world\n'}
[2.534481] (robot_gazebo) StdoutLine: {'line': b'-- Up-to-date symlink: /root/Dojo/Dojo/install/robot_gazebo/share/robot_gazebo/worlds/office_earthquake.world\n'}
[2.534770] (robot_gazebo) StdoutLine: {'line': b'-- Up-to-date symlink: /root/Dojo/Dojo/install/robot_gazebo/share/robot_gazebo/worlds/office_env_large.world\n'}
[2.534965] (robot_gazebo) StdoutLine: {'line': b'-- Up-to-date symlink: /root/Dojo/Dojo/install/robot_gazebo/share/robot_gazebo/worlds/office_small.world\n'}
[2.535155] (robot_gazebo) StdoutLine: {'line': b'-- Up-to-date symlink: /root/Dojo/Dojo/install/robot_gazebo/share/robot_gazebo/worlds/outdoor.world\n'}
[2.535296] (robot_gazebo) StdoutLine: {'line': b'-- Up-to-date symlink: /root/Dojo/Dojo/install/robot_gazebo/share/robot_gazebo/worlds/powerplant.world\n'}
[2.535429] (robot_gazebo) StdoutLine: {'line': b'-- Up-to-date symlink: /root/Dojo/Dojo/install/robot_gazebo/share/robot_gazebo/worlds/rubble.world\n'}
[2.535548] (robot_gazebo) StdoutLine: {'line': b'-- Up-to-date symlink: /root/Dojo/Dojo/install/robot_gazebo/share/robot_gazebo/worlds/simple_env_1.world\n'}
[2.535770] (robot_gazebo) StdoutLine: {'line': b'-- Up-to-date symlink: /root/Dojo/Dojo/install/robot_gazebo/share/robot_gazebo/worlds/simple_env_2.world\n'}
[2.536014] (robot_gazebo) StdoutLine: {'line': b'-- Up-to-date symlink: /root/Dojo/Dojo/install/robot_gazebo/share/robot_gazebo/worlds/simple_env_3.world\n'}
[2.536171] (robot_gazebo) StdoutLine: {'line': b'-- Up-to-date symlink: /root/Dojo/Dojo/install/robot_gazebo/share/robot_gazebo/worlds/skidpan.world\n'}
[2.536423] (robot_gazebo) StdoutLine: {'line': b'-- Up-to-date symlink: /root/Dojo/Dojo/install/robot_gazebo/share/robot_gazebo/worlds/small_city.world\n'}
[2.536735] (robot_gazebo) StdoutLine: {'line': b'-- Up-to-date symlink: /root/Dojo/Dojo/install/robot_gazebo/share/robot_gazebo/worlds/test_city.world\n'}
[2.536886] (robot_gazebo) StdoutLine: {'line': b'-- Up-to-date symlink: /root/Dojo/Dojo/install/robot_gazebo/share/robot_gazebo/worlds/test_zone.world\n'}
[2.537027] (robot_gazebo) StdoutLine: {'line': b'-- Up-to-date symlink: /root/Dojo/Dojo/install/robot_gazebo/share/robot_gazebo/worlds/wall_aerial_manipulation.world\n'}
[2.537168] (robot_gazebo) StdoutLine: {'line': b'-- Up-to-date symlink: /root/Dojo/Dojo/install/robot_gazebo/share/robot_gazebo/worlds/warehouse.world\n'}
[2.537295] (robot_gazebo) StdoutLine: {'line': b'-- Up-to-date symlink: /root/Dojo/Dojo/install/robot_gazebo/share/robot_gazebo/worlds/waypoint.world\n'}
[2.537422] (robot_gazebo) StdoutLine: {'line': b'-- Up-to-date symlink: /root/Dojo/Dojo/install/robot_gazebo/share/robot_gazebo/worlds/workshop_example.world\n'}
[2.537737] (robot_gazebo) StdoutLine: {'line': b'-- Up-to-date symlink: /root/Dojo/Dojo/install/robot_gazebo/share/robot_gazebo/worlds/yosemite.world\n'}
[2.537985] (robot_gazebo) StdoutLine: {'line': b'-- Up-to-date symlink: /root/Dojo/Dojo/install/robot_gazebo/lib/robot_gazebo/spawn_robot.py\n'}
[2.538123] (robot_gazebo) StdoutLine: {'line': b'-- Up-to-date symlink: /root/Dojo/Dojo/install/robot_gazebo/share/robot_gazebo/package.xml\n'}
[2.538287] (robot_gazebo) StdoutLine: {'line': b'-- Up-to-date symlink: /root/Dojo/Dojo/install/robot_gazebo/share/robot_gazebo/setup.py\n'}
[2.538496] (robot_gazebo) StdoutLine: {'line': b'-- Up-to-date symlink: /root/Dojo/Dojo/install/robot_gazebo/share/robot_gazebo/setup.cfg\n'}
[2.538648] (robot_gazebo) StdoutLine: {'line': b'-- Up-to-date symlink: /root/Dojo/Dojo/install/robot_gazebo/share/ament_index/resource_index/package_run_dependencies/robot_gazebo\n'}
[2.538777] (robot_gazebo) StdoutLine: {'line': b'-- Up-to-date symlink: /root/Dojo/Dojo/install/robot_gazebo/share/ament_index/resource_index/parent_prefix_path/robot_gazebo\n'}
[2.538908] (robot_gazebo) StdoutLine: {'line': b'-- Up-to-date symlink: /root/Dojo/Dojo/install/robot_gazebo/share/robot_gazebo/environment/ament_prefix_path.sh\n'}
[2.539027] (robot_gazebo) StdoutLine: {'line': b'-- Up-to-date symlink: /root/Dojo/Dojo/install/robot_gazebo/share/robot_gazebo/environment/ament_prefix_path.dsv\n'}
[2.539162] (robot_gazebo) StdoutLine: {'line': b'-- Up-to-date symlink: /root/Dojo/Dojo/install/robot_gazebo/share/robot_gazebo/environment/path.sh\n'}
[2.539304] (robot_gazebo) StdoutLine: {'line': b'-- Up-to-date symlink: /root/Dojo/Dojo/install/robot_gazebo/share/robot_gazebo/environment/path.dsv\n'}
[2.539449] (robot_gazebo) StdoutLine: {'line': b'-- Up-to-date symlink: /root/Dojo/Dojo/install/robot_gazebo/share/robot_gazebo/local_setup.bash\n'}
[2.539588] (robot_gazebo) StdoutLine: {'line': b'-- Up-to-date symlink: /root/Dojo/Dojo/install/robot_gazebo/share/robot_gazebo/local_setup.sh\n'}
[2.539722] (robot_gazebo) StdoutLine: {'line': b'-- Up-to-date symlink: /root/Dojo/Dojo/install/robot_gazebo/share/robot_gazebo/local_setup.zsh\n'}
[2.539929] (robot_gazebo) StdoutLine: {'line': b'-- Up-to-date symlink: /root/Dojo/Dojo/install/robot_gazebo/share/robot_gazebo/local_setup.dsv\n'}
[2.540160] (robot_gazebo) StdoutLine: {'line': b'-- Symlinking: /root/Dojo/Dojo/install/robot_gazebo/share/robot_gazebo/package.dsv\n'}
[2.545038] (robot_navigation) StdoutLine: {'line': b'-- Up-to-date symlink: /root/Dojo/Dojo/install/robot_navigation/share/ament_index/resource_index/packages/robot_navigation\n'}
[2.545455] (robot_navigation) StdoutLine: {'line': b'-- Up-to-date symlink: /root/Dojo/Dojo/install/robot_navigation/share/robot_navigation/cmake/ament_cmake_export_include_directories-extras.cmake\n'}
[2.545772] (robot_navigation) StdoutLine: {'line': b'-- Up-to-date symlink: /root/Dojo/Dojo/install/robot_navigation/share/robot_navigation/cmake/ament_cmake_export_dependencies-extras.cmake\n'}
[2.545949] (robot_navigation) StdoutLine: {'line': b'-- Up-to-date symlink: /root/Dojo/Dojo/install/robot_navigation/share/robot_navigation/cmake/robot_navigationConfig.cmake\n'}
[2.546138] (robot_navigation) StdoutLine: {'line': b'-- Up-to-date symlink: /root/Dojo/Dojo/install/robot_navigation/share/robot_navigation/cmake/robot_navigationConfig-version.cmake\n'}
[2.546330] (robot_navigation) StdoutLine: {'line': b'-- Up-to-date symlink: /root/Dojo/Dojo/install/robot_navigation/share/robot_navigation/package.xml\n'}
[2.546557] (robot_navigation) StdoutLine: {'line': b'-- Up-to-date: /robot_navigation\n'}
[2.546769] (robot_navigation) StdoutLine: {'line': b'-- Up-to-date: /robot_navigation/__init__.py\n'}
[2.550080] (robot_navigation) CommandEnded: {'returncode': 0}
[2.553013] (robot_gazebo) StdoutLine: {'line': b'-- Up-to-date symlink: /root/Dojo/Dojo/install/robot_gazebo/share/ament_index/resource_index/packages/robot_gazebo\n'}
[2.553785] (robot_gazebo) StdoutLine: {'line': b'-- Up-to-date symlink: /root/Dojo/Dojo/install/robot_gazebo/share/robot_gazebo/cmake/robot_gazebo-extras.cmake\n'}
[2.554317] (robot_gazebo) StdoutLine: {'line': b'-- Up-to-date symlink: /root/Dojo/Dojo/install/robot_gazebo/share/robot_gazebo/cmake/ament_cmake_export_include_directories-extras.cmake\n'}
[2.554516] (robot_gazebo) StdoutLine: {'line': b'-- Up-to-date symlink: /root/Dojo/Dojo/install/robot_gazebo/share/robot_gazebo/cmake/ament_cmake_export_dependencies-extras.cmake\n'}
[2.554946] (robot_gazebo) StdoutLine: {'line': b'-- Up-to-date symlink: /root/Dojo/Dojo/install/robot_gazebo/share/robot_gazebo/cmake/robot_gazeboConfig.cmake\n'}
[2.555215] (robot_gazebo) StdoutLine: {'line': b'-- Up-to-date symlink: /root/Dojo/Dojo/install/robot_gazebo/share/robot_gazebo/cmake/robot_gazeboConfig-version.cmake\n'}
[2.555615] (robot_gazebo) StdoutLine: {'line': b'-- Up-to-date symlink: /root/Dojo/Dojo/install/robot_gazebo/share/robot_gazebo/package.xml\n'}
[2.556117] (robot_gazebo) StdoutLine: {'line': b'-- Up-to-date: /robot_gazebo\n'}
[2.556396] (robot_gazebo) StdoutLine: {'line': b'-- Up-to-date: /robot_gazebo/__init__.py\n'}
[2.556888] (robot_gazebo) StdoutLine: {'line': b'-- Up-to-date: /robot_gazebo/cmd_vel_relay.py\n'}
[2.570994] (robot_navigation) JobEnded: {'identifier': 'robot_navigation', 'rc': 0}
[2.572189] (robot_gazebo) CommandEnded: {'returncode': 0}
[2.586635] (robot_gazebo) JobEnded: {'identifier': 'robot_gazebo', 'rc': 0}
[2.607675] (-) TimerEvent: {}
[2.661402] (robot_sensors) Command: {'cmd': ['/usr/bin/python3', '-W', 'ignore:setup.py install is deprecated', '-W', 'ignore:easy_install command is deprecated', 'setup.py', 'develop', '--editable', '--build-directory', '/root/Dojo/Dojo/build/robot_sensors/build', '--no-deps', 'symlink_data'], 'cwd': '/root/Dojo/Dojo/build/robot_sensors', 'env': {'HOSTNAME': 'gareth-joel-HP-Pavilion-Gaming-Laptop-15-ec2xxx', 'SHLVL': '1', 'LD_LIBRARY_PATH': '/usr/lib/x86_64-linux-gnu/gazebo-11/plugins:/opt/ros/humble/opt/rviz_ogre_vendor/lib:/opt/ros/humble/lib/x86_64-linux-gnu:/opt/ros/humble/lib', 'HOME': '/root', 'OLDPWD': '/root/Dojo', 'ROS_PYTHON_VERSION': '3', 'COLCON_PREFIX_PATH': '/root/Dojo/install', 'ROS_DISTRO': 'humble', '_': '/usr/bin/colcon', 'ROS_VERSION': '2', 'TERM': 'xterm', 'ROS_LOCALHOST_ONLY': '0', 'QT_X11_NO_MITSHM': '1', 'PATH': '/opt/ros/humble/bin:/usr/local/sbin:/usr/local/bin:/usr/sbin:/usr/bin:/sbin:/bin', 'DISPLAY': ':0', 'LANG': 'C.UTF-8', 'LS_COLORS': 'rs=0:di=01;34:ln=01;36:mh=00:pi=40;33:so=01;35:do=01;35:bd=40;33;01:cd=40;33;01:or=40;31;01:mi=00:su=37;41:sg=30;43:ca=30;41:tw=30;42:ow=34;42:st=37;44:ex=01;32:*.tar=01;31:*.tgz=01;31:*.arc=01;31:*.arj=01;31:*.taz=01;31:*.lha=01;31:*.lz4=01;31:*.lzh=01;31:*.lzma=01;31:*.tlz=01;31:*.txz=01;31:*.tzo=01;31:*.t7z=01;31:*.zip=01;31:*.z=01;31:*.dz=01;31:*.gz=01;31:*.lrz=01;31:*.lz=01;31:*.lzo=01;31:*.xz=01;31:*.zst=01;31:*.tzst=01;31:*.bz2=01;31:*.bz=01;31:*.tbz=01;31:*.tbz2=01;31:*.tz=01;31:*.deb=01;31:*.rpm=01;31:*.jar=01;31:*.war=01;31:*.ear=01;31:*.sar=01;31:*.rar=01;31:*.alz=01;31:*.ace=01;31:*.zoo=01;31:*.cpio=01;31:*.7z=01;31:*.rz=01;31:*.cab=01;31:*.wim=01;31:*.swm=01;31:*.dwm=01;31:*.esd=01;31:*.jpg=01;35:*.jpeg=01;35:*.mjpg=01;35:*.mjpeg=01;35:*.gif=01;35:*.bmp=01;35:*.pbm=01;35:*.pgm=01;35:*.ppm=01;35:*.tga=01;35:*.xbm=01;35:*.xpm=01;35:*.tif=01;35:*.tiff=01;35:*.png=01;35:*.svg=01;35:*.svgz=01;35:*.mng=01;35:*.pcx=01;35:*.mov=01;35:*.mpg=01;35:*.mpeg=01;35:*.m2v=01;35:*.mkv=01;35:*.webm=01;35:*.webp=01;35:*.ogm=01;35:*.mp4=01;35:*.m4v=01;35:*.mp4v=01;35:*.vob=01;35:*.qt=01;35:*.nuv=01;35:*.wmv=01;35:*.asf=01;35:*.rm=01;35:*.rmvb=01;35:*.flc=01;35:*.avi=01;35:*.fli=01;35:*.flv=01;35:*.gl=01;35:*.dl=01;35:*.xcf=01;35:*.xwd=01;35:*.yuv=01;35:*.cgm=01;35:*.emf=01;35:*.ogv=01;35:*.ogx=01;35:*.aac=00;36:*.au=00;36:*.flac=00;36:*.m4a=00;36:*.mid=00;36:*.midi=00;36:*.mka=00;36:*.mp3=00;36:*.mpc=00;36:*.ogg=00;36:*.ra=00;36:*.wav=00;36:*.oga=00;36:*.opus=00;36:*.spx=00;36:*.xspf=00;36:', 'ROS_DOMAIN_ID': '7', 'AMENT_PREFIX_PATH': '/root/Dojo/install/robot_hardware:/opt/ros/humble', 'PWD': '/root/Dojo/Dojo/build/robot_sensors', 'LC_ALL': 'C.UTF-8', 'PYTHONPATH': '/root/Dojo/Dojo/build/robot_sensors/prefix_override:/usr/lib/python3/dist-packages/colcon_core/task/python/colcon_distutils_commands:/root/Dojo/Dojo/install/robot_sensors/lib/python3.10/site-packages:/root/Dojo/build/robot_hardware:/root/Dojo/install/robot_hardware/lib/python3.10/site-packages:/opt/ros/humble/lib/python3.10/site-packages:/opt/ros/humble/local/lib/python3.10/dist-packages', 'COLCON': '1', 'CMAKE_PREFIX_PATH': '/root/Dojo/install/robot_perception'}, 'shell': False}
[2.676243] (ros2arduino_bridge) Command: {'cmd': ['/usr/bin/python3', '-W', 'ignore:setup.py install is deprecated', '-W', 'ignore:easy_install command is deprecated', 'setup.py', 'develop', '--editable', '--build-directory', '/root/Dojo/Dojo/build/ros2arduino_bridge/build', '--no-deps', 'symlink_data'], 'cwd': '/root/Dojo/Dojo/build/ros2arduino_bridge', 'env': {'HOSTNAME': 'gareth-joel-HP-Pavilion-Gaming-Laptop-15-ec2xxx', 'SHLVL': '1', 'LD_LIBRARY_PATH': '/usr/lib/x86_64-linux-gnu/gazebo-11/plugins:/opt/ros/humble/opt/rviz_ogre_vendor/lib:/opt/ros/humble/lib/x86_64-linux-gnu:/opt/ros/humble/lib', 'HOME': '/root', 'OLDPWD': '/root/Dojo', 'ROS_PYTHON_VERSION': '3', 'COLCON_PREFIX_PATH': '/root/Dojo/install', 'ROS_DISTRO': 'humble', '_': '/usr/bin/colcon', 'ROS_VERSION': '2', 'TERM': 'xterm', 'ROS_LOCALHOST_ONLY': '0', 'QT_X11_NO_MITSHM': '1', 'PATH': '/opt/ros/humble/bin:/usr/local/sbin:/usr/local/bin:/usr/sbin:/usr/bin:/sbin:/bin', 'DISPLAY': ':0', 'LANG': 'C.UTF-8', 'LS_COLORS': 'rs=0:di=01;34:ln=01;36:mh=00:pi=40;33:so=01;35:do=01;35:bd=40;33;01:cd=40;33;01:or=40;31;01:mi=00:su=37;41:sg=30;43:ca=30;41:tw=30;42:ow=34;42:st=37;44:ex=01;32:*.tar=01;31:*.tgz=01;31:*.arc=01;31:*.arj=01;31:*.taz=01;31:*.lha=01;31:*.lz4=01;31:*.lzh=01;31:*.lzma=01;31:*.tlz=01;31:*.txz=01;31:*.tzo=01;31:*.t7z=01;31:*.zip=01;31:*.z=01;31:*.dz=01;31:*.gz=01;31:*.lrz=01;31:*.lz=01;31:*.lzo=01;31:*.xz=01;31:*.zst=01;31:*.tzst=01;31:*.bz2=01;31:*.bz=01;31:*.tbz=01;31:*.tbz2=01;31:*.tz=01;31:*.deb=01;31:*.rpm=01;31:*.jar=01;31:*.war=01;31:*.ear=01;31:*.sar=01;31:*.rar=01;31:*.alz=01;31:*.ace=01;31:*.zoo=01;31:*.cpio=01;31:*.7z=01;31:*.rz=01;31:*.cab=01;31:*.wim=01;31:*.swm=01;31:*.dwm=01;31:*.esd=01;31:*.jpg=01;35:*.jpeg=01;35:*.mjpg=01;35:*.mjpeg=01;35:*.gif=01;35:*.bmp=01;35:*.pbm=01;35:*.pgm=01;35:*.ppm=01;35:*.tga=01;35:*.xbm=01;35:*.xpm=01;35:*.tif=01;35:*.tiff=01;35:*.png=01;35:*.svg=01;35:*.svgz=01;35:*.mng=01;35:*.pcx=01;35:*.mov=01;35:*.mpg=01;35:*.mpeg=01;35:*.m2v=01;35:*.mkv=01;35:*.webm=01;35:*.webp=01;35:*.ogm=01;35:*.mp4=01;35:*.m4v=01;35:*.mp4v=01;35:*.vob=01;35:*.qt=01;35:*.nuv=01;35:*.wmv=01;35:*.asf=01;35:*.rm=01;35:*.rmvb=01;35:*.flc=01;35:*.avi=01;35:*.fli=01;35:*.flv=01;35:*.gl=01;35:*.dl=01;35:*.xcf=01;35:*.xwd=01;35:*.yuv=01;35:*.cgm=01;35:*.emf=01;35:*.ogv=01;35:*.ogx=01;35:*.aac=00;36:*.au=00;36:*.flac=00;36:*.m4a=00;36:*.mid=00;36:*.midi=00;36:*.mka=00;36:*.mp3=00;36:*.mpc=00;36:*.ogg=00;36:*.ra=00;36:*.wav=00;36:*.oga=00;36:*.opus=00;36:*.spx=00;36:*.xspf=00;36:', 'ROS_DOMAIN_ID': '7', 'AMENT_PREFIX_PATH': '/root/Dojo/install/robot_hardware:/opt/ros/humble', 'PWD': '/root/Dojo/Dojo/build/ros2arduino_bridge', 'LC_ALL': 'C.UTF-8', 'PYTHONPATH': '/root/Dojo/Dojo/build/ros2arduino_bridge/prefix_override:/usr/lib/python3/dist-packages/colcon_core/task/python/colcon_distutils_commands:/root/Dojo/Dojo/install/ros2arduino_bridge/lib/python3.10/site-packages:/root/Dojo/build/robot_hardware:/root/Dojo/install/robot_hardware/lib/python3.10/site-packages:/opt/ros/humble/lib/python3.10/site-packages:/opt/ros/humble/local/lib/python3.10/dist-packages', 'COLCON': '1', 'CMAKE_PREFIX_PATH': '/root/Dojo/install/robot_perception'}, 'shell': False}
[2.683189] (arduino_bridge) Command: {'cmd': ['/usr/bin/python3', '-W', 'ignore:setup.py install is deprecated', '-W', 'ignore:easy_install command is deprecated', 'setup.py', 'develop', '--editable', '--build-directory', '/root/Dojo/Dojo/build/arduino_bridge/build', '--no-deps', 'symlink_data'], 'cwd': '/root/Dojo/Dojo/build/arduino_bridge', 'env': {'HOSTNAME': 'gareth-joel-HP-Pavilion-Gaming-Laptop-15-ec2xxx', 'SHLVL': '1', 'LD_LIBRARY_PATH': '/usr/lib/x86_64-linux-gnu/gazebo-11/plugins:/opt/ros/humble/opt/rviz_ogre_vendor/lib:/opt/ros/humble/lib/x86_64-linux-gnu:/opt/ros/humble/lib', 'HOME': '/root', 'OLDPWD': '/root/Dojo', 'ROS_PYTHON_VERSION': '3', 'COLCON_PREFIX_PATH': '/root/Dojo/install', 'ROS_DISTRO': 'humble', '_': '/usr/bin/colcon', 'ROS_VERSION': '2', 'TERM': 'xterm', 'ROS_LOCALHOST_ONLY': '0', 'QT_X11_NO_MITSHM': '1', 'PATH': '/opt/ros/humble/bin:/usr/local/sbin:/usr/local/bin:/usr/sbin:/usr/bin:/sbin:/bin', 'DISPLAY': ':0', 'LANG': 'C.UTF-8', 'LS_COLORS': 'rs=0:di=01;34:ln=01;36:mh=00:pi=40;33:so=01;35:do=01;35:bd=40;33;01:cd=40;33;01:or=40;31;01:mi=00:su=37;41:sg=30;43:ca=30;41:tw=30;42:ow=34;42:st=37;44:ex=01;32:*.tar=01;31:*.tgz=01;31:*.arc=01;31:*.arj=01;31:*.taz=01;31:*.lha=01;31:*.lz4=01;31:*.lzh=01;31:*.lzma=01;31:*.tlz=01;31:*.txz=01;31:*.tzo=01;31:*.t7z=01;31:*.zip=01;31:*.z=01;31:*.dz=01;31:*.gz=01;31:*.lrz=01;31:*.lz=01;31:*.lzo=01;31:*.xz=01;31:*.zst=01;31:*.tzst=01;31:*.bz2=01;31:*.bz=01;31:*.tbz=01;31:*.tbz2=01;31:*.tz=01;31:*.deb=01;31:*.rpm=01;31:*.jar=01;31:*.war=01;31:*.ear=01;31:*.sar=01;31:*.rar=01;31:*.alz=01;31:*.ace=01;31:*.zoo=01;31:*.cpio=01;31:*.7z=01;31:*.rz=01;31:*.cab=01;31:*.wim=01;31:*.swm=01;31:*.dwm=01;31:*.esd=01;31:*.jpg=01;35:*.jpeg=01;35:*.mjpg=01;35:*.mjpeg=01;35:*.gif=01;35:*.bmp=01;35:*.pbm=01;35:*.pgm=01;35:*.ppm=01;35:*.tga=01;35:*.xbm=01;35:*.xpm=01;35:*.tif=01;35:*.tiff=01;35:*.png=01;35:*.svg=01;35:*.svgz=01;35:*.mng=01;35:*.pcx=01;35:*.mov=01;35:*.mpg=01;35:*.mpeg=01;35:*.m2v=01;35:*.mkv=01;35:*.webm=01;35:*.webp=01;35:*.ogm=01;35:*.mp4=01;35:*.m4v=01;35:*.mp4v=01;35:*.vob=01;35:*.qt=01;35:*.nuv=01;35:*.wmv=01;35:*.asf=01;35:*.rm=01;35:*.rmvb=01;35:*.flc=01;35:*.avi=01;35:*.fli=01;35:*.flv=01;35:*.gl=01;35:*.dl=01;35:*.xcf=01;35:*.xwd=01;35:*.yuv=01;35:*.cgm=01;35:*.emf=01;35:*.ogv=01;35:*.ogx=01;35:*.aac=00;36:*.au=00;36:*.flac=00;36:*.m4a=00;36:*.mid=00;36:*.midi=00;36:*.mka=00;36:*.mp3=00;36:*.mpc=00;36:*.ogg=00;36:*.ra=00;36:*.wav=00;36:*.oga=00;36:*.opus=00;36:*.spx=00;36:*.xspf=00;36:', 'ROS_DOMAIN_ID': '7', 'AMENT_PREFIX_PATH': '/root/Dojo/install/robot_hardware:/opt/ros/humble', 'PWD': '/root/Dojo/Dojo/build/arduino_bridge', 'LC_ALL': 'C.UTF-8', 'PYTHONPATH': '/root/Dojo/Dojo/build/arduino_bridge/prefix_override:/usr/lib/python3/dist-packages/colcon_core/task/python/colcon_distutils_commands:/root/Dojo/Dojo/install/arduino_bridge/lib/python3.10/site-packages:/root/Dojo/build/robot_hardware:/root/Dojo/install/robot_hardware/lib/python3.10/site-packages:/opt/ros/humble/lib/python3.10/site-packages:/opt/ros/humble/local/lib/python3.10/dist-packages', 'COLCON': '1', 'CMAKE_PREFIX_PATH': '/root/Dojo/install/robot_perception'}, 'shell': False}
[2.685543] (robot_hardware) Command: {'cmd': ['/usr/bin/python3', '-W', 'ignore:setup.py install is deprecated', '-W', 'ignore:easy_install command is deprecated', 'setup.py', 'develop', '--editable', '--build-directory', '/root/Dojo/Dojo/build/robot_hardware/build', '--no-deps', 'symlink_data'], 'cwd': '/root/Dojo/Dojo/build/robot_hardware', 'env': {'HOSTNAME': 'gareth-joel-HP-Pavilion-Gaming-Laptop-15-ec2xxx', 'SHLVL': '1', 'LD_LIBRARY_PATH': '/usr/lib/x86_64-linux-gnu/gazebo-11/plugins:/opt/ros/humble/opt/rviz_ogre_vendor/lib:/opt/ros/humble/lib/x86_64-linux-gnu:/opt/ros/humble/lib', 'HOME': '/root', 'OLDPWD': '/root/Dojo', 'ROS_PYTHON_VERSION': '3', 'COLCON_PREFIX_PATH': '/root/Dojo/install', 'ROS_DISTRO': 'humble', '_': '/usr/bin/colcon', 'ROS_VERSION': '2', 'TERM': 'xterm', 'ROS_LOCALHOST_ONLY': '0', 'QT_X11_NO_MITSHM': '1', 'PATH': '/opt/ros/humble/bin:/usr/local/sbin:/usr/local/bin:/usr/sbin:/usr/bin:/sbin:/bin', 'DISPLAY': ':0', 'LANG': 'C.UTF-8', 'LS_COLORS': 'rs=0:di=01;34:ln=01;36:mh=00:pi=40;33:so=01;35:do=01;35:bd=40;33;01:cd=40;33;01:or=40;31;01:mi=00:su=37;41:sg=30;43:ca=30;41:tw=30;42:ow=34;42:st=37;44:ex=01;32:*.tar=01;31:*.tgz=01;31:*.arc=01;31:*.arj=01;31:*.taz=01;31:*.lha=01;31:*.lz4=01;31:*.lzh=01;31:*.lzma=01;31:*.tlz=01;31:*.txz=01;31:*.tzo=01;31:*.t7z=01;31:*.zip=01;31:*.z=01;31:*.dz=01;31:*.gz=01;31:*.lrz=01;31:*.lz=01;31:*.lzo=01;31:*.xz=01;31:*.zst=01;31:*.tzst=01;31:*.bz2=01;31:*.bz=01;31:*.tbz=01;31:*.tbz2=01;31:*.tz=01;31:*.deb=01;31:*.rpm=01;31:*.jar=01;31:*.war=01;31:*.ear=01;31:*.sar=01;31:*.rar=01;31:*.alz=01;31:*.ace=01;31:*.zoo=01;31:*.cpio=01;31:*.7z=01;31:*.rz=01;31:*.cab=01;31:*.wim=01;31:*.swm=01;31:*.dwm=01;31:*.esd=01;31:*.jpg=01;35:*.jpeg=01;35:*.mjpg=01;35:*.mjpeg=01;35:*.gif=01;35:*.bmp=01;35:*.pbm=01;35:*.pgm=01;35:*.ppm=01;35:*.tga=01;35:*.xbm=01;35:*.xpm=01;35:*.tif=01;35:*.tiff=01;35:*.png=01;35:*.svg=01;35:*.svgz=01;35:*.mng=01;35:*.pcx=01;35:*.mov=01;35:*.mpg=01;35:*.mpeg=01;35:*.m2v=01;35:*.mkv=01;35:*.webm=01;35:*.webp=01;35:*.ogm=01;35:*.mp4=01;35:*.m4v=01;35:*.mp4v=01;35:*.vob=01;35:*.qt=01;35:*.nuv=01;35:*.wmv=01;35:*.asf=01;35:*.rm=01;35:*.rmvb=01;35:*.flc=01;35:*.avi=01;35:*.fli=01;35:*.flv=01;35:*.gl=01;35:*.dl=01;35:*.xcf=01;35:*.xwd=01;35:*.yuv=01;35:*.cgm=01;35:*.emf=01;35:*.ogv=01;35:*.ogx=01;35:*.aac=00;36:*.au=00;36:*.flac=00;36:*.m4a=00;36:*.mid=00;36:*.midi=00;36:*.mka=00;36:*.mp3=00;36:*.mpc=00;36:*.ogg=00;36:*.ra=00;36:*.wav=00;36:*.oga=00;36:*.opus=00;36:*.spx=00;36:*.xspf=00;36:', 'ROS_DOMAIN_ID': '7', 'AMENT_PREFIX_PATH': '/root/Dojo/install/robot_hardware:/opt/ros/humble', 'PWD': '/root/Dojo/Dojo/build/robot_hardware', 'LC_ALL': 'C.UTF-8', 'PYTHONPATH': '/root/Dojo/Dojo/build/robot_hardware/prefix_override:/usr/lib/python3/dist-packages/colcon_core/task/python/colcon_distutils_commands:/root/Dojo/Dojo/install/robot_hardware/lib/python3.10/site-packages:/root/Dojo/build/robot_hardware:/root/Dojo/install/robot_hardware/lib/python3.10/site-packages:/opt/ros/humble/lib/python3.10/site-packages:/opt/ros/humble/local/lib/python3.10/dist-packages', 'COLCON': '1', 'CMAKE_PREFIX_PATH': '/root/Dojo/install/robot_perception'}, 'shell': False}
[2.697656] (nv21_converter_pkg) Command: {'cmd': ['/usr/bin/python3', '-W', 'ignore:setup.py install is deprecated', '-W', 'ignore:easy_install command is deprecated', 'setup.py', 'develop', '--editable', '--build-directory', '/root/Dojo/Dojo/build/nv21_converter_pkg/build', '--no-deps', 'symlink_data'], 'cwd': '/root/Dojo/Dojo/build/nv21_converter_pkg', 'env': {'HOSTNAME': 'gareth-joel-HP-Pavilion-Gaming-Laptop-15-ec2xxx', 'SHLVL': '1', 'LD_LIBRARY_PATH': '/usr/lib/x86_64-linux-gnu/gazebo-11/plugins:/opt/ros/humble/opt/rviz_ogre_vendor/lib:/opt/ros/humble/lib/x86_64-linux-gnu:/opt/ros/humble/lib', 'HOME': '/root', 'OLDPWD': '/root/Dojo', 'ROS_PYTHON_VERSION': '3', 'COLCON_PREFIX_PATH': '/root/Dojo/install', 'ROS_DISTRO': 'humble', '_': '/usr/bin/colcon', 'ROS_VERSION': '2', 'TERM': 'xterm', 'ROS_LOCALHOST_ONLY': '0', 'QT_X11_NO_MITSHM': '1', 'PATH': '/opt/ros/humble/bin:/usr/local/sbin:/usr/local/bin:/usr/sbin:/usr/bin:/sbin:/bin', 'DISPLAY': ':0', 'LANG': 'C.UTF-8', 'LS_COLORS': 'rs=0:di=01;34:ln=01;36:mh=00:pi=40;33:so=01;35:do=01;35:bd=40;33;01:cd=40;33;01:or=40;31;01:mi=00:su=37;41:sg=30;43:ca=30;41:tw=30;42:ow=34;42:st=37;44:ex=01;32:*.tar=01;31:*.tgz=01;31:*.arc=01;31:*.arj=01;31:*.taz=01;31:*.lha=01;31:*.lz4=01;31:*.lzh=01;31:*.lzma=01;31:*.tlz=01;31:*.txz=01;31:*.tzo=01;31:*.t7z=01;31:*.zip=01;31:*.z=01;31:*.dz=01;31:*.gz=01;31:*.lrz=01;31:*.lz=01;31:*.lzo=01;31:*.xz=01;31:*.zst=01;31:*.tzst=01;31:*.bz2=01;31:*.bz=01;31:*.tbz=01;31:*.tbz2=01;31:*.tz=01;31:*.deb=01;31:*.rpm=01;31:*.jar=01;31:*.war=01;31:*.ear=01;31:*.sar=01;31:*.rar=01;31:*.alz=01;31:*.ace=01;31:*.zoo=01;31:*.cpio=01;31:*.7z=01;31:*.rz=01;31:*.cab=01;31:*.wim=01;31:*.swm=01;31:*.dwm=01;31:*.esd=01;31:*.jpg=01;35:*.jpeg=01;35:*.mjpg=01;35:*.mjpeg=01;35:*.gif=01;35:*.bmp=01;35:*.pbm=01;35:*.pgm=01;35:*.ppm=01;35:*.tga=01;35:*.xbm=01;35:*.xpm=01;35:*.tif=01;35:*.tiff=01;35:*.png=01;35:*.svg=01;35:*.svgz=01;35:*.mng=01;35:*.pcx=01;35:*.mov=01;35:*.mpg=01;35:*.mpeg=01;35:*.m2v=01;35:*.mkv=01;35:*.webm=01;35:*.webp=01;35:*.ogm=01;35:*.mp4=01;35:*.m4v=01;35:*.mp4v=01;35:*.vob=01;35:*.qt=01;35:*.nuv=01;35:*.wmv=01;35:*.asf=01;35:*.rm=01;35:*.rmvb=01;35:*.flc=01;35:*.avi=01;35:*.fli=01;35:*.flv=01;35:*.gl=01;35:*.dl=01;35:*.xcf=01;35:*.xwd=01;35:*.yuv=01;35:*.cgm=01;35:*.emf=01;35:*.ogv=01;35:*.ogx=01;35:*.aac=00;36:*.au=00;36:*.flac=00;36:*.m4a=00;36:*.mid=00;36:*.midi=00;36:*.mka=00;36:*.mp3=00;36:*.mpc=00;36:*.ogg=00;36:*.ra=00;36:*.wav=00;36:*.oga=00;36:*.opus=00;36:*.spx=00;36:*.xspf=00;36:', 'ROS_DOMAIN_ID': '7', 'AMENT_PREFIX_PATH': '/root/Dojo/install/robot_hardware:/opt/ros/humble', 'PWD': '/root/Dojo/Dojo/build/nv21_converter_pkg', 'LC_ALL': 'C.UTF-8', 'PYTHONPATH': '/root/Dojo/Dojo/build/nv21_converter_pkg/prefix_override:/usr/lib/python3/dist-packages/colcon_core/task/python/colcon_distutils_commands:/root/Dojo/Dojo/install/nv21_converter_pkg/lib/python3.10/site-packages:/root/Dojo/build/robot_hardware:/root/Dojo/install/robot_hardware/lib/python3.10/site-packages:/opt/ros/humble/lib/python3.10/site-packages:/opt/ros/humble/local/lib/python3.10/dist-packages', 'COLCON': '1', 'CMAKE_PREFIX_PATH': '/root/Dojo/install/robot_perception'}, 'shell': False}
[2.707774] (-) TimerEvent: {}
[2.762249] (vision_system) Command: {'cmd': ['/usr/bin/python3', '-W', 'ignore:setup.py install is deprecated', '-W', 'ignore:easy_install command is deprecated', 'setup.py', 'develop', '--editable', '--build-directory', '/root/Dojo/Dojo/build/vision_system/build', '--no-deps', 'symlink_data'], 'cwd': '/root/Dojo/Dojo/build/vision_system', 'env': {'HOSTNAME': 'gareth-joel-HP-Pavilion-Gaming-Laptop-15-ec2xxx', 'SHLVL': '1', 'LD_LIBRARY_PATH': '/usr/lib/x86_64-linux-gnu/gazebo-11/plugins:/opt/ros/humble/opt/rviz_ogre_vendor/lib:/opt/ros/humble/lib/x86_64-linux-gnu:/opt/ros/humble/lib', 'HOME': '/root', 'OLDPWD': '/root/Dojo', 'ROS_PYTHON_VERSION': '3', 'COLCON_PREFIX_PATH': '/root/Dojo/install', 'ROS_DISTRO': 'humble', '_': '/usr/bin/colcon', 'ROS_VERSION': '2', 'TERM': 'xterm', 'ROS_LOCALHOST_ONLY': '0', 'QT_X11_NO_MITSHM': '1', 'PATH': '/opt/ros/humble/bin:/usr/local/sbin:/usr/local/bin:/usr/sbin:/usr/bin:/sbin:/bin', 'DISPLAY': ':0', 'LANG': 'C.UTF-8', 'LS_COLORS': 'rs=0:di=01;34:ln=01;36:mh=00:pi=40;33:so=01;35:do=01;35:bd=40;33;01:cd=40;33;01:or=40;31;01:mi=00:su=37;41:sg=30;43:ca=30;41:tw=30;42:ow=34;42:st=37;44:ex=01;32:*.tar=01;31:*.tgz=01;31:*.arc=01;31:*.arj=01;31:*.taz=01;31:*.lha=01;31:*.lz4=01;31:*.lzh=01;31:*.lzma=01;31:*.tlz=01;31:*.txz=01;31:*.tzo=01;31:*.t7z=01;31:*.zip=01;31:*.z=01;31:*.dz=01;31:*.gz=01;31:*.lrz=01;31:*.lz=01;31:*.lzo=01;31:*.xz=01;31:*.zst=01;31:*.tzst=01;31:*.bz2=01;31:*.bz=01;31:*.tbz=01;31:*.tbz2=01;31:*.tz=01;31:*.deb=01;31:*.rpm=01;31:*.jar=01;31:*.war=01;31:*.ear=01;31:*.sar=01;31:*.rar=01;31:*.alz=01;31:*.ace=01;31:*.zoo=01;31:*.cpio=01;31:*.7z=01;31:*.rz=01;31:*.cab=01;31:*.wim=01;31:*.swm=01;31:*.dwm=01;31:*.esd=01;31:*.jpg=01;35:*.jpeg=01;35:*.mjpg=01;35:*.mjpeg=01;35:*.gif=01;35:*.bmp=01;35:*.pbm=01;35:*.pgm=01;35:*.ppm=01;35:*.tga=01;35:*.xbm=01;35:*.xpm=01;35:*.tif=01;35:*.tiff=01;35:*.png=01;35:*.svg=01;35:*.svgz=01;35:*.mng=01;35:*.pcx=01;35:*.mov=01;35:*.mpg=01;35:*.mpeg=01;35:*.m2v=01;35:*.mkv=01;35:*.webm=01;35:*.webp=01;35:*.ogm=01;35:*.mp4=01;35:*.m4v=01;35:*.mp4v=01;35:*.vob=01;35:*.qt=01;35:*.nuv=01;35:*.wmv=01;35:*.asf=01;35:*.rm=01;35:*.rmvb=01;35:*.flc=01;35:*.avi=01;35:*.fli=01;35:*.flv=01;35:*.gl=01;35:*.dl=01;35:*.xcf=01;35:*.xwd=01;35:*.yuv=01;35:*.cgm=01;35:*.emf=01;35:*.ogv=01;35:*.ogx=01;35:*.aac=00;36:*.au=00;36:*.flac=00;36:*.m4a=00;36:*.mid=00;36:*.midi=00;36:*.mka=00;36:*.mp3=00;36:*.mpc=00;36:*.ogg=00;36:*.ra=00;36:*.wav=00;36:*.oga=00;36:*.opus=00;36:*.spx=00;36:*.xspf=00;36:', 'ROS_DOMAIN_ID': '7', 'AMENT_PREFIX_PATH': '/root/Dojo/install/robot_hardware:/opt/ros/humble', 'PWD': '/root/Dojo/Dojo/build/vision_system', 'LC_ALL': 'C.UTF-8', 'PYTHONPATH': '/root/Dojo/Dojo/build/vision_system/prefix_override:/usr/lib/python3/dist-packages/colcon_core/task/python/colcon_distutils_commands:/root/Dojo/Dojo/install/vision_system/lib/python3.10/site-packages:/root/Dojo/build/robot_hardware:/root/Dojo/install/robot_hardware/lib/python3.10/site-packages:/opt/ros/humble/lib/python3.10/site-packages:/opt/ros/humble/local/lib/python3.10/dist-packages', 'COLCON': '1', 'CMAKE_PREFIX_PATH': '/root/Dojo/install/robot_perception'}, 'shell': False}
[2.807868] (-) TimerEvent: {}
[2.908213] (-) TimerEvent: {}
[2.950727] (ros2arduino_bridge) StderrLine: {'line': b"/usr/local/lib/python3.10/dist-packages/setuptools/dist.py:770: UserWarning: Usage of dash-separated 'script-dir' will not be supported in future versions. Please use the underscore name 'script_dir' instead\n"}
[2.951040] (ros2arduino_bridge) StderrLine: {'line': b'  warnings.warn(\n'}
[3.008315] (-) TimerEvent: {}
[3.024049] (robot_sensors) StdoutLine: {'line': b'running develop\n'}
[3.042840] (ros2arduino_bridge) StdoutLine: {'line': b'running develop\n'}
[3.049231] (arduino_bridge) StdoutLine: {'line': b'running develop\n'}
[3.050074] (robot_hardware) StdoutLine: {'line': b'running develop\n'}
[3.056671] (nv21_converter_pkg) StdoutLine: {'line': b'running develop\n'}
[3.108407] (-) TimerEvent: {}
[3.121492] (vision_system) StdoutLine: {'line': b'running develop\n'}
[3.174031] (robot_launch) Command: {'cmd': ['/usr/bin/python3', '-W', 'ignore:setup.py install is deprecated', '-W', 'ignore:easy_install command is deprecated', 'setup.py', 'develop', '--editable', '--build-directory', '/root/Dojo/Dojo/build/robot_launch/build', '--no-deps', 'symlink_data'], 'cwd': '/root/Dojo/Dojo/build/robot_launch', 'env': {'HOSTNAME': 'gareth-joel-HP-Pavilion-Gaming-Laptop-15-ec2xxx', 'SHLVL': '1', 'LD_LIBRARY_PATH': '/usr/lib/x86_64-linux-gnu/gazebo-11/plugins:/opt/ros/humble/opt/rviz_ogre_vendor/lib:/opt/ros/humble/lib/x86_64-linux-gnu:/opt/ros/humble/lib', 'HOME': '/root', 'OLDPWD': '/root/Dojo', 'ROS_PYTHON_VERSION': '3', 'COLCON_PREFIX_PATH': '/root/Dojo/install', 'ROS_DISTRO': 'humble', '_': '/usr/bin/colcon', 'ROS_VERSION': '2', 'TERM': 'xterm', 'ROS_LOCALHOST_ONLY': '0', 'QT_X11_NO_MITSHM': '1', 'PATH': '/opt/ros/humble/bin:/usr/local/sbin:/usr/local/bin:/usr/sbin:/usr/bin:/sbin:/bin', 'DISPLAY': ':0', 'LANG': 'C.UTF-8', 'LS_COLORS': 'rs=0:di=01;34:ln=01;36:mh=00:pi=40;33:so=01;35:do=01;35:bd=40;33;01:cd=40;33;01:or=40;31;01:mi=00:su=37;41:sg=30;43:ca=30;41:tw=30;42:ow=34;42:st=37;44:ex=01;32:*.tar=01;31:*.tgz=01;31:*.arc=01;31:*.arj=01;31:*.taz=01;31:*.lha=01;31:*.lz4=01;31:*.lzh=01;31:*.lzma=01;31:*.tlz=01;31:*.txz=01;31:*.tzo=01;31:*.t7z=01;31:*.zip=01;31:*.z=01;31:*.dz=01;31:*.gz=01;31:*.lrz=01;31:*.lz=01;31:*.lzo=01;31:*.xz=01;31:*.zst=01;31:*.tzst=01;31:*.bz2=01;31:*.bz=01;31:*.tbz=01;31:*.tbz2=01;31:*.tz=01;31:*.deb=01;31:*.rpm=01;31:*.jar=01;31:*.war=01;31:*.ear=01;31:*.sar=01;31:*.rar=01;31:*.alz=01;31:*.ace=01;31:*.zoo=01;31:*.cpio=01;31:*.7z=01;31:*.rz=01;31:*.cab=01;31:*.wim=01;31:*.swm=01;31:*.dwm=01;31:*.esd=01;31:*.jpg=01;35:*.jpeg=01;35:*.mjpg=01;35:*.mjpeg=01;35:*.gif=01;35:*.bmp=01;35:*.pbm=01;35:*.pgm=01;35:*.ppm=01;35:*.tga=01;35:*.xbm=01;35:*.xpm=01;35:*.tif=01;35:*.tiff=01;35:*.png=01;35:*.svg=01;35:*.svgz=01;35:*.mng=01;35:*.pcx=01;35:*.mov=01;35:*.mpg=01;35:*.mpeg=01;35:*.m2v=01;35:*.mkv=01;35:*.webm=01;35:*.webp=01;35:*.ogm=01;35:*.mp4=01;35:*.m4v=01;35:*.mp4v=01;35:*.vob=01;35:*.qt=01;35:*.nuv=01;35:*.wmv=01;35:*.asf=01;35:*.rm=01;35:*.rmvb=01;35:*.flc=01;35:*.avi=01;35:*.fli=01;35:*.flv=01;35:*.gl=01;35:*.dl=01;35:*.xcf=01;35:*.xwd=01;35:*.yuv=01;35:*.cgm=01;35:*.emf=01;35:*.ogv=01;35:*.ogx=01;35:*.aac=00;36:*.au=00;36:*.flac=00;36:*.m4a=00;36:*.mid=00;36:*.midi=00;36:*.mka=00;36:*.mp3=00;36:*.mpc=00;36:*.ogg=00;36:*.ra=00;36:*.wav=00;36:*.oga=00;36:*.opus=00;36:*.spx=00;36:*.xspf=00;36:', 'ROS_DOMAIN_ID': '7', 'AMENT_PREFIX_PATH': '/root/Dojo/Dojo/install/robot_description:/root/Dojo/Dojo/install/robot_control:/root/Dojo/install/robot_hardware:/opt/ros/humble', 'PWD': '/root/Dojo/Dojo/build/robot_launch', 'LC_ALL': 'C.UTF-8', 'PYTHONPATH': '/root/Dojo/Dojo/build/robot_launch/prefix_override:/usr/lib/python3/dist-packages/colcon_core/task/python/colcon_distutils_commands:/root/Dojo/Dojo/install/robot_launch/lib/python3.10/site-packages:/root/Dojo/Dojo/install/robot_description/lib/python3.10/site-packages:/root/Dojo/build/robot_hardware:/root/Dojo/install/robot_hardware/lib/python3.10/site-packages:/opt/ros/humble/lib/python3.10/site-packages:/opt/ros/humble/local/lib/python3.10/dist-packages', 'COLCON': '1', 'CMAKE_PREFIX_PATH': '/root/Dojo/Dojo/install/robot_description:/root/Dojo/Dojo/install/robot_control:/root/Dojo/install/robot_perception'}, 'shell': False}
[3.208509] (-) TimerEvent: {}
[3.265492] (robot_sensors) StdoutLine: {'line': b'running egg_info\n'}
[3.281222] (robot_sensors) StdoutLine: {'line': b'writing robot_sensors.egg-info/PKG-INFO\n'}
[3.281503] (robot_sensors) StdoutLine: {'line': b'writing dependency_links to robot_sensors.egg-info/dependency_links.txt\n'}
[3.281798] (robot_sensors) StdoutLine: {'line': b'writing entry points to robot_sensors.egg-info/entry_points.txt\n'}
[3.282025] (robot_sensors) StdoutLine: {'line': b'writing requirements to robot_sensors.egg-info/requires.txt\n'}
[3.282231] (robot_sensors) StdoutLine: {'line': b'writing top-level names to robot_sensors.egg-info/top_level.txt\n'}
[3.291158] (ros2arduino_bridge) StdoutLine: {'line': b'running egg_info\n'}
[3.296571] (robot_hardware) StdoutLine: {'line': b'running egg_info\n'}
[3.300643] (nv21_converter_pkg) StdoutLine: {'line': b'running egg_info\n'}
[3.302326] (arduino_bridge) StdoutLine: {'line': b'running egg_info\n'}
[3.305637] (ros2arduino_bridge) StdoutLine: {'line': b'writing ros2arduino_bridge.egg-info/PKG-INFO\n'}
[3.306024] (ros2arduino_bridge) StdoutLine: {'line': b'writing dependency_links to ros2arduino_bridge.egg-info/dependency_links.txt\n'}
[3.306404] (ros2arduino_bridge) StdoutLine: {'line': b'writing entry points to ros2arduino_bridge.egg-info/entry_points.txt\n'}
[3.306694] (ros2arduino_bridge) StdoutLine: {'line': b'writing requirements to ros2arduino_bridge.egg-info/requires.txt\n'}
[3.306903] (ros2arduino_bridge) StdoutLine: {'line': b'writing top-level names to ros2arduino_bridge.egg-info/top_level.txt\n'}
[3.308577] (-) TimerEvent: {}
[3.310785] (robot_hardware) StdoutLine: {'line': b'writing robot_hardware.egg-info/PKG-INFO\n'}
[3.311250] (robot_hardware) StdoutLine: {'line': b'writing dependency_links to robot_hardware.egg-info/dependency_links.txt\n'}
[3.311675] (robot_hardware) StdoutLine: {'line': b'writing entry points to robot_hardware.egg-info/entry_points.txt\n'}
[3.312019] (robot_hardware) StdoutLine: {'line': b'writing requirements to robot_hardware.egg-info/requires.txt\n'}
[3.312236] (robot_hardware) StdoutLine: {'line': b'writing top-level names to robot_hardware.egg-info/top_level.txt\n'}
[3.312883] (robot_sensors) StdoutLine: {'line': b"reading manifest file 'robot_sensors.egg-info/SOURCES.txt'\n"}
[3.313776] (robot_sensors) StdoutLine: {'line': b"writing manifest file 'robot_sensors.egg-info/SOURCES.txt'\n"}
[3.316968] (nv21_converter_pkg) StdoutLine: {'line': b'writing nv21_converter_pkg.egg-info/PKG-INFO\n'}
[3.317250] (nv21_converter_pkg) StdoutLine: {'line': b'writing dependency_links to nv21_converter_pkg.egg-info/dependency_links.txt\n'}
[3.317522] (nv21_converter_pkg) StdoutLine: {'line': b'writing entry points to nv21_converter_pkg.egg-info/entry_points.txt\n'}
[3.317745] (nv21_converter_pkg) StdoutLine: {'line': b'writing requirements to nv21_converter_pkg.egg-info/requires.txt\n'}
[3.317940] (nv21_converter_pkg) StdoutLine: {'line': b'writing top-level names to nv21_converter_pkg.egg-info/top_level.txt\n'}
[3.318510] (arduino_bridge) StdoutLine: {'line': b'writing arduino_bridge.egg-info/PKG-INFO\n'}
[3.318863] (arduino_bridge) StdoutLine: {'line': b'writing dependency_links to arduino_bridge.egg-info/dependency_links.txt\n'}
[3.319177] (arduino_bridge) StdoutLine: {'line': b'writing entry points to arduino_bridge.egg-info/entry_points.txt\n'}
[3.319411] (arduino_bridge) StdoutLine: {'line': b'writing requirements to arduino_bridge.egg-info/requires.txt\n'}
[3.319576] (arduino_bridge) StdoutLine: {'line': b'writing top-level names to arduino_bridge.egg-info/top_level.txt\n'}
[3.330040] (robot_sensors) StdoutLine: {'line': b'running build_ext\n'}
[3.330306] (robot_sensors) StdoutLine: {'line': b'Creating /root/Dojo/Dojo/install/robot_sensors/lib/python3.10/site-packages/robot-sensors.egg-link (link to .)\n'}
[3.330922] (robot_sensors) StdoutLine: {'line': b'Installing camera_node script to /root/Dojo/Dojo/install/robot_sensors/lib/robot_sensors\n'}
[3.331252] (robot_sensors) StdoutLine: {'line': b'\n'}
[3.331437] (robot_sensors) StdoutLine: {'line': b'Installed /root/Dojo/Dojo/build/robot_sensors\n'}
[3.331572] (robot_sensors) StdoutLine: {'line': b'running symlink_data\n'}
[3.339832] (ros2arduino_bridge) StdoutLine: {'line': b"reading manifest file 'ros2arduino_bridge.egg-info/SOURCES.txt'\n"}
[3.340702] (ros2arduino_bridge) StdoutLine: {'line': b"writing manifest file 'ros2arduino_bridge.egg-info/SOURCES.txt'\n"}
[3.344724] (robot_hardware) StdoutLine: {'line': b"reading manifest file 'robot_hardware.egg-info/SOURCES.txt'\n"}
[3.345883] (robot_hardware) StdoutLine: {'line': b"writing manifest file 'robot_hardware.egg-info/SOURCES.txt'\n"}
[3.349963] (nv21_converter_pkg) StdoutLine: {'line': b"reading manifest file 'nv21_converter_pkg.egg-info/SOURCES.txt'\n"}
[3.350738] (nv21_converter_pkg) StdoutLine: {'line': b"writing manifest file 'nv21_converter_pkg.egg-info/SOURCES.txt'\n"}
[3.351715] (arduino_bridge) StdoutLine: {'line': b"reading manifest file 'arduino_bridge.egg-info/SOURCES.txt'\n"}
[3.352569] (arduino_bridge) StdoutLine: {'line': b"writing manifest file 'arduino_bridge.egg-info/SOURCES.txt'\n"}
[3.357998] (ros2arduino_bridge) StdoutLine: {'line': b'running build_ext\n'}
[3.358270] (ros2arduino_bridge) StdoutLine: {'line': b'Creating /root/Dojo/Dojo/install/ros2arduino_bridge/lib/python3.10/site-packages/ros2arduino-bridge.egg-link (link to .)\n'}
[3.359055] (ros2arduino_bridge) StdoutLine: {'line': b'Installing arduino_bridge script to /lib/ros2arduino_bridge\n'}
[3.359516] (ros2arduino_bridge) StdoutLine: {'line': b'\n'}
[3.359757] (ros2arduino_bridge) StdoutLine: {'line': b'Installed /root/Dojo/Dojo/build/ros2arduino_bridge\n'}
[3.359916] (ros2arduino_bridge) StdoutLine: {'line': b'running symlink_data\n'}
[3.364334] (robot_hardware) StdoutLine: {'line': b'running build_ext\n'}
[3.364716] (robot_hardware) StdoutLine: {'line': b'Creating /root/Dojo/Dojo/install/robot_hardware/lib/python3.10/site-packages/robot-hardware.egg-link (link to .)\n'}
[3.365505] (robot_hardware) StdoutLine: {'line': b'Installing arduino_driver script to /root/Dojo/Dojo/install/robot_hardware/lib/robot_hardware\n'}
[3.365763] (robot_hardware) StdoutLine: {'line': b'Installing camera_driver script to /root/Dojo/Dojo/install/robot_hardware/lib/robot_hardware\n'}
[3.366005] (robot_hardware) StdoutLine: {'line': b'Installing hardware_manager script to /root/Dojo/Dojo/install/robot_hardware/lib/robot_hardware\n'}
[3.366247] (robot_hardware) StdoutLine: {'line': b'Installing lidar_driver script to /root/Dojo/Dojo/install/robot_hardware/lib/robot_hardware\n'}
[3.366571] (robot_hardware) StdoutLine: {'line': b'\n'}
[3.366744] (robot_hardware) StdoutLine: {'line': b'Installed /root/Dojo/Dojo/build/robot_hardware\n'}
[3.366875] (robot_hardware) StdoutLine: {'line': b'running symlink_data\n'}
[3.368695] (nv21_converter_pkg) StdoutLine: {'line': b'running build_ext\n'}
[3.368891] (nv21_converter_pkg) StdoutLine: {'line': b'Creating /root/Dojo/Dojo/install/nv21_converter_pkg/lib/python3.10/site-packages/nv21-converter-pkg.egg-link (link to .)\n'}
[3.369897] (nv21_converter_pkg) StdoutLine: {'line': b'Installing nv21_converter script to /root/Dojo/Dojo/install/nv21_converter_pkg/lib/nv21_converter_pkg\n'}
[3.370363] (nv21_converter_pkg) StdoutLine: {'line': b'\n'}
[3.370584] (nv21_converter_pkg) StdoutLine: {'line': b'Installed /root/Dojo/Dojo/build/nv21_converter_pkg\n'}
[3.370749] (nv21_converter_pkg) StdoutLine: {'line': b'running symlink_data\n'}
[3.371054] (arduino_bridge) StdoutLine: {'line': b'running build_ext\n'}
[3.371238] (arduino_bridge) StdoutLine: {'line': b'Creating /root/Dojo/Dojo/install/arduino_bridge/lib/python3.10/site-packages/arduino-bridge.egg-link (link to .)\n'}
[3.372144] (arduino_bridge) StdoutLine: {'line': b'Installing arduino_bridge_node script to /root/Dojo/Dojo/install/arduino_bridge/lib/arduino_bridge\n'}
[3.372401] (arduino_bridge) StdoutLine: {'line': b'Installing test_arduino_bridge script to /root/Dojo/Dojo/install/arduino_bridge/lib/arduino_bridge\n'}
[3.372699] (arduino_bridge) StdoutLine: {'line': b'\n'}
[3.372843] (arduino_bridge) StdoutLine: {'line': b'Installed /root/Dojo/Dojo/build/arduino_bridge\n'}
[3.372977] (arduino_bridge) StdoutLine: {'line': b'running symlink_data\n'}
[3.374404] (vision_system) StdoutLine: {'line': b'running egg_info\n'}
[3.388774] (vision_system) StdoutLine: {'line': b'writing vision_system.egg-info/PKG-INFO\n'}
[3.389227] (vision_system) StdoutLine: {'line': b'writing dependency_links to vision_system.egg-info/dependency_links.txt\n'}
[3.389555] (vision_system) StdoutLine: {'line': b'writing entry points to vision_system.egg-info/entry_points.txt\n'}
[3.389827] (vision_system) StdoutLine: {'line': b'writing requirements to vision_system.egg-info/requires.txt\n'}
[3.390025] (vision_system) StdoutLine: {'line': b'writing top-level names to vision_system.egg-info/top_level.txt\n'}
[3.400197] (robot_sensors) CommandEnded: {'returncode': 0}
[3.408691] (-) TimerEvent: {}
[3.409250] (robot_sensors) JobEnded: {'identifier': 'robot_sensors', 'rc': 0}
[3.421133] (vision_system) StdoutLine: {'line': b"reading manifest file 'vision_system.egg-info/SOURCES.txt'\n"}
[3.422067] (vision_system) StdoutLine: {'line': b"writing manifest file 'vision_system.egg-info/SOURCES.txt'\n"}
[3.438190] (vision_system) StdoutLine: {'line': b'running build_ext\n'}
[3.438460] (vision_system) StdoutLine: {'line': b'Creating /root/Dojo/Dojo/install/vision_system/lib/python3.10/site-packages/vision-system.egg-link (link to .)\n'}
[3.439308] (vision_system) StdoutLine: {'line': b'Installing object_detector script to /root/Dojo/Dojo/install/vision_system/lib/vision_system\n'}
[3.439677] (vision_system) StdoutLine: {'line': b'\n'}
[3.439854] (vision_system) StdoutLine: {'line': b'Installed /root/Dojo/Dojo/build/vision_system\n'}
[3.439978] (vision_system) StdoutLine: {'line': b'running symlink_data\n'}
[3.465135] (ros2arduino_bridge) CommandEnded: {'returncode': 0}
[3.473164] (ros2arduino_bridge) JobEnded: {'identifier': 'ros2arduino_bridge', 'rc': 0}
[3.474766] (arduino_bridge) CommandEnded: {'returncode': 0}
[3.482575] (arduino_bridge) JobEnded: {'identifier': 'arduino_bridge', 'rc': 0}
[3.483509] (nv21_converter_pkg) CommandEnded: {'returncode': 0}
[3.489823] (nv21_converter_pkg) JobEnded: {'identifier': 'nv21_converter_pkg', 'rc': 0}
[3.491036] (robot_hardware) CommandEnded: {'returncode': 0}
[3.498334] (robot_hardware) JobEnded: {'identifier': 'robot_hardware', 'rc': 0}
[3.499341] (robot_bringup) JobStarted: {'identifier': 'robot_bringup'}
[3.504501] (vision_system) CommandEnded: {'returncode': 0}
[3.508852] (-) TimerEvent: {}
[3.511792] (vision_system) JobEnded: {'identifier': 'vision_system', 'rc': 0}
[3.512543] (robot_bringup) JobProgress: {'identifier': 'robot_bringup', 'progress': 'cmake'}
[3.513083] (robot_bringup) JobProgress: {'identifier': 'robot_bringup', 'progress': 'build'}
[3.513476] (robot_bringup) Command: {'cmd': ['/usr/bin/cmake', '--build', '/root/Dojo/Dojo/build/robot_bringup', '--', '-j16', '-l16'], 'cwd': '/root/Dojo/Dojo/build/robot_bringup', 'env': OrderedDict([('HOSTNAME', 'gareth-joel-HP-Pavilion-Gaming-Laptop-15-ec2xxx'), ('SHLVL', '1'), ('LD_LIBRARY_PATH', '/usr/lib/x86_64-linux-gnu/gazebo-11/plugins:/opt/ros/humble/opt/rviz_ogre_vendor/lib:/opt/ros/humble/lib/x86_64-linux-gnu:/opt/ros/humble/lib'), ('HOME', '/root'), ('OLDPWD', '/root/Dojo'), ('ROS_PYTHON_VERSION', '3'), ('COLCON_PREFIX_PATH', '/root/Dojo/install'), ('ROS_DISTRO', 'humble'), ('_', '/usr/bin/colcon'), ('ROS_VERSION', '2'), ('TERM', 'xterm'), ('ROS_LOCALHOST_ONLY', '0'), ('QT_X11_NO_MITSHM', '1'), ('PATH', '/opt/ros/humble/bin:/usr/local/sbin:/usr/local/bin:/usr/sbin:/usr/bin:/sbin:/bin'), ('DISPLAY', ':0'), ('LANG', 'C.UTF-8'), ('LS_COLORS', 'rs=0:di=01;34:ln=01;36:mh=00:pi=40;33:so=01;35:do=01;35:bd=40;33;01:cd=40;33;01:or=40;31;01:mi=00:su=37;41:sg=30;43:ca=30;41:tw=30;42:ow=34;42:st=37;44:ex=01;32:*.tar=01;31:*.tgz=01;31:*.arc=01;31:*.arj=01;31:*.taz=01;31:*.lha=01;31:*.lz4=01;31:*.lzh=01;31:*.lzma=01;31:*.tlz=01;31:*.txz=01;31:*.tzo=01;31:*.t7z=01;31:*.zip=01;31:*.z=01;31:*.dz=01;31:*.gz=01;31:*.lrz=01;31:*.lz=01;31:*.lzo=01;31:*.xz=01;31:*.zst=01;31:*.tzst=01;31:*.bz2=01;31:*.bz=01;31:*.tbz=01;31:*.tbz2=01;31:*.tz=01;31:*.deb=01;31:*.rpm=01;31:*.jar=01;31:*.war=01;31:*.ear=01;31:*.sar=01;31:*.rar=01;31:*.alz=01;31:*.ace=01;31:*.zoo=01;31:*.cpio=01;31:*.7z=01;31:*.rz=01;31:*.cab=01;31:*.wim=01;31:*.swm=01;31:*.dwm=01;31:*.esd=01;31:*.jpg=01;35:*.jpeg=01;35:*.mjpg=01;35:*.mjpeg=01;35:*.gif=01;35:*.bmp=01;35:*.pbm=01;35:*.pgm=01;35:*.ppm=01;35:*.tga=01;35:*.xbm=01;35:*.xpm=01;35:*.tif=01;35:*.tiff=01;35:*.png=01;35:*.svg=01;35:*.svgz=01;35:*.mng=01;35:*.pcx=01;35:*.mov=01;35:*.mpg=01;35:*.mpeg=01;35:*.m2v=01;35:*.mkv=01;35:*.webm=01;35:*.webp=01;35:*.ogm=01;35:*.mp4=01;35:*.m4v=01;35:*.mp4v=01;35:*.vob=01;35:*.qt=01;35:*.nuv=01;35:*.wmv=01;35:*.asf=01;35:*.rm=01;35:*.rmvb=01;35:*.flc=01;35:*.avi=01;35:*.fli=01;35:*.flv=01;35:*.gl=01;35:*.dl=01;35:*.xcf=01;35:*.xwd=01;35:*.yuv=01;35:*.cgm=01;35:*.emf=01;35:*.ogv=01;35:*.ogx=01;35:*.aac=00;36:*.au=00;36:*.flac=00;36:*.m4a=00;36:*.mid=00;36:*.midi=00;36:*.mka=00;36:*.mp3=00;36:*.mpc=00;36:*.ogg=00;36:*.ra=00;36:*.wav=00;36:*.oga=00;36:*.opus=00;36:*.spx=00;36:*.xspf=00;36:'), ('ROS_DOMAIN_ID', '7'), ('AMENT_PREFIX_PATH', '/root/Dojo/Dojo/install/robot_navigation:/root/Dojo/Dojo/install/robot_hardware:/root/Dojo/Dojo/install/robot_description:/root/Dojo/Dojo/install/robot_control:/root/Dojo/install/robot_hardware:/opt/ros/humble'), ('PWD', '/root/Dojo/Dojo/build/robot_bringup'), ('LC_ALL', 'C.UTF-8'), ('PYTHONPATH', '/root/Dojo/Dojo/build/robot_hardware:/root/Dojo/Dojo/install/robot_hardware/lib/python3.10/site-packages:/root/Dojo/Dojo/install/robot_description/lib/python3.10/site-packages:/root/Dojo/build/robot_hardware:/root/Dojo/install/robot_hardware/lib/python3.10/site-packages:/opt/ros/humble/lib/python3.10/site-packages:/opt/ros/humble/local/lib/python3.10/dist-packages'), ('COLCON', '1'), ('CMAKE_PREFIX_PATH', '/root/Dojo/Dojo/install/robot_navigation:/root/Dojo/Dojo/install/robot_perception:/root/Dojo/Dojo/install/robot_description:/root/Dojo/Dojo/install/robot_control:/root/Dojo/install/robot_perception:/root/Dojo/install/robot_hardware:/opt/ros/humble')]), 'shell': False}
[3.552561] (robot_bringup) CommandEnded: {'returncode': 0}
[3.553103] (robot_bringup) JobProgress: {'identifier': 'robot_bringup', 'progress': 'install'}
[3.553423] (robot_bringup) Command: {'cmd': ['/usr/bin/cmake', '--install', '/root/Dojo/Dojo/build/robot_bringup'], 'cwd': '/root/Dojo/Dojo/build/robot_bringup', 'env': OrderedDict([('HOSTNAME', 'gareth-joel-HP-Pavilion-Gaming-Laptop-15-ec2xxx'), ('SHLVL', '1'), ('LD_LIBRARY_PATH', '/usr/lib/x86_64-linux-gnu/gazebo-11/plugins:/opt/ros/humble/opt/rviz_ogre_vendor/lib:/opt/ros/humble/lib/x86_64-linux-gnu:/opt/ros/humble/lib'), ('HOME', '/root'), ('OLDPWD', '/root/Dojo'), ('ROS_PYTHON_VERSION', '3'), ('COLCON_PREFIX_PATH', '/root/Dojo/install'), ('ROS_DISTRO', 'humble'), ('_', '/usr/bin/colcon'), ('ROS_VERSION', '2'), ('TERM', 'xterm'), ('ROS_LOCALHOST_ONLY', '0'), ('QT_X11_NO_MITSHM', '1'), ('PATH', '/opt/ros/humble/bin:/usr/local/sbin:/usr/local/bin:/usr/sbin:/usr/bin:/sbin:/bin'), ('DISPLAY', ':0'), ('LANG', 'C.UTF-8'), ('LS_COLORS', 'rs=0:di=01;34:ln=01;36:mh=00:pi=40;33:so=01;35:do=01;35:bd=40;33;01:cd=40;33;01:or=40;31;01:mi=00:su=37;41:sg=30;43:ca=30;41:tw=30;42:ow=34;42:st=37;44:ex=01;32:*.tar=01;31:*.tgz=01;31:*.arc=01;31:*.arj=01;31:*.taz=01;31:*.lha=01;31:*.lz4=01;31:*.lzh=01;31:*.lzma=01;31:*.tlz=01;31:*.txz=01;31:*.tzo=01;31:*.t7z=01;31:*.zip=01;31:*.z=01;31:*.dz=01;31:*.gz=01;31:*.lrz=01;31:*.lz=01;31:*.lzo=01;31:*.xz=01;31:*.zst=01;31:*.tzst=01;31:*.bz2=01;31:*.bz=01;31:*.tbz=01;31:*.tbz2=01;31:*.tz=01;31:*.deb=01;31:*.rpm=01;31:*.jar=01;31:*.war=01;31:*.ear=01;31:*.sar=01;31:*.rar=01;31:*.alz=01;31:*.ace=01;31:*.zoo=01;31:*.cpio=01;31:*.7z=01;31:*.rz=01;31:*.cab=01;31:*.wim=01;31:*.swm=01;31:*.dwm=01;31:*.esd=01;31:*.jpg=01;35:*.jpeg=01;35:*.mjpg=01;35:*.mjpeg=01;35:*.gif=01;35:*.bmp=01;35:*.pbm=01;35:*.pgm=01;35:*.ppm=01;35:*.tga=01;35:*.xbm=01;35:*.xpm=01;35:*.tif=01;35:*.tiff=01;35:*.png=01;35:*.svg=01;35:*.svgz=01;35:*.mng=01;35:*.pcx=01;35:*.mov=01;35:*.mpg=01;35:*.mpeg=01;35:*.m2v=01;35:*.mkv=01;35:*.webm=01;35:*.webp=01;35:*.ogm=01;35:*.mp4=01;35:*.m4v=01;35:*.mp4v=01;35:*.vob=01;35:*.qt=01;35:*.nuv=01;35:*.wmv=01;35:*.asf=01;35:*.rm=01;35:*.rmvb=01;35:*.flc=01;35:*.avi=01;35:*.fli=01;35:*.flv=01;35:*.gl=01;35:*.dl=01;35:*.xcf=01;35:*.xwd=01;35:*.yuv=01;35:*.cgm=01;35:*.emf=01;35:*.ogv=01;35:*.ogx=01;35:*.aac=00;36:*.au=00;36:*.flac=00;36:*.m4a=00;36:*.mid=00;36:*.midi=00;36:*.mka=00;36:*.mp3=00;36:*.mpc=00;36:*.ogg=00;36:*.ra=00;36:*.wav=00;36:*.oga=00;36:*.opus=00;36:*.spx=00;36:*.xspf=00;36:'), ('ROS_DOMAIN_ID', '7'), ('AMENT_PREFIX_PATH', '/root/Dojo/Dojo/install/robot_navigation:/root/Dojo/Dojo/install/robot_hardware:/root/Dojo/Dojo/install/robot_description:/root/Dojo/Dojo/install/robot_control:/root/Dojo/install/robot_hardware:/opt/ros/humble'), ('PWD', '/root/Dojo/Dojo/build/robot_bringup'), ('LC_ALL', 'C.UTF-8'), ('PYTHONPATH', '/root/Dojo/Dojo/build/robot_hardware:/root/Dojo/Dojo/install/robot_hardware/lib/python3.10/site-packages:/root/Dojo/Dojo/install/robot_description/lib/python3.10/site-packages:/root/Dojo/build/robot_hardware:/root/Dojo/install/robot_hardware/lib/python3.10/site-packages:/opt/ros/humble/lib/python3.10/site-packages:/opt/ros/humble/local/lib/python3.10/dist-packages'), ('COLCON', '1'), ('CMAKE_PREFIX_PATH', '/root/Dojo/Dojo/install/robot_navigation:/root/Dojo/Dojo/install/robot_perception:/root/Dojo/Dojo/install/robot_description:/root/Dojo/Dojo/install/robot_control:/root/Dojo/install/robot_perception:/root/Dojo/install/robot_hardware:/opt/ros/humble')]), 'shell': False}
[3.555744] (robot_launch) StdoutLine: {'line': b'running develop\n'}
[3.560807] (robot_bringup) StdoutLine: {'line': b'-- Install configuration: "Release"\n'}
[3.561247] (robot_bringup) StdoutLine: {'line': b'-- Execute custom install script\n'}
[3.561716] (robot_bringup) StdoutLine: {'line': b'-- Up-to-date symlink: /root/Dojo/Dojo/install/robot_bringup/share/robot_bringup/launch/bringup.launch.py\n'}
[3.561933] (robot_bringup) StdoutLine: {'line': b'-- Up-to-date symlink: /root/Dojo/Dojo/install/robot_bringup/share/robot_bringup/launch/bringup.launch.py.backup\n'}
[3.562105] (robot_bringup) StdoutLine: {'line': b'-- Up-to-date symlink: /root/Dojo/Dojo/install/robot_bringup/share/robot_bringup/launch/rviz.launch.py\n'}
[3.562240] (robot_bringup) StdoutLine: {'line': b'-- Up-to-date symlink: /root/Dojo/Dojo/install/robot_bringup/share/ament_index/resource_index/package_run_dependencies/robot_bringup\n'}
[3.562448] (robot_bringup) StdoutLine: {'line': b'-- Up-to-date symlink: /root/Dojo/Dojo/install/robot_bringup/share/ament_index/resource_index/parent_prefix_path/robot_bringup\n'}
[3.562643] (robot_bringup) StdoutLine: {'line': b'-- Up-to-date symlink: /root/Dojo/Dojo/install/robot_bringup/share/robot_bringup/environment/ament_prefix_path.sh\n'}
[3.562813] (robot_bringup) StdoutLine: {'line': b'-- Up-to-date symlink: /root/Dojo/Dojo/install/robot_bringup/share/robot_bringup/environment/ament_prefix_path.dsv\n'}
[3.562976] (robot_bringup) StdoutLine: {'line': b'-- Up-to-date symlink: /root/Dojo/Dojo/install/robot_bringup/share/robot_bringup/environment/path.sh\n'}
[3.563156] (robot_bringup) StdoutLine: {'line': b'-- Up-to-date symlink: /root/Dojo/Dojo/install/robot_bringup/share/robot_bringup/environment/path.dsv\n'}
[3.563331] (robot_bringup) StdoutLine: {'line': b'-- Up-to-date symlink: /root/Dojo/Dojo/install/robot_bringup/share/robot_bringup/local_setup.bash\n'}
[3.563441] (robot_bringup) StdoutLine: {'line': b'-- Up-to-date symlink: /root/Dojo/Dojo/install/robot_bringup/share/robot_bringup/local_setup.sh\n'}
[3.563542] (robot_bringup) StdoutLine: {'line': b'-- Up-to-date symlink: /root/Dojo/Dojo/install/robot_bringup/share/robot_bringup/local_setup.zsh\n'}
[3.563664] (robot_bringup) StdoutLine: {'line': b'-- Up-to-date symlink: /root/Dojo/Dojo/install/robot_bringup/share/robot_bringup/local_setup.dsv\n'}
[3.563776] (robot_bringup) StdoutLine: {'line': b'-- Symlinking: /root/Dojo/Dojo/install/robot_bringup/share/robot_bringup/package.dsv\n'}
[3.573868] (robot_bringup) StdoutLine: {'line': b'-- Up-to-date symlink: /root/Dojo/Dojo/install/robot_bringup/share/ament_index/resource_index/packages/robot_bringup\n'}
[3.574206] (robot_bringup) StdoutLine: {'line': b'-- Up-to-date symlink: /root/Dojo/Dojo/install/robot_bringup/share/robot_bringup/cmake/robot_bringupConfig.cmake\n'}
[3.574395] (robot_bringup) StdoutLine: {'line': b'-- Up-to-date symlink: /root/Dojo/Dojo/install/robot_bringup/share/robot_bringup/cmake/robot_bringupConfig-version.cmake\n'}
[3.574494] (robot_bringup) StdoutLine: {'line': b'-- Up-to-date symlink: /root/Dojo/Dojo/install/robot_bringup/share/robot_bringup/package.xml\n'}
[3.576745] (robot_bringup) CommandEnded: {'returncode': 0}
[3.589004] (robot_bringup) JobEnded: {'identifier': 'robot_bringup', 'rc': 0}
[3.608957] (-) TimerEvent: {}
[3.709260] (-) TimerEvent: {}
[3.786431] (robot_launch) StdoutLine: {'line': b'running egg_info\n'}
[3.799682] (robot_launch) StdoutLine: {'line': b'writing robot_launch.egg-info/PKG-INFO\n'}
[3.799927] (robot_launch) StdoutLine: {'line': b'writing dependency_links to robot_launch.egg-info/dependency_links.txt\n'}
[3.800194] (robot_launch) StdoutLine: {'line': b'writing requirements to robot_launch.egg-info/requires.txt\n'}
[3.800341] (robot_launch) StdoutLine: {'line': b'writing top-level names to robot_launch.egg-info/top_level.txt\n'}
[3.809327] (-) TimerEvent: {}
[3.826385] (robot_launch) StdoutLine: {'line': b"reading manifest file 'robot_launch.egg-info/SOURCES.txt'\n"}
[3.827199] (robot_launch) StdoutLine: {'line': b"writing manifest file 'robot_launch.egg-info/SOURCES.txt'\n"}
[3.841397] (robot_launch) StdoutLine: {'line': b'running build_ext\n'}
[3.841592] (robot_launch) StdoutLine: {'line': b'Creating /root/Dojo/Dojo/install/robot_launch/lib/python3.10/site-packages/robot-launch.egg-link (link to .)\n'}
[3.842128] (robot_launch) StdoutLine: {'line': b'\n'}
[3.842252] (robot_launch) StdoutLine: {'line': b'Installed /root/Dojo/Dojo/build/robot_launch\n'}
[3.842336] (robot_launch) StdoutLine: {'line': b'running symlink_data\n'}
[3.886168] (robot_launch) CommandEnded: {'returncode': 0}
[3.892734] (robot_launch) JobEnded: {'identifier': 'robot_launch', 'rc': 0}
[3.893464] (-) EventReactorShutdown: {}
