[0.096s] DEBUG:colcon:Command line arguments: ['/usr/bin/colcon', 'build', '--symlink-install', '--event-handlers', 'console_direct+']
[0.096s] DEBUG:colcon:Parsed command line arguments: Namespace(log_base=None, log_level=None, verb_name='build', build_base='build', install_base='install', merge_install=False, symlink_install=True, test_result_base=None, continue_on_error=False, executor='parallel', parallel_workers=16, event_handlers=['console_direct+'], ignore_user_meta=False, metas=['./colcon.meta'], base_paths=['.'], packages_ignore=None, packages_ignore_regex=None, paths=None, packages_up_to=None, packages_up_to_regex=None, packages_above=None, packages_above_and_dependencies=None, packages_above_depth=None, packages_select_by_dep=None, packages_skip_by_dep=None, packages_skip_up_to=None, packages_select_build_failed=False, packages_skip_build_finished=False, packages_select_test_failures=False, packages_skip_test_passed=False, packages_select=None, packages_skip=None, packages_select_regex=None, packages_skip_regex=None, packages_start=None, packages_end=None, cmake_args=None, cmake_target=None, cmake_target_skip_unavailable=False, cmake_clean_cache=False, cmake_clean_first=False, cmake_force_configure=False, ament_cmake_args=None, catkin_cmake_args=None, catkin_skip_building_tests=False, mixin_files=None, mixin=None, verb_parser=<colcon_mixin.mixin.mixin_argument.MixinArgumentDecorator object at 0x79733d161c00>, verb_extension=<colcon_core.verb.build.BuildVerb object at 0x79733d2df250>, main=<bound method BuildVerb.main of <colcon_core.verb.build.BuildVerb object at 0x79733d2df250>>, mixin_verb=('build',))
[0.295s] Level 1:colcon.colcon_core.package_discovery:discover_packages(colcon_meta) check parameters
[0.297s] INFO:colcon.colcon_metadata.package_discovery.colcon_meta:Using configuration from '/root/.colcon/metadata/default/Gazebo.meta'
[0.297s] INFO:colcon.colcon_metadata.package_discovery.colcon_meta:Using configuration from '/root/.colcon/metadata/default/fastdds.meta'
[0.297s] INFO:colcon.colcon_metadata.package_discovery.colcon_meta:Using configuration from '/root/.colcon/metadata/default/fastrtps.meta'
[0.297s] Level 1:colcon.colcon_core.package_discovery:discover_packages(recursive) check parameters
[0.297s] Level 1:colcon.colcon_core.package_discovery:discover_packages(ignore) check parameters
[0.297s] Level 1:colcon.colcon_core.package_discovery:discover_packages(path) check parameters
[0.297s] Level 1:colcon.colcon_core.package_discovery:discover_packages(colcon_meta) discover
[0.298s] Level 1:colcon.colcon_core.package_discovery:discover_packages(recursive) discover
[0.298s] INFO:colcon.colcon_core.package_discovery:Crawling recursively for packages in '/root/Dojo/Dojo'
[0.298s] Level 1:colcon.colcon_core.package_identification:_identify(.) by extensions ['ignore', 'ignore_ament_install']
[0.298s] Level 1:colcon.colcon_core.package_identification:_identify(.) by extension 'ignore'
[0.298s] Level 1:colcon.colcon_core.package_identification:_identify(.) by extension 'ignore_ament_install'
[0.298s] Level 1:colcon.colcon_core.package_identification:_identify(.) by extensions ['colcon_pkg']
[0.298s] Level 1:colcon.colcon_core.package_identification:_identify(.) by extension 'colcon_pkg'
[0.298s] Level 1:colcon.colcon_core.package_identification:_identify(.) by extensions ['colcon_meta']
[0.298s] Level 1:colcon.colcon_core.package_identification:_identify(.) by extension 'colcon_meta'
[0.298s] Level 1:colcon.colcon_core.package_identification:_identify(.) by extensions ['ros']
[0.298s] Level 1:colcon.colcon_core.package_identification:_identify(.) by extension 'ros'
[0.308s] Level 1:colcon.colcon_core.package_identification:_identify(.) by extensions ['cmake', 'python']
[0.308s] Level 1:colcon.colcon_core.package_identification:_identify(.) by extension 'cmake'
[0.308s] Level 1:colcon.colcon_core.package_identification:_identify(.) by extension 'python'
[0.308s] Level 1:colcon.colcon_core.package_identification:_identify(.) by extensions ['python_setup_py']
[0.308s] Level 1:colcon.colcon_core.package_identification:_identify(.) by extension 'python_setup_py'
[0.308s] Level 1:colcon.colcon_core.package_identification:_identify(backup_packages) by extensions ['ignore', 'ignore_ament_install']
[0.309s] Level 1:colcon.colcon_core.package_identification:_identify(backup_packages) by extension 'ignore'
[0.309s] Level 1:colcon.colcon_core.package_identification:_identify(backup_packages) by extension 'ignore_ament_install'
[0.309s] Level 1:colcon.colcon_core.package_identification:_identify(backup_packages) by extensions ['colcon_pkg']
[0.309s] Level 1:colcon.colcon_core.package_identification:_identify(backup_packages) by extension 'colcon_pkg'
[0.309s] Level 1:colcon.colcon_core.package_identification:_identify(backup_packages) by extensions ['colcon_meta']
[0.309s] Level 1:colcon.colcon_core.package_identification:_identify(backup_packages) by extension 'colcon_meta'
[0.309s] Level 1:colcon.colcon_core.package_identification:_identify(backup_packages) by extensions ['ros']
[0.309s] Level 1:colcon.colcon_core.package_identification:_identify(backup_packages) by extension 'ros'
[0.309s] Level 1:colcon.colcon_core.package_identification:_identify(backup_packages) by extensions ['cmake', 'python']
[0.309s] Level 1:colcon.colcon_core.package_identification:_identify(backup_packages) by extension 'cmake'
[0.309s] Level 1:colcon.colcon_core.package_identification:_identify(backup_packages) by extension 'python'
[0.309s] Level 1:colcon.colcon_core.package_identification:_identify(backup_packages) by extensions ['python_setup_py']
[0.309s] Level 1:colcon.colcon_core.package_identification:_identify(backup_packages) by extension 'python_setup_py'
[0.309s] Level 1:colcon.colcon_core.package_identification:_identify(backup_packages/arduino_bridge) by extensions ['ignore', 'ignore_ament_install']
[0.309s] Level 1:colcon.colcon_core.package_identification:_identify(backup_packages/arduino_bridge) by extension 'ignore'
[0.309s] Level 1:colcon.colcon_core.package_identification:_identify(backup_packages/arduino_bridge) by extension 'ignore_ament_install'
[0.309s] Level 1:colcon.colcon_core.package_identification:_identify(backup_packages/arduino_bridge) by extensions ['colcon_pkg']
[0.309s] Level 1:colcon.colcon_core.package_identification:_identify(backup_packages/arduino_bridge) by extension 'colcon_pkg'
[0.309s] Level 1:colcon.colcon_core.package_identification:_identify(backup_packages/arduino_bridge) by extensions ['colcon_meta']
[0.309s] Level 1:colcon.colcon_core.package_identification:_identify(backup_packages/arduino_bridge) by extension 'colcon_meta'
[0.309s] Level 1:colcon.colcon_core.package_identification:_identify(backup_packages/arduino_bridge) by extensions ['ros']
[0.309s] Level 1:colcon.colcon_core.package_identification:_identify(backup_packages/arduino_bridge) by extension 'ros'
[0.311s] DEBUG:colcon.colcon_core.package_identification:Package 'backup_packages/arduino_bridge' with type 'ros.ament_python' and name 'arduino_bridge'
[0.312s] Level 1:colcon.colcon_core.package_identification:_identify(backup_packages/camera_ws) by extensions ['ignore', 'ignore_ament_install']
[0.312s] Level 1:colcon.colcon_core.package_identification:_identify(backup_packages/camera_ws) by extension 'ignore'
[0.312s] Level 1:colcon.colcon_core.package_identification:_identify(backup_packages/camera_ws) by extension 'ignore_ament_install'
[0.312s] Level 1:colcon.colcon_core.package_identification:_identify(backup_packages/camera_ws) by extensions ['colcon_pkg']
[0.312s] Level 1:colcon.colcon_core.package_identification:_identify(backup_packages/camera_ws) by extension 'colcon_pkg'
[0.312s] Level 1:colcon.colcon_core.package_identification:_identify(backup_packages/camera_ws) by extensions ['colcon_meta']
[0.312s] Level 1:colcon.colcon_core.package_identification:_identify(backup_packages/camera_ws) by extension 'colcon_meta'
[0.312s] Level 1:colcon.colcon_core.package_identification:_identify(backup_packages/camera_ws) by extensions ['ros']
[0.312s] Level 1:colcon.colcon_core.package_identification:_identify(backup_packages/camera_ws) by extension 'ros'
[0.312s] Level 1:colcon.colcon_core.package_identification:_identify(backup_packages/camera_ws) by extensions ['cmake', 'python']
[0.312s] Level 1:colcon.colcon_core.package_identification:_identify(backup_packages/camera_ws) by extension 'cmake'
[0.312s] Level 1:colcon.colcon_core.package_identification:_identify(backup_packages/camera_ws) by extension 'python'
[0.312s] Level 1:colcon.colcon_core.package_identification:_identify(backup_packages/camera_ws) by extensions ['python_setup_py']
[0.312s] Level 1:colcon.colcon_core.package_identification:_identify(backup_packages/camera_ws) by extension 'python_setup_py'
[0.312s] Level 1:colcon.colcon_core.package_identification:_identify(backup_packages/camera_ws/build) by extensions ['ignore', 'ignore_ament_install']
[0.312s] Level 1:colcon.colcon_core.package_identification:_identify(backup_packages/camera_ws/build) by extension 'ignore'
[0.312s] Level 1:colcon.colcon_core.package_identification:_identify(backup_packages/camera_ws/build) ignored
[0.312s] Level 1:colcon.colcon_core.package_identification:_identify(backup_packages/camera_ws/install) by extensions ['ignore', 'ignore_ament_install']
[0.312s] Level 1:colcon.colcon_core.package_identification:_identify(backup_packages/camera_ws/install) by extension 'ignore'
[0.312s] Level 1:colcon.colcon_core.package_identification:_identify(backup_packages/camera_ws/install) ignored
[0.313s] Level 1:colcon.colcon_core.package_identification:_identify(backup_packages/camera_ws/log) by extensions ['ignore', 'ignore_ament_install']
[0.313s] Level 1:colcon.colcon_core.package_identification:_identify(backup_packages/camera_ws/log) by extension 'ignore'
[0.313s] Level 1:colcon.colcon_core.package_identification:_identify(backup_packages/camera_ws/log) ignored
[0.313s] Level 1:colcon.colcon_core.package_identification:_identify(backup_packages/camera_ws/src) by extensions ['ignore', 'ignore_ament_install']
[0.313s] Level 1:colcon.colcon_core.package_identification:_identify(backup_packages/camera_ws/src) by extension 'ignore'
[0.313s] Level 1:colcon.colcon_core.package_identification:_identify(backup_packages/camera_ws/src) by extension 'ignore_ament_install'
[0.313s] Level 1:colcon.colcon_core.package_identification:_identify(backup_packages/camera_ws/src) by extensions ['colcon_pkg']
[0.313s] Level 1:colcon.colcon_core.package_identification:_identify(backup_packages/camera_ws/src) by extension 'colcon_pkg'
[0.313s] Level 1:colcon.colcon_core.package_identification:_identify(backup_packages/camera_ws/src) by extensions ['colcon_meta']
[0.313s] Level 1:colcon.colcon_core.package_identification:_identify(backup_packages/camera_ws/src) by extension 'colcon_meta'
[0.313s] Level 1:colcon.colcon_core.package_identification:_identify(backup_packages/camera_ws/src) by extensions ['ros']
[0.313s] Level 1:colcon.colcon_core.package_identification:_identify(backup_packages/camera_ws/src) by extension 'ros'
[0.313s] Level 1:colcon.colcon_core.package_identification:_identify(backup_packages/camera_ws/src) by extensions ['cmake', 'python']
[0.313s] Level 1:colcon.colcon_core.package_identification:_identify(backup_packages/camera_ws/src) by extension 'cmake'
[0.313s] Level 1:colcon.colcon_core.package_identification:_identify(backup_packages/camera_ws/src) by extension 'python'
[0.313s] Level 1:colcon.colcon_core.package_identification:_identify(backup_packages/camera_ws/src) by extensions ['python_setup_py']
[0.313s] Level 1:colcon.colcon_core.package_identification:_identify(backup_packages/camera_ws/src) by extension 'python_setup_py'
[0.313s] Level 1:colcon.colcon_core.package_identification:_identify(backup_packages/camera_ws/src/camera_ros) by extensions ['ignore', 'ignore_ament_install']
[0.313s] Level 1:colcon.colcon_core.package_identification:_identify(backup_packages/camera_ws/src/camera_ros) by extension 'ignore'
[0.314s] Level 1:colcon.colcon_core.package_identification:_identify(backup_packages/camera_ws/src/camera_ros) by extension 'ignore_ament_install'
[0.314s] Level 1:colcon.colcon_core.package_identification:_identify(backup_packages/camera_ws/src/camera_ros) by extensions ['colcon_pkg']
[0.314s] Level 1:colcon.colcon_core.package_identification:_identify(backup_packages/camera_ws/src/camera_ros) by extension 'colcon_pkg'
[0.314s] Level 1:colcon.colcon_core.package_identification:_identify(backup_packages/camera_ws/src/camera_ros) by extensions ['colcon_meta']
[0.314s] Level 1:colcon.colcon_core.package_identification:_identify(backup_packages/camera_ws/src/camera_ros) by extension 'colcon_meta'
[0.314s] Level 1:colcon.colcon_core.package_identification:_identify(backup_packages/camera_ws/src/camera_ros) by extensions ['ros']
[0.314s] Level 1:colcon.colcon_core.package_identification:_identify(backup_packages/camera_ws/src/camera_ros) by extension 'ros'
[0.314s] Level 1:colcon.colcon_core.package_identification:_identify(backup_packages/camera_ws/src/camera_ros) by extensions ['cmake', 'python']
[0.314s] Level 1:colcon.colcon_core.package_identification:_identify(backup_packages/camera_ws/src/camera_ros) by extension 'cmake'
[0.314s] Level 1:colcon.colcon_core.package_identification:_identify(backup_packages/camera_ws/src/camera_ros) by extension 'python'
[0.314s] Level 1:colcon.colcon_core.package_identification:_identify(backup_packages/camera_ws/src/camera_ros) by extensions ['python_setup_py']
[0.314s] Level 1:colcon.colcon_core.package_identification:_identify(backup_packages/camera_ws/src/camera_ros) by extension 'python_setup_py'
[0.314s] Level 1:colcon.colcon_core.package_identification:_identify(backup_packages/camera_ws/src/libcamera) by extensions ['ignore', 'ignore_ament_install']
[0.314s] Level 1:colcon.colcon_core.package_identification:_identify(backup_packages/camera_ws/src/libcamera) by extension 'ignore'
[0.314s] Level 1:colcon.colcon_core.package_identification:_identify(backup_packages/camera_ws/src/libcamera) by extension 'ignore_ament_install'
[0.314s] Level 1:colcon.colcon_core.package_identification:_identify(backup_packages/camera_ws/src/libcamera) by extensions ['colcon_pkg']
[0.314s] Level 1:colcon.colcon_core.package_identification:_identify(backup_packages/camera_ws/src/libcamera) by extension 'colcon_pkg'
[0.314s] Level 1:colcon.colcon_core.package_identification:_identify(backup_packages/camera_ws/src/libcamera) by extensions ['colcon_meta']
[0.314s] Level 1:colcon.colcon_core.package_identification:_identify(backup_packages/camera_ws/src/libcamera) by extension 'colcon_meta'
[0.314s] Level 1:colcon.colcon_core.package_identification:_identify(backup_packages/camera_ws/src/libcamera) by extensions ['ros']
[0.314s] Level 1:colcon.colcon_core.package_identification:_identify(backup_packages/camera_ws/src/libcamera) by extension 'ros'
[0.314s] Level 1:colcon.colcon_core.package_identification:_identify(backup_packages/camera_ws/src/libcamera) by extensions ['cmake', 'python']
[0.314s] Level 1:colcon.colcon_core.package_identification:_identify(backup_packages/camera_ws/src/libcamera) by extension 'cmake'
[0.314s] Level 1:colcon.colcon_core.package_identification:_identify(backup_packages/camera_ws/src/libcamera) by extension 'python'
[0.315s] Level 1:colcon.colcon_core.package_identification:_identify(backup_packages/camera_ws/src/libcamera) by extensions ['python_setup_py']
[0.315s] Level 1:colcon.colcon_core.package_identification:_identify(backup_packages/camera_ws/src/libcamera) by extension 'python_setup_py'
[0.315s] Level 1:colcon.colcon_core.package_identification:_identify(backup_packages/camera_ws/src/nv21_converter_pkg) by extensions ['ignore', 'ignore_ament_install']
[0.315s] Level 1:colcon.colcon_core.package_identification:_identify(backup_packages/camera_ws/src/nv21_converter_pkg) by extension 'ignore'
[0.315s] Level 1:colcon.colcon_core.package_identification:_identify(backup_packages/camera_ws/src/nv21_converter_pkg) by extension 'ignore_ament_install'
[0.315s] Level 1:colcon.colcon_core.package_identification:_identify(backup_packages/camera_ws/src/nv21_converter_pkg) by extensions ['colcon_pkg']
[0.315s] Level 1:colcon.colcon_core.package_identification:_identify(backup_packages/camera_ws/src/nv21_converter_pkg) by extension 'colcon_pkg'
[0.315s] Level 1:colcon.colcon_core.package_identification:_identify(backup_packages/camera_ws/src/nv21_converter_pkg) by extensions ['colcon_meta']
[0.315s] Level 1:colcon.colcon_core.package_identification:_identify(backup_packages/camera_ws/src/nv21_converter_pkg) by extension 'colcon_meta'
[0.315s] Level 1:colcon.colcon_core.package_identification:_identify(backup_packages/camera_ws/src/nv21_converter_pkg) by extensions ['ros']
[0.315s] Level 1:colcon.colcon_core.package_identification:_identify(backup_packages/camera_ws/src/nv21_converter_pkg) by extension 'ros'
[0.316s] DEBUG:colcon.colcon_core.package_identification:Package 'backup_packages/camera_ws/src/nv21_converter_pkg' with type 'ros.ament_python' and name 'nv21_converter_pkg'
[0.316s] Level 1:colcon.colcon_core.package_identification:_identify(backup_packages/robot_sensors) by extensions ['ignore', 'ignore_ament_install']
[0.316s] Level 1:colcon.colcon_core.package_identification:_identify(backup_packages/robot_sensors) by extension 'ignore'
[0.316s] Level 1:colcon.colcon_core.package_identification:_identify(backup_packages/robot_sensors) by extension 'ignore_ament_install'
[0.316s] Level 1:colcon.colcon_core.package_identification:_identify(backup_packages/robot_sensors) by extensions ['colcon_pkg']
[0.316s] Level 1:colcon.colcon_core.package_identification:_identify(backup_packages/robot_sensors) by extension 'colcon_pkg'
[0.316s] Level 1:colcon.colcon_core.package_identification:_identify(backup_packages/robot_sensors) by extensions ['colcon_meta']
[0.316s] Level 1:colcon.colcon_core.package_identification:_identify(backup_packages/robot_sensors) by extension 'colcon_meta'
[0.316s] Level 1:colcon.colcon_core.package_identification:_identify(backup_packages/robot_sensors) by extensions ['ros']
[0.316s] Level 1:colcon.colcon_core.package_identification:_identify(backup_packages/robot_sensors) by extension 'ros'
[0.317s] DEBUG:colcon.colcon_core.package_identification:Package 'backup_packages/robot_sensors' with type 'ros.ament_python' and name 'robot_sensors'
[0.317s] Level 1:colcon.colcon_core.package_identification:_identify(backup_packages/ros2arduino_bridge) by extensions ['ignore', 'ignore_ament_install']
[0.317s] Level 1:colcon.colcon_core.package_identification:_identify(backup_packages/ros2arduino_bridge) by extension 'ignore'
[0.317s] Level 1:colcon.colcon_core.package_identification:_identify(backup_packages/ros2arduino_bridge) by extension 'ignore_ament_install'
[0.317s] Level 1:colcon.colcon_core.package_identification:_identify(backup_packages/ros2arduino_bridge) by extensions ['colcon_pkg']
[0.317s] Level 1:colcon.colcon_core.package_identification:_identify(backup_packages/ros2arduino_bridge) by extension 'colcon_pkg'
[0.317s] Level 1:colcon.colcon_core.package_identification:_identify(backup_packages/ros2arduino_bridge) by extensions ['colcon_meta']
[0.317s] Level 1:colcon.colcon_core.package_identification:_identify(backup_packages/ros2arduino_bridge) by extension 'colcon_meta'
[0.317s] Level 1:colcon.colcon_core.package_identification:_identify(backup_packages/ros2arduino_bridge) by extensions ['ros']
[0.317s] Level 1:colcon.colcon_core.package_identification:_identify(backup_packages/ros2arduino_bridge) by extension 'ros'
[0.318s] DEBUG:colcon.colcon_core.package_identification:Package 'backup_packages/ros2arduino_bridge' with type 'ros.ament_python' and name 'ros2arduino_bridge'
[0.318s] Level 1:colcon.colcon_core.package_identification:_identify(backup_packages/vision_system) by extensions ['ignore', 'ignore_ament_install']
[0.318s] Level 1:colcon.colcon_core.package_identification:_identify(backup_packages/vision_system) by extension 'ignore'
[0.318s] Level 1:colcon.colcon_core.package_identification:_identify(backup_packages/vision_system) by extension 'ignore_ament_install'
[0.318s] Level 1:colcon.colcon_core.package_identification:_identify(backup_packages/vision_system) by extensions ['colcon_pkg']
[0.318s] Level 1:colcon.colcon_core.package_identification:_identify(backup_packages/vision_system) by extension 'colcon_pkg'
[0.318s] Level 1:colcon.colcon_core.package_identification:_identify(backup_packages/vision_system) by extensions ['colcon_meta']
[0.318s] Level 1:colcon.colcon_core.package_identification:_identify(backup_packages/vision_system) by extension 'colcon_meta'
[0.318s] Level 1:colcon.colcon_core.package_identification:_identify(backup_packages/vision_system) by extensions ['ros']
[0.319s] Level 1:colcon.colcon_core.package_identification:_identify(backup_packages/vision_system) by extension 'ros'
[0.319s] DEBUG:colcon.colcon_core.package_identification:Package 'backup_packages/vision_system' with type 'ros.ament_python' and name 'vision_system'
[0.319s] Level 1:colcon.colcon_core.package_identification:_identify(backup_redundant_launch_files) by extensions ['ignore', 'ignore_ament_install']
[0.319s] Level 1:colcon.colcon_core.package_identification:_identify(backup_redundant_launch_files) by extension 'ignore'
[0.319s] Level 1:colcon.colcon_core.package_identification:_identify(backup_redundant_launch_files) by extension 'ignore_ament_install'
[0.320s] Level 1:colcon.colcon_core.package_identification:_identify(backup_redundant_launch_files) by extensions ['colcon_pkg']
[0.320s] Level 1:colcon.colcon_core.package_identification:_identify(backup_redundant_launch_files) by extension 'colcon_pkg'
[0.320s] Level 1:colcon.colcon_core.package_identification:_identify(backup_redundant_launch_files) by extensions ['colcon_meta']
[0.320s] Level 1:colcon.colcon_core.package_identification:_identify(backup_redundant_launch_files) by extension 'colcon_meta'
[0.320s] Level 1:colcon.colcon_core.package_identification:_identify(backup_redundant_launch_files) by extensions ['ros']
[0.320s] Level 1:colcon.colcon_core.package_identification:_identify(backup_redundant_launch_files) by extension 'ros'
[0.320s] Level 1:colcon.colcon_core.package_identification:_identify(backup_redundant_launch_files) by extensions ['cmake', 'python']
[0.320s] Level 1:colcon.colcon_core.package_identification:_identify(backup_redundant_launch_files) by extension 'cmake'
[0.320s] Level 1:colcon.colcon_core.package_identification:_identify(backup_redundant_launch_files) by extension 'python'
[0.320s] Level 1:colcon.colcon_core.package_identification:_identify(backup_redundant_launch_files) by extensions ['python_setup_py']
[0.320s] Level 1:colcon.colcon_core.package_identification:_identify(backup_redundant_launch_files) by extension 'python_setup_py'
[0.320s] Level 1:colcon.colcon_core.package_identification:_identify(build) by extensions ['ignore', 'ignore_ament_install']
[0.320s] Level 1:colcon.colcon_core.package_identification:_identify(build) by extension 'ignore'
[0.320s] Level 1:colcon.colcon_core.package_identification:_identify(build) ignored
[0.320s] Level 1:colcon.colcon_core.package_identification:_identify(firmware) by extensions ['ignore', 'ignore_ament_install']
[0.320s] Level 1:colcon.colcon_core.package_identification:_identify(firmware) by extension 'ignore'
[0.320s] Level 1:colcon.colcon_core.package_identification:_identify(firmware) by extension 'ignore_ament_install'
[0.320s] Level 1:colcon.colcon_core.package_identification:_identify(firmware) by extensions ['colcon_pkg']
[0.320s] Level 1:colcon.colcon_core.package_identification:_identify(firmware) by extension 'colcon_pkg'
[0.320s] Level 1:colcon.colcon_core.package_identification:_identify(firmware) by extensions ['colcon_meta']
[0.320s] Level 1:colcon.colcon_core.package_identification:_identify(firmware) by extension 'colcon_meta'
[0.320s] Level 1:colcon.colcon_core.package_identification:_identify(firmware) by extensions ['ros']
[0.320s] Level 1:colcon.colcon_core.package_identification:_identify(firmware) by extension 'ros'
[0.321s] Level 1:colcon.colcon_core.package_identification:_identify(firmware) by extensions ['cmake', 'python']
[0.321s] Level 1:colcon.colcon_core.package_identification:_identify(firmware) by extension 'cmake'
[0.321s] Level 1:colcon.colcon_core.package_identification:_identify(firmware) by extension 'python'
[0.321s] Level 1:colcon.colcon_core.package_identification:_identify(firmware) by extensions ['python_setup_py']
[0.321s] Level 1:colcon.colcon_core.package_identification:_identify(firmware) by extension 'python_setup_py'
[0.321s] Level 1:colcon.colcon_core.package_identification:_identify(firmware/arduino) by extensions ['ignore', 'ignore_ament_install']
[0.321s] Level 1:colcon.colcon_core.package_identification:_identify(firmware/arduino) by extension 'ignore'
[0.321s] Level 1:colcon.colcon_core.package_identification:_identify(firmware/arduino) by extension 'ignore_ament_install'
[0.321s] Level 1:colcon.colcon_core.package_identification:_identify(firmware/arduino) by extensions ['colcon_pkg']
[0.321s] Level 1:colcon.colcon_core.package_identification:_identify(firmware/arduino) by extension 'colcon_pkg'
[0.321s] Level 1:colcon.colcon_core.package_identification:_identify(firmware/arduino) by extensions ['colcon_meta']
[0.321s] Level 1:colcon.colcon_core.package_identification:_identify(firmware/arduino) by extension 'colcon_meta'
[0.321s] Level 1:colcon.colcon_core.package_identification:_identify(firmware/arduino) by extensions ['ros']
[0.321s] Level 1:colcon.colcon_core.package_identification:_identify(firmware/arduino) by extension 'ros'
[0.321s] Level 1:colcon.colcon_core.package_identification:_identify(firmware/arduino) by extensions ['cmake', 'python']
[0.321s] Level 1:colcon.colcon_core.package_identification:_identify(firmware/arduino) by extension 'cmake'
[0.321s] Level 1:colcon.colcon_core.package_identification:_identify(firmware/arduino) by extension 'python'
[0.321s] Level 1:colcon.colcon_core.package_identification:_identify(firmware/arduino) by extensions ['python_setup_py']
[0.321s] Level 1:colcon.colcon_core.package_identification:_identify(firmware/arduino) by extension 'python_setup_py'
[0.321s] Level 1:colcon.colcon_core.package_identification:_identify(firmware/arduino/ROSArduinoBridge) by extensions ['ignore', 'ignore_ament_install']
[0.321s] Level 1:colcon.colcon_core.package_identification:_identify(firmware/arduino/ROSArduinoBridge) by extension 'ignore'
[0.321s] Level 1:colcon.colcon_core.package_identification:_identify(firmware/arduino/ROSArduinoBridge) by extension 'ignore_ament_install'
[0.321s] Level 1:colcon.colcon_core.package_identification:_identify(firmware/arduino/ROSArduinoBridge) by extensions ['colcon_pkg']
[0.322s] Level 1:colcon.colcon_core.package_identification:_identify(firmware/arduino/ROSArduinoBridge) by extension 'colcon_pkg'
[0.322s] Level 1:colcon.colcon_core.package_identification:_identify(firmware/arduino/ROSArduinoBridge) by extensions ['colcon_meta']
[0.322s] Level 1:colcon.colcon_core.package_identification:_identify(firmware/arduino/ROSArduinoBridge) by extension 'colcon_meta'
[0.322s] Level 1:colcon.colcon_core.package_identification:_identify(firmware/arduino/ROSArduinoBridge) by extensions ['ros']
[0.322s] Level 1:colcon.colcon_core.package_identification:_identify(firmware/arduino/ROSArduinoBridge) by extension 'ros'
[0.322s] Level 1:colcon.colcon_core.package_identification:_identify(firmware/arduino/ROSArduinoBridge) by extensions ['cmake', 'python']
[0.322s] Level 1:colcon.colcon_core.package_identification:_identify(firmware/arduino/ROSArduinoBridge) by extension 'cmake'
[0.322s] Level 1:colcon.colcon_core.package_identification:_identify(firmware/arduino/ROSArduinoBridge) by extension 'python'
[0.322s] Level 1:colcon.colcon_core.package_identification:_identify(firmware/arduino/ROSArduinoBridge) by extensions ['python_setup_py']
[0.322s] Level 1:colcon.colcon_core.package_identification:_identify(firmware/arduino/ROSArduinoBridge) by extension 'python_setup_py'
[0.322s] Level 1:colcon.colcon_core.package_identification:_identify(firmware/arduino/ros2_motor_controller) by extensions ['ignore', 'ignore_ament_install']
[0.322s] Level 1:colcon.colcon_core.package_identification:_identify(firmware/arduino/ros2_motor_controller) by extension 'ignore'
[0.322s] Level 1:colcon.colcon_core.package_identification:_identify(firmware/arduino/ros2_motor_controller) by extension 'ignore_ament_install'
[0.322s] Level 1:colcon.colcon_core.package_identification:_identify(firmware/arduino/ros2_motor_controller) by extensions ['colcon_pkg']
[0.322s] Level 1:colcon.colcon_core.package_identification:_identify(firmware/arduino/ros2_motor_controller) by extension 'colcon_pkg'
[0.322s] Level 1:colcon.colcon_core.package_identification:_identify(firmware/arduino/ros2_motor_controller) by extensions ['colcon_meta']
[0.322s] Level 1:colcon.colcon_core.package_identification:_identify(firmware/arduino/ros2_motor_controller) by extension 'colcon_meta'
[0.322s] Level 1:colcon.colcon_core.package_identification:_identify(firmware/arduino/ros2_motor_controller) by extensions ['ros']
[0.322s] Level 1:colcon.colcon_core.package_identification:_identify(firmware/arduino/ros2_motor_controller) by extension 'ros'
[0.322s] Level 1:colcon.colcon_core.package_identification:_identify(firmware/arduino/ros2_motor_controller) by extensions ['cmake', 'python']
[0.322s] Level 1:colcon.colcon_core.package_identification:_identify(firmware/arduino/ros2_motor_controller) by extension 'cmake'
[0.322s] Level 1:colcon.colcon_core.package_identification:_identify(firmware/arduino/ros2_motor_controller) by extension 'python'
[0.322s] Level 1:colcon.colcon_core.package_identification:_identify(firmware/arduino/ros2_motor_controller) by extensions ['python_setup_py']
[0.322s] Level 1:colcon.colcon_core.package_identification:_identify(firmware/arduino/ros2_motor_controller) by extension 'python_setup_py'
[0.323s] Level 1:colcon.colcon_core.package_identification:_identify(install) by extensions ['ignore', 'ignore_ament_install']
[0.323s] Level 1:colcon.colcon_core.package_identification:_identify(install) by extension 'ignore'
[0.323s] Level 1:colcon.colcon_core.package_identification:_identify(install) ignored
[0.323s] Level 1:colcon.colcon_core.package_identification:_identify(log) by extensions ['ignore', 'ignore_ament_install']
[0.323s] Level 1:colcon.colcon_core.package_identification:_identify(log) by extension 'ignore'
[0.323s] Level 1:colcon.colcon_core.package_identification:_identify(log) ignored
[0.323s] Level 1:colcon.colcon_core.package_identification:_identify(scripts) by extensions ['ignore', 'ignore_ament_install']
[0.323s] Level 1:colcon.colcon_core.package_identification:_identify(scripts) by extension 'ignore'
[0.323s] Level 1:colcon.colcon_core.package_identification:_identify(scripts) by extension 'ignore_ament_install'
[0.323s] Level 1:colcon.colcon_core.package_identification:_identify(scripts) by extensions ['colcon_pkg']
[0.323s] Level 1:colcon.colcon_core.package_identification:_identify(scripts) by extension 'colcon_pkg'
[0.323s] Level 1:colcon.colcon_core.package_identification:_identify(scripts) by extensions ['colcon_meta']
[0.323s] Level 1:colcon.colcon_core.package_identification:_identify(scripts) by extension 'colcon_meta'
[0.323s] Level 1:colcon.colcon_core.package_identification:_identify(scripts) by extensions ['ros']
[0.323s] Level 1:colcon.colcon_core.package_identification:_identify(scripts) by extension 'ros'
[0.323s] Level 1:colcon.colcon_core.package_identification:_identify(scripts) by extensions ['cmake', 'python']
[0.323s] Level 1:colcon.colcon_core.package_identification:_identify(scripts) by extension 'cmake'
[0.323s] Level 1:colcon.colcon_core.package_identification:_identify(scripts) by extension 'python'
[0.323s] Level 1:colcon.colcon_core.package_identification:_identify(scripts) by extensions ['python_setup_py']
[0.323s] Level 1:colcon.colcon_core.package_identification:_identify(scripts) by extension 'python_setup_py'
[0.323s] Level 1:colcon.colcon_core.package_identification:_identify(src) by extensions ['ignore', 'ignore_ament_install']
[0.324s] Level 1:colcon.colcon_core.package_identification:_identify(src) by extension 'ignore'
[0.324s] Level 1:colcon.colcon_core.package_identification:_identify(src) by extension 'ignore_ament_install'
[0.324s] Level 1:colcon.colcon_core.package_identification:_identify(src) by extensions ['colcon_pkg']
[0.324s] Level 1:colcon.colcon_core.package_identification:_identify(src) by extension 'colcon_pkg'
[0.324s] Level 1:colcon.colcon_core.package_identification:_identify(src) by extensions ['colcon_meta']
[0.324s] Level 1:colcon.colcon_core.package_identification:_identify(src) by extension 'colcon_meta'
[0.324s] Level 1:colcon.colcon_core.package_identification:_identify(src) by extensions ['ros']
[0.324s] Level 1:colcon.colcon_core.package_identification:_identify(src) by extension 'ros'
[0.324s] Level 1:colcon.colcon_core.package_identification:_identify(src) by extensions ['cmake', 'python']
[0.324s] Level 1:colcon.colcon_core.package_identification:_identify(src) by extension 'cmake'
[0.324s] Level 1:colcon.colcon_core.package_identification:_identify(src) by extension 'python'
[0.324s] Level 1:colcon.colcon_core.package_identification:_identify(src) by extensions ['python_setup_py']
[0.324s] Level 1:colcon.colcon_core.package_identification:_identify(src) by extension 'python_setup_py'
[0.324s] Level 1:colcon.colcon_core.package_identification:_identify(src/robot_bringup) by extensions ['ignore', 'ignore_ament_install']
[0.324s] Level 1:colcon.colcon_core.package_identification:_identify(src/robot_bringup) by extension 'ignore'
[0.324s] Level 1:colcon.colcon_core.package_identification:_identify(src/robot_bringup) by extension 'ignore_ament_install'
[0.324s] Level 1:colcon.colcon_core.package_identification:_identify(src/robot_bringup) by extensions ['colcon_pkg']
[0.324s] Level 1:colcon.colcon_core.package_identification:_identify(src/robot_bringup) by extension 'colcon_pkg'
[0.324s] Level 1:colcon.colcon_core.package_identification:_identify(src/robot_bringup) by extensions ['colcon_meta']
[0.324s] Level 1:colcon.colcon_core.package_identification:_identify(src/robot_bringup) by extension 'colcon_meta'
[0.324s] Level 1:colcon.colcon_core.package_identification:_identify(src/robot_bringup) by extensions ['ros']
[0.324s] Level 1:colcon.colcon_core.package_identification:_identify(src/robot_bringup) by extension 'ros'
[0.325s] DEBUG:colcon.colcon_core.package_identification:Package 'src/robot_bringup' with type 'ros.ament_cmake' and name 'robot_bringup'
[0.325s] Level 1:colcon.colcon_core.package_identification:_identify(src/robot_control) by extensions ['ignore', 'ignore_ament_install']
[0.325s] Level 1:colcon.colcon_core.package_identification:_identify(src/robot_control) by extension 'ignore'
[0.325s] Level 1:colcon.colcon_core.package_identification:_identify(src/robot_control) by extension 'ignore_ament_install'
[0.325s] Level 1:colcon.colcon_core.package_identification:_identify(src/robot_control) by extensions ['colcon_pkg']
[0.325s] Level 1:colcon.colcon_core.package_identification:_identify(src/robot_control) by extension 'colcon_pkg'
[0.325s] Level 1:colcon.colcon_core.package_identification:_identify(src/robot_control) by extensions ['colcon_meta']
[0.325s] Level 1:colcon.colcon_core.package_identification:_identify(src/robot_control) by extension 'colcon_meta'
[0.325s] Level 1:colcon.colcon_core.package_identification:_identify(src/robot_control) by extensions ['ros']
[0.325s] Level 1:colcon.colcon_core.package_identification:_identify(src/robot_control) by extension 'ros'
[0.326s] DEBUG:colcon.colcon_core.package_identification:Package 'src/robot_control' with type 'ros.ament_cmake' and name 'robot_control'
[0.326s] Level 1:colcon.colcon_core.package_identification:_identify(src/robot_description) by extensions ['ignore', 'ignore_ament_install']
[0.327s] Level 1:colcon.colcon_core.package_identification:_identify(src/robot_description) by extension 'ignore'
[0.327s] Level 1:colcon.colcon_core.package_identification:_identify(src/robot_description) by extension 'ignore_ament_install'
[0.327s] Level 1:colcon.colcon_core.package_identification:_identify(src/robot_description) by extensions ['colcon_pkg']
[0.327s] Level 1:colcon.colcon_core.package_identification:_identify(src/robot_description) by extension 'colcon_pkg'
[0.327s] Level 1:colcon.colcon_core.package_identification:_identify(src/robot_description) by extensions ['colcon_meta']
[0.327s] Level 1:colcon.colcon_core.package_identification:_identify(src/robot_description) by extension 'colcon_meta'
[0.327s] Level 1:colcon.colcon_core.package_identification:_identify(src/robot_description) by extensions ['ros']
[0.327s] Level 1:colcon.colcon_core.package_identification:_identify(src/robot_description) by extension 'ros'
[0.327s] DEBUG:colcon.colcon_core.package_identification:Package 'src/robot_description' with type 'ros.ament_cmake' and name 'robot_description'
[0.327s] Level 1:colcon.colcon_core.package_identification:_identify(src/robot_gazebo) by extensions ['ignore', 'ignore_ament_install']
[0.327s] Level 1:colcon.colcon_core.package_identification:_identify(src/robot_gazebo) by extension 'ignore'
[0.328s] Level 1:colcon.colcon_core.package_identification:_identify(src/robot_gazebo) by extension 'ignore_ament_install'
[0.328s] Level 1:colcon.colcon_core.package_identification:_identify(src/robot_gazebo) by extensions ['colcon_pkg']
[0.328s] Level 1:colcon.colcon_core.package_identification:_identify(src/robot_gazebo) by extension 'colcon_pkg'
[0.328s] Level 1:colcon.colcon_core.package_identification:_identify(src/robot_gazebo) by extensions ['colcon_meta']
[0.328s] Level 1:colcon.colcon_core.package_identification:_identify(src/robot_gazebo) by extension 'colcon_meta'
[0.328s] Level 1:colcon.colcon_core.package_identification:_identify(src/robot_gazebo) by extensions ['ros']
[0.328s] Level 1:colcon.colcon_core.package_identification:_identify(src/robot_gazebo) by extension 'ros'
[0.330s] DEBUG:colcon.colcon_core.package_identification:Package 'src/robot_gazebo' with type 'ros.ament_cmake' and name 'robot_gazebo'
[0.330s] Level 1:colcon.colcon_core.package_identification:_identify(src/robot_hardware) by extensions ['ignore', 'ignore_ament_install']
[0.330s] Level 1:colcon.colcon_core.package_identification:_identify(src/robot_hardware) by extension 'ignore'
[0.330s] Level 1:colcon.colcon_core.package_identification:_identify(src/robot_hardware) by extension 'ignore_ament_install'
[0.330s] Level 1:colcon.colcon_core.package_identification:_identify(src/robot_hardware) by extensions ['colcon_pkg']
[0.330s] Level 1:colcon.colcon_core.package_identification:_identify(src/robot_hardware) by extension 'colcon_pkg'
[0.330s] Level 1:colcon.colcon_core.package_identification:_identify(src/robot_hardware) by extensions ['colcon_meta']
[0.330s] Level 1:colcon.colcon_core.package_identification:_identify(src/robot_hardware) by extension 'colcon_meta'
[0.330s] Level 1:colcon.colcon_core.package_identification:_identify(src/robot_hardware) by extensions ['ros']
[0.330s] Level 1:colcon.colcon_core.package_identification:_identify(src/robot_hardware) by extension 'ros'
[0.331s] DEBUG:colcon.colcon_core.package_identification:Package 'src/robot_hardware' with type 'ros.ament_python' and name 'robot_hardware'
[0.331s] Level 1:colcon.colcon_core.package_identification:_identify(src/robot_interfaces) by extensions ['ignore', 'ignore_ament_install']
[0.331s] Level 1:colcon.colcon_core.package_identification:_identify(src/robot_interfaces) by extension 'ignore'
[0.331s] Level 1:colcon.colcon_core.package_identification:_identify(src/robot_interfaces) by extension 'ignore_ament_install'
[0.331s] Level 1:colcon.colcon_core.package_identification:_identify(src/robot_interfaces) by extensions ['colcon_pkg']
[0.331s] Level 1:colcon.colcon_core.package_identification:_identify(src/robot_interfaces) by extension 'colcon_pkg'
[0.331s] Level 1:colcon.colcon_core.package_identification:_identify(src/robot_interfaces) by extensions ['colcon_meta']
[0.331s] Level 1:colcon.colcon_core.package_identification:_identify(src/robot_interfaces) by extension 'colcon_meta'
[0.331s] Level 1:colcon.colcon_core.package_identification:_identify(src/robot_interfaces) by extensions ['ros']
[0.331s] Level 1:colcon.colcon_core.package_identification:_identify(src/robot_interfaces) by extension 'ros'
[0.332s] DEBUG:colcon.colcon_core.package_identification:Package 'src/robot_interfaces' with type 'ros.ament_cmake' and name 'robot_interfaces'
[0.332s] Level 1:colcon.colcon_core.package_identification:_identify(src/robot_launch) by extensions ['ignore', 'ignore_ament_install']
[0.332s] Level 1:colcon.colcon_core.package_identification:_identify(src/robot_launch) by extension 'ignore'
[0.332s] Level 1:colcon.colcon_core.package_identification:_identify(src/robot_launch) by extension 'ignore_ament_install'
[0.332s] Level 1:colcon.colcon_core.package_identification:_identify(src/robot_launch) by extensions ['colcon_pkg']
[0.332s] Level 1:colcon.colcon_core.package_identification:_identify(src/robot_launch) by extension 'colcon_pkg'
[0.332s] Level 1:colcon.colcon_core.package_identification:_identify(src/robot_launch) by extensions ['colcon_meta']
[0.332s] Level 1:colcon.colcon_core.package_identification:_identify(src/robot_launch) by extension 'colcon_meta'
[0.332s] Level 1:colcon.colcon_core.package_identification:_identify(src/robot_launch) by extensions ['ros']
[0.332s] Level 1:colcon.colcon_core.package_identification:_identify(src/robot_launch) by extension 'ros'
[0.333s] DEBUG:colcon.colcon_core.package_identification:Package 'src/robot_launch' with type 'ros.ament_python' and name 'robot_launch'
[0.333s] Level 1:colcon.colcon_core.package_identification:_identify(src/robot_navigation) by extensions ['ignore', 'ignore_ament_install']
[0.333s] Level 1:colcon.colcon_core.package_identification:_identify(src/robot_navigation) by extension 'ignore'
[0.333s] Level 1:colcon.colcon_core.package_identification:_identify(src/robot_navigation) by extension 'ignore_ament_install'
[0.333s] Level 1:colcon.colcon_core.package_identification:_identify(src/robot_navigation) by extensions ['colcon_pkg']
[0.333s] Level 1:colcon.colcon_core.package_identification:_identify(src/robot_navigation) by extension 'colcon_pkg'
[0.333s] Level 1:colcon.colcon_core.package_identification:_identify(src/robot_navigation) by extensions ['colcon_meta']
[0.333s] Level 1:colcon.colcon_core.package_identification:_identify(src/robot_navigation) by extension 'colcon_meta'
[0.333s] Level 1:colcon.colcon_core.package_identification:_identify(src/robot_navigation) by extensions ['ros']
[0.333s] Level 1:colcon.colcon_core.package_identification:_identify(src/robot_navigation) by extension 'ros'
[0.336s] DEBUG:colcon.colcon_core.package_identification:Package 'src/robot_navigation' with type 'ros.ament_cmake' and name 'robot_navigation'
[0.336s] Level 1:colcon.colcon_core.package_identification:_identify(src/robot_perception) by extensions ['ignore', 'ignore_ament_install']
[0.336s] Level 1:colcon.colcon_core.package_identification:_identify(src/robot_perception) by extension 'ignore'
[0.336s] Level 1:colcon.colcon_core.package_identification:_identify(src/robot_perception) by extension 'ignore_ament_install'
[0.336s] Level 1:colcon.colcon_core.package_identification:_identify(src/robot_perception) by extensions ['colcon_pkg']
[0.336s] Level 1:colcon.colcon_core.package_identification:_identify(src/robot_perception) by extension 'colcon_pkg'
[0.336s] Level 1:colcon.colcon_core.package_identification:_identify(src/robot_perception) by extensions ['colcon_meta']
[0.336s] Level 1:colcon.colcon_core.package_identification:_identify(src/robot_perception) by extension 'colcon_meta'
[0.336s] Level 1:colcon.colcon_core.package_identification:_identify(src/robot_perception) by extensions ['ros']
[0.336s] Level 1:colcon.colcon_core.package_identification:_identify(src/robot_perception) by extension 'ros'
[0.339s] WARNING:colcon.colcon_core.package_identification:ROS package 'robot_perception' in 'src/robot_perception' has more than one build type
[0.339s] Level 1:colcon.colcon_core.package_identification:_identify(src/robot_perception) by extensions ['cmake', 'python']
[0.339s] Level 1:colcon.colcon_core.package_identification:_identify(src/robot_perception) by extension 'cmake'
[0.341s] Level 1:colcon.colcon_core.package_identification:_identify(src/robot_perception) by extension 'python'
[0.341s] DEBUG:colcon.colcon_core.package_identification:Python package in 'src/robot_perception' passes arguments to the setup() function which requires a different identification extension than 'python'
[0.341s] DEBUG:colcon.colcon_core.package_identification:Package 'src/robot_perception' with type 'cmake' and name 'robot_perception'
[0.341s] Level 1:colcon.colcon_core.package_discovery:discover_packages(recursive) using defaults
[0.341s] Level 1:colcon.colcon_core.package_discovery:discover_packages(ignore) discover
[0.341s] Level 1:colcon.colcon_core.package_discovery:discover_packages(ignore) using defaults
[0.341s] Level 1:colcon.colcon_core.package_discovery:discover_packages(path) discover
[0.341s] Level 1:colcon.colcon_core.package_discovery:discover_packages(path) using defaults
[0.361s] Level 5:colcon.colcon_core.verb:set package 'arduino_bridge' build argument 'cmake_args' from command line to 'None'
[0.362s] Level 5:colcon.colcon_core.verb:set package 'arduino_bridge' build argument 'cmake_target' from command line to 'None'
[0.362s] Level 5:colcon.colcon_core.verb:set package 'arduino_bridge' build argument 'cmake_target_skip_unavailable' from command line to 'False'
[0.362s] Level 5:colcon.colcon_core.verb:set package 'arduino_bridge' build argument 'cmake_clean_cache' from command line to 'False'
[0.362s] Level 5:colcon.colcon_core.verb:set package 'arduino_bridge' build argument 'cmake_clean_first' from command line to 'False'
[0.362s] Level 5:colcon.colcon_core.verb:set package 'arduino_bridge' build argument 'cmake_force_configure' from command line to 'False'
[0.362s] Level 5:colcon.colcon_core.verb:set package 'arduino_bridge' build argument 'ament_cmake_args' from command line to 'None'
[0.362s] Level 5:colcon.colcon_core.verb:set package 'arduino_bridge' build argument 'catkin_cmake_args' from command line to 'None'
[0.362s] Level 5:colcon.colcon_core.verb:set package 'arduino_bridge' build argument 'catkin_skip_building_tests' from command line to 'False'
[0.362s] DEBUG:colcon.colcon_core.verb:Building package 'arduino_bridge' with the following arguments: {'ament_cmake_args': None, 'build_base': '/root/Dojo/Dojo/build/arduino_bridge', 'catkin_cmake_args': None, 'catkin_skip_building_tests': False, 'cmake_args': None, 'cmake_clean_cache': False, 'cmake_clean_first': False, 'cmake_force_configure': False, 'cmake_target': None, 'cmake_target_skip_unavailable': False, 'install_base': '/root/Dojo/Dojo/install/arduino_bridge', 'merge_install': False, 'path': '/root/Dojo/Dojo/backup_packages/arduino_bridge', 'symlink_install': True, 'test_result_base': None}
[0.362s] Level 5:colcon.colcon_core.verb:set package 'nv21_converter_pkg' build argument 'cmake_args' from command line to 'None'
[0.362s] Level 5:colcon.colcon_core.verb:set package 'nv21_converter_pkg' build argument 'cmake_target' from command line to 'None'
[0.362s] Level 5:colcon.colcon_core.verb:set package 'nv21_converter_pkg' build argument 'cmake_target_skip_unavailable' from command line to 'False'
[0.362s] Level 5:colcon.colcon_core.verb:set package 'nv21_converter_pkg' build argument 'cmake_clean_cache' from command line to 'False'
[0.362s] Level 5:colcon.colcon_core.verb:set package 'nv21_converter_pkg' build argument 'cmake_clean_first' from command line to 'False'
[0.362s] Level 5:colcon.colcon_core.verb:set package 'nv21_converter_pkg' build argument 'cmake_force_configure' from command line to 'False'
[0.362s] Level 5:colcon.colcon_core.verb:set package 'nv21_converter_pkg' build argument 'ament_cmake_args' from command line to 'None'
[0.362s] Level 5:colcon.colcon_core.verb:set package 'nv21_converter_pkg' build argument 'catkin_cmake_args' from command line to 'None'
[0.362s] Level 5:colcon.colcon_core.verb:set package 'nv21_converter_pkg' build argument 'catkin_skip_building_tests' from command line to 'False'
[0.362s] DEBUG:colcon.colcon_core.verb:Building package 'nv21_converter_pkg' with the following arguments: {'ament_cmake_args': None, 'build_base': '/root/Dojo/Dojo/build/nv21_converter_pkg', 'catkin_cmake_args': None, 'catkin_skip_building_tests': False, 'cmake_args': None, 'cmake_clean_cache': False, 'cmake_clean_first': False, 'cmake_force_configure': False, 'cmake_target': None, 'cmake_target_skip_unavailable': False, 'install_base': '/root/Dojo/Dojo/install/nv21_converter_pkg', 'merge_install': False, 'path': '/root/Dojo/Dojo/backup_packages/camera_ws/src/nv21_converter_pkg', 'symlink_install': True, 'test_result_base': None}
[0.362s] Level 5:colcon.colcon_core.verb:set package 'robot_control' build argument 'cmake_args' from command line to 'None'
[0.362s] Level 5:colcon.colcon_core.verb:set package 'robot_control' build argument 'cmake_target' from command line to 'None'
[0.362s] Level 5:colcon.colcon_core.verb:set package 'robot_control' build argument 'cmake_target_skip_unavailable' from command line to 'False'
[0.363s] Level 5:colcon.colcon_core.verb:set package 'robot_control' build argument 'cmake_clean_cache' from command line to 'False'
[0.363s] Level 5:colcon.colcon_core.verb:set package 'robot_control' build argument 'cmake_clean_first' from command line to 'False'
[0.363s] Level 5:colcon.colcon_core.verb:set package 'robot_control' build argument 'cmake_force_configure' from command line to 'False'
[0.363s] Level 5:colcon.colcon_core.verb:set package 'robot_control' build argument 'ament_cmake_args' from command line to 'None'
[0.363s] Level 5:colcon.colcon_core.verb:set package 'robot_control' build argument 'catkin_cmake_args' from command line to 'None'
[0.363s] Level 5:colcon.colcon_core.verb:set package 'robot_control' build argument 'catkin_skip_building_tests' from command line to 'False'
[0.363s] DEBUG:colcon.colcon_core.verb:Building package 'robot_control' with the following arguments: {'ament_cmake_args': None, 'build_base': '/root/Dojo/Dojo/build/robot_control', 'catkin_cmake_args': None, 'catkin_skip_building_tests': False, 'cmake_args': None, 'cmake_clean_cache': False, 'cmake_clean_first': False, 'cmake_force_configure': False, 'cmake_target': None, 'cmake_target_skip_unavailable': False, 'install_base': '/root/Dojo/Dojo/install/robot_control', 'merge_install': False, 'path': '/root/Dojo/Dojo/src/robot_control', 'symlink_install': True, 'test_result_base': None}
[0.363s] Level 5:colcon.colcon_core.verb:set package 'robot_description' build argument 'cmake_args' from command line to 'None'
[0.363s] Level 5:colcon.colcon_core.verb:set package 'robot_description' build argument 'cmake_target' from command line to 'None'
[0.363s] Level 5:colcon.colcon_core.verb:set package 'robot_description' build argument 'cmake_target_skip_unavailable' from command line to 'False'
[0.363s] Level 5:colcon.colcon_core.verb:set package 'robot_description' build argument 'cmake_clean_cache' from command line to 'False'
[0.363s] Level 5:colcon.colcon_core.verb:set package 'robot_description' build argument 'cmake_clean_first' from command line to 'False'
[0.363s] Level 5:colcon.colcon_core.verb:set package 'robot_description' build argument 'cmake_force_configure' from command line to 'False'
[0.363s] Level 5:colcon.colcon_core.verb:set package 'robot_description' build argument 'ament_cmake_args' from command line to 'None'
[0.363s] Level 5:colcon.colcon_core.verb:set package 'robot_description' build argument 'catkin_cmake_args' from command line to 'None'
[0.363s] Level 5:colcon.colcon_core.verb:set package 'robot_description' build argument 'catkin_skip_building_tests' from command line to 'False'
[0.363s] DEBUG:colcon.colcon_core.verb:Building package 'robot_description' with the following arguments: {'ament_cmake_args': None, 'build_base': '/root/Dojo/Dojo/build/robot_description', 'catkin_cmake_args': None, 'catkin_skip_building_tests': False, 'cmake_args': None, 'cmake_clean_cache': False, 'cmake_clean_first': False, 'cmake_force_configure': False, 'cmake_target': None, 'cmake_target_skip_unavailable': False, 'install_base': '/root/Dojo/Dojo/install/robot_description', 'merge_install': False, 'path': '/root/Dojo/Dojo/src/robot_description', 'symlink_install': True, 'test_result_base': None}
[0.363s] Level 5:colcon.colcon_core.verb:set package 'robot_hardware' build argument 'cmake_args' from command line to 'None'
[0.363s] Level 5:colcon.colcon_core.verb:set package 'robot_hardware' build argument 'cmake_target' from command line to 'None'
[0.363s] Level 5:colcon.colcon_core.verb:set package 'robot_hardware' build argument 'cmake_target_skip_unavailable' from command line to 'False'
[0.363s] Level 5:colcon.colcon_core.verb:set package 'robot_hardware' build argument 'cmake_clean_cache' from command line to 'False'
[0.363s] Level 5:colcon.colcon_core.verb:set package 'robot_hardware' build argument 'cmake_clean_first' from command line to 'False'
[0.363s] Level 5:colcon.colcon_core.verb:set package 'robot_hardware' build argument 'cmake_force_configure' from command line to 'False'
[0.363s] Level 5:colcon.colcon_core.verb:set package 'robot_hardware' build argument 'ament_cmake_args' from command line to 'None'
[0.363s] Level 5:colcon.colcon_core.verb:set package 'robot_hardware' build argument 'catkin_cmake_args' from command line to 'None'
[0.364s] Level 5:colcon.colcon_core.verb:set package 'robot_hardware' build argument 'catkin_skip_building_tests' from command line to 'False'
[0.364s] DEBUG:colcon.colcon_core.verb:Building package 'robot_hardware' with the following arguments: {'ament_cmake_args': None, 'build_base': '/root/Dojo/Dojo/build/robot_hardware', 'catkin_cmake_args': None, 'catkin_skip_building_tests': False, 'cmake_args': None, 'cmake_clean_cache': False, 'cmake_clean_first': False, 'cmake_force_configure': False, 'cmake_target': None, 'cmake_target_skip_unavailable': False, 'install_base': '/root/Dojo/Dojo/install/robot_hardware', 'merge_install': False, 'path': '/root/Dojo/Dojo/src/robot_hardware', 'symlink_install': True, 'test_result_base': None}
[0.364s] Level 5:colcon.colcon_core.verb:set package 'robot_interfaces' build argument 'cmake_args' from command line to 'None'
[0.364s] Level 5:colcon.colcon_core.verb:set package 'robot_interfaces' build argument 'cmake_target' from command line to 'None'
[0.364s] Level 5:colcon.colcon_core.verb:set package 'robot_interfaces' build argument 'cmake_target_skip_unavailable' from command line to 'False'
[0.364s] Level 5:colcon.colcon_core.verb:set package 'robot_interfaces' build argument 'cmake_clean_cache' from command line to 'False'
[0.364s] Level 5:colcon.colcon_core.verb:set package 'robot_interfaces' build argument 'cmake_clean_first' from command line to 'False'
[0.364s] Level 5:colcon.colcon_core.verb:set package 'robot_interfaces' build argument 'cmake_force_configure' from command line to 'False'
[0.364s] Level 5:colcon.colcon_core.verb:set package 'robot_interfaces' build argument 'ament_cmake_args' from command line to 'None'
[0.364s] Level 5:colcon.colcon_core.verb:set package 'robot_interfaces' build argument 'catkin_cmake_args' from command line to 'None'
[0.364s] Level 5:colcon.colcon_core.verb:set package 'robot_interfaces' build argument 'catkin_skip_building_tests' from command line to 'False'
[0.364s] DEBUG:colcon.colcon_core.verb:Building package 'robot_interfaces' with the following arguments: {'ament_cmake_args': None, 'build_base': '/root/Dojo/Dojo/build/robot_interfaces', 'catkin_cmake_args': None, 'catkin_skip_building_tests': False, 'cmake_args': None, 'cmake_clean_cache': False, 'cmake_clean_first': False, 'cmake_force_configure': False, 'cmake_target': None, 'cmake_target_skip_unavailable': False, 'install_base': '/root/Dojo/Dojo/install/robot_interfaces', 'merge_install': False, 'path': '/root/Dojo/Dojo/src/robot_interfaces', 'symlink_install': True, 'test_result_base': None}
[0.364s] Level 5:colcon.colcon_core.verb:set package 'robot_perception' build argument 'cmake_args' from command line to 'None'
[0.364s] Level 5:colcon.colcon_core.verb:set package 'robot_perception' build argument 'cmake_target' from command line to 'None'
[0.364s] Level 5:colcon.colcon_core.verb:set package 'robot_perception' build argument 'cmake_target_skip_unavailable' from command line to 'False'
[0.364s] Level 5:colcon.colcon_core.verb:set package 'robot_perception' build argument 'cmake_clean_cache' from command line to 'False'
[0.364s] Level 5:colcon.colcon_core.verb:set package 'robot_perception' build argument 'cmake_clean_first' from command line to 'False'
[0.364s] Level 5:colcon.colcon_core.verb:set package 'robot_perception' build argument 'cmake_force_configure' from command line to 'False'
[0.364s] Level 5:colcon.colcon_core.verb:set package 'robot_perception' build argument 'ament_cmake_args' from command line to 'None'
[0.364s] Level 5:colcon.colcon_core.verb:set package 'robot_perception' build argument 'catkin_cmake_args' from command line to 'None'
[0.364s] Level 5:colcon.colcon_core.verb:set package 'robot_perception' build argument 'catkin_skip_building_tests' from command line to 'False'
[0.364s] DEBUG:colcon.colcon_core.verb:Building package 'robot_perception' with the following arguments: {'ament_cmake_args': None, 'build_base': '/root/Dojo/Dojo/build/robot_perception', 'catkin_cmake_args': None, 'catkin_skip_building_tests': False, 'cmake_args': None, 'cmake_clean_cache': False, 'cmake_clean_first': False, 'cmake_force_configure': False, 'cmake_target': None, 'cmake_target_skip_unavailable': False, 'install_base': '/root/Dojo/Dojo/install/robot_perception', 'merge_install': False, 'path': '/root/Dojo/Dojo/src/robot_perception', 'symlink_install': True, 'test_result_base': None}
[0.365s] Level 5:colcon.colcon_core.verb:set package 'robot_sensors' build argument 'cmake_args' from command line to 'None'
[0.365s] Level 5:colcon.colcon_core.verb:set package 'robot_sensors' build argument 'cmake_target' from command line to 'None'
[0.365s] Level 5:colcon.colcon_core.verb:set package 'robot_sensors' build argument 'cmake_target_skip_unavailable' from command line to 'False'
[0.365s] Level 5:colcon.colcon_core.verb:set package 'robot_sensors' build argument 'cmake_clean_cache' from command line to 'False'
[0.365s] Level 5:colcon.colcon_core.verb:set package 'robot_sensors' build argument 'cmake_clean_first' from command line to 'False'
[0.365s] Level 5:colcon.colcon_core.verb:set package 'robot_sensors' build argument 'cmake_force_configure' from command line to 'False'
[0.365s] Level 5:colcon.colcon_core.verb:set package 'robot_sensors' build argument 'ament_cmake_args' from command line to 'None'
[0.365s] Level 5:colcon.colcon_core.verb:set package 'robot_sensors' build argument 'catkin_cmake_args' from command line to 'None'
[0.365s] Level 5:colcon.colcon_core.verb:set package 'robot_sensors' build argument 'catkin_skip_building_tests' from command line to 'False'
[0.365s] DEBUG:colcon.colcon_core.verb:Building package 'robot_sensors' with the following arguments: {'ament_cmake_args': None, 'build_base': '/root/Dojo/Dojo/build/robot_sensors', 'catkin_cmake_args': None, 'catkin_skip_building_tests': False, 'cmake_args': None, 'cmake_clean_cache': False, 'cmake_clean_first': False, 'cmake_force_configure': False, 'cmake_target': None, 'cmake_target_skip_unavailable': False, 'install_base': '/root/Dojo/Dojo/install/robot_sensors', 'merge_install': False, 'path': '/root/Dojo/Dojo/backup_packages/robot_sensors', 'symlink_install': True, 'test_result_base': None}
[0.365s] Level 5:colcon.colcon_core.verb:set package 'ros2arduino_bridge' build argument 'cmake_args' from command line to 'None'
[0.365s] Level 5:colcon.colcon_core.verb:set package 'ros2arduino_bridge' build argument 'cmake_target' from command line to 'None'
[0.365s] Level 5:colcon.colcon_core.verb:set package 'ros2arduino_bridge' build argument 'cmake_target_skip_unavailable' from command line to 'False'
[0.365s] Level 5:colcon.colcon_core.verb:set package 'ros2arduino_bridge' build argument 'cmake_clean_cache' from command line to 'False'
[0.365s] Level 5:colcon.colcon_core.verb:set package 'ros2arduino_bridge' build argument 'cmake_clean_first' from command line to 'False'
[0.365s] Level 5:colcon.colcon_core.verb:set package 'ros2arduino_bridge' build argument 'cmake_force_configure' from command line to 'False'
[0.365s] Level 5:colcon.colcon_core.verb:set package 'ros2arduino_bridge' build argument 'ament_cmake_args' from command line to 'None'
[0.365s] Level 5:colcon.colcon_core.verb:set package 'ros2arduino_bridge' build argument 'catkin_cmake_args' from command line to 'None'
[0.365s] Level 5:colcon.colcon_core.verb:set package 'ros2arduino_bridge' build argument 'catkin_skip_building_tests' from command line to 'False'
[0.365s] DEBUG:colcon.colcon_core.verb:Building package 'ros2arduino_bridge' with the following arguments: {'ament_cmake_args': None, 'build_base': '/root/Dojo/Dojo/build/ros2arduino_bridge', 'catkin_cmake_args': None, 'catkin_skip_building_tests': False, 'cmake_args': None, 'cmake_clean_cache': False, 'cmake_clean_first': False, 'cmake_force_configure': False, 'cmake_target': None, 'cmake_target_skip_unavailable': False, 'install_base': '/root/Dojo/Dojo/install/ros2arduino_bridge', 'merge_install': False, 'path': '/root/Dojo/Dojo/backup_packages/ros2arduino_bridge', 'symlink_install': True, 'test_result_base': None}
[0.366s] Level 5:colcon.colcon_core.verb:set package 'vision_system' build argument 'cmake_args' from command line to 'None'
[0.366s] Level 5:colcon.colcon_core.verb:set package 'vision_system' build argument 'cmake_target' from command line to 'None'
[0.366s] Level 5:colcon.colcon_core.verb:set package 'vision_system' build argument 'cmake_target_skip_unavailable' from command line to 'False'
[0.366s] Level 5:colcon.colcon_core.verb:set package 'vision_system' build argument 'cmake_clean_cache' from command line to 'False'
[0.366s] Level 5:colcon.colcon_core.verb:set package 'vision_system' build argument 'cmake_clean_first' from command line to 'False'
[0.366s] Level 5:colcon.colcon_core.verb:set package 'vision_system' build argument 'cmake_force_configure' from command line to 'False'
[0.366s] Level 5:colcon.colcon_core.verb:set package 'vision_system' build argument 'ament_cmake_args' from command line to 'None'
[0.366s] Level 5:colcon.colcon_core.verb:set package 'vision_system' build argument 'catkin_cmake_args' from command line to 'None'
[0.366s] Level 5:colcon.colcon_core.verb:set package 'vision_system' build argument 'catkin_skip_building_tests' from command line to 'False'
[0.366s] DEBUG:colcon.colcon_core.verb:Building package 'vision_system' with the following arguments: {'ament_cmake_args': None, 'build_base': '/root/Dojo/Dojo/build/vision_system', 'catkin_cmake_args': None, 'catkin_skip_building_tests': False, 'cmake_args': None, 'cmake_clean_cache': False, 'cmake_clean_first': False, 'cmake_force_configure': False, 'cmake_target': None, 'cmake_target_skip_unavailable': False, 'install_base': '/root/Dojo/Dojo/install/vision_system', 'merge_install': False, 'path': '/root/Dojo/Dojo/backup_packages/vision_system', 'symlink_install': True, 'test_result_base': None}
[0.366s] Level 5:colcon.colcon_core.verb:set package 'robot_gazebo' build argument 'cmake_args' from command line to 'None'
[0.366s] Level 5:colcon.colcon_core.verb:set package 'robot_gazebo' build argument 'cmake_target' from command line to 'None'
[0.366s] Level 5:colcon.colcon_core.verb:set package 'robot_gazebo' build argument 'cmake_target_skip_unavailable' from command line to 'False'
[0.366s] Level 5:colcon.colcon_core.verb:set package 'robot_gazebo' build argument 'cmake_clean_cache' from command line to 'False'
[0.366s] Level 5:colcon.colcon_core.verb:set package 'robot_gazebo' build argument 'cmake_clean_first' from command line to 'False'
[0.366s] Level 5:colcon.colcon_core.verb:set package 'robot_gazebo' build argument 'cmake_force_configure' from command line to 'False'
[0.366s] Level 5:colcon.colcon_core.verb:set package 'robot_gazebo' build argument 'ament_cmake_args' from command line to 'None'
[0.366s] Level 5:colcon.colcon_core.verb:set package 'robot_gazebo' build argument 'catkin_cmake_args' from command line to 'None'
[0.366s] Level 5:colcon.colcon_core.verb:set package 'robot_gazebo' build argument 'catkin_skip_building_tests' from command line to 'False'
[0.366s] DEBUG:colcon.colcon_core.verb:Building package 'robot_gazebo' with the following arguments: {'ament_cmake_args': None, 'build_base': '/root/Dojo/Dojo/build/robot_gazebo', 'catkin_cmake_args': None, 'catkin_skip_building_tests': False, 'cmake_args': None, 'cmake_clean_cache': False, 'cmake_clean_first': False, 'cmake_force_configure': False, 'cmake_target': None, 'cmake_target_skip_unavailable': False, 'install_base': '/root/Dojo/Dojo/install/robot_gazebo', 'merge_install': False, 'path': '/root/Dojo/Dojo/src/robot_gazebo', 'symlink_install': True, 'test_result_base': None}
[0.366s] Level 5:colcon.colcon_core.verb:set package 'robot_launch' build argument 'cmake_args' from command line to 'None'
[0.366s] Level 5:colcon.colcon_core.verb:set package 'robot_launch' build argument 'cmake_target' from command line to 'None'
[0.367s] Level 5:colcon.colcon_core.verb:set package 'robot_launch' build argument 'cmake_target_skip_unavailable' from command line to 'False'
[0.367s] Level 5:colcon.colcon_core.verb:set package 'robot_launch' build argument 'cmake_clean_cache' from command line to 'False'
[0.367s] Level 5:colcon.colcon_core.verb:set package 'robot_launch' build argument 'cmake_clean_first' from command line to 'False'
[0.367s] Level 5:colcon.colcon_core.verb:set package 'robot_launch' build argument 'cmake_force_configure' from command line to 'False'
[0.367s] Level 5:colcon.colcon_core.verb:set package 'robot_launch' build argument 'ament_cmake_args' from command line to 'None'
[0.367s] Level 5:colcon.colcon_core.verb:set package 'robot_launch' build argument 'catkin_cmake_args' from command line to 'None'
[0.367s] Level 5:colcon.colcon_core.verb:set package 'robot_launch' build argument 'catkin_skip_building_tests' from command line to 'False'
[0.367s] DEBUG:colcon.colcon_core.verb:Building package 'robot_launch' with the following arguments: {'ament_cmake_args': None, 'build_base': '/root/Dojo/Dojo/build/robot_launch', 'catkin_cmake_args': None, 'catkin_skip_building_tests': False, 'cmake_args': None, 'cmake_clean_cache': False, 'cmake_clean_first': False, 'cmake_force_configure': False, 'cmake_target': None, 'cmake_target_skip_unavailable': False, 'install_base': '/root/Dojo/Dojo/install/robot_launch', 'merge_install': False, 'path': '/root/Dojo/Dojo/src/robot_launch', 'symlink_install': True, 'test_result_base': None}
[0.367s] Level 5:colcon.colcon_core.verb:set package 'robot_navigation' build argument 'cmake_args' from command line to 'None'
[0.367s] Level 5:colcon.colcon_core.verb:set package 'robot_navigation' build argument 'cmake_target' from command line to 'None'
[0.367s] Level 5:colcon.colcon_core.verb:set package 'robot_navigation' build argument 'cmake_target_skip_unavailable' from command line to 'False'
[0.367s] Level 5:colcon.colcon_core.verb:set package 'robot_navigation' build argument 'cmake_clean_cache' from command line to 'False'
[0.367s] Level 5:colcon.colcon_core.verb:set package 'robot_navigation' build argument 'cmake_clean_first' from command line to 'False'
[0.367s] Level 5:colcon.colcon_core.verb:set package 'robot_navigation' build argument 'cmake_force_configure' from command line to 'False'
[0.367s] Level 5:colcon.colcon_core.verb:set package 'robot_navigation' build argument 'ament_cmake_args' from command line to 'None'
[0.367s] Level 5:colcon.colcon_core.verb:set package 'robot_navigation' build argument 'catkin_cmake_args' from command line to 'None'
[0.367s] Level 5:colcon.colcon_core.verb:set package 'robot_navigation' build argument 'catkin_skip_building_tests' from command line to 'False'
[0.367s] DEBUG:colcon.colcon_core.verb:Building package 'robot_navigation' with the following arguments: {'ament_cmake_args': None, 'build_base': '/root/Dojo/Dojo/build/robot_navigation', 'catkin_cmake_args': None, 'catkin_skip_building_tests': False, 'cmake_args': None, 'cmake_clean_cache': False, 'cmake_clean_first': False, 'cmake_force_configure': False, 'cmake_target': None, 'cmake_target_skip_unavailable': False, 'install_base': '/root/Dojo/Dojo/install/robot_navigation', 'merge_install': False, 'path': '/root/Dojo/Dojo/src/robot_navigation', 'symlink_install': True, 'test_result_base': None}
[0.367s] Level 5:colcon.colcon_core.verb:set package 'robot_bringup' build argument 'cmake_args' from command line to 'None'
[0.367s] Level 5:colcon.colcon_core.verb:set package 'robot_bringup' build argument 'cmake_target' from command line to 'None'
[0.367s] Level 5:colcon.colcon_core.verb:set package 'robot_bringup' build argument 'cmake_target_skip_unavailable' from command line to 'False'
[0.367s] Level 5:colcon.colcon_core.verb:set package 'robot_bringup' build argument 'cmake_clean_cache' from command line to 'False'
[0.367s] Level 5:colcon.colcon_core.verb:set package 'robot_bringup' build argument 'cmake_clean_first' from command line to 'False'
[0.367s] Level 5:colcon.colcon_core.verb:set package 'robot_bringup' build argument 'cmake_force_configure' from command line to 'False'
[0.367s] Level 5:colcon.colcon_core.verb:set package 'robot_bringup' build argument 'ament_cmake_args' from command line to 'None'
[0.368s] Level 5:colcon.colcon_core.verb:set package 'robot_bringup' build argument 'catkin_cmake_args' from command line to 'None'
[0.368s] Level 5:colcon.colcon_core.verb:set package 'robot_bringup' build argument 'catkin_skip_building_tests' from command line to 'False'
[0.368s] DEBUG:colcon.colcon_core.verb:Building package 'robot_bringup' with the following arguments: {'ament_cmake_args': None, 'build_base': '/root/Dojo/Dojo/build/robot_bringup', 'catkin_cmake_args': None, 'catkin_skip_building_tests': False, 'cmake_args': None, 'cmake_clean_cache': False, 'cmake_clean_first': False, 'cmake_force_configure': False, 'cmake_target': None, 'cmake_target_skip_unavailable': False, 'install_base': '/root/Dojo/Dojo/install/robot_bringup', 'merge_install': False, 'path': '/root/Dojo/Dojo/src/robot_bringup', 'symlink_install': True, 'test_result_base': None}
[0.368s] INFO:colcon.colcon_core.executor:Executing jobs using 'parallel' executor
[0.368s] DEBUG:colcon.colcon_parallel_executor.executor.parallel:run_until_complete
[0.369s] INFO:colcon.colcon_ros.task.ament_cmake.build:Building ROS package in '/root/Dojo/Dojo/src/robot_control' with build type 'ament_cmake'
[0.369s] INFO:colcon.colcon_cmake.task.cmake.build:Building CMake package in '/root/Dojo/Dojo/src/robot_control'
[0.371s] INFO:colcon.colcon_core.plugin_system:Skipping extension 'colcon_core.shell.bat': Not used on non-Windows systems
[0.371s] INFO:colcon.colcon_core.shell:Skip shell extension 'powershell' for command environment: Not usable outside of PowerShell
[0.371s] DEBUG:colcon.colcon_core.shell:Skip shell extension 'dsv' for command environment
[0.375s] INFO:colcon.colcon_ros.task.ament_cmake.build:Building ROS package in '/root/Dojo/Dojo/src/robot_description' with build type 'ament_cmake'
[0.376s] INFO:colcon.colcon_cmake.task.cmake.build:Building CMake package in '/root/Dojo/Dojo/src/robot_description'
[0.376s] INFO:colcon.colcon_core.shell:Skip shell extension 'powershell' for command environment: Not usable outside of PowerShell
[0.376s] DEBUG:colcon.colcon_core.shell:Skip shell extension 'dsv' for command environment
[0.379s] INFO:colcon.colcon_ros.task.ament_python.build:Building ROS package in '/root/Dojo/Dojo/src/robot_hardware' with build type 'ament_python'
[0.380s] Level 1:colcon.colcon_core.shell:create_environment_hook('robot_hardware', 'ament_prefix_path')
[0.380s] INFO:colcon.colcon_core.shell:Creating environment hook '/root/Dojo/Dojo/install/robot_hardware/share/robot_hardware/hook/ament_prefix_path.ps1'
[0.381s] INFO:colcon.colcon_core.shell:Creating environment descriptor '/root/Dojo/Dojo/install/robot_hardware/share/robot_hardware/hook/ament_prefix_path.dsv'
[0.381s] INFO:colcon.colcon_core.shell:Creating environment hook '/root/Dojo/Dojo/install/robot_hardware/share/robot_hardware/hook/ament_prefix_path.sh'
[0.382s] INFO:colcon.colcon_core.shell:Skip shell extension 'powershell' for command environment: Not usable outside of PowerShell
[0.382s] DEBUG:colcon.colcon_core.shell:Skip shell extension 'dsv' for command environment
[0.387s] INFO:colcon.colcon_cmake.task.cmake.build:Building CMake package in '/root/Dojo/Dojo/src/robot_perception'
[0.387s] INFO:colcon.colcon_core.shell:Skip shell extension 'powershell' for command environment: Not usable outside of PowerShell
[0.388s] DEBUG:colcon.colcon_core.shell:Skip shell extension 'dsv' for command environment
[0.391s] INFO:colcon.colcon_ros.task.ament_python.build:Building ROS package in '/root/Dojo/Dojo/backup_packages/arduino_bridge' with build type 'ament_python'
[0.391s] Level 1:colcon.colcon_core.shell:create_environment_hook('arduino_bridge', 'ament_prefix_path')
[0.391s] INFO:colcon.colcon_core.shell:Creating environment hook '/root/Dojo/Dojo/install/arduino_bridge/share/arduino_bridge/hook/ament_prefix_path.ps1'
[0.392s] INFO:colcon.colcon_core.shell:Creating environment descriptor '/root/Dojo/Dojo/install/arduino_bridge/share/arduino_bridge/hook/ament_prefix_path.dsv'
[0.392s] INFO:colcon.colcon_core.shell:Creating environment hook '/root/Dojo/Dojo/install/arduino_bridge/share/arduino_bridge/hook/ament_prefix_path.sh'
[0.392s] INFO:colcon.colcon_core.shell:Skip shell extension 'powershell' for command environment: Not usable outside of PowerShell
[0.392s] DEBUG:colcon.colcon_core.shell:Skip shell extension 'dsv' for command environment
[0.396s] INFO:colcon.colcon_ros.task.ament_python.build:Building ROS package in '/root/Dojo/Dojo/backup_packages/camera_ws/src/nv21_converter_pkg' with build type 'ament_python'
[0.396s] Level 1:colcon.colcon_core.shell:create_environment_hook('nv21_converter_pkg', 'ament_prefix_path')
[0.396s] INFO:colcon.colcon_core.shell:Creating environment hook '/root/Dojo/Dojo/install/nv21_converter_pkg/share/nv21_converter_pkg/hook/ament_prefix_path.ps1'
[0.397s] INFO:colcon.colcon_core.shell:Creating environment descriptor '/root/Dojo/Dojo/install/nv21_converter_pkg/share/nv21_converter_pkg/hook/ament_prefix_path.dsv'
[0.397s] INFO:colcon.colcon_core.shell:Creating environment hook '/root/Dojo/Dojo/install/nv21_converter_pkg/share/nv21_converter_pkg/hook/ament_prefix_path.sh'
[0.397s] INFO:colcon.colcon_core.shell:Skip shell extension 'powershell' for command environment: Not usable outside of PowerShell
[0.397s] DEBUG:colcon.colcon_core.shell:Skip shell extension 'dsv' for command environment
[0.401s] INFO:colcon.colcon_ros.task.ament_cmake.build:Building ROS package in '/root/Dojo/Dojo/src/robot_interfaces' with build type 'ament_cmake'
[0.401s] INFO:colcon.colcon_cmake.task.cmake.build:Building CMake package in '/root/Dojo/Dojo/src/robot_interfaces'
[0.401s] INFO:colcon.colcon_core.shell:Skip shell extension 'powershell' for command environment: Not usable outside of PowerShell
[0.401s] DEBUG:colcon.colcon_core.shell:Skip shell extension 'dsv' for command environment
[0.405s] INFO:colcon.colcon_ros.task.ament_python.build:Building ROS package in '/root/Dojo/Dojo/backup_packages/robot_sensors' with build type 'ament_python'
[0.405s] Level 1:colcon.colcon_core.shell:create_environment_hook('robot_sensors', 'ament_prefix_path')
[0.405s] INFO:colcon.colcon_core.shell:Creating environment hook '/root/Dojo/Dojo/install/robot_sensors/share/robot_sensors/hook/ament_prefix_path.ps1'
[0.406s] INFO:colcon.colcon_core.shell:Creating environment descriptor '/root/Dojo/Dojo/install/robot_sensors/share/robot_sensors/hook/ament_prefix_path.dsv'
[0.406s] INFO:colcon.colcon_core.shell:Creating environment hook '/root/Dojo/Dojo/install/robot_sensors/share/robot_sensors/hook/ament_prefix_path.sh'
[0.407s] INFO:colcon.colcon_core.shell:Skip shell extension 'powershell' for command environment: Not usable outside of PowerShell
[0.407s] DEBUG:colcon.colcon_core.shell:Skip shell extension 'dsv' for command environment
[0.410s] INFO:colcon.colcon_ros.task.ament_python.build:Building ROS package in '/root/Dojo/Dojo/backup_packages/ros2arduino_bridge' with build type 'ament_python'
[0.410s] Level 1:colcon.colcon_core.shell:create_environment_hook('ros2arduino_bridge', 'ament_prefix_path')
[0.410s] INFO:colcon.colcon_core.shell:Creating environment hook '/root/Dojo/Dojo/install/ros2arduino_bridge/share/ros2arduino_bridge/hook/ament_prefix_path.ps1'
[0.411s] INFO:colcon.colcon_core.shell:Creating environment descriptor '/root/Dojo/Dojo/install/ros2arduino_bridge/share/ros2arduino_bridge/hook/ament_prefix_path.dsv'
[0.411s] INFO:colcon.colcon_core.shell:Creating environment hook '/root/Dojo/Dojo/install/ros2arduino_bridge/share/ros2arduino_bridge/hook/ament_prefix_path.sh'
[0.412s] INFO:colcon.colcon_core.shell:Skip shell extension 'powershell' for command environment: Not usable outside of PowerShell
[0.412s] DEBUG:colcon.colcon_core.shell:Skip shell extension 'dsv' for command environment
[0.415s] INFO:colcon.colcon_ros.task.ament_python.build:Building ROS package in '/root/Dojo/Dojo/backup_packages/vision_system' with build type 'ament_python'
[0.415s] Level 1:colcon.colcon_core.shell:create_environment_hook('vision_system', 'ament_prefix_path')
[0.416s] INFO:colcon.colcon_core.shell:Creating environment hook '/root/Dojo/Dojo/install/vision_system/share/vision_system/hook/ament_prefix_path.ps1'
[0.416s] INFO:colcon.colcon_core.shell:Creating environment descriptor '/root/Dojo/Dojo/install/vision_system/share/vision_system/hook/ament_prefix_path.dsv'
[0.416s] INFO:colcon.colcon_core.shell:Creating environment hook '/root/Dojo/Dojo/install/vision_system/share/vision_system/hook/ament_prefix_path.sh'
[0.417s] INFO:colcon.colcon_core.shell:Skip shell extension 'powershell' for command environment: Not usable outside of PowerShell
[0.417s] DEBUG:colcon.colcon_core.shell:Skip shell extension 'dsv' for command environment
[0.425s] DEBUG:colcon.colcon_core.event_handler.log_command:Invoking command in '/root/Dojo/Dojo/build/robot_control': CMAKE_PREFIX_PATH=${CMAKE_PREFIX_PATH}:/root/Dojo/install/robot_hardware:/opt/ros/humble /usr/bin/cmake --build /root/Dojo/Dojo/build/robot_control -- -j16 -l16
[0.428s] DEBUG:colcon.colcon_core.event_handler.log_command:Invoking command in '/root/Dojo/Dojo/build/robot_description': CMAKE_PREFIX_PATH=${CMAKE_PREFIX_PATH}:/root/Dojo/install/robot_hardware:/opt/ros/humble /usr/bin/cmake --build /root/Dojo/Dojo/build/robot_description -- -j16 -l16
[0.741s] INFO:colcon.colcon_core.task.python.build:Building Python package in '/root/Dojo/Dojo/src/robot_hardware'
[0.741s] INFO:colcon.colcon_core.shell:Skip shell extension 'powershell' for command environment: Not usable outside of PowerShell
[0.741s] DEBUG:colcon.colcon_core.shell:Skip shell extension 'dsv' for command environment
[0.747s] DEBUG:colcon.colcon_core.event_handler.log_command:Invoking command in '/root/Dojo/Dojo/build/robot_perception': /usr/bin/cmake --build /root/Dojo/Dojo/build/robot_perception -- -j16 -l16
[1.061s] INFO:colcon.colcon_core.task.python.build:Building Python package in '/root/Dojo/Dojo/backup_packages/arduino_bridge'
[1.061s] INFO:colcon.colcon_core.shell:Skip shell extension 'powershell' for command environment: Not usable outside of PowerShell
[1.061s] DEBUG:colcon.colcon_core.shell:Skip shell extension 'dsv' for command environment
[1.374s] INFO:colcon.colcon_core.task.python.build:Building Python package in '/root/Dojo/Dojo/backup_packages/camera_ws/src/nv21_converter_pkg'
[1.375s] INFO:colcon.colcon_core.shell:Skip shell extension 'powershell' for command environment: Not usable outside of PowerShell
[1.375s] DEBUG:colcon.colcon_core.shell:Skip shell extension 'dsv' for command environment
[1.381s] DEBUG:colcon.colcon_core.event_handler.log_command:Invoking command in '/root/Dojo/Dojo/build/robot_interfaces': CMAKE_PREFIX_PATH=${CMAKE_PREFIX_PATH}:/root/Dojo/install/robot_hardware:/opt/ros/humble /usr/bin/cmake --build /root/Dojo/Dojo/build/robot_interfaces -- -j16 -l16
[1.688s] INFO:colcon.colcon_core.task.python.build:Building Python package in '/root/Dojo/Dojo/backup_packages/robot_sensors'
[1.688s] INFO:colcon.colcon_core.shell:Skip shell extension 'powershell' for command environment: Not usable outside of PowerShell
[1.688s] DEBUG:colcon.colcon_core.shell:Skip shell extension 'dsv' for command environment
[2.002s] INFO:colcon.colcon_core.task.python.build:Building Python package in '/root/Dojo/Dojo/backup_packages/ros2arduino_bridge'
[2.002s] INFO:colcon.colcon_core.shell:Skip shell extension 'powershell' for command environment: Not usable outside of PowerShell
[2.002s] DEBUG:colcon.colcon_core.shell:Skip shell extension 'dsv' for command environment
[2.014s] DEBUG:colcon.colcon_core.event_handler.log_command:Invoked command in '/root/Dojo/Dojo/build/robot_description' returned '0': CMAKE_PREFIX_PATH=${CMAKE_PREFIX_PATH}:/root/Dojo/install/robot_hardware:/opt/ros/humble /usr/bin/cmake --build /root/Dojo/Dojo/build/robot_description -- -j16 -l16
[2.022s] DEBUG:colcon.colcon_core.event_handler.log_command:Invoking command in '/root/Dojo/Dojo/build/robot_description': CMAKE_PREFIX_PATH=${CMAKE_PREFIX_PATH}:/root/Dojo/install/robot_hardware:/opt/ros/humble /usr/bin/cmake --install /root/Dojo/Dojo/build/robot_description
[2.022s] DEBUG:colcon.colcon_core.event_handler.log_command:Invoked command in '/root/Dojo/Dojo/build/robot_control' returned '0': CMAKE_PREFIX_PATH=${CMAKE_PREFIX_PATH}:/root/Dojo/install/robot_hardware:/opt/ros/humble /usr/bin/cmake --build /root/Dojo/Dojo/build/robot_control -- -j16 -l16
[2.023s] DEBUG:colcon.colcon_core.event_handler.log_command:Invoking command in '/root/Dojo/Dojo/build/robot_control': CMAKE_PREFIX_PATH=${CMAKE_PREFIX_PATH}:/root/Dojo/install/robot_hardware:/opt/ros/humble /usr/bin/cmake --install /root/Dojo/Dojo/build/robot_control
[2.326s] INFO:colcon.colcon_core.task.python.build:Building Python package in '/root/Dojo/Dojo/backup_packages/vision_system'
[2.326s] INFO:colcon.colcon_core.shell:Skip shell extension 'powershell' for command environment: Not usable outside of PowerShell
[2.326s] DEBUG:colcon.colcon_core.shell:Skip shell extension 'dsv' for command environment
[2.330s] DEBUG:colcon.colcon_core.event_handler.log_command:Invoked command in '/root/Dojo/Dojo/build/robot_interfaces' returned '0': CMAKE_PREFIX_PATH=${CMAKE_PREFIX_PATH}:/root/Dojo/install/robot_hardware:/opt/ros/humble /usr/bin/cmake --build /root/Dojo/Dojo/build/robot_interfaces -- -j16 -l16
[2.331s] DEBUG:colcon.colcon_core.event_handler.log_command:Invoking command in '/root/Dojo/Dojo/build/robot_interfaces': CMAKE_PREFIX_PATH=${CMAKE_PREFIX_PATH}:/root/Dojo/install/robot_hardware:/opt/ros/humble /usr/bin/cmake --install /root/Dojo/Dojo/build/robot_interfaces
[2.332s] DEBUG:colcon.colcon_core.event_handler.log_command:Invoked command in '/root/Dojo/Dojo/build/robot_perception' returned '0': /usr/bin/cmake --build /root/Dojo/Dojo/build/robot_perception -- -j16 -l16
[2.334s] DEBUG:colcon.colcon_core.event_handler.log_command:Invoking command in '/root/Dojo/Dojo/build/robot_perception': /usr/bin/cmake --install /root/Dojo/Dojo/build/robot_perception
[2.348s] Level 1:colcon.colcon_core.environment:create_environment_scripts_only(robot_control)
[2.355s] Level 1:colcon.colcon_core.environment:checking '/root/Dojo/Dojo/install/robot_control' for CMake module files
[2.357s] Level 1:colcon.colcon_core.environment:checking '/root/Dojo/Dojo/install/robot_control' for CMake config files
[2.358s] Level 1:colcon.colcon_core.shell:create_environment_hook('robot_control', 'cmake_prefix_path')
[2.358s] INFO:colcon.colcon_core.shell:Creating environment hook '/root/Dojo/Dojo/install/robot_control/share/robot_control/hook/cmake_prefix_path.ps1'
[2.359s] INFO:colcon.colcon_core.shell:Creating environment descriptor '/root/Dojo/Dojo/install/robot_control/share/robot_control/hook/cmake_prefix_path.dsv'
[2.360s] INFO:colcon.colcon_core.shell:Creating environment hook '/root/Dojo/Dojo/install/robot_control/share/robot_control/hook/cmake_prefix_path.sh'
[2.361s] Level 1:colcon.colcon_core.environment:checking '/root/Dojo/Dojo/install/robot_control/bin'
[2.361s] Level 1:colcon.colcon_core.environment:checking '/root/Dojo/Dojo/install/robot_control/lib/pkgconfig/robot_control.pc'
[2.362s] Level 1:colcon.colcon_core.environment:checking '/root/Dojo/Dojo/install/robot_control/lib/python3.10/site-packages'
[2.362s] Level 1:colcon.colcon_core.environment:checking '/root/Dojo/Dojo/install/robot_control/bin'
[2.363s] INFO:colcon.colcon_core.shell:Creating package script '/root/Dojo/Dojo/install/robot_control/share/robot_control/package.ps1'
[2.365s] INFO:colcon.colcon_core.shell:Creating package descriptor '/root/Dojo/Dojo/install/robot_control/share/robot_control/package.dsv'
[2.366s] INFO:colcon.colcon_core.shell:Creating package script '/root/Dojo/Dojo/install/robot_control/share/robot_control/package.sh'
[2.367s] INFO:colcon.colcon_core.shell:Creating package script '/root/Dojo/Dojo/install/robot_control/share/robot_control/package.bash'
[2.369s] INFO:colcon.colcon_core.shell:Creating package script '/root/Dojo/Dojo/install/robot_control/share/robot_control/package.zsh'
[2.370s] Level 1:colcon.colcon_core.environment:create_file_with_runtime_dependencies(/root/Dojo/Dojo/install/robot_control/share/colcon-core/packages/robot_control)
[2.371s] Level 1:colcon.colcon_core.environment:create_environment_scripts_only(robot_control)
[2.372s] Level 1:colcon.colcon_core.environment:checking '/root/Dojo/Dojo/install/robot_control' for CMake module files
[2.373s] Level 1:colcon.colcon_core.environment:checking '/root/Dojo/Dojo/install/robot_control' for CMake config files
[2.374s] Level 1:colcon.colcon_core.shell:create_environment_hook('robot_control', 'cmake_prefix_path')
[2.375s] INFO:colcon.colcon_core.shell:Creating environment hook '/root/Dojo/Dojo/install/robot_control/share/robot_control/hook/cmake_prefix_path.ps1'
[2.376s] INFO:colcon.colcon_core.shell:Creating environment descriptor '/root/Dojo/Dojo/install/robot_control/share/robot_control/hook/cmake_prefix_path.dsv'
[2.377s] INFO:colcon.colcon_core.shell:Creating environment hook '/root/Dojo/Dojo/install/robot_control/share/robot_control/hook/cmake_prefix_path.sh'
[2.378s] Level 1:colcon.colcon_core.environment:checking '/root/Dojo/Dojo/install/robot_control/bin'
[2.378s] Level 1:colcon.colcon_core.environment:checking '/root/Dojo/Dojo/install/robot_control/lib/pkgconfig/robot_control.pc'
[2.378s] Level 1:colcon.colcon_core.environment:checking '/root/Dojo/Dojo/install/robot_control/lib/python3.10/site-packages'
[2.379s] Level 1:colcon.colcon_core.environment:checking '/root/Dojo/Dojo/install/robot_control/bin'
[2.380s] INFO:colcon.colcon_core.shell:Creating package script '/root/Dojo/Dojo/install/robot_control/share/robot_control/package.ps1'
[2.381s] INFO:colcon.colcon_core.shell:Creating package descriptor '/root/Dojo/Dojo/install/robot_control/share/robot_control/package.dsv'
[2.382s] INFO:colcon.colcon_core.shell:Creating package script '/root/Dojo/Dojo/install/robot_control/share/robot_control/package.sh'
[2.383s] INFO:colcon.colcon_core.shell:Creating package script '/root/Dojo/Dojo/install/robot_control/share/robot_control/package.bash'
[2.384s] INFO:colcon.colcon_core.shell:Creating package script '/root/Dojo/Dojo/install/robot_control/share/robot_control/package.zsh'
[2.385s] Level 1:colcon.colcon_core.environment:create_file_with_runtime_dependencies(/root/Dojo/Dojo/install/robot_control/share/colcon-core/packages/robot_control)
[2.386s] Level 1:colcon.colcon_core.environment:create_environment_scripts_only(robot_description)
[2.386s] Level 1:colcon.colcon_core.environment:checking '/root/Dojo/Dojo/install/robot_description' for CMake module files
[2.388s] Level 1:colcon.colcon_core.environment:checking '/root/Dojo/Dojo/install/robot_description' for CMake config files
[2.389s] Level 1:colcon.colcon_core.shell:create_environment_hook('robot_description', 'cmake_prefix_path')
[2.389s] INFO:colcon.colcon_core.shell:Creating environment hook '/root/Dojo/Dojo/install/robot_description/share/robot_description/hook/cmake_prefix_path.ps1'
[2.390s] INFO:colcon.colcon_core.shell:Creating environment descriptor '/root/Dojo/Dojo/install/robot_description/share/robot_description/hook/cmake_prefix_path.dsv'
[2.391s] INFO:colcon.colcon_core.shell:Creating environment hook '/root/Dojo/Dojo/install/robot_description/share/robot_description/hook/cmake_prefix_path.sh'
[2.392s] Level 1:colcon.colcon_core.environment:checking '/root/Dojo/Dojo/install/robot_description/lib'
[2.392s] Level 1:colcon.colcon_core.environment:checking '/root/Dojo/Dojo/install/robot_description/bin'
[2.393s] Level 1:colcon.colcon_core.environment:checking '/root/Dojo/Dojo/install/robot_description/lib/pkgconfig/robot_description.pc'
[2.393s] Level 1:colcon.colcon_core.environment:checking '/root/Dojo/Dojo/install/robot_description/lib/python3.10/site-packages'
[2.393s] Level 1:colcon.colcon_core.shell:create_environment_hook('robot_description', 'pythonpath')
[2.393s] INFO:colcon.colcon_core.shell:Creating environment hook '/root/Dojo/Dojo/install/robot_description/share/robot_description/hook/pythonpath.ps1'
[2.394s] DEBUG:colcon.colcon_core.event_handler.log_command:Invoked command in '/root/Dojo/Dojo/build/robot_control' returned '0': CMAKE_PREFIX_PATH=${CMAKE_PREFIX_PATH}:/root/Dojo/install/robot_hardware:/opt/ros/humble /usr/bin/cmake --install /root/Dojo/Dojo/build/robot_control
[2.394s] INFO:colcon.colcon_core.shell:Creating environment descriptor '/root/Dojo/Dojo/install/robot_description/share/robot_description/hook/pythonpath.dsv'
[2.395s] INFO:colcon.colcon_core.shell:Creating environment hook '/root/Dojo/Dojo/install/robot_description/share/robot_description/hook/pythonpath.sh'
[2.396s] Level 1:colcon.colcon_core.environment:checking '/root/Dojo/Dojo/install/robot_description/bin'
[2.396s] INFO:colcon.colcon_core.shell:Creating package script '/root/Dojo/Dojo/install/robot_description/share/robot_description/package.ps1'
[2.397s] INFO:colcon.colcon_core.shell:Creating package descriptor '/root/Dojo/Dojo/install/robot_description/share/robot_description/package.dsv'
[2.398s] INFO:colcon.colcon_core.shell:Creating package script '/root/Dojo/Dojo/install/robot_description/share/robot_description/package.sh'
[2.399s] INFO:colcon.colcon_core.shell:Creating package script '/root/Dojo/Dojo/install/robot_description/share/robot_description/package.bash'
[2.399s] INFO:colcon.colcon_core.shell:Creating package script '/root/Dojo/Dojo/install/robot_description/share/robot_description/package.zsh'
[2.400s] Level 1:colcon.colcon_core.environment:create_file_with_runtime_dependencies(/root/Dojo/Dojo/install/robot_description/share/colcon-core/packages/robot_description)
[2.401s] Level 1:colcon.colcon_core.environment:create_environment_scripts_only(robot_description)
[2.402s] Level 1:colcon.colcon_core.environment:checking '/root/Dojo/Dojo/install/robot_description' for CMake module files
[2.404s] Level 1:colcon.colcon_core.environment:checking '/root/Dojo/Dojo/install/robot_description' for CMake config files
[2.405s] Level 1:colcon.colcon_core.shell:create_environment_hook('robot_description', 'cmake_prefix_path')
[2.405s] INFO:colcon.colcon_core.shell:Creating environment hook '/root/Dojo/Dojo/install/robot_description/share/robot_description/hook/cmake_prefix_path.ps1'
[2.406s] INFO:colcon.colcon_core.shell:Creating environment descriptor '/root/Dojo/Dojo/install/robot_description/share/robot_description/hook/cmake_prefix_path.dsv'
[2.407s] INFO:colcon.colcon_core.shell:Creating environment hook '/root/Dojo/Dojo/install/robot_description/share/robot_description/hook/cmake_prefix_path.sh'
[2.408s] Level 1:colcon.colcon_core.environment:checking '/root/Dojo/Dojo/install/robot_description/lib'
[2.408s] Level 1:colcon.colcon_core.environment:checking '/root/Dojo/Dojo/install/robot_description/bin'
[2.408s] Level 1:colcon.colcon_core.environment:checking '/root/Dojo/Dojo/install/robot_description/lib/pkgconfig/robot_description.pc'
[2.409s] Level 1:colcon.colcon_core.environment:checking '/root/Dojo/Dojo/install/robot_description/lib/python3.10/site-packages'
[2.409s] Level 1:colcon.colcon_core.shell:create_environment_hook('robot_description', 'pythonpath')
[2.409s] INFO:colcon.colcon_core.shell:Creating environment hook '/root/Dojo/Dojo/install/robot_description/share/robot_description/hook/pythonpath.ps1'
[2.410s] INFO:colcon.colcon_core.shell:Creating environment descriptor '/root/Dojo/Dojo/install/robot_description/share/robot_description/hook/pythonpath.dsv'
[2.411s] INFO:colcon.colcon_core.shell:Creating environment hook '/root/Dojo/Dojo/install/robot_description/share/robot_description/hook/pythonpath.sh'
[2.412s] Level 1:colcon.colcon_core.environment:checking '/root/Dojo/Dojo/install/robot_description/bin'
[2.412s] INFO:colcon.colcon_core.shell:Creating package script '/root/Dojo/Dojo/install/robot_description/share/robot_description/package.ps1'
[2.413s] INFO:colcon.colcon_core.shell:Creating package descriptor '/root/Dojo/Dojo/install/robot_description/share/robot_description/package.dsv'
[2.414s] INFO:colcon.colcon_core.shell:Creating package script '/root/Dojo/Dojo/install/robot_description/share/robot_description/package.sh'
[2.415s] INFO:colcon.colcon_core.shell:Creating package script '/root/Dojo/Dojo/install/robot_description/share/robot_description/package.bash'
[2.416s] INFO:colcon.colcon_core.shell:Creating package script '/root/Dojo/Dojo/install/robot_description/share/robot_description/package.zsh'
[2.417s] Level 1:colcon.colcon_core.environment:create_file_with_runtime_dependencies(/root/Dojo/Dojo/install/robot_description/share/colcon-core/packages/robot_description)
[2.418s] INFO:colcon.colcon_ros.task.ament_cmake.build:Building ROS package in '/root/Dojo/Dojo/src/robot_navigation' with build type 'ament_cmake'
[2.418s] INFO:colcon.colcon_cmake.task.cmake.build:Building CMake package in '/root/Dojo/Dojo/src/robot_navigation'
[2.419s] INFO:colcon.colcon_core.shell:Skip shell extension 'powershell' for command environment: Not usable outside of PowerShell
[2.419s] DEBUG:colcon.colcon_core.shell:Skip shell extension 'dsv' for command environment
[2.432s] INFO:colcon.colcon_ros.task.ament_cmake.build:Building ROS package in '/root/Dojo/Dojo/src/robot_gazebo' with build type 'ament_cmake'
[2.432s] INFO:colcon.colcon_cmake.task.cmake.build:Building CMake package in '/root/Dojo/Dojo/src/robot_gazebo'
[2.432s] INFO:colcon.colcon_core.shell:Skip shell extension 'powershell' for command environment: Not usable outside of PowerShell
[2.432s] DEBUG:colcon.colcon_core.shell:Skip shell extension 'dsv' for command environment
[2.443s] INFO:colcon.colcon_ros.task.ament_python.build:Building ROS package in '/root/Dojo/Dojo/src/robot_launch' with build type 'ament_python'
[2.443s] Level 1:colcon.colcon_core.shell:create_environment_hook('robot_launch', 'ament_prefix_path')
[2.444s] INFO:colcon.colcon_core.shell:Creating environment hook '/root/Dojo/Dojo/install/robot_launch/share/robot_launch/hook/ament_prefix_path.ps1'
[2.445s] INFO:colcon.colcon_core.shell:Creating environment descriptor '/root/Dojo/Dojo/install/robot_launch/share/robot_launch/hook/ament_prefix_path.dsv'
[2.446s] INFO:colcon.colcon_core.shell:Creating environment hook '/root/Dojo/Dojo/install/robot_launch/share/robot_launch/hook/ament_prefix_path.sh'
[2.447s] INFO:colcon.colcon_core.shell:Skip shell extension 'powershell' for command environment: Not usable outside of PowerShell
[2.447s] DEBUG:colcon.colcon_core.shell:Skip shell extension 'dsv' for command environment
[2.452s] DEBUG:colcon.colcon_core.event_handler.log_command:Invoked command in '/root/Dojo/Dojo/build/robot_description' returned '0': CMAKE_PREFIX_PATH=${CMAKE_PREFIX_PATH}:/root/Dojo/install/robot_hardware:/opt/ros/humble /usr/bin/cmake --install /root/Dojo/Dojo/build/robot_description
[2.464s] Level 1:colcon.colcon_core.environment:create_environment_scripts_only(robot_perception)
[2.465s] Level 1:colcon.colcon_core.environment:checking '/root/Dojo/Dojo/install/robot_perception' for CMake module files
[2.466s] DEBUG:colcon.colcon_core.event_handler.log_command:Invoked command in '/root/Dojo/Dojo/build/robot_perception' returned '0': /usr/bin/cmake --install /root/Dojo/Dojo/build/robot_perception
[2.466s] Level 1:colcon.colcon_core.environment:checking '/root/Dojo/Dojo/install/robot_perception' for CMake config files
[2.467s] Level 1:colcon.colcon_core.shell:create_environment_hook('robot_perception', 'cmake_prefix_path')
[2.467s] INFO:colcon.colcon_core.shell:Creating environment hook '/root/Dojo/Dojo/install/robot_perception/share/robot_perception/hook/cmake_prefix_path.ps1'
[2.468s] INFO:colcon.colcon_core.shell:Creating environment descriptor '/root/Dojo/Dojo/install/robot_perception/share/robot_perception/hook/cmake_prefix_path.dsv'
[2.468s] INFO:colcon.colcon_core.shell:Creating environment hook '/root/Dojo/Dojo/install/robot_perception/share/robot_perception/hook/cmake_prefix_path.sh'
[2.469s] Level 1:colcon.colcon_core.environment:checking '/root/Dojo/Dojo/install/robot_perception/lib'
[2.469s] Level 1:colcon.colcon_core.environment:checking '/root/Dojo/Dojo/install/robot_perception/bin'
[2.469s] Level 1:colcon.colcon_core.environment:checking '/root/Dojo/Dojo/install/robot_perception/lib/pkgconfig/robot_perception.pc'
[2.469s] Level 1:colcon.colcon_core.environment:checking '/root/Dojo/Dojo/install/robot_perception/lib/python3.10/site-packages'
[2.470s] Level 1:colcon.colcon_core.environment:checking '/root/Dojo/Dojo/install/robot_perception/bin'
[2.470s] INFO:colcon.colcon_core.shell:Creating package script '/root/Dojo/Dojo/install/robot_perception/share/robot_perception/package.ps1'
[2.471s] INFO:colcon.colcon_core.shell:Creating package descriptor '/root/Dojo/Dojo/install/robot_perception/share/robot_perception/package.dsv'
[2.471s] INFO:colcon.colcon_core.shell:Creating package script '/root/Dojo/Dojo/install/robot_perception/share/robot_perception/package.sh'
[2.472s] INFO:colcon.colcon_core.shell:Creating package script '/root/Dojo/Dojo/install/robot_perception/share/robot_perception/package.bash'
[2.472s] INFO:colcon.colcon_core.shell:Creating package script '/root/Dojo/Dojo/install/robot_perception/share/robot_perception/package.zsh'
[2.473s] Level 1:colcon.colcon_core.environment:create_file_with_runtime_dependencies(/root/Dojo/Dojo/install/robot_perception/share/colcon-core/packages/robot_perception)
[2.473s] Level 1:colcon.colcon_core.environment:create_environment_scripts_only(robot_interfaces)
[2.474s] Level 1:colcon.colcon_core.environment:checking '/root/Dojo/Dojo/install/robot_interfaces' for CMake module files
[2.475s] DEBUG:colcon.colcon_core.event_handler.log_command:Invoked command in '/root/Dojo/Dojo/build/robot_interfaces' returned '0': CMAKE_PREFIX_PATH=${CMAKE_PREFIX_PATH}:/root/Dojo/install/robot_hardware:/opt/ros/humble /usr/bin/cmake --install /root/Dojo/Dojo/build/robot_interfaces
[2.476s] Level 1:colcon.colcon_core.environment:checking '/root/Dojo/Dojo/install/robot_interfaces' for CMake config files
[2.477s] Level 1:colcon.colcon_core.shell:create_environment_hook('robot_interfaces', 'cmake_prefix_path')
[2.478s] INFO:colcon.colcon_core.shell:Creating environment hook '/root/Dojo/Dojo/install/robot_interfaces/share/robot_interfaces/hook/cmake_prefix_path.ps1'
[2.479s] INFO:colcon.colcon_core.shell:Creating environment descriptor '/root/Dojo/Dojo/install/robot_interfaces/share/robot_interfaces/hook/cmake_prefix_path.dsv'
[2.479s] INFO:colcon.colcon_core.shell:Creating environment hook '/root/Dojo/Dojo/install/robot_interfaces/share/robot_interfaces/hook/cmake_prefix_path.sh'
[2.480s] Level 1:colcon.colcon_core.environment:checking '/root/Dojo/Dojo/install/robot_interfaces/lib'
[2.480s] Level 1:colcon.colcon_core.shell:create_environment_hook('robot_interfaces', 'ld_library_path_lib')
[2.480s] INFO:colcon.colcon_core.shell:Creating environment hook '/root/Dojo/Dojo/install/robot_interfaces/share/robot_interfaces/hook/ld_library_path_lib.ps1'
[2.481s] INFO:colcon.colcon_core.shell:Creating environment descriptor '/root/Dojo/Dojo/install/robot_interfaces/share/robot_interfaces/hook/ld_library_path_lib.dsv'
[2.481s] INFO:colcon.colcon_core.shell:Creating environment hook '/root/Dojo/Dojo/install/robot_interfaces/share/robot_interfaces/hook/ld_library_path_lib.sh'
[2.482s] Level 1:colcon.colcon_core.environment:checking '/root/Dojo/Dojo/install/robot_interfaces/bin'
[2.482s] Level 1:colcon.colcon_core.environment:checking '/root/Dojo/Dojo/install/robot_interfaces/lib/pkgconfig/robot_interfaces.pc'
[2.482s] Level 1:colcon.colcon_core.environment:checking '/root/Dojo/Dojo/install/robot_interfaces/lib/python3.10/site-packages'
[2.483s] Level 1:colcon.colcon_core.environment:checking '/root/Dojo/Dojo/install/robot_interfaces/bin'
[2.483s] INFO:colcon.colcon_core.shell:Creating package script '/root/Dojo/Dojo/install/robot_interfaces/share/robot_interfaces/package.ps1'
[2.484s] INFO:colcon.colcon_core.shell:Creating package descriptor '/root/Dojo/Dojo/install/robot_interfaces/share/robot_interfaces/package.dsv'
[2.485s] INFO:colcon.colcon_core.shell:Creating package script '/root/Dojo/Dojo/install/robot_interfaces/share/robot_interfaces/package.sh'
[2.485s] INFO:colcon.colcon_core.shell:Creating package script '/root/Dojo/Dojo/install/robot_interfaces/share/robot_interfaces/package.bash'
[2.486s] INFO:colcon.colcon_core.shell:Creating package script '/root/Dojo/Dojo/install/robot_interfaces/share/robot_interfaces/package.zsh'
[2.486s] Level 1:colcon.colcon_core.environment:create_file_with_runtime_dependencies(/root/Dojo/Dojo/install/robot_interfaces/share/colcon-core/packages/robot_interfaces)
[2.487s] Level 1:colcon.colcon_core.environment:create_environment_scripts_only(robot_interfaces)
[2.487s] Level 1:colcon.colcon_core.environment:checking '/root/Dojo/Dojo/install/robot_interfaces' for CMake module files
[2.488s] Level 1:colcon.colcon_core.environment:checking '/root/Dojo/Dojo/install/robot_interfaces' for CMake config files
[2.490s] Level 1:colcon.colcon_core.shell:create_environment_hook('robot_interfaces', 'cmake_prefix_path')
[2.490s] INFO:colcon.colcon_core.shell:Creating environment hook '/root/Dojo/Dojo/install/robot_interfaces/share/robot_interfaces/hook/cmake_prefix_path.ps1'
[2.491s] INFO:colcon.colcon_core.shell:Creating environment descriptor '/root/Dojo/Dojo/install/robot_interfaces/share/robot_interfaces/hook/cmake_prefix_path.dsv'
[2.492s] INFO:colcon.colcon_core.shell:Creating environment hook '/root/Dojo/Dojo/install/robot_interfaces/share/robot_interfaces/hook/cmake_prefix_path.sh'
[2.492s] Level 1:colcon.colcon_core.environment:checking '/root/Dojo/Dojo/install/robot_interfaces/lib'
[2.492s] Level 1:colcon.colcon_core.shell:create_environment_hook('robot_interfaces', 'ld_library_path_lib')
[2.493s] INFO:colcon.colcon_core.shell:Creating environment hook '/root/Dojo/Dojo/install/robot_interfaces/share/robot_interfaces/hook/ld_library_path_lib.ps1'
[2.493s] INFO:colcon.colcon_core.shell:Creating environment descriptor '/root/Dojo/Dojo/install/robot_interfaces/share/robot_interfaces/hook/ld_library_path_lib.dsv'
[2.494s] INFO:colcon.colcon_core.shell:Creating environment hook '/root/Dojo/Dojo/install/robot_interfaces/share/robot_interfaces/hook/ld_library_path_lib.sh'
[2.494s] Level 1:colcon.colcon_core.environment:checking '/root/Dojo/Dojo/install/robot_interfaces/bin'
[2.494s] Level 1:colcon.colcon_core.environment:checking '/root/Dojo/Dojo/install/robot_interfaces/lib/pkgconfig/robot_interfaces.pc'
[2.495s] Level 1:colcon.colcon_core.environment:checking '/root/Dojo/Dojo/install/robot_interfaces/lib/python3.10/site-packages'
[2.495s] Level 1:colcon.colcon_core.environment:checking '/root/Dojo/Dojo/install/robot_interfaces/bin'
[2.495s] INFO:colcon.colcon_core.shell:Creating package script '/root/Dojo/Dojo/install/robot_interfaces/share/robot_interfaces/package.ps1'
[2.496s] INFO:colcon.colcon_core.shell:Creating package descriptor '/root/Dojo/Dojo/install/robot_interfaces/share/robot_interfaces/package.dsv'
[2.497s] INFO:colcon.colcon_core.shell:Creating package script '/root/Dojo/Dojo/install/robot_interfaces/share/robot_interfaces/package.sh'
[2.498s] INFO:colcon.colcon_core.shell:Creating package script '/root/Dojo/Dojo/install/robot_interfaces/share/robot_interfaces/package.bash'
[2.498s] INFO:colcon.colcon_core.shell:Creating package script '/root/Dojo/Dojo/install/robot_interfaces/share/robot_interfaces/package.zsh'
[2.499s] Level 1:colcon.colcon_core.environment:create_file_with_runtime_dependencies(/root/Dojo/Dojo/install/robot_interfaces/share/colcon-core/packages/robot_interfaces)
[2.503s] DEBUG:colcon.colcon_core.event_handler.log_command:Invoking command in '/root/Dojo/Dojo/build/robot_navigation': AMENT_PREFIX_PATH=/root/Dojo/Dojo/install/robot_description:/root/Dojo/Dojo/install/robot_control:${AMENT_PREFIX_PATH} CMAKE_PREFIX_PATH=/root/Dojo/Dojo/install/robot_description:/root/Dojo/Dojo/install/robot_control:/root/Dojo/install/robot_perception:/root/Dojo/install/robot_hardware:/opt/ros/humble PYTHONPATH=/root/Dojo/Dojo/install/robot_description/lib/python3.10/site-packages:${PYTHONPATH} /usr/bin/cmake --build /root/Dojo/Dojo/build/robot_navigation -- -j16 -l16
[2.506s] DEBUG:colcon.colcon_core.event_handler.log_command:Invoking command in '/root/Dojo/Dojo/build/robot_gazebo': AMENT_PREFIX_PATH=/root/Dojo/Dojo/install/robot_description:/root/Dojo/Dojo/install/robot_control:${AMENT_PREFIX_PATH} CMAKE_PREFIX_PATH=/root/Dojo/Dojo/install/robot_description:/root/Dojo/Dojo/install/robot_control:/root/Dojo/install/robot_perception:/root/Dojo/install/robot_hardware:/opt/ros/humble PYTHONPATH=/root/Dojo/Dojo/install/robot_description/lib/python3.10/site-packages:${PYTHONPATH} /usr/bin/cmake --build /root/Dojo/Dojo/build/robot_gazebo -- -j16 -l16
[2.870s] INFO:colcon.colcon_core.task.python.build:Building Python package in '/root/Dojo/Dojo/src/robot_launch'
[2.871s] INFO:colcon.colcon_core.shell:Skip shell extension 'powershell' for command environment: Not usable outside of PowerShell
[2.871s] DEBUG:colcon.colcon_core.shell:Skip shell extension 'dsv' for command environment
[2.877s] DEBUG:colcon.colcon_core.event_handler.log_command:Invoked command in '/root/Dojo/Dojo/build/robot_navigation' returned '0': AMENT_PREFIX_PATH=/root/Dojo/Dojo/install/robot_description:/root/Dojo/Dojo/install/robot_control:${AMENT_PREFIX_PATH} CMAKE_PREFIX_PATH=/root/Dojo/Dojo/install/robot_description:/root/Dojo/Dojo/install/robot_control:/root/Dojo/install/robot_perception:/root/Dojo/install/robot_hardware:/opt/ros/humble PYTHONPATH=/root/Dojo/Dojo/install/robot_description/lib/python3.10/site-packages:${PYTHONPATH} /usr/bin/cmake --build /root/Dojo/Dojo/build/robot_navigation -- -j16 -l16
[2.879s] DEBUG:colcon.colcon_core.event_handler.log_command:Invoking command in '/root/Dojo/Dojo/build/robot_navigation': AMENT_PREFIX_PATH=/root/Dojo/Dojo/install/robot_description:/root/Dojo/Dojo/install/robot_control:${AMENT_PREFIX_PATH} CMAKE_PREFIX_PATH=/root/Dojo/Dojo/install/robot_description:/root/Dojo/Dojo/install/robot_control:/root/Dojo/install/robot_perception:/root/Dojo/install/robot_hardware:/opt/ros/humble PYTHONPATH=/root/Dojo/Dojo/install/robot_description/lib/python3.10/site-packages:${PYTHONPATH} /usr/bin/cmake --install /root/Dojo/Dojo/build/robot_navigation
[2.880s] DEBUG:colcon.colcon_core.event_handler.log_command:Invoked command in '/root/Dojo/Dojo/build/robot_gazebo' returned '0': AMENT_PREFIX_PATH=/root/Dojo/Dojo/install/robot_description:/root/Dojo/Dojo/install/robot_control:${AMENT_PREFIX_PATH} CMAKE_PREFIX_PATH=/root/Dojo/Dojo/install/robot_description:/root/Dojo/Dojo/install/robot_control:/root/Dojo/install/robot_perception:/root/Dojo/install/robot_hardware:/opt/ros/humble PYTHONPATH=/root/Dojo/Dojo/install/robot_description/lib/python3.10/site-packages:${PYTHONPATH} /usr/bin/cmake --build /root/Dojo/Dojo/build/robot_gazebo -- -j16 -l16
[2.882s] DEBUG:colcon.colcon_core.event_handler.log_command:Invoking command in '/root/Dojo/Dojo/build/robot_gazebo': AMENT_PREFIX_PATH=/root/Dojo/Dojo/install/robot_description:/root/Dojo/Dojo/install/robot_control:${AMENT_PREFIX_PATH} CMAKE_PREFIX_PATH=/root/Dojo/Dojo/install/robot_description:/root/Dojo/Dojo/install/robot_control:/root/Dojo/install/robot_perception:/root/Dojo/install/robot_hardware:/opt/ros/humble PYTHONPATH=/root/Dojo/Dojo/install/robot_description/lib/python3.10/site-packages:${PYTHONPATH} /usr/bin/cmake --install /root/Dojo/Dojo/build/robot_gazebo
[2.918s] Level 1:colcon.colcon_core.environment:create_environment_scripts_only(robot_navigation)
[2.919s] Level 1:colcon.colcon_core.environment:checking '/root/Dojo/Dojo/install/robot_navigation' for CMake module files
[2.920s] DEBUG:colcon.colcon_core.event_handler.log_command:Invoked command in '/root/Dojo/Dojo/build/robot_navigation' returned '0': AMENT_PREFIX_PATH=/root/Dojo/Dojo/install/robot_description:/root/Dojo/Dojo/install/robot_control:${AMENT_PREFIX_PATH} CMAKE_PREFIX_PATH=/root/Dojo/Dojo/install/robot_description:/root/Dojo/Dojo/install/robot_control:/root/Dojo/install/robot_perception:/root/Dojo/install/robot_hardware:/opt/ros/humble PYTHONPATH=/root/Dojo/Dojo/install/robot_description/lib/python3.10/site-packages:${PYTHONPATH} /usr/bin/cmake --install /root/Dojo/Dojo/build/robot_navigation
[2.920s] Level 1:colcon.colcon_core.environment:checking '/root/Dojo/Dojo/install/robot_navigation' for CMake config files
[2.921s] Level 1:colcon.colcon_core.shell:create_environment_hook('robot_navigation', 'cmake_prefix_path')
[2.921s] INFO:colcon.colcon_core.shell:Creating environment hook '/root/Dojo/Dojo/install/robot_navigation/share/robot_navigation/hook/cmake_prefix_path.ps1'
[2.922s] INFO:colcon.colcon_core.shell:Creating environment descriptor '/root/Dojo/Dojo/install/robot_navigation/share/robot_navigation/hook/cmake_prefix_path.dsv'
[2.924s] INFO:colcon.colcon_core.shell:Creating environment hook '/root/Dojo/Dojo/install/robot_navigation/share/robot_navigation/hook/cmake_prefix_path.sh'
[2.925s] Level 1:colcon.colcon_core.environment:checking '/root/Dojo/Dojo/install/robot_navigation/bin'
[2.926s] Level 1:colcon.colcon_core.environment:checking '/root/Dojo/Dojo/install/robot_navigation/lib/pkgconfig/robot_navigation.pc'
[2.926s] Level 1:colcon.colcon_core.environment:checking '/root/Dojo/Dojo/install/robot_navigation/lib/python3.10/site-packages'
[2.926s] Level 1:colcon.colcon_core.environment:checking '/root/Dojo/Dojo/install/robot_navigation/bin'
[2.927s] INFO:colcon.colcon_core.shell:Creating package script '/root/Dojo/Dojo/install/robot_navigation/share/robot_navigation/package.ps1'
[2.927s] INFO:colcon.colcon_core.shell:Creating package descriptor '/root/Dojo/Dojo/install/robot_navigation/share/robot_navigation/package.dsv'
[2.928s] INFO:colcon.colcon_core.shell:Creating package script '/root/Dojo/Dojo/install/robot_navigation/share/robot_navigation/package.sh'
[2.929s] INFO:colcon.colcon_core.shell:Creating package script '/root/Dojo/Dojo/install/robot_navigation/share/robot_navigation/package.bash'
[2.929s] INFO:colcon.colcon_core.shell:Creating package script '/root/Dojo/Dojo/install/robot_navigation/share/robot_navigation/package.zsh'
[2.930s] Level 1:colcon.colcon_core.environment:create_file_with_runtime_dependencies(/root/Dojo/Dojo/install/robot_navigation/share/colcon-core/packages/robot_navigation)
[2.931s] Level 1:colcon.colcon_core.environment:create_environment_scripts_only(robot_navigation)
[2.931s] Level 1:colcon.colcon_core.environment:checking '/root/Dojo/Dojo/install/robot_navigation' for CMake module files
[2.932s] Level 1:colcon.colcon_core.environment:checking '/root/Dojo/Dojo/install/robot_navigation' for CMake config files
[2.933s] Level 1:colcon.colcon_core.shell:create_environment_hook('robot_navigation', 'cmake_prefix_path')
[2.933s] INFO:colcon.colcon_core.shell:Creating environment hook '/root/Dojo/Dojo/install/robot_navigation/share/robot_navigation/hook/cmake_prefix_path.ps1'
[2.933s] INFO:colcon.colcon_core.shell:Creating environment descriptor '/root/Dojo/Dojo/install/robot_navigation/share/robot_navigation/hook/cmake_prefix_path.dsv'
[2.934s] INFO:colcon.colcon_core.shell:Creating environment hook '/root/Dojo/Dojo/install/robot_navigation/share/robot_navigation/hook/cmake_prefix_path.sh'
[2.935s] Level 1:colcon.colcon_core.environment:checking '/root/Dojo/Dojo/install/robot_navigation/bin'
[2.935s] Level 1:colcon.colcon_core.environment:checking '/root/Dojo/Dojo/install/robot_navigation/lib/pkgconfig/robot_navigation.pc'
[2.935s] Level 1:colcon.colcon_core.environment:checking '/root/Dojo/Dojo/install/robot_navigation/lib/python3.10/site-packages'
[2.935s] Level 1:colcon.colcon_core.environment:checking '/root/Dojo/Dojo/install/robot_navigation/bin'
[2.936s] INFO:colcon.colcon_core.shell:Creating package script '/root/Dojo/Dojo/install/robot_navigation/share/robot_navigation/package.ps1'
[2.937s] INFO:colcon.colcon_core.shell:Creating package descriptor '/root/Dojo/Dojo/install/robot_navigation/share/robot_navigation/package.dsv'
[2.937s] INFO:colcon.colcon_core.shell:Creating package script '/root/Dojo/Dojo/install/robot_navigation/share/robot_navigation/package.sh'
[2.938s] INFO:colcon.colcon_core.shell:Creating package script '/root/Dojo/Dojo/install/robot_navigation/share/robot_navigation/package.bash'
[2.938s] INFO:colcon.colcon_core.shell:Creating package script '/root/Dojo/Dojo/install/robot_navigation/share/robot_navigation/package.zsh'
[2.939s] Level 1:colcon.colcon_core.environment:create_file_with_runtime_dependencies(/root/Dojo/Dojo/install/robot_navigation/share/colcon-core/packages/robot_navigation)
[2.940s] Level 1:colcon.colcon_core.environment:create_environment_scripts_only(robot_gazebo)
[2.941s] Level 1:colcon.colcon_core.environment:checking '/root/Dojo/Dojo/install/robot_gazebo' for CMake module files
[2.942s] DEBUG:colcon.colcon_core.event_handler.log_command:Invoked command in '/root/Dojo/Dojo/build/robot_gazebo' returned '0': AMENT_PREFIX_PATH=/root/Dojo/Dojo/install/robot_description:/root/Dojo/Dojo/install/robot_control:${AMENT_PREFIX_PATH} CMAKE_PREFIX_PATH=/root/Dojo/Dojo/install/robot_description:/root/Dojo/Dojo/install/robot_control:/root/Dojo/install/robot_perception:/root/Dojo/install/robot_hardware:/opt/ros/humble PYTHONPATH=/root/Dojo/Dojo/install/robot_description/lib/python3.10/site-packages:${PYTHONPATH} /usr/bin/cmake --install /root/Dojo/Dojo/build/robot_gazebo
[2.942s] Level 1:colcon.colcon_core.environment:checking '/root/Dojo/Dojo/install/robot_gazebo' for CMake config files
[2.942s] Level 1:colcon.colcon_core.shell:create_environment_hook('robot_gazebo', 'cmake_prefix_path')
[2.943s] INFO:colcon.colcon_core.shell:Creating environment hook '/root/Dojo/Dojo/install/robot_gazebo/share/robot_gazebo/hook/cmake_prefix_path.ps1'
[2.943s] INFO:colcon.colcon_core.shell:Creating environment descriptor '/root/Dojo/Dojo/install/robot_gazebo/share/robot_gazebo/hook/cmake_prefix_path.dsv'
[2.944s] INFO:colcon.colcon_core.shell:Creating environment hook '/root/Dojo/Dojo/install/robot_gazebo/share/robot_gazebo/hook/cmake_prefix_path.sh'
[2.944s] Level 1:colcon.colcon_core.environment:checking '/root/Dojo/Dojo/install/robot_gazebo/lib'
[2.945s] Level 1:colcon.colcon_core.environment:checking '/root/Dojo/Dojo/install/robot_gazebo/bin'
[2.945s] Level 1:colcon.colcon_core.environment:checking '/root/Dojo/Dojo/install/robot_gazebo/lib/pkgconfig/robot_gazebo.pc'
[2.945s] Level 1:colcon.colcon_core.environment:checking '/root/Dojo/Dojo/install/robot_gazebo/lib/python3.10/site-packages'
[2.945s] Level 1:colcon.colcon_core.environment:checking '/root/Dojo/Dojo/install/robot_gazebo/bin'
[2.946s] INFO:colcon.colcon_core.shell:Creating package script '/root/Dojo/Dojo/install/robot_gazebo/share/robot_gazebo/package.ps1'
[2.946s] INFO:colcon.colcon_core.shell:Creating package descriptor '/root/Dojo/Dojo/install/robot_gazebo/share/robot_gazebo/package.dsv'
[2.947s] INFO:colcon.colcon_core.shell:Creating package script '/root/Dojo/Dojo/install/robot_gazebo/share/robot_gazebo/package.sh'
[2.947s] INFO:colcon.colcon_core.shell:Creating package script '/root/Dojo/Dojo/install/robot_gazebo/share/robot_gazebo/package.bash'
[2.947s] INFO:colcon.colcon_core.shell:Creating package script '/root/Dojo/Dojo/install/robot_gazebo/share/robot_gazebo/package.zsh'
[2.948s] Level 1:colcon.colcon_core.environment:create_file_with_runtime_dependencies(/root/Dojo/Dojo/install/robot_gazebo/share/colcon-core/packages/robot_gazebo)
[2.949s] Level 1:colcon.colcon_core.environment:create_environment_scripts_only(robot_gazebo)
[2.949s] Level 1:colcon.colcon_core.environment:checking '/root/Dojo/Dojo/install/robot_gazebo' for CMake module files
[2.949s] Level 1:colcon.colcon_core.environment:checking '/root/Dojo/Dojo/install/robot_gazebo' for CMake config files
[2.950s] Level 1:colcon.colcon_core.shell:create_environment_hook('robot_gazebo', 'cmake_prefix_path')
[2.950s] INFO:colcon.colcon_core.shell:Creating environment hook '/root/Dojo/Dojo/install/robot_gazebo/share/robot_gazebo/hook/cmake_prefix_path.ps1'
[2.951s] INFO:colcon.colcon_core.shell:Creating environment descriptor '/root/Dojo/Dojo/install/robot_gazebo/share/robot_gazebo/hook/cmake_prefix_path.dsv'
[2.951s] INFO:colcon.colcon_core.shell:Creating environment hook '/root/Dojo/Dojo/install/robot_gazebo/share/robot_gazebo/hook/cmake_prefix_path.sh'
[2.951s] Level 1:colcon.colcon_core.environment:checking '/root/Dojo/Dojo/install/robot_gazebo/lib'
[2.952s] Level 1:colcon.colcon_core.environment:checking '/root/Dojo/Dojo/install/robot_gazebo/bin'
[2.952s] Level 1:colcon.colcon_core.environment:checking '/root/Dojo/Dojo/install/robot_gazebo/lib/pkgconfig/robot_gazebo.pc'
[2.952s] Level 1:colcon.colcon_core.environment:checking '/root/Dojo/Dojo/install/robot_gazebo/lib/python3.10/site-packages'
[2.952s] Level 1:colcon.colcon_core.environment:checking '/root/Dojo/Dojo/install/robot_gazebo/bin'
[2.952s] INFO:colcon.colcon_core.shell:Creating package script '/root/Dojo/Dojo/install/robot_gazebo/share/robot_gazebo/package.ps1'
[2.953s] INFO:colcon.colcon_core.shell:Creating package descriptor '/root/Dojo/Dojo/install/robot_gazebo/share/robot_gazebo/package.dsv'
[2.953s] INFO:colcon.colcon_core.shell:Creating package script '/root/Dojo/Dojo/install/robot_gazebo/share/robot_gazebo/package.sh'
[2.954s] INFO:colcon.colcon_core.shell:Creating package script '/root/Dojo/Dojo/install/robot_gazebo/share/robot_gazebo/package.bash'
[2.954s] INFO:colcon.colcon_core.shell:Creating package script '/root/Dojo/Dojo/install/robot_gazebo/share/robot_gazebo/package.zsh'
[2.955s] Level 1:colcon.colcon_core.environment:create_file_with_runtime_dependencies(/root/Dojo/Dojo/install/robot_gazebo/share/colcon-core/packages/robot_gazebo)
[3.032s] DEBUG:colcon.colcon_core.event_handler.log_command:Invoking command in '/root/Dojo/Dojo/build/robot_sensors': PYTHONPATH=/root/Dojo/Dojo/build/robot_sensors/prefix_override:/usr/lib/python3/dist-packages/colcon_core/task/python/colcon_distutils_commands:/root/Dojo/Dojo/install/robot_sensors/lib/python3.10/site-packages:${PYTHONPATH} /usr/bin/python3 -W ignore:setup.py install is deprecated -W ignore:easy_install command is deprecated setup.py develop --editable --build-directory /root/Dojo/Dojo/build/robot_sensors/build --no-deps symlink_data
[3.046s] DEBUG:colcon.colcon_core.event_handler.log_command:Invoking command in '/root/Dojo/Dojo/build/ros2arduino_bridge': PYTHONPATH=/root/Dojo/Dojo/build/ros2arduino_bridge/prefix_override:/usr/lib/python3/dist-packages/colcon_core/task/python/colcon_distutils_commands:/root/Dojo/Dojo/install/ros2arduino_bridge/lib/python3.10/site-packages:${PYTHONPATH} /usr/bin/python3 -W ignore:setup.py install is deprecated -W ignore:easy_install command is deprecated setup.py develop --editable --build-directory /root/Dojo/Dojo/build/ros2arduino_bridge/build --no-deps symlink_data
[3.053s] DEBUG:colcon.colcon_core.event_handler.log_command:Invoking command in '/root/Dojo/Dojo/build/arduino_bridge': PYTHONPATH=/root/Dojo/Dojo/build/arduino_bridge/prefix_override:/usr/lib/python3/dist-packages/colcon_core/task/python/colcon_distutils_commands:/root/Dojo/Dojo/install/arduino_bridge/lib/python3.10/site-packages:${PYTHONPATH} /usr/bin/python3 -W ignore:setup.py install is deprecated -W ignore:easy_install command is deprecated setup.py develop --editable --build-directory /root/Dojo/Dojo/build/arduino_bridge/build --no-deps symlink_data
[3.057s] DEBUG:colcon.colcon_core.event_handler.log_command:Invoking command in '/root/Dojo/Dojo/build/robot_hardware': PYTHONPATH=/root/Dojo/Dojo/build/robot_hardware/prefix_override:/usr/lib/python3/dist-packages/colcon_core/task/python/colcon_distutils_commands:/root/Dojo/Dojo/install/robot_hardware/lib/python3.10/site-packages:${PYTHONPATH} /usr/bin/python3 -W ignore:setup.py install is deprecated -W ignore:easy_install command is deprecated setup.py develop --editable --build-directory /root/Dojo/Dojo/build/robot_hardware/build --no-deps symlink_data
[3.068s] DEBUG:colcon.colcon_core.event_handler.log_command:Invoking command in '/root/Dojo/Dojo/build/nv21_converter_pkg': PYTHONPATH=/root/Dojo/Dojo/build/nv21_converter_pkg/prefix_override:/usr/lib/python3/dist-packages/colcon_core/task/python/colcon_distutils_commands:/root/Dojo/Dojo/install/nv21_converter_pkg/lib/python3.10/site-packages:${PYTHONPATH} /usr/bin/python3 -W ignore:setup.py install is deprecated -W ignore:easy_install command is deprecated setup.py develop --editable --build-directory /root/Dojo/Dojo/build/nv21_converter_pkg/build --no-deps symlink_data
[3.132s] DEBUG:colcon.colcon_core.event_handler.log_command:Invoking command in '/root/Dojo/Dojo/build/vision_system': PYTHONPATH=/root/Dojo/Dojo/build/vision_system/prefix_override:/usr/lib/python3/dist-packages/colcon_core/task/python/colcon_distutils_commands:/root/Dojo/Dojo/install/vision_system/lib/python3.10/site-packages:${PYTHONPATH} /usr/bin/python3 -W ignore:setup.py install is deprecated -W ignore:easy_install command is deprecated setup.py develop --editable --build-directory /root/Dojo/Dojo/build/vision_system/build --no-deps symlink_data
[3.545s] DEBUG:colcon.colcon_core.event_handler.log_command:Invoking command in '/root/Dojo/Dojo/build/robot_launch': AMENT_PREFIX_PATH=/root/Dojo/Dojo/install/robot_description:/root/Dojo/Dojo/install/robot_control:${AMENT_PREFIX_PATH} CMAKE_PREFIX_PATH=/root/Dojo/Dojo/install/robot_description:/root/Dojo/Dojo/install/robot_control:${CMAKE_PREFIX_PATH} PYTHONPATH=/root/Dojo/Dojo/build/robot_launch/prefix_override:/usr/lib/python3/dist-packages/colcon_core/task/python/colcon_distutils_commands:/root/Dojo/Dojo/install/robot_launch/lib/python3.10/site-packages:/root/Dojo/Dojo/install/robot_description/lib/python3.10/site-packages:${PYTHONPATH} /usr/bin/python3 -W ignore:setup.py install is deprecated -W ignore:easy_install command is deprecated setup.py develop --editable --build-directory /root/Dojo/Dojo/build/robot_launch/build --no-deps symlink_data
[3.768s] Level 1:colcon.colcon_core.shell:create_environment_hook('robot_sensors', 'pythonpath_develop')
[3.768s] INFO:colcon.colcon_core.shell:Creating environment hook '/root/Dojo/Dojo/build/robot_sensors/share/robot_sensors/hook/pythonpath_develop.ps1'
[3.769s] DEBUG:colcon.colcon_core.event_handler.log_command:Invoked command in '/root/Dojo/Dojo/build/robot_sensors' returned '0': PYTHONPATH=/root/Dojo/Dojo/build/robot_sensors/prefix_override:/usr/lib/python3/dist-packages/colcon_core/task/python/colcon_distutils_commands:/root/Dojo/Dojo/install/robot_sensors/lib/python3.10/site-packages:${PYTHONPATH} /usr/bin/python3 -W ignore:setup.py install is deprecated -W ignore:easy_install command is deprecated setup.py develop --editable --build-directory /root/Dojo/Dojo/build/robot_sensors/build --no-deps symlink_data
[3.770s] INFO:colcon.colcon_core.shell:Creating environment descriptor '/root/Dojo/Dojo/build/robot_sensors/share/robot_sensors/hook/pythonpath_develop.dsv'
[3.770s] INFO:colcon.colcon_core.shell:Creating environment hook '/root/Dojo/Dojo/build/robot_sensors/share/robot_sensors/hook/pythonpath_develop.sh'
[3.771s] Level 1:colcon.colcon_core.environment:checking '/root/Dojo/Dojo/install/robot_sensors' for CMake module files
[3.771s] Level 1:colcon.colcon_core.environment:checking '/root/Dojo/Dojo/install/robot_sensors' for CMake config files
[3.772s] Level 1:colcon.colcon_core.environment:checking '/root/Dojo/Dojo/install/robot_sensors/lib'
[3.772s] Level 1:colcon.colcon_core.environment:checking '/root/Dojo/Dojo/install/robot_sensors/bin'
[3.772s] Level 1:colcon.colcon_core.environment:checking '/root/Dojo/Dojo/install/robot_sensors/lib/pkgconfig/robot_sensors.pc'
[3.772s] Level 1:colcon.colcon_core.environment:checking '/root/Dojo/Dojo/install/robot_sensors/lib/python3.10/site-packages'
[3.773s] Level 1:colcon.colcon_core.shell:create_environment_hook('robot_sensors', 'pythonpath')
[3.773s] INFO:colcon.colcon_core.shell:Creating environment hook '/root/Dojo/Dojo/install/robot_sensors/share/robot_sensors/hook/pythonpath.ps1'
[3.773s] INFO:colcon.colcon_core.shell:Creating environment descriptor '/root/Dojo/Dojo/install/robot_sensors/share/robot_sensors/hook/pythonpath.dsv'
[3.774s] INFO:colcon.colcon_core.shell:Creating environment hook '/root/Dojo/Dojo/install/robot_sensors/share/robot_sensors/hook/pythonpath.sh'
[3.774s] Level 1:colcon.colcon_core.environment:checking '/root/Dojo/Dojo/install/robot_sensors/bin'
[3.774s] Level 1:colcon.colcon_core.environment:create_environment_scripts_only(robot_sensors)
[3.775s] INFO:colcon.colcon_core.shell:Creating package script '/root/Dojo/Dojo/install/robot_sensors/share/robot_sensors/package.ps1'
[3.775s] INFO:colcon.colcon_core.shell:Creating package descriptor '/root/Dojo/Dojo/install/robot_sensors/share/robot_sensors/package.dsv'
[3.776s] INFO:colcon.colcon_core.shell:Creating package script '/root/Dojo/Dojo/install/robot_sensors/share/robot_sensors/package.sh'
[3.776s] INFO:colcon.colcon_core.shell:Creating package script '/root/Dojo/Dojo/install/robot_sensors/share/robot_sensors/package.bash'
[3.777s] INFO:colcon.colcon_core.shell:Creating package script '/root/Dojo/Dojo/install/robot_sensors/share/robot_sensors/package.zsh'
[3.777s] Level 1:colcon.colcon_core.environment:create_file_with_runtime_dependencies(/root/Dojo/Dojo/install/robot_sensors/share/colcon-core/packages/robot_sensors)
[3.833s] Level 1:colcon.colcon_core.shell:create_environment_hook('ros2arduino_bridge', 'pythonpath_develop')
[3.834s] INFO:colcon.colcon_core.shell:Creating environment hook '/root/Dojo/Dojo/build/ros2arduino_bridge/share/ros2arduino_bridge/hook/pythonpath_develop.ps1'
[3.835s] DEBUG:colcon.colcon_core.event_handler.log_command:Invoked command in '/root/Dojo/Dojo/build/ros2arduino_bridge' returned '0': PYTHONPATH=/root/Dojo/Dojo/build/ros2arduino_bridge/prefix_override:/usr/lib/python3/dist-packages/colcon_core/task/python/colcon_distutils_commands:/root/Dojo/Dojo/install/ros2arduino_bridge/lib/python3.10/site-packages:${PYTHONPATH} /usr/bin/python3 -W ignore:setup.py install is deprecated -W ignore:easy_install command is deprecated setup.py develop --editable --build-directory /root/Dojo/Dojo/build/ros2arduino_bridge/build --no-deps symlink_data
[3.835s] INFO:colcon.colcon_core.shell:Creating environment descriptor '/root/Dojo/Dojo/build/ros2arduino_bridge/share/ros2arduino_bridge/hook/pythonpath_develop.dsv'
[3.835s] INFO:colcon.colcon_core.shell:Creating environment hook '/root/Dojo/Dojo/build/ros2arduino_bridge/share/ros2arduino_bridge/hook/pythonpath_develop.sh'
[3.836s] Level 1:colcon.colcon_core.environment:checking '/root/Dojo/Dojo/install/ros2arduino_bridge' for CMake module files
[3.836s] Level 1:colcon.colcon_core.environment:checking '/root/Dojo/Dojo/install/ros2arduino_bridge' for CMake config files
[3.837s] Level 1:colcon.colcon_core.environment:checking '/root/Dojo/Dojo/install/ros2arduino_bridge/lib'
[3.837s] Level 1:colcon.colcon_core.environment:checking '/root/Dojo/Dojo/install/ros2arduino_bridge/bin'
[3.837s] Level 1:colcon.colcon_core.environment:checking '/root/Dojo/Dojo/install/ros2arduino_bridge/lib/pkgconfig/ros2arduino_bridge.pc'
[3.837s] Level 1:colcon.colcon_core.environment:checking '/root/Dojo/Dojo/install/ros2arduino_bridge/lib/python3.10/site-packages'
[3.837s] Level 1:colcon.colcon_core.shell:create_environment_hook('ros2arduino_bridge', 'pythonpath')
[3.838s] INFO:colcon.colcon_core.shell:Creating environment hook '/root/Dojo/Dojo/install/ros2arduino_bridge/share/ros2arduino_bridge/hook/pythonpath.ps1'
[3.838s] INFO:colcon.colcon_core.shell:Creating environment descriptor '/root/Dojo/Dojo/install/ros2arduino_bridge/share/ros2arduino_bridge/hook/pythonpath.dsv'
[3.838s] INFO:colcon.colcon_core.shell:Creating environment hook '/root/Dojo/Dojo/install/ros2arduino_bridge/share/ros2arduino_bridge/hook/pythonpath.sh'
[3.839s] Level 1:colcon.colcon_core.environment:checking '/root/Dojo/Dojo/install/ros2arduino_bridge/bin'
[3.839s] Level 1:colcon.colcon_core.environment:create_environment_scripts_only(ros2arduino_bridge)
[3.839s] INFO:colcon.colcon_core.shell:Creating package script '/root/Dojo/Dojo/install/ros2arduino_bridge/share/ros2arduino_bridge/package.ps1'
[3.840s] INFO:colcon.colcon_core.shell:Creating package descriptor '/root/Dojo/Dojo/install/ros2arduino_bridge/share/ros2arduino_bridge/package.dsv'
[3.840s] INFO:colcon.colcon_core.shell:Creating package script '/root/Dojo/Dojo/install/ros2arduino_bridge/share/ros2arduino_bridge/package.sh'
[3.841s] INFO:colcon.colcon_core.shell:Creating package script '/root/Dojo/Dojo/install/ros2arduino_bridge/share/ros2arduino_bridge/package.bash'
[3.841s] INFO:colcon.colcon_core.shell:Creating package script '/root/Dojo/Dojo/install/ros2arduino_bridge/share/ros2arduino_bridge/package.zsh'
[3.841s] Level 1:colcon.colcon_core.environment:create_file_with_runtime_dependencies(/root/Dojo/Dojo/install/ros2arduino_bridge/share/colcon-core/packages/ros2arduino_bridge)
[3.843s] Level 1:colcon.colcon_core.shell:create_environment_hook('arduino_bridge', 'pythonpath_develop')
[3.843s] INFO:colcon.colcon_core.shell:Creating environment hook '/root/Dojo/Dojo/build/arduino_bridge/share/arduino_bridge/hook/pythonpath_develop.ps1'
[3.843s] DEBUG:colcon.colcon_core.event_handler.log_command:Invoked command in '/root/Dojo/Dojo/build/arduino_bridge' returned '0': PYTHONPATH=/root/Dojo/Dojo/build/arduino_bridge/prefix_override:/usr/lib/python3/dist-packages/colcon_core/task/python/colcon_distutils_commands:/root/Dojo/Dojo/install/arduino_bridge/lib/python3.10/site-packages:${PYTHONPATH} /usr/bin/python3 -W ignore:setup.py install is deprecated -W ignore:easy_install command is deprecated setup.py develop --editable --build-directory /root/Dojo/Dojo/build/arduino_bridge/build --no-deps symlink_data
[3.844s] INFO:colcon.colcon_core.shell:Creating environment descriptor '/root/Dojo/Dojo/build/arduino_bridge/share/arduino_bridge/hook/pythonpath_develop.dsv'
[3.844s] INFO:colcon.colcon_core.shell:Creating environment hook '/root/Dojo/Dojo/build/arduino_bridge/share/arduino_bridge/hook/pythonpath_develop.sh'
[3.845s] Level 1:colcon.colcon_core.environment:checking '/root/Dojo/Dojo/install/arduino_bridge' for CMake module files
[3.845s] Level 1:colcon.colcon_core.environment:checking '/root/Dojo/Dojo/install/arduino_bridge' for CMake config files
[3.846s] Level 1:colcon.colcon_core.environment:checking '/root/Dojo/Dojo/install/arduino_bridge/lib'
[3.846s] Level 1:colcon.colcon_core.environment:checking '/root/Dojo/Dojo/install/arduino_bridge/bin'
[3.846s] Level 1:colcon.colcon_core.environment:checking '/root/Dojo/Dojo/install/arduino_bridge/lib/pkgconfig/arduino_bridge.pc'
[3.846s] Level 1:colcon.colcon_core.environment:checking '/root/Dojo/Dojo/install/arduino_bridge/lib/python3.10/site-packages'
[3.846s] Level 1:colcon.colcon_core.shell:create_environment_hook('arduino_bridge', 'pythonpath')
[3.847s] INFO:colcon.colcon_core.shell:Creating environment hook '/root/Dojo/Dojo/install/arduino_bridge/share/arduino_bridge/hook/pythonpath.ps1'
[3.847s] INFO:colcon.colcon_core.shell:Creating environment descriptor '/root/Dojo/Dojo/install/arduino_bridge/share/arduino_bridge/hook/pythonpath.dsv'
[3.848s] INFO:colcon.colcon_core.shell:Creating environment hook '/root/Dojo/Dojo/install/arduino_bridge/share/arduino_bridge/hook/pythonpath.sh'
[3.848s] Level 1:colcon.colcon_core.environment:checking '/root/Dojo/Dojo/install/arduino_bridge/bin'
[3.848s] Level 1:colcon.colcon_core.environment:create_environment_scripts_only(arduino_bridge)
[3.849s] INFO:colcon.colcon_core.shell:Creating package script '/root/Dojo/Dojo/install/arduino_bridge/share/arduino_bridge/package.ps1'
[3.849s] INFO:colcon.colcon_core.shell:Creating package descriptor '/root/Dojo/Dojo/install/arduino_bridge/share/arduino_bridge/package.dsv'
[3.850s] INFO:colcon.colcon_core.shell:Creating package script '/root/Dojo/Dojo/install/arduino_bridge/share/arduino_bridge/package.sh'
[3.850s] INFO:colcon.colcon_core.shell:Creating package script '/root/Dojo/Dojo/install/arduino_bridge/share/arduino_bridge/package.bash'
[3.850s] INFO:colcon.colcon_core.shell:Creating package script '/root/Dojo/Dojo/install/arduino_bridge/share/arduino_bridge/package.zsh'
[3.851s] Level 1:colcon.colcon_core.environment:create_file_with_runtime_dependencies(/root/Dojo/Dojo/install/arduino_bridge/share/colcon-core/packages/arduino_bridge)
[3.851s] Level 1:colcon.colcon_core.shell:create_environment_hook('nv21_converter_pkg', 'pythonpath_develop')
[3.851s] INFO:colcon.colcon_core.shell:Creating environment hook '/root/Dojo/Dojo/build/nv21_converter_pkg/share/nv21_converter_pkg/hook/pythonpath_develop.ps1'
[3.852s] INFO:colcon.colcon_core.shell:Creating environment descriptor '/root/Dojo/Dojo/build/nv21_converter_pkg/share/nv21_converter_pkg/hook/pythonpath_develop.dsv'
[3.852s] DEBUG:colcon.colcon_core.event_handler.log_command:Invoked command in '/root/Dojo/Dojo/build/nv21_converter_pkg' returned '0': PYTHONPATH=/root/Dojo/Dojo/build/nv21_converter_pkg/prefix_override:/usr/lib/python3/dist-packages/colcon_core/task/python/colcon_distutils_commands:/root/Dojo/Dojo/install/nv21_converter_pkg/lib/python3.10/site-packages:${PYTHONPATH} /usr/bin/python3 -W ignore:setup.py install is deprecated -W ignore:easy_install command is deprecated setup.py develop --editable --build-directory /root/Dojo/Dojo/build/nv21_converter_pkg/build --no-deps symlink_data
[3.852s] INFO:colcon.colcon_core.shell:Creating environment hook '/root/Dojo/Dojo/build/nv21_converter_pkg/share/nv21_converter_pkg/hook/pythonpath_develop.sh'
[3.853s] Level 1:colcon.colcon_core.environment:checking '/root/Dojo/Dojo/install/nv21_converter_pkg' for CMake module files
[3.853s] Level 1:colcon.colcon_core.environment:checking '/root/Dojo/Dojo/install/nv21_converter_pkg' for CMake config files
[3.854s] Level 1:colcon.colcon_core.environment:checking '/root/Dojo/Dojo/install/nv21_converter_pkg/lib'
[3.854s] Level 1:colcon.colcon_core.environment:checking '/root/Dojo/Dojo/install/nv21_converter_pkg/bin'
[3.854s] Level 1:colcon.colcon_core.environment:checking '/root/Dojo/Dojo/install/nv21_converter_pkg/lib/pkgconfig/nv21_converter_pkg.pc'
[3.854s] Level 1:colcon.colcon_core.environment:checking '/root/Dojo/Dojo/install/nv21_converter_pkg/lib/python3.10/site-packages'
[3.854s] Level 1:colcon.colcon_core.shell:create_environment_hook('nv21_converter_pkg', 'pythonpath')
[3.854s] INFO:colcon.colcon_core.shell:Creating environment hook '/root/Dojo/Dojo/install/nv21_converter_pkg/share/nv21_converter_pkg/hook/pythonpath.ps1'
[3.855s] INFO:colcon.colcon_core.shell:Creating environment descriptor '/root/Dojo/Dojo/install/nv21_converter_pkg/share/nv21_converter_pkg/hook/pythonpath.dsv'
[3.855s] INFO:colcon.colcon_core.shell:Creating environment hook '/root/Dojo/Dojo/install/nv21_converter_pkg/share/nv21_converter_pkg/hook/pythonpath.sh'
[3.856s] Level 1:colcon.colcon_core.environment:checking '/root/Dojo/Dojo/install/nv21_converter_pkg/bin'
[3.856s] Level 1:colcon.colcon_core.environment:create_environment_scripts_only(nv21_converter_pkg)
[3.856s] INFO:colcon.colcon_core.shell:Creating package script '/root/Dojo/Dojo/install/nv21_converter_pkg/share/nv21_converter_pkg/package.ps1'
[3.856s] INFO:colcon.colcon_core.shell:Creating package descriptor '/root/Dojo/Dojo/install/nv21_converter_pkg/share/nv21_converter_pkg/package.dsv'
[3.857s] INFO:colcon.colcon_core.shell:Creating package script '/root/Dojo/Dojo/install/nv21_converter_pkg/share/nv21_converter_pkg/package.sh'
[3.857s] INFO:colcon.colcon_core.shell:Creating package script '/root/Dojo/Dojo/install/nv21_converter_pkg/share/nv21_converter_pkg/package.bash'
[3.858s] INFO:colcon.colcon_core.shell:Creating package script '/root/Dojo/Dojo/install/nv21_converter_pkg/share/nv21_converter_pkg/package.zsh'
[3.858s] Level 1:colcon.colcon_core.environment:create_file_with_runtime_dependencies(/root/Dojo/Dojo/install/nv21_converter_pkg/share/colcon-core/packages/nv21_converter_pkg)
[3.858s] Level 1:colcon.colcon_core.shell:create_environment_hook('robot_hardware', 'pythonpath_develop')
[3.859s] INFO:colcon.colcon_core.shell:Creating environment hook '/root/Dojo/Dojo/build/robot_hardware/share/robot_hardware/hook/pythonpath_develop.ps1'
[3.859s] INFO:colcon.colcon_core.shell:Creating environment descriptor '/root/Dojo/Dojo/build/robot_hardware/share/robot_hardware/hook/pythonpath_develop.dsv'
[3.860s] DEBUG:colcon.colcon_core.event_handler.log_command:Invoked command in '/root/Dojo/Dojo/build/robot_hardware' returned '0': PYTHONPATH=/root/Dojo/Dojo/build/robot_hardware/prefix_override:/usr/lib/python3/dist-packages/colcon_core/task/python/colcon_distutils_commands:/root/Dojo/Dojo/install/robot_hardware/lib/python3.10/site-packages:${PYTHONPATH} /usr/bin/python3 -W ignore:setup.py install is deprecated -W ignore:easy_install command is deprecated setup.py develop --editable --build-directory /root/Dojo/Dojo/build/robot_hardware/build --no-deps symlink_data
[3.860s] INFO:colcon.colcon_core.shell:Creating environment hook '/root/Dojo/Dojo/build/robot_hardware/share/robot_hardware/hook/pythonpath_develop.sh'
[3.861s] Level 1:colcon.colcon_core.environment:checking '/root/Dojo/Dojo/install/robot_hardware' for CMake module files
[3.861s] Level 1:colcon.colcon_core.environment:checking '/root/Dojo/Dojo/install/robot_hardware' for CMake config files
[3.862s] Level 1:colcon.colcon_core.environment:checking '/root/Dojo/Dojo/install/robot_hardware/lib'
[3.862s] Level 1:colcon.colcon_core.environment:checking '/root/Dojo/Dojo/install/robot_hardware/bin'
[3.862s] Level 1:colcon.colcon_core.environment:checking '/root/Dojo/Dojo/install/robot_hardware/lib/pkgconfig/robot_hardware.pc'
[3.862s] Level 1:colcon.colcon_core.environment:checking '/root/Dojo/Dojo/install/robot_hardware/lib/python3.10/site-packages'
[3.862s] Level 1:colcon.colcon_core.shell:create_environment_hook('robot_hardware', 'pythonpath')
[3.862s] INFO:colcon.colcon_core.shell:Creating environment hook '/root/Dojo/Dojo/install/robot_hardware/share/robot_hardware/hook/pythonpath.ps1'
[3.863s] INFO:colcon.colcon_core.shell:Creating environment descriptor '/root/Dojo/Dojo/install/robot_hardware/share/robot_hardware/hook/pythonpath.dsv'
[3.863s] INFO:colcon.colcon_core.shell:Creating environment hook '/root/Dojo/Dojo/install/robot_hardware/share/robot_hardware/hook/pythonpath.sh'
[3.864s] Level 1:colcon.colcon_core.environment:checking '/root/Dojo/Dojo/install/robot_hardware/bin'
[3.864s] Level 1:colcon.colcon_core.environment:create_environment_scripts_only(robot_hardware)
[3.864s] INFO:colcon.colcon_core.shell:Creating package script '/root/Dojo/Dojo/install/robot_hardware/share/robot_hardware/package.ps1'
[3.865s] INFO:colcon.colcon_core.shell:Creating package descriptor '/root/Dojo/Dojo/install/robot_hardware/share/robot_hardware/package.dsv'
[3.865s] INFO:colcon.colcon_core.shell:Creating package script '/root/Dojo/Dojo/install/robot_hardware/share/robot_hardware/package.sh'
[3.866s] INFO:colcon.colcon_core.shell:Creating package script '/root/Dojo/Dojo/install/robot_hardware/share/robot_hardware/package.bash'
[3.866s] INFO:colcon.colcon_core.shell:Creating package script '/root/Dojo/Dojo/install/robot_hardware/share/robot_hardware/package.zsh'
[3.866s] Level 1:colcon.colcon_core.environment:create_file_with_runtime_dependencies(/root/Dojo/Dojo/install/robot_hardware/share/colcon-core/packages/robot_hardware)
[3.867s] INFO:colcon.colcon_ros.task.ament_cmake.build:Building ROS package in '/root/Dojo/Dojo/src/robot_bringup' with build type 'ament_cmake'
[3.867s] INFO:colcon.colcon_cmake.task.cmake.build:Building CMake package in '/root/Dojo/Dojo/src/robot_bringup'
[3.867s] INFO:colcon.colcon_core.shell:Skip shell extension 'powershell' for command environment: Not usable outside of PowerShell
[3.867s] DEBUG:colcon.colcon_core.shell:Skip shell extension 'dsv' for command environment
[3.873s] Level 1:colcon.colcon_core.shell:create_environment_hook('vision_system', 'pythonpath_develop')
[3.873s] INFO:colcon.colcon_core.shell:Creating environment hook '/root/Dojo/Dojo/build/vision_system/share/vision_system/hook/pythonpath_develop.ps1'
[3.873s] DEBUG:colcon.colcon_core.event_handler.log_command:Invoked command in '/root/Dojo/Dojo/build/vision_system' returned '0': PYTHONPATH=/root/Dojo/Dojo/build/vision_system/prefix_override:/usr/lib/python3/dist-packages/colcon_core/task/python/colcon_distutils_commands:/root/Dojo/Dojo/install/vision_system/lib/python3.10/site-packages:${PYTHONPATH} /usr/bin/python3 -W ignore:setup.py install is deprecated -W ignore:easy_install command is deprecated setup.py develop --editable --build-directory /root/Dojo/Dojo/build/vision_system/build --no-deps symlink_data
[3.874s] INFO:colcon.colcon_core.shell:Creating environment descriptor '/root/Dojo/Dojo/build/vision_system/share/vision_system/hook/pythonpath_develop.dsv'
[3.874s] INFO:colcon.colcon_core.shell:Creating environment hook '/root/Dojo/Dojo/build/vision_system/share/vision_system/hook/pythonpath_develop.sh'
[3.875s] Level 1:colcon.colcon_core.environment:checking '/root/Dojo/Dojo/install/vision_system' for CMake module files
[3.875s] Level 1:colcon.colcon_core.environment:checking '/root/Dojo/Dojo/install/vision_system' for CMake config files
[3.875s] Level 1:colcon.colcon_core.environment:checking '/root/Dojo/Dojo/install/vision_system/lib'
[3.876s] Level 1:colcon.colcon_core.environment:checking '/root/Dojo/Dojo/install/vision_system/bin'
[3.876s] Level 1:colcon.colcon_core.environment:checking '/root/Dojo/Dojo/install/vision_system/lib/pkgconfig/vision_system.pc'
[3.876s] Level 1:colcon.colcon_core.environment:checking '/root/Dojo/Dojo/install/vision_system/lib/python3.10/site-packages'
[3.876s] Level 1:colcon.colcon_core.shell:create_environment_hook('vision_system', 'pythonpath')
[3.876s] INFO:colcon.colcon_core.shell:Creating environment hook '/root/Dojo/Dojo/install/vision_system/share/vision_system/hook/pythonpath.ps1'
[3.876s] INFO:colcon.colcon_core.shell:Creating environment descriptor '/root/Dojo/Dojo/install/vision_system/share/vision_system/hook/pythonpath.dsv'
[3.877s] INFO:colcon.colcon_core.shell:Creating environment hook '/root/Dojo/Dojo/install/vision_system/share/vision_system/hook/pythonpath.sh'
[3.877s] Level 1:colcon.colcon_core.environment:checking '/root/Dojo/Dojo/install/vision_system/bin'
[3.877s] Level 1:colcon.colcon_core.environment:create_environment_scripts_only(vision_system)
[3.878s] INFO:colcon.colcon_core.shell:Creating package script '/root/Dojo/Dojo/install/vision_system/share/vision_system/package.ps1'
[3.878s] INFO:colcon.colcon_core.shell:Creating package descriptor '/root/Dojo/Dojo/install/vision_system/share/vision_system/package.dsv'
[3.879s] INFO:colcon.colcon_core.shell:Creating package script '/root/Dojo/Dojo/install/vision_system/share/vision_system/package.sh'
[3.879s] INFO:colcon.colcon_core.shell:Creating package script '/root/Dojo/Dojo/install/vision_system/share/vision_system/package.bash'
[3.879s] INFO:colcon.colcon_core.shell:Creating package script '/root/Dojo/Dojo/install/vision_system/share/vision_system/package.zsh'
[3.880s] Level 1:colcon.colcon_core.environment:create_file_with_runtime_dependencies(/root/Dojo/Dojo/install/vision_system/share/colcon-core/packages/vision_system)
[3.883s] DEBUG:colcon.colcon_core.event_handler.log_command:Invoking command in '/root/Dojo/Dojo/build/robot_bringup': AMENT_PREFIX_PATH=/root/Dojo/Dojo/install/robot_navigation:/root/Dojo/Dojo/install/robot_hardware:/root/Dojo/Dojo/install/robot_description:/root/Dojo/Dojo/install/robot_control:${AMENT_PREFIX_PATH} CMAKE_PREFIX_PATH=/root/Dojo/Dojo/install/robot_navigation:/root/Dojo/Dojo/install/robot_perception:/root/Dojo/Dojo/install/robot_description:/root/Dojo/Dojo/install/robot_control:/root/Dojo/install/robot_perception:/root/Dojo/install/robot_hardware:/opt/ros/humble PYTHONPATH=/root/Dojo/Dojo/build/robot_hardware:/root/Dojo/Dojo/install/robot_hardware/lib/python3.10/site-packages:/root/Dojo/Dojo/install/robot_description/lib/python3.10/site-packages:${PYTHONPATH} /usr/bin/cmake --build /root/Dojo/Dojo/build/robot_bringup -- -j16 -l16
[3.921s] DEBUG:colcon.colcon_core.event_handler.log_command:Invoked command in '/root/Dojo/Dojo/build/robot_bringup' returned '0': AMENT_PREFIX_PATH=/root/Dojo/Dojo/install/robot_navigation:/root/Dojo/Dojo/install/robot_hardware:/root/Dojo/Dojo/install/robot_description:/root/Dojo/Dojo/install/robot_control:${AMENT_PREFIX_PATH} CMAKE_PREFIX_PATH=/root/Dojo/Dojo/install/robot_navigation:/root/Dojo/Dojo/install/robot_perception:/root/Dojo/Dojo/install/robot_description:/root/Dojo/Dojo/install/robot_control:/root/Dojo/install/robot_perception:/root/Dojo/install/robot_hardware:/opt/ros/humble PYTHONPATH=/root/Dojo/Dojo/build/robot_hardware:/root/Dojo/Dojo/install/robot_hardware/lib/python3.10/site-packages:/root/Dojo/Dojo/install/robot_description/lib/python3.10/site-packages:${PYTHONPATH} /usr/bin/cmake --build /root/Dojo/Dojo/build/robot_bringup -- -j16 -l16
[3.923s] DEBUG:colcon.colcon_core.event_handler.log_command:Invoking command in '/root/Dojo/Dojo/build/robot_bringup': AMENT_PREFIX_PATH=/root/Dojo/Dojo/install/robot_navigation:/root/Dojo/Dojo/install/robot_hardware:/root/Dojo/Dojo/install/robot_description:/root/Dojo/Dojo/install/robot_control:${AMENT_PREFIX_PATH} CMAKE_PREFIX_PATH=/root/Dojo/Dojo/install/robot_navigation:/root/Dojo/Dojo/install/robot_perception:/root/Dojo/Dojo/install/robot_description:/root/Dojo/Dojo/install/robot_control:/root/Dojo/install/robot_perception:/root/Dojo/install/robot_hardware:/opt/ros/humble PYTHONPATH=/root/Dojo/Dojo/build/robot_hardware:/root/Dojo/Dojo/install/robot_hardware/lib/python3.10/site-packages:/root/Dojo/Dojo/install/robot_description/lib/python3.10/site-packages:${PYTHONPATH} /usr/bin/cmake --install /root/Dojo/Dojo/build/robot_bringup
[3.945s] Level 1:colcon.colcon_core.environment:create_environment_scripts_only(robot_bringup)
[3.945s] Level 1:colcon.colcon_core.environment:checking '/root/Dojo/Dojo/install/robot_bringup' for CMake module files
[3.946s] DEBUG:colcon.colcon_core.event_handler.log_command:Invoked command in '/root/Dojo/Dojo/build/robot_bringup' returned '0': AMENT_PREFIX_PATH=/root/Dojo/Dojo/install/robot_navigation:/root/Dojo/Dojo/install/robot_hardware:/root/Dojo/Dojo/install/robot_description:/root/Dojo/Dojo/install/robot_control:${AMENT_PREFIX_PATH} CMAKE_PREFIX_PATH=/root/Dojo/Dojo/install/robot_navigation:/root/Dojo/Dojo/install/robot_perception:/root/Dojo/Dojo/install/robot_description:/root/Dojo/Dojo/install/robot_control:/root/Dojo/install/robot_perception:/root/Dojo/install/robot_hardware:/opt/ros/humble PYTHONPATH=/root/Dojo/Dojo/build/robot_hardware:/root/Dojo/Dojo/install/robot_hardware/lib/python3.10/site-packages:/root/Dojo/Dojo/install/robot_description/lib/python3.10/site-packages:${PYTHONPATH} /usr/bin/cmake --install /root/Dojo/Dojo/build/robot_bringup
[3.946s] Level 1:colcon.colcon_core.environment:checking '/root/Dojo/Dojo/install/robot_bringup' for CMake config files
[3.947s] Level 1:colcon.colcon_core.shell:create_environment_hook('robot_bringup', 'cmake_prefix_path')
[3.947s] INFO:colcon.colcon_core.shell:Creating environment hook '/root/Dojo/Dojo/install/robot_bringup/share/robot_bringup/hook/cmake_prefix_path.ps1'
[3.948s] INFO:colcon.colcon_core.shell:Creating environment descriptor '/root/Dojo/Dojo/install/robot_bringup/share/robot_bringup/hook/cmake_prefix_path.dsv'
[3.948s] INFO:colcon.colcon_core.shell:Creating environment hook '/root/Dojo/Dojo/install/robot_bringup/share/robot_bringup/hook/cmake_prefix_path.sh'
[3.949s] Level 1:colcon.colcon_core.environment:checking '/root/Dojo/Dojo/install/robot_bringup/bin'
[3.949s] Level 1:colcon.colcon_core.environment:checking '/root/Dojo/Dojo/install/robot_bringup/lib/pkgconfig/robot_bringup.pc'
[3.949s] Level 1:colcon.colcon_core.environment:checking '/root/Dojo/Dojo/install/robot_bringup/lib/python3.10/site-packages'
[3.949s] Level 1:colcon.colcon_core.environment:checking '/root/Dojo/Dojo/install/robot_bringup/bin'
[3.949s] INFO:colcon.colcon_core.shell:Creating package script '/root/Dojo/Dojo/install/robot_bringup/share/robot_bringup/package.ps1'
[3.950s] INFO:colcon.colcon_core.shell:Creating package descriptor '/root/Dojo/Dojo/install/robot_bringup/share/robot_bringup/package.dsv'
[3.950s] INFO:colcon.colcon_core.shell:Creating package script '/root/Dojo/Dojo/install/robot_bringup/share/robot_bringup/package.sh'
[3.950s] INFO:colcon.colcon_core.shell:Creating package script '/root/Dojo/Dojo/install/robot_bringup/share/robot_bringup/package.bash'
[3.951s] INFO:colcon.colcon_core.shell:Creating package script '/root/Dojo/Dojo/install/robot_bringup/share/robot_bringup/package.zsh'
[3.951s] Level 1:colcon.colcon_core.environment:create_file_with_runtime_dependencies(/root/Dojo/Dojo/install/robot_bringup/share/colcon-core/packages/robot_bringup)
[3.952s] Level 1:colcon.colcon_core.environment:create_environment_scripts_only(robot_bringup)
[3.952s] Level 1:colcon.colcon_core.environment:checking '/root/Dojo/Dojo/install/robot_bringup' for CMake module files
[3.952s] Level 1:colcon.colcon_core.environment:checking '/root/Dojo/Dojo/install/robot_bringup' for CMake config files
[3.952s] Level 1:colcon.colcon_core.shell:create_environment_hook('robot_bringup', 'cmake_prefix_path')
[3.953s] INFO:colcon.colcon_core.shell:Creating environment hook '/root/Dojo/Dojo/install/robot_bringup/share/robot_bringup/hook/cmake_prefix_path.ps1'
[3.953s] INFO:colcon.colcon_core.shell:Creating environment descriptor '/root/Dojo/Dojo/install/robot_bringup/share/robot_bringup/hook/cmake_prefix_path.dsv'
[3.953s] INFO:colcon.colcon_core.shell:Creating environment hook '/root/Dojo/Dojo/install/robot_bringup/share/robot_bringup/hook/cmake_prefix_path.sh'
[3.954s] Level 1:colcon.colcon_core.environment:checking '/root/Dojo/Dojo/install/robot_bringup/bin'
[3.954s] Level 1:colcon.colcon_core.environment:checking '/root/Dojo/Dojo/install/robot_bringup/lib/pkgconfig/robot_bringup.pc'
[3.954s] Level 1:colcon.colcon_core.environment:checking '/root/Dojo/Dojo/install/robot_bringup/lib/python3.10/site-packages'
[3.954s] Level 1:colcon.colcon_core.environment:checking '/root/Dojo/Dojo/install/robot_bringup/bin'
[3.954s] INFO:colcon.colcon_core.shell:Creating package script '/root/Dojo/Dojo/install/robot_bringup/share/robot_bringup/package.ps1'
[3.955s] INFO:colcon.colcon_core.shell:Creating package descriptor '/root/Dojo/Dojo/install/robot_bringup/share/robot_bringup/package.dsv'
[3.955s] INFO:colcon.colcon_core.shell:Creating package script '/root/Dojo/Dojo/install/robot_bringup/share/robot_bringup/package.sh'
[3.956s] INFO:colcon.colcon_core.shell:Creating package script '/root/Dojo/Dojo/install/robot_bringup/share/robot_bringup/package.bash'
[3.957s] INFO:colcon.colcon_core.shell:Creating package script '/root/Dojo/Dojo/install/robot_bringup/share/robot_bringup/package.zsh'
[3.957s] Level 1:colcon.colcon_core.environment:create_file_with_runtime_dependencies(/root/Dojo/Dojo/install/robot_bringup/share/colcon-core/packages/robot_bringup)
[4.254s] Level 1:colcon.colcon_core.shell:create_environment_hook('robot_launch', 'pythonpath_develop')
[4.255s] INFO:colcon.colcon_core.shell:Creating environment hook '/root/Dojo/Dojo/build/robot_launch/share/robot_launch/hook/pythonpath_develop.ps1'
[4.255s] DEBUG:colcon.colcon_core.event_handler.log_command:Invoked command in '/root/Dojo/Dojo/build/robot_launch' returned '0': AMENT_PREFIX_PATH=/root/Dojo/Dojo/install/robot_description:/root/Dojo/Dojo/install/robot_control:${AMENT_PREFIX_PATH} CMAKE_PREFIX_PATH=/root/Dojo/Dojo/install/robot_description:/root/Dojo/Dojo/install/robot_control:${CMAKE_PREFIX_PATH} PYTHONPATH=/root/Dojo/Dojo/build/robot_launch/prefix_override:/usr/lib/python3/dist-packages/colcon_core/task/python/colcon_distutils_commands:/root/Dojo/Dojo/install/robot_launch/lib/python3.10/site-packages:/root/Dojo/Dojo/install/robot_description/lib/python3.10/site-packages:${PYTHONPATH} /usr/bin/python3 -W ignore:setup.py install is deprecated -W ignore:easy_install command is deprecated setup.py develop --editable --build-directory /root/Dojo/Dojo/build/robot_launch/build --no-deps symlink_data
[4.256s] INFO:colcon.colcon_core.shell:Creating environment descriptor '/root/Dojo/Dojo/build/robot_launch/share/robot_launch/hook/pythonpath_develop.dsv'
[4.256s] INFO:colcon.colcon_core.shell:Creating environment hook '/root/Dojo/Dojo/build/robot_launch/share/robot_launch/hook/pythonpath_develop.sh'
[4.257s] Level 1:colcon.colcon_core.environment:checking '/root/Dojo/Dojo/install/robot_launch' for CMake module files
[4.257s] Level 1:colcon.colcon_core.environment:checking '/root/Dojo/Dojo/install/robot_launch' for CMake config files
[4.257s] Level 1:colcon.colcon_core.environment:checking '/root/Dojo/Dojo/install/robot_launch/lib'
[4.257s] Level 1:colcon.colcon_core.environment:checking '/root/Dojo/Dojo/install/robot_launch/bin'
[4.257s] Level 1:colcon.colcon_core.environment:checking '/root/Dojo/Dojo/install/robot_launch/lib/pkgconfig/robot_launch.pc'
[4.258s] Level 1:colcon.colcon_core.environment:checking '/root/Dojo/Dojo/install/robot_launch/lib/python3.10/site-packages'
[4.258s] Level 1:colcon.colcon_core.shell:create_environment_hook('robot_launch', 'pythonpath')
[4.258s] INFO:colcon.colcon_core.shell:Creating environment hook '/root/Dojo/Dojo/install/robot_launch/share/robot_launch/hook/pythonpath.ps1'
[4.258s] INFO:colcon.colcon_core.shell:Creating environment descriptor '/root/Dojo/Dojo/install/robot_launch/share/robot_launch/hook/pythonpath.dsv'
[4.258s] INFO:colcon.colcon_core.shell:Creating environment hook '/root/Dojo/Dojo/install/robot_launch/share/robot_launch/hook/pythonpath.sh'
[4.259s] Level 1:colcon.colcon_core.environment:checking '/root/Dojo/Dojo/install/robot_launch/bin'
[4.259s] Level 1:colcon.colcon_core.environment:create_environment_scripts_only(robot_launch)
[4.259s] INFO:colcon.colcon_core.shell:Creating package script '/root/Dojo/Dojo/install/robot_launch/share/robot_launch/package.ps1'
[4.260s] INFO:colcon.colcon_core.shell:Creating package descriptor '/root/Dojo/Dojo/install/robot_launch/share/robot_launch/package.dsv'
[4.260s] INFO:colcon.colcon_core.shell:Creating package script '/root/Dojo/Dojo/install/robot_launch/share/robot_launch/package.sh'
[4.260s] INFO:colcon.colcon_core.shell:Creating package script '/root/Dojo/Dojo/install/robot_launch/share/robot_launch/package.bash'
[4.261s] INFO:colcon.colcon_core.shell:Creating package script '/root/Dojo/Dojo/install/robot_launch/share/robot_launch/package.zsh'
[4.261s] Level 1:colcon.colcon_core.environment:create_file_with_runtime_dependencies(/root/Dojo/Dojo/install/robot_launch/share/colcon-core/packages/robot_launch)
[4.261s] DEBUG:colcon.colcon_parallel_executor.executor.parallel:closing loop
[4.261s] DEBUG:colcon.colcon_parallel_executor.executor.parallel:loop closed
[4.261s] DEBUG:colcon.colcon_parallel_executor.executor.parallel:run_until_complete finished with '0'
[4.262s] DEBUG:colcon.colcon_core.event_reactor:joining thread
[4.267s] INFO:colcon.colcon_core.plugin_system:Skipping extension 'colcon_notification.desktop_notification.notify_send': Could not find 'notify-send'
[4.267s] INFO:colcon.colcon_core.plugin_system:Skipping extension 'colcon_notification.desktop_notification.terminal_notifier': Not used on non-Darwin systems
[4.267s] INFO:colcon.colcon_core.plugin_system:Skipping extension 'colcon_notification.desktop_notification.win32': Not used on non-Windows systems
[4.267s] INFO:colcon.colcon_notification.desktop_notification:Sending desktop notification using 'notify2'
[4.270s] DEBUG:colcon.colcon_notification.desktop_notification.notify2:Failed to initialize notify2: org.freedesktop.DBus.Error.Spawn.ExecFailed: /usr/bin/dbus-launch terminated abnormally without any error message
[4.271s] DEBUG:colcon.colcon_core.event_reactor:joined thread
[4.271s] INFO:colcon.colcon_core.shell:Creating prefix script '/root/Dojo/Dojo/install/local_setup.ps1'
[4.273s] INFO:colcon.colcon_core.shell:Creating prefix util module '/root/Dojo/Dojo/install/_local_setup_util_ps1.py'
[4.274s] INFO:colcon.colcon_core.shell:Creating prefix chain script '/root/Dojo/Dojo/install/setup.ps1'
[4.275s] INFO:colcon.colcon_core.shell:Creating prefix script '/root/Dojo/Dojo/install/local_setup.sh'
[4.275s] INFO:colcon.colcon_core.shell:Creating prefix util module '/root/Dojo/Dojo/install/_local_setup_util_sh.py'
[4.276s] INFO:colcon.colcon_core.shell:Creating prefix chain script '/root/Dojo/Dojo/install/setup.sh'
[4.277s] INFO:colcon.colcon_core.shell:Creating prefix script '/root/Dojo/Dojo/install/local_setup.bash'
[4.277s] INFO:colcon.colcon_core.shell:Creating prefix chain script '/root/Dojo/Dojo/install/setup.bash'
[4.278s] INFO:colcon.colcon_core.shell:Creating prefix script '/root/Dojo/Dojo/install/local_setup.zsh'
[4.278s] INFO:colcon.colcon_core.shell:Creating prefix chain script '/root/Dojo/Dojo/install/setup.zsh'
