[0.000000] (-) TimerEvent: {}
[0.000530] (arduino_bridge) JobQueued: {'identifier': 'arduino_bridge', 'dependencies': OrderedDict()}
[0.000642] (camera_ros) JobQueued: {'identifier': 'camera_ros', 'dependencies': OrderedDict()}
[0.000755] (nv21_converter_pkg) JobQueued: {'identifier': 'nv21_converter_pkg', 'dependencies': OrderedDict()}
[0.000803] (robot_control) JobQueued: {'identifier': 'robot_control', 'dependencies': OrderedDict()}
[0.000842] (robot_description) JobQueued: {'identifier': 'robot_description', 'dependencies': OrderedDict()}
[0.000900] (robot_hardware) JobQueued: {'identifier': 'robot_hardware', 'dependencies': OrderedDict()}
[0.000955] (robot_interfaces) JobQueued: {'identifier': 'robot_interfaces', 'dependencies': OrderedDict()}
[0.001038] (robot_perception) JobQueued: {'identifier': 'robot_perception', 'dependencies': OrderedDict()}
[0.001060] (robot_sensors) JobQueued: {'identifier': 'robot_sensors', 'dependencies': OrderedDict()}
[0.001078] (ros2arduino_bridge) JobQueued: {'identifier': 'ros2arduino_bridge', 'dependencies': OrderedDict()}
[0.001099] (vision_system) JobQueued: {'identifier': 'vision_system', 'dependencies': OrderedDict()}
[0.001128] (robot_gazebo) JobQueued: {'identifier': 'robot_gazebo', 'dependencies': OrderedDict([('robot_control', '/root/Dojo/install/robot_control'), ('robot_description', '/root/Dojo/install/robot_description')])}
[0.001154] (robot_launch) JobQueued: {'identifier': 'robot_launch', 'dependencies': OrderedDict([('robot_control', '/root/Dojo/install/robot_control'), ('robot_description', '/root/Dojo/install/robot_description'), ('robot_sensors', '/root/Dojo/install/robot_sensors'), ('ros2arduino_bridge', '/root/Dojo/install/ros2arduino_bridge')])}
[0.001176] (robot_navigation) JobQueued: {'identifier': 'robot_navigation', 'dependencies': OrderedDict([('robot_control', '/root/Dojo/install/robot_control'), ('robot_description', '/root/Dojo/install/robot_description')])}
[0.001204] (robot_bringup) JobQueued: {'identifier': 'robot_bringup', 'dependencies': OrderedDict([('robot_control', '/root/Dojo/install/robot_control'), ('robot_description', '/root/Dojo/install/robot_description'), ('robot_hardware', '/root/Dojo/install/robot_hardware'), ('robot_perception', '/root/Dojo/install/robot_perception'), ('robot_navigation', '/root/Dojo/install/robot_navigation')])}
[0.001286] (robot_control) JobStarted: {'identifier': 'robot_control'}
[0.006915] (robot_description) JobStarted: {'identifier': 'robot_description'}
[0.010812] (robot_hardware) JobStarted: {'identifier': 'robot_hardware'}
[0.015551] (robot_perception) JobStarted: {'identifier': 'robot_perception'}
[0.018567] (robot_sensors) JobStarted: {'identifier': 'robot_sensors'}
[0.022617] (ros2arduino_bridge) JobStarted: {'identifier': 'ros2arduino_bridge'}
[0.027054] (arduino_bridge) JobStarted: {'identifier': 'arduino_bridge'}
[0.032305] (camera_ros) JobStarted: {'identifier': 'camera_ros'}
[0.035743] (nv21_converter_pkg) JobStarted: {'identifier': 'nv21_converter_pkg'}
[0.040734] (robot_interfaces) JobStarted: {'identifier': 'robot_interfaces'}
[0.044540] (vision_system) JobStarted: {'identifier': 'vision_system'}
[0.051541] (robot_control) JobProgress: {'identifier': 'robot_control', 'progress': 'cmake'}
[0.052026] (robot_control) JobProgress: {'identifier': 'robot_control', 'progress': 'build'}
[0.052546] (robot_control) Command: {'cmd': ['/usr/bin/cmake', '--build', '/root/Dojo/build/robot_control', '--', '-j16', '-l16'], 'cwd': '/root/Dojo/build/robot_control', 'env': OrderedDict([('HOSTNAME', 'gareth-joel-HP-Pavilion-Gaming-Laptop-15-ec2xxx'), ('SHLVL', '1'), ('LD_LIBRARY_PATH', '/usr/lib/x86_64-linux-gnu/gazebo-11/plugins:/opt/ros/humble/opt/rviz_ogre_vendor/lib:/opt/ros/humble/lib/x86_64-linux-gnu:/opt/ros/humble/lib'), ('HOME', '/root'), ('OLDPWD', '/root'), ('ROS_PYTHON_VERSION', '3'), ('ROS_DISTRO', 'humble'), ('_', '/usr/bin/colcon'), ('ROS_VERSION', '2'), ('TERM', 'xterm'), ('ROS_LOCALHOST_ONLY', '0'), ('QT_X11_NO_MITSHM', '1'), ('PATH', '/opt/ros/humble/bin:/usr/local/sbin:/usr/local/bin:/usr/sbin:/usr/bin:/sbin:/bin'), ('DISPLAY', ':0'), ('LANG', 'C.UTF-8'), ('LS_COLORS', 'rs=0:di=01;34:ln=01;36:mh=00:pi=40;33:so=01;35:do=01;35:bd=40;33;01:cd=40;33;01:or=40;31;01:mi=00:su=37;41:sg=30;43:ca=30;41:tw=30;42:ow=34;42:st=37;44:ex=01;32:*.tar=01;31:*.tgz=01;31:*.arc=01;31:*.arj=01;31:*.taz=01;31:*.lha=01;31:*.lz4=01;31:*.lzh=01;31:*.lzma=01;31:*.tlz=01;31:*.txz=01;31:*.tzo=01;31:*.t7z=01;31:*.zip=01;31:*.z=01;31:*.dz=01;31:*.gz=01;31:*.lrz=01;31:*.lz=01;31:*.lzo=01;31:*.xz=01;31:*.zst=01;31:*.tzst=01;31:*.bz2=01;31:*.bz=01;31:*.tbz=01;31:*.tbz2=01;31:*.tz=01;31:*.deb=01;31:*.rpm=01;31:*.jar=01;31:*.war=01;31:*.ear=01;31:*.sar=01;31:*.rar=01;31:*.alz=01;31:*.ace=01;31:*.zoo=01;31:*.cpio=01;31:*.7z=01;31:*.rz=01;31:*.cab=01;31:*.wim=01;31:*.swm=01;31:*.dwm=01;31:*.esd=01;31:*.jpg=01;35:*.jpeg=01;35:*.mjpg=01;35:*.mjpeg=01;35:*.gif=01;35:*.bmp=01;35:*.pbm=01;35:*.pgm=01;35:*.ppm=01;35:*.tga=01;35:*.xbm=01;35:*.xpm=01;35:*.tif=01;35:*.tiff=01;35:*.png=01;35:*.svg=01;35:*.svgz=01;35:*.mng=01;35:*.pcx=01;35:*.mov=01;35:*.mpg=01;35:*.mpeg=01;35:*.m2v=01;35:*.mkv=01;35:*.webm=01;35:*.webp=01;35:*.ogm=01;35:*.mp4=01;35:*.m4v=01;35:*.mp4v=01;35:*.vob=01;35:*.qt=01;35:*.nuv=01;35:*.wmv=01;35:*.asf=01;35:*.rm=01;35:*.rmvb=01;35:*.flc=01;35:*.avi=01;35:*.fli=01;35:*.flv=01;35:*.gl=01;35:*.dl=01;35:*.xcf=01;35:*.xwd=01;35:*.yuv=01;35:*.cgm=01;35:*.emf=01;35:*.ogv=01;35:*.ogx=01;35:*.aac=00;36:*.au=00;36:*.flac=00;36:*.m4a=00;36:*.mid=00;36:*.midi=00;36:*.mka=00;36:*.mp3=00;36:*.mpc=00;36:*.ogg=00;36:*.ra=00;36:*.wav=00;36:*.oga=00;36:*.opus=00;36:*.spx=00;36:*.xspf=00;36:'), ('AMENT_PREFIX_PATH', '/opt/ros/humble'), ('PWD', '/root/Dojo/build/robot_control'), ('LC_ALL', 'C.UTF-8'), ('PYTHONPATH', '/opt/ros/humble/lib/python3.10/site-packages:/opt/ros/humble/local/lib/python3.10/dist-packages'), ('COLCON', '1'), ('CMAKE_PREFIX_PATH', '/opt/ros/humble')]), 'shell': False}
[0.054328] (robot_description) JobProgress: {'identifier': 'robot_description', 'progress': 'cmake'}
[0.054991] (robot_description) JobProgress: {'identifier': 'robot_description', 'progress': 'build'}
[0.055250] (robot_description) Command: {'cmd': ['/usr/bin/cmake', '--build', '/root/Dojo/build/robot_description', '--', '-j16', '-l16'], 'cwd': '/root/Dojo/build/robot_description', 'env': OrderedDict([('HOSTNAME', 'gareth-joel-HP-Pavilion-Gaming-Laptop-15-ec2xxx'), ('SHLVL', '1'), ('LD_LIBRARY_PATH', '/usr/lib/x86_64-linux-gnu/gazebo-11/plugins:/opt/ros/humble/opt/rviz_ogre_vendor/lib:/opt/ros/humble/lib/x86_64-linux-gnu:/opt/ros/humble/lib'), ('HOME', '/root'), ('OLDPWD', '/root'), ('ROS_PYTHON_VERSION', '3'), ('ROS_DISTRO', 'humble'), ('_', '/usr/bin/colcon'), ('ROS_VERSION', '2'), ('TERM', 'xterm'), ('ROS_LOCALHOST_ONLY', '0'), ('QT_X11_NO_MITSHM', '1'), ('PATH', '/opt/ros/humble/bin:/usr/local/sbin:/usr/local/bin:/usr/sbin:/usr/bin:/sbin:/bin'), ('DISPLAY', ':0'), ('LANG', 'C.UTF-8'), ('LS_COLORS', 'rs=0:di=01;34:ln=01;36:mh=00:pi=40;33:so=01;35:do=01;35:bd=40;33;01:cd=40;33;01:or=40;31;01:mi=00:su=37;41:sg=30;43:ca=30;41:tw=30;42:ow=34;42:st=37;44:ex=01;32:*.tar=01;31:*.tgz=01;31:*.arc=01;31:*.arj=01;31:*.taz=01;31:*.lha=01;31:*.lz4=01;31:*.lzh=01;31:*.lzma=01;31:*.tlz=01;31:*.txz=01;31:*.tzo=01;31:*.t7z=01;31:*.zip=01;31:*.z=01;31:*.dz=01;31:*.gz=01;31:*.lrz=01;31:*.lz=01;31:*.lzo=01;31:*.xz=01;31:*.zst=01;31:*.tzst=01;31:*.bz2=01;31:*.bz=01;31:*.tbz=01;31:*.tbz2=01;31:*.tz=01;31:*.deb=01;31:*.rpm=01;31:*.jar=01;31:*.war=01;31:*.ear=01;31:*.sar=01;31:*.rar=01;31:*.alz=01;31:*.ace=01;31:*.zoo=01;31:*.cpio=01;31:*.7z=01;31:*.rz=01;31:*.cab=01;31:*.wim=01;31:*.swm=01;31:*.dwm=01;31:*.esd=01;31:*.jpg=01;35:*.jpeg=01;35:*.mjpg=01;35:*.mjpeg=01;35:*.gif=01;35:*.bmp=01;35:*.pbm=01;35:*.pgm=01;35:*.ppm=01;35:*.tga=01;35:*.xbm=01;35:*.xpm=01;35:*.tif=01;35:*.tiff=01;35:*.png=01;35:*.svg=01;35:*.svgz=01;35:*.mng=01;35:*.pcx=01;35:*.mov=01;35:*.mpg=01;35:*.mpeg=01;35:*.m2v=01;35:*.mkv=01;35:*.webm=01;35:*.webp=01;35:*.ogm=01;35:*.mp4=01;35:*.m4v=01;35:*.mp4v=01;35:*.vob=01;35:*.qt=01;35:*.nuv=01;35:*.wmv=01;35:*.asf=01;35:*.rm=01;35:*.rmvb=01;35:*.flc=01;35:*.avi=01;35:*.fli=01;35:*.flv=01;35:*.gl=01;35:*.dl=01;35:*.xcf=01;35:*.xwd=01;35:*.yuv=01;35:*.cgm=01;35:*.emf=01;35:*.ogv=01;35:*.ogx=01;35:*.aac=00;36:*.au=00;36:*.flac=00;36:*.m4a=00;36:*.mid=00;36:*.midi=00;36:*.mka=00;36:*.mp3=00;36:*.mpc=00;36:*.ogg=00;36:*.ra=00;36:*.wav=00;36:*.oga=00;36:*.opus=00;36:*.spx=00;36:*.xspf=00;36:'), ('AMENT_PREFIX_PATH', '/opt/ros/humble'), ('PWD', '/root/Dojo/build/robot_description'), ('LC_ALL', 'C.UTF-8'), ('PYTHONPATH', '/opt/ros/humble/lib/python3.10/site-packages:/opt/ros/humble/local/lib/python3.10/dist-packages'), ('COLCON', '1'), ('CMAKE_PREFIX_PATH', '/opt/ros/humble')]), 'shell': False}
[0.099802] (-) TimerEvent: {}
[0.200086] (-) TimerEvent: {}
[0.300375] (-) TimerEvent: {}
[0.363379] (robot_perception) JobProgress: {'identifier': 'robot_perception', 'progress': 'cmake'}
[0.363778] (robot_perception) JobProgress: {'identifier': 'robot_perception', 'progress': 'build'}
[0.363932] (robot_perception) Command: {'cmd': ['/usr/bin/cmake', '--build', '/root/Dojo/build/robot_perception', '--', '-j16', '-l16'], 'cwd': '/root/Dojo/build/robot_perception', 'env': OrderedDict([('HOSTNAME', 'gareth-joel-HP-Pavilion-Gaming-Laptop-15-ec2xxx'), ('SHLVL', '1'), ('LD_LIBRARY_PATH', '/usr/lib/x86_64-linux-gnu/gazebo-11/plugins:/opt/ros/humble/opt/rviz_ogre_vendor/lib:/opt/ros/humble/lib/x86_64-linux-gnu:/opt/ros/humble/lib'), ('HOME', '/root'), ('OLDPWD', '/root'), ('ROS_PYTHON_VERSION', '3'), ('ROS_DISTRO', 'humble'), ('_', '/usr/bin/colcon'), ('ROS_VERSION', '2'), ('TERM', 'xterm'), ('ROS_LOCALHOST_ONLY', '0'), ('QT_X11_NO_MITSHM', '1'), ('PATH', '/opt/ros/humble/bin:/usr/local/sbin:/usr/local/bin:/usr/sbin:/usr/bin:/sbin:/bin'), ('DISPLAY', ':0'), ('LANG', 'C.UTF-8'), ('LS_COLORS', 'rs=0:di=01;34:ln=01;36:mh=00:pi=40;33:so=01;35:do=01;35:bd=40;33;01:cd=40;33;01:or=40;31;01:mi=00:su=37;41:sg=30;43:ca=30;41:tw=30;42:ow=34;42:st=37;44:ex=01;32:*.tar=01;31:*.tgz=01;31:*.arc=01;31:*.arj=01;31:*.taz=01;31:*.lha=01;31:*.lz4=01;31:*.lzh=01;31:*.lzma=01;31:*.tlz=01;31:*.txz=01;31:*.tzo=01;31:*.t7z=01;31:*.zip=01;31:*.z=01;31:*.dz=01;31:*.gz=01;31:*.lrz=01;31:*.lz=01;31:*.lzo=01;31:*.xz=01;31:*.zst=01;31:*.tzst=01;31:*.bz2=01;31:*.bz=01;31:*.tbz=01;31:*.tbz2=01;31:*.tz=01;31:*.deb=01;31:*.rpm=01;31:*.jar=01;31:*.war=01;31:*.ear=01;31:*.sar=01;31:*.rar=01;31:*.alz=01;31:*.ace=01;31:*.zoo=01;31:*.cpio=01;31:*.7z=01;31:*.rz=01;31:*.cab=01;31:*.wim=01;31:*.swm=01;31:*.dwm=01;31:*.esd=01;31:*.jpg=01;35:*.jpeg=01;35:*.mjpg=01;35:*.mjpeg=01;35:*.gif=01;35:*.bmp=01;35:*.pbm=01;35:*.pgm=01;35:*.ppm=01;35:*.tga=01;35:*.xbm=01;35:*.xpm=01;35:*.tif=01;35:*.tiff=01;35:*.png=01;35:*.svg=01;35:*.svgz=01;35:*.mng=01;35:*.pcx=01;35:*.mov=01;35:*.mpg=01;35:*.mpeg=01;35:*.m2v=01;35:*.mkv=01;35:*.webm=01;35:*.webp=01;35:*.ogm=01;35:*.mp4=01;35:*.m4v=01;35:*.mp4v=01;35:*.vob=01;35:*.qt=01;35:*.nuv=01;35:*.wmv=01;35:*.asf=01;35:*.rm=01;35:*.rmvb=01;35:*.flc=01;35:*.avi=01;35:*.fli=01;35:*.flv=01;35:*.gl=01;35:*.dl=01;35:*.xcf=01;35:*.xwd=01;35:*.yuv=01;35:*.cgm=01;35:*.emf=01;35:*.ogv=01;35:*.ogx=01;35:*.aac=00;36:*.au=00;36:*.flac=00;36:*.m4a=00;36:*.mid=00;36:*.midi=00;36:*.mka=00;36:*.mp3=00;36:*.mpc=00;36:*.ogg=00;36:*.ra=00;36:*.wav=00;36:*.oga=00;36:*.opus=00;36:*.spx=00;36:*.xspf=00;36:'), ('AMENT_PREFIX_PATH', '/opt/ros/humble'), ('PWD', '/root/Dojo/build/robot_perception'), ('LC_ALL', 'C.UTF-8'), ('PYTHONPATH', '/opt/ros/humble/lib/python3.10/site-packages:/opt/ros/humble/local/lib/python3.10/dist-packages'), ('COLCON', '1')]), 'shell': False}
[0.400467] (-) TimerEvent: {}
[0.500745] (-) TimerEvent: {}
[0.601048] (-) TimerEvent: {}
[0.701338] (-) TimerEvent: {}
[0.801652] (-) TimerEvent: {}
[0.901971] (-) TimerEvent: {}
[1.002250] (-) TimerEvent: {}
[1.102501] (-) TimerEvent: {}
[1.202810] (-) TimerEvent: {}
[1.282463] (camera_ros) JobProgress: {'identifier': 'camera_ros', 'progress': 'cmake'}
[1.282939] (camera_ros) JobProgress: {'identifier': 'camera_ros', 'progress': 'build'}
[1.283610] (camera_ros) Command: {'cmd': ['/usr/bin/cmake', '--build', '/root/Dojo/build/camera_ros', '--', '-j16', '-l16'], 'cwd': '/root/Dojo/build/camera_ros', 'env': OrderedDict([('HOSTNAME', 'gareth-joel-HP-Pavilion-Gaming-Laptop-15-ec2xxx'), ('SHLVL', '1'), ('LD_LIBRARY_PATH', '/usr/lib/x86_64-linux-gnu/gazebo-11/plugins:/opt/ros/humble/opt/rviz_ogre_vendor/lib:/opt/ros/humble/lib/x86_64-linux-gnu:/opt/ros/humble/lib'), ('HOME', '/root'), ('OLDPWD', '/root'), ('ROS_PYTHON_VERSION', '3'), ('ROS_DISTRO', 'humble'), ('_', '/usr/bin/colcon'), ('ROS_VERSION', '2'), ('TERM', 'xterm'), ('ROS_LOCALHOST_ONLY', '0'), ('QT_X11_NO_MITSHM', '1'), ('PATH', '/opt/ros/humble/bin:/usr/local/sbin:/usr/local/bin:/usr/sbin:/usr/bin:/sbin:/bin'), ('DISPLAY', ':0'), ('LANG', 'C.UTF-8'), ('LS_COLORS', 'rs=0:di=01;34:ln=01;36:mh=00:pi=40;33:so=01;35:do=01;35:bd=40;33;01:cd=40;33;01:or=40;31;01:mi=00:su=37;41:sg=30;43:ca=30;41:tw=30;42:ow=34;42:st=37;44:ex=01;32:*.tar=01;31:*.tgz=01;31:*.arc=01;31:*.arj=01;31:*.taz=01;31:*.lha=01;31:*.lz4=01;31:*.lzh=01;31:*.lzma=01;31:*.tlz=01;31:*.txz=01;31:*.tzo=01;31:*.t7z=01;31:*.zip=01;31:*.z=01;31:*.dz=01;31:*.gz=01;31:*.lrz=01;31:*.lz=01;31:*.lzo=01;31:*.xz=01;31:*.zst=01;31:*.tzst=01;31:*.bz2=01;31:*.bz=01;31:*.tbz=01;31:*.tbz2=01;31:*.tz=01;31:*.deb=01;31:*.rpm=01;31:*.jar=01;31:*.war=01;31:*.ear=01;31:*.sar=01;31:*.rar=01;31:*.alz=01;31:*.ace=01;31:*.zoo=01;31:*.cpio=01;31:*.7z=01;31:*.rz=01;31:*.cab=01;31:*.wim=01;31:*.swm=01;31:*.dwm=01;31:*.esd=01;31:*.jpg=01;35:*.jpeg=01;35:*.mjpg=01;35:*.mjpeg=01;35:*.gif=01;35:*.bmp=01;35:*.pbm=01;35:*.pgm=01;35:*.ppm=01;35:*.tga=01;35:*.xbm=01;35:*.xpm=01;35:*.tif=01;35:*.tiff=01;35:*.png=01;35:*.svg=01;35:*.svgz=01;35:*.mng=01;35:*.pcx=01;35:*.mov=01;35:*.mpg=01;35:*.mpeg=01;35:*.m2v=01;35:*.mkv=01;35:*.webm=01;35:*.webp=01;35:*.ogm=01;35:*.mp4=01;35:*.m4v=01;35:*.mp4v=01;35:*.vob=01;35:*.qt=01;35:*.nuv=01;35:*.wmv=01;35:*.asf=01;35:*.rm=01;35:*.rmvb=01;35:*.flc=01;35:*.avi=01;35:*.fli=01;35:*.flv=01;35:*.gl=01;35:*.dl=01;35:*.xcf=01;35:*.xwd=01;35:*.yuv=01;35:*.cgm=01;35:*.emf=01;35:*.ogv=01;35:*.ogx=01;35:*.aac=00;36:*.au=00;36:*.flac=00;36:*.m4a=00;36:*.mid=00;36:*.midi=00;36:*.mka=00;36:*.mp3=00;36:*.mpc=00;36:*.ogg=00;36:*.ra=00;36:*.wav=00;36:*.oga=00;36:*.opus=00;36:*.spx=00;36:*.xspf=00;36:'), ('AMENT_PREFIX_PATH', '/opt/ros/humble'), ('PWD', '/root/Dojo/build/camera_ros'), ('LC_ALL', 'C.UTF-8'), ('PYTHONPATH', '/opt/ros/humble/lib/python3.10/site-packages:/opt/ros/humble/local/lib/python3.10/dist-packages'), ('COLCON', '1'), ('CMAKE_PREFIX_PATH', '/opt/ros/humble')]), 'shell': False}
[1.302898] (-) TimerEvent: {}
[1.403184] (-) TimerEvent: {}
[1.503499] (-) TimerEvent: {}
[1.593459] (robot_interfaces) JobProgress: {'identifier': 'robot_interfaces', 'progress': 'cmake'}
[1.593926] (robot_interfaces) JobProgress: {'identifier': 'robot_interfaces', 'progress': 'build'}
[1.594121] (robot_interfaces) Command: {'cmd': ['/usr/bin/cmake', '--build', '/root/Dojo/build/robot_interfaces', '--', '-j16', '-l16'], 'cwd': '/root/Dojo/build/robot_interfaces', 'env': OrderedDict([('HOSTNAME', 'gareth-joel-HP-Pavilion-Gaming-Laptop-15-ec2xxx'), ('SHLVL', '1'), ('LD_LIBRARY_PATH', '/usr/lib/x86_64-linux-gnu/gazebo-11/plugins:/opt/ros/humble/opt/rviz_ogre_vendor/lib:/opt/ros/humble/lib/x86_64-linux-gnu:/opt/ros/humble/lib'), ('HOME', '/root'), ('OLDPWD', '/root'), ('ROS_PYTHON_VERSION', '3'), ('ROS_DISTRO', 'humble'), ('_', '/usr/bin/colcon'), ('ROS_VERSION', '2'), ('TERM', 'xterm'), ('ROS_LOCALHOST_ONLY', '0'), ('QT_X11_NO_MITSHM', '1'), ('PATH', '/opt/ros/humble/bin:/usr/local/sbin:/usr/local/bin:/usr/sbin:/usr/bin:/sbin:/bin'), ('DISPLAY', ':0'), ('LANG', 'C.UTF-8'), ('LS_COLORS', 'rs=0:di=01;34:ln=01;36:mh=00:pi=40;33:so=01;35:do=01;35:bd=40;33;01:cd=40;33;01:or=40;31;01:mi=00:su=37;41:sg=30;43:ca=30;41:tw=30;42:ow=34;42:st=37;44:ex=01;32:*.tar=01;31:*.tgz=01;31:*.arc=01;31:*.arj=01;31:*.taz=01;31:*.lha=01;31:*.lz4=01;31:*.lzh=01;31:*.lzma=01;31:*.tlz=01;31:*.txz=01;31:*.tzo=01;31:*.t7z=01;31:*.zip=01;31:*.z=01;31:*.dz=01;31:*.gz=01;31:*.lrz=01;31:*.lz=01;31:*.lzo=01;31:*.xz=01;31:*.zst=01;31:*.tzst=01;31:*.bz2=01;31:*.bz=01;31:*.tbz=01;31:*.tbz2=01;31:*.tz=01;31:*.deb=01;31:*.rpm=01;31:*.jar=01;31:*.war=01;31:*.ear=01;31:*.sar=01;31:*.rar=01;31:*.alz=01;31:*.ace=01;31:*.zoo=01;31:*.cpio=01;31:*.7z=01;31:*.rz=01;31:*.cab=01;31:*.wim=01;31:*.swm=01;31:*.dwm=01;31:*.esd=01;31:*.jpg=01;35:*.jpeg=01;35:*.mjpg=01;35:*.mjpeg=01;35:*.gif=01;35:*.bmp=01;35:*.pbm=01;35:*.pgm=01;35:*.ppm=01;35:*.tga=01;35:*.xbm=01;35:*.xpm=01;35:*.tif=01;35:*.tiff=01;35:*.png=01;35:*.svg=01;35:*.svgz=01;35:*.mng=01;35:*.pcx=01;35:*.mov=01;35:*.mpg=01;35:*.mpeg=01;35:*.m2v=01;35:*.mkv=01;35:*.webm=01;35:*.webp=01;35:*.ogm=01;35:*.mp4=01;35:*.m4v=01;35:*.mp4v=01;35:*.vob=01;35:*.qt=01;35:*.nuv=01;35:*.wmv=01;35:*.asf=01;35:*.rm=01;35:*.rmvb=01;35:*.flc=01;35:*.avi=01;35:*.fli=01;35:*.flv=01;35:*.gl=01;35:*.dl=01;35:*.xcf=01;35:*.xwd=01;35:*.yuv=01;35:*.cgm=01;35:*.emf=01;35:*.ogv=01;35:*.ogx=01;35:*.aac=00;36:*.au=00;36:*.flac=00;36:*.m4a=00;36:*.mid=00;36:*.midi=00;36:*.mka=00;36:*.mp3=00;36:*.mpc=00;36:*.ogg=00;36:*.ra=00;36:*.wav=00;36:*.oga=00;36:*.opus=00;36:*.spx=00;36:*.xspf=00;36:'), ('AMENT_PREFIX_PATH', '/opt/ros/humble'), ('PWD', '/root/Dojo/build/robot_interfaces'), ('LC_ALL', 'C.UTF-8'), ('PYTHONPATH', '/opt/ros/humble/lib/python3.10/site-packages:/opt/ros/humble/local/lib/python3.10/dist-packages'), ('COLCON', '1'), ('CMAKE_PREFIX_PATH', '/opt/ros/humble')]), 'shell': False}
[1.597237] (robot_perception) StdoutLine: {'line': b'Built target ament_cmake_python_copy_robot_perception_setup\n'}
[1.597722] (robot_perception) StdoutLine: {'line': b'Built target ament_cmake_python_copy_robot_perception\n'}
[1.598023] (robot_perception) StdoutLine: {'line': b'running egg_info\n'}
[1.598310] (robot_perception) StdoutLine: {'line': b'writing robot_perception.egg-info/PKG-INFO\n'}
[1.599056] (robot_perception) StdoutLine: {'line': b'writing dependency_links to robot_perception.egg-info/dependency_links.txt\n'}
[1.599669] (robot_perception) StdoutLine: {'line': b'writing top-level names to robot_perception.egg-info/top_level.txt\n'}
[1.599747] (robot_perception) StdoutLine: {'line': b"reading manifest file 'robot_perception.egg-info/SOURCES.txt'\n"}
[1.599818] (robot_perception) StdoutLine: {'line': b"writing manifest file 'robot_perception.egg-info/SOURCES.txt'\n"}
[1.599882] (robot_perception) StdoutLine: {'line': b'Built target ament_cmake_python_build_robot_perception_egg\n'}
[1.599948] (camera_ros) StdoutLine: {'line': b'\x1b[35m\x1b[1mConsolidate compiler generated dependencies of target utils\x1b[0m\n'}
[1.600040] (camera_ros) StdoutLine: {'line': b'\x1b[35m\x1b[1mConsolidate compiler generated dependencies of target camera_node\x1b[0m\n'}
[1.600108] (camera_ros) StdoutLine: {'line': b'\x1b[35m\x1b[1mConsolidate compiler generated dependencies of target param\x1b[0m\n'}
[1.600176] (camera_ros) StdoutLine: {'line': b'[ 15%] Built target utils\n'}
[1.600242] (camera_ros) StdoutLine: {'line': b'[ 30%] Built target camera_node\n'}
[1.600314] (camera_ros) StdoutLine: {'line': b'[ 84%] Built target param\n'}
[1.600386] (camera_ros) StdoutLine: {'line': b'\x1b[35m\x1b[1mConsolidate compiler generated dependencies of target camera_component\x1b[0m\n'}
[1.600460] (camera_ros) StdoutLine: {'line': b'[100%] Built target camera_component\n'}
[1.603568] (-) TimerEvent: {}
[1.636550] (robot_interfaces) StdoutLine: {'line': b'\x1b[35m\x1b[1mConsolidate compiler generated dependencies of target robot_interfaces__rosidl_generator_c\x1b[0m\n'}
[1.646874] (robot_interfaces) StdoutLine: {'line': b'[  1%] Built target robot_interfaces__cpp\n'}
[1.651876] (robot_interfaces) StdoutLine: {'line': b'[ 12%] Built target robot_interfaces__rosidl_generator_c\n'}
[1.653776] (robot_interfaces) StdoutLine: {'line': b'[ 12%] Built target ament_cmake_python_symlink_robot_interfaces\n'}
[1.659436] (robot_interfaces) StdoutLine: {'line': b'\x1b[35m\x1b[1mConsolidate compiler generated dependencies of target robot_interfaces__rosidl_typesupport_cpp\x1b[0m\n'}
[1.659763] (robot_interfaces) StdoutLine: {'line': b'\x1b[35m\x1b[1mConsolidate compiler generated dependencies of target robot_interfaces__rosidl_typesupport_introspection_cpp\x1b[0m\n'}
[1.659934] (robot_interfaces) StdoutLine: {'line': b'\x1b[35m\x1b[1mConsolidate compiler generated dependencies of target robot_interfaces__rosidl_typesupport_fastrtps_cpp\x1b[0m\n'}
[1.664117] (robot_interfaces) StdoutLine: {'line': b'\x1b[35m\x1b[1mConsolidate compiler generated dependencies of target robot_interfaces__rosidl_typesupport_c\x1b[0m\n'}
[1.664353] (robot_interfaces) StdoutLine: {'line': b'\x1b[35m\x1b[1mConsolidate compiler generated dependencies of target robot_interfaces__rosidl_typesupport_introspection_c\x1b[0m\n'}
[1.665271] (robot_interfaces) StdoutLine: {'line': b'\x1b[35m\x1b[1mConsolidate compiler generated dependencies of target robot_interfaces__rosidl_typesupport_fastrtps_c\x1b[0m\n'}
[1.679248] (robot_interfaces) StdoutLine: {'line': b'[ 31%] Built target robot_interfaces__rosidl_typesupport_cpp\n'}
[1.679573] (robot_interfaces) StdoutLine: {'line': b'[ 35%] Built target robot_interfaces__rosidl_typesupport_c\n'}
[1.681319] (robot_interfaces) StdoutLine: {'line': b'[ 46%] Built target robot_interfaces__rosidl_typesupport_fastrtps_cpp\n'}
[1.681908] (robot_interfaces) StdoutLine: {'line': b'[ 58%] Built target robot_interfaces__rosidl_typesupport_introspection_c\n'}
[1.682677] (robot_interfaces) StdoutLine: {'line': b'[ 69%] Built target robot_interfaces__rosidl_typesupport_introspection_cpp\n'}
[1.687494] (robot_interfaces) StdoutLine: {'line': b'[ 81%] Built target robot_interfaces__rosidl_typesupport_fastrtps_c\n'}
[1.703664] (-) TimerEvent: {}
[1.710695] (robot_interfaces) StdoutLine: {'line': b'[ 81%] Built target robot_interfaces\n'}
[1.734156] (robot_interfaces) StdoutLine: {'line': b'[ 82%] Built target robot_interfaces__py\n'}
[1.747133] (robot_interfaces) StdoutLine: {'line': b'\x1b[35m\x1b[1mConsolidate compiler generated dependencies of target robot_interfaces__rosidl_generator_py\x1b[0m\n'}
[1.767148] (robot_interfaces) StdoutLine: {'line': b'[ 92%] Built target robot_interfaces__rosidl_generator_py\n'}
[1.778659] (robot_interfaces) StdoutLine: {'line': b'\x1b[35m\x1b[1mConsolidate compiler generated dependencies of target robot_interfaces__rosidl_typesupport_fastrtps_c__pyext\x1b[0m\n'}
[1.778887] (robot_interfaces) StdoutLine: {'line': b'\x1b[35m\x1b[1mConsolidate compiler generated dependencies of target robot_interfaces__rosidl_typesupport_c__pyext\x1b[0m\n'}
[1.779027] (robot_interfaces) StdoutLine: {'line': b'\x1b[35m\x1b[1mConsolidate compiler generated dependencies of target robot_interfaces__rosidl_typesupport_introspection_c__pyext\x1b[0m\n'}
[1.793820] (robot_interfaces) StdoutLine: {'line': b'[100%] Built target robot_interfaces__rosidl_typesupport_c__pyext\n'}
[1.794071] (robot_interfaces) StdoutLine: {'line': b'[100%] Built target robot_interfaces__rosidl_typesupport_fastrtps_c__pyext\n'}
[1.794249] (robot_interfaces) StdoutLine: {'line': b'[100%] Built target robot_interfaces__rosidl_typesupport_introspection_c__pyext\n'}
[1.803745] (-) TimerEvent: {}
[1.904021] (-) TimerEvent: {}
[1.949502] (robot_control) CommandEnded: {'returncode': 0}
[1.949926] (robot_control) JobProgress: {'identifier': 'robot_control', 'progress': 'install'}
[1.959022] (robot_control) Command: {'cmd': ['/usr/bin/cmake', '--install', '/root/Dojo/build/robot_control'], 'cwd': '/root/Dojo/build/robot_control', 'env': OrderedDict([('HOSTNAME', 'gareth-joel-HP-Pavilion-Gaming-Laptop-15-ec2xxx'), ('SHLVL', '1'), ('LD_LIBRARY_PATH', '/usr/lib/x86_64-linux-gnu/gazebo-11/plugins:/opt/ros/humble/opt/rviz_ogre_vendor/lib:/opt/ros/humble/lib/x86_64-linux-gnu:/opt/ros/humble/lib'), ('HOME', '/root'), ('OLDPWD', '/root'), ('ROS_PYTHON_VERSION', '3'), ('ROS_DISTRO', 'humble'), ('_', '/usr/bin/colcon'), ('ROS_VERSION', '2'), ('TERM', 'xterm'), ('ROS_LOCALHOST_ONLY', '0'), ('QT_X11_NO_MITSHM', '1'), ('PATH', '/opt/ros/humble/bin:/usr/local/sbin:/usr/local/bin:/usr/sbin:/usr/bin:/sbin:/bin'), ('DISPLAY', ':0'), ('LANG', 'C.UTF-8'), ('LS_COLORS', 'rs=0:di=01;34:ln=01;36:mh=00:pi=40;33:so=01;35:do=01;35:bd=40;33;01:cd=40;33;01:or=40;31;01:mi=00:su=37;41:sg=30;43:ca=30;41:tw=30;42:ow=34;42:st=37;44:ex=01;32:*.tar=01;31:*.tgz=01;31:*.arc=01;31:*.arj=01;31:*.taz=01;31:*.lha=01;31:*.lz4=01;31:*.lzh=01;31:*.lzma=01;31:*.tlz=01;31:*.txz=01;31:*.tzo=01;31:*.t7z=01;31:*.zip=01;31:*.z=01;31:*.dz=01;31:*.gz=01;31:*.lrz=01;31:*.lz=01;31:*.lzo=01;31:*.xz=01;31:*.zst=01;31:*.tzst=01;31:*.bz2=01;31:*.bz=01;31:*.tbz=01;31:*.tbz2=01;31:*.tz=01;31:*.deb=01;31:*.rpm=01;31:*.jar=01;31:*.war=01;31:*.ear=01;31:*.sar=01;31:*.rar=01;31:*.alz=01;31:*.ace=01;31:*.zoo=01;31:*.cpio=01;31:*.7z=01;31:*.rz=01;31:*.cab=01;31:*.wim=01;31:*.swm=01;31:*.dwm=01;31:*.esd=01;31:*.jpg=01;35:*.jpeg=01;35:*.mjpg=01;35:*.mjpeg=01;35:*.gif=01;35:*.bmp=01;35:*.pbm=01;35:*.pgm=01;35:*.ppm=01;35:*.tga=01;35:*.xbm=01;35:*.xpm=01;35:*.tif=01;35:*.tiff=01;35:*.png=01;35:*.svg=01;35:*.svgz=01;35:*.mng=01;35:*.pcx=01;35:*.mov=01;35:*.mpg=01;35:*.mpeg=01;35:*.m2v=01;35:*.mkv=01;35:*.webm=01;35:*.webp=01;35:*.ogm=01;35:*.mp4=01;35:*.m4v=01;35:*.mp4v=01;35:*.vob=01;35:*.qt=01;35:*.nuv=01;35:*.wmv=01;35:*.asf=01;35:*.rm=01;35:*.rmvb=01;35:*.flc=01;35:*.avi=01;35:*.fli=01;35:*.flv=01;35:*.gl=01;35:*.dl=01;35:*.xcf=01;35:*.xwd=01;35:*.yuv=01;35:*.cgm=01;35:*.emf=01;35:*.ogv=01;35:*.ogx=01;35:*.aac=00;36:*.au=00;36:*.flac=00;36:*.m4a=00;36:*.mid=00;36:*.midi=00;36:*.mka=00;36:*.mp3=00;36:*.mpc=00;36:*.ogg=00;36:*.ra=00;36:*.wav=00;36:*.oga=00;36:*.opus=00;36:*.spx=00;36:*.xspf=00;36:'), ('AMENT_PREFIX_PATH', '/opt/ros/humble'), ('PWD', '/root/Dojo/build/robot_control'), ('LC_ALL', 'C.UTF-8'), ('PYTHONPATH', '/opt/ros/humble/lib/python3.10/site-packages:/opt/ros/humble/local/lib/python3.10/dist-packages'), ('COLCON', '1'), ('CMAKE_PREFIX_PATH', '/opt/ros/humble')]), 'shell': False}
[1.960186] (robot_perception) CommandEnded: {'returncode': 0}
[1.960572] (robot_perception) JobProgress: {'identifier': 'robot_perception', 'progress': 'install'}
[1.961144] (robot_perception) Command: {'cmd': ['/usr/bin/cmake', '--install', '/root/Dojo/build/robot_perception'], 'cwd': '/root/Dojo/build/robot_perception', 'env': OrderedDict([('HOSTNAME', 'gareth-joel-HP-Pavilion-Gaming-Laptop-15-ec2xxx'), ('SHLVL', '1'), ('LD_LIBRARY_PATH', '/usr/lib/x86_64-linux-gnu/gazebo-11/plugins:/opt/ros/humble/opt/rviz_ogre_vendor/lib:/opt/ros/humble/lib/x86_64-linux-gnu:/opt/ros/humble/lib'), ('HOME', '/root'), ('OLDPWD', '/root'), ('ROS_PYTHON_VERSION', '3'), ('ROS_DISTRO', 'humble'), ('_', '/usr/bin/colcon'), ('ROS_VERSION', '2'), ('TERM', 'xterm'), ('ROS_LOCALHOST_ONLY', '0'), ('QT_X11_NO_MITSHM', '1'), ('PATH', '/opt/ros/humble/bin:/usr/local/sbin:/usr/local/bin:/usr/sbin:/usr/bin:/sbin:/bin'), ('DISPLAY', ':0'), ('LANG', 'C.UTF-8'), ('LS_COLORS', 'rs=0:di=01;34:ln=01;36:mh=00:pi=40;33:so=01;35:do=01;35:bd=40;33;01:cd=40;33;01:or=40;31;01:mi=00:su=37;41:sg=30;43:ca=30;41:tw=30;42:ow=34;42:st=37;44:ex=01;32:*.tar=01;31:*.tgz=01;31:*.arc=01;31:*.arj=01;31:*.taz=01;31:*.lha=01;31:*.lz4=01;31:*.lzh=01;31:*.lzma=01;31:*.tlz=01;31:*.txz=01;31:*.tzo=01;31:*.t7z=01;31:*.zip=01;31:*.z=01;31:*.dz=01;31:*.gz=01;31:*.lrz=01;31:*.lz=01;31:*.lzo=01;31:*.xz=01;31:*.zst=01;31:*.tzst=01;31:*.bz2=01;31:*.bz=01;31:*.tbz=01;31:*.tbz2=01;31:*.tz=01;31:*.deb=01;31:*.rpm=01;31:*.jar=01;31:*.war=01;31:*.ear=01;31:*.sar=01;31:*.rar=01;31:*.alz=01;31:*.ace=01;31:*.zoo=01;31:*.cpio=01;31:*.7z=01;31:*.rz=01;31:*.cab=01;31:*.wim=01;31:*.swm=01;31:*.dwm=01;31:*.esd=01;31:*.jpg=01;35:*.jpeg=01;35:*.mjpg=01;35:*.mjpeg=01;35:*.gif=01;35:*.bmp=01;35:*.pbm=01;35:*.pgm=01;35:*.ppm=01;35:*.tga=01;35:*.xbm=01;35:*.xpm=01;35:*.tif=01;35:*.tiff=01;35:*.png=01;35:*.svg=01;35:*.svgz=01;35:*.mng=01;35:*.pcx=01;35:*.mov=01;35:*.mpg=01;35:*.mpeg=01;35:*.m2v=01;35:*.mkv=01;35:*.webm=01;35:*.webp=01;35:*.ogm=01;35:*.mp4=01;35:*.m4v=01;35:*.mp4v=01;35:*.vob=01;35:*.qt=01;35:*.nuv=01;35:*.wmv=01;35:*.asf=01;35:*.rm=01;35:*.rmvb=01;35:*.flc=01;35:*.avi=01;35:*.fli=01;35:*.flv=01;35:*.gl=01;35:*.dl=01;35:*.xcf=01;35:*.xwd=01;35:*.yuv=01;35:*.cgm=01;35:*.emf=01;35:*.ogv=01;35:*.ogx=01;35:*.aac=00;36:*.au=00;36:*.flac=00;36:*.m4a=00;36:*.mid=00;36:*.midi=00;36:*.mka=00;36:*.mp3=00;36:*.mpc=00;36:*.ogg=00;36:*.ra=00;36:*.wav=00;36:*.oga=00;36:*.opus=00;36:*.spx=00;36:*.xspf=00;36:'), ('AMENT_PREFIX_PATH', '/opt/ros/humble'), ('PWD', '/root/Dojo/build/robot_perception'), ('LC_ALL', 'C.UTF-8'), ('PYTHONPATH', '/opt/ros/humble/lib/python3.10/site-packages:/opt/ros/humble/local/lib/python3.10/dist-packages'), ('COLCON', '1')]), 'shell': False}
[1.962144] (robot_description) CommandEnded: {'returncode': 0}
[1.962532] (robot_description) JobProgress: {'identifier': 'robot_description', 'progress': 'install'}
[1.962886] (robot_description) Command: {'cmd': ['/usr/bin/cmake', '--install', '/root/Dojo/build/robot_description'], 'cwd': '/root/Dojo/build/robot_description', 'env': OrderedDict([('HOSTNAME', 'gareth-joel-HP-Pavilion-Gaming-Laptop-15-ec2xxx'), ('SHLVL', '1'), ('LD_LIBRARY_PATH', '/usr/lib/x86_64-linux-gnu/gazebo-11/plugins:/opt/ros/humble/opt/rviz_ogre_vendor/lib:/opt/ros/humble/lib/x86_64-linux-gnu:/opt/ros/humble/lib'), ('HOME', '/root'), ('OLDPWD', '/root'), ('ROS_PYTHON_VERSION', '3'), ('ROS_DISTRO', 'humble'), ('_', '/usr/bin/colcon'), ('ROS_VERSION', '2'), ('TERM', 'xterm'), ('ROS_LOCALHOST_ONLY', '0'), ('QT_X11_NO_MITSHM', '1'), ('PATH', '/opt/ros/humble/bin:/usr/local/sbin:/usr/local/bin:/usr/sbin:/usr/bin:/sbin:/bin'), ('DISPLAY', ':0'), ('LANG', 'C.UTF-8'), ('LS_COLORS', 'rs=0:di=01;34:ln=01;36:mh=00:pi=40;33:so=01;35:do=01;35:bd=40;33;01:cd=40;33;01:or=40;31;01:mi=00:su=37;41:sg=30;43:ca=30;41:tw=30;42:ow=34;42:st=37;44:ex=01;32:*.tar=01;31:*.tgz=01;31:*.arc=01;31:*.arj=01;31:*.taz=01;31:*.lha=01;31:*.lz4=01;31:*.lzh=01;31:*.lzma=01;31:*.tlz=01;31:*.txz=01;31:*.tzo=01;31:*.t7z=01;31:*.zip=01;31:*.z=01;31:*.dz=01;31:*.gz=01;31:*.lrz=01;31:*.lz=01;31:*.lzo=01;31:*.xz=01;31:*.zst=01;31:*.tzst=01;31:*.bz2=01;31:*.bz=01;31:*.tbz=01;31:*.tbz2=01;31:*.tz=01;31:*.deb=01;31:*.rpm=01;31:*.jar=01;31:*.war=01;31:*.ear=01;31:*.sar=01;31:*.rar=01;31:*.alz=01;31:*.ace=01;31:*.zoo=01;31:*.cpio=01;31:*.7z=01;31:*.rz=01;31:*.cab=01;31:*.wim=01;31:*.swm=01;31:*.dwm=01;31:*.esd=01;31:*.jpg=01;35:*.jpeg=01;35:*.mjpg=01;35:*.mjpeg=01;35:*.gif=01;35:*.bmp=01;35:*.pbm=01;35:*.pgm=01;35:*.ppm=01;35:*.tga=01;35:*.xbm=01;35:*.xpm=01;35:*.tif=01;35:*.tiff=01;35:*.png=01;35:*.svg=01;35:*.svgz=01;35:*.mng=01;35:*.pcx=01;35:*.mov=01;35:*.mpg=01;35:*.mpeg=01;35:*.m2v=01;35:*.mkv=01;35:*.webm=01;35:*.webp=01;35:*.ogm=01;35:*.mp4=01;35:*.m4v=01;35:*.mp4v=01;35:*.vob=01;35:*.qt=01;35:*.nuv=01;35:*.wmv=01;35:*.asf=01;35:*.rm=01;35:*.rmvb=01;35:*.flc=01;35:*.avi=01;35:*.fli=01;35:*.flv=01;35:*.gl=01;35:*.dl=01;35:*.xcf=01;35:*.xwd=01;35:*.yuv=01;35:*.cgm=01;35:*.emf=01;35:*.ogv=01;35:*.ogx=01;35:*.aac=00;36:*.au=00;36:*.flac=00;36:*.m4a=00;36:*.mid=00;36:*.midi=00;36:*.mka=00;36:*.mp3=00;36:*.mpc=00;36:*.ogg=00;36:*.ra=00;36:*.wav=00;36:*.oga=00;36:*.opus=00;36:*.spx=00;36:*.xspf=00;36:'), ('AMENT_PREFIX_PATH', '/opt/ros/humble'), ('PWD', '/root/Dojo/build/robot_description'), ('LC_ALL', 'C.UTF-8'), ('PYTHONPATH', '/opt/ros/humble/lib/python3.10/site-packages:/opt/ros/humble/local/lib/python3.10/dist-packages'), ('COLCON', '1'), ('CMAKE_PREFIX_PATH', '/opt/ros/humble')]), 'shell': False}
[1.963869] (camera_ros) CommandEnded: {'returncode': 0}
[1.964221] (camera_ros) JobProgress: {'identifier': 'camera_ros', 'progress': 'install'}
[1.964541] (camera_ros) Command: {'cmd': ['/usr/bin/cmake', '--install', '/root/Dojo/build/camera_ros'], 'cwd': '/root/Dojo/build/camera_ros', 'env': OrderedDict([('HOSTNAME', 'gareth-joel-HP-Pavilion-Gaming-Laptop-15-ec2xxx'), ('SHLVL', '1'), ('LD_LIBRARY_PATH', '/usr/lib/x86_64-linux-gnu/gazebo-11/plugins:/opt/ros/humble/opt/rviz_ogre_vendor/lib:/opt/ros/humble/lib/x86_64-linux-gnu:/opt/ros/humble/lib'), ('HOME', '/root'), ('OLDPWD', '/root'), ('ROS_PYTHON_VERSION', '3'), ('ROS_DISTRO', 'humble'), ('_', '/usr/bin/colcon'), ('ROS_VERSION', '2'), ('TERM', 'xterm'), ('ROS_LOCALHOST_ONLY', '0'), ('QT_X11_NO_MITSHM', '1'), ('PATH', '/opt/ros/humble/bin:/usr/local/sbin:/usr/local/bin:/usr/sbin:/usr/bin:/sbin:/bin'), ('DISPLAY', ':0'), ('LANG', 'C.UTF-8'), ('LS_COLORS', 'rs=0:di=01;34:ln=01;36:mh=00:pi=40;33:so=01;35:do=01;35:bd=40;33;01:cd=40;33;01:or=40;31;01:mi=00:su=37;41:sg=30;43:ca=30;41:tw=30;42:ow=34;42:st=37;44:ex=01;32:*.tar=01;31:*.tgz=01;31:*.arc=01;31:*.arj=01;31:*.taz=01;31:*.lha=01;31:*.lz4=01;31:*.lzh=01;31:*.lzma=01;31:*.tlz=01;31:*.txz=01;31:*.tzo=01;31:*.t7z=01;31:*.zip=01;31:*.z=01;31:*.dz=01;31:*.gz=01;31:*.lrz=01;31:*.lz=01;31:*.lzo=01;31:*.xz=01;31:*.zst=01;31:*.tzst=01;31:*.bz2=01;31:*.bz=01;31:*.tbz=01;31:*.tbz2=01;31:*.tz=01;31:*.deb=01;31:*.rpm=01;31:*.jar=01;31:*.war=01;31:*.ear=01;31:*.sar=01;31:*.rar=01;31:*.alz=01;31:*.ace=01;31:*.zoo=01;31:*.cpio=01;31:*.7z=01;31:*.rz=01;31:*.cab=01;31:*.wim=01;31:*.swm=01;31:*.dwm=01;31:*.esd=01;31:*.jpg=01;35:*.jpeg=01;35:*.mjpg=01;35:*.mjpeg=01;35:*.gif=01;35:*.bmp=01;35:*.pbm=01;35:*.pgm=01;35:*.ppm=01;35:*.tga=01;35:*.xbm=01;35:*.xpm=01;35:*.tif=01;35:*.tiff=01;35:*.png=01;35:*.svg=01;35:*.svgz=01;35:*.mng=01;35:*.pcx=01;35:*.mov=01;35:*.mpg=01;35:*.mpeg=01;35:*.m2v=01;35:*.mkv=01;35:*.webm=01;35:*.webp=01;35:*.ogm=01;35:*.mp4=01;35:*.m4v=01;35:*.mp4v=01;35:*.vob=01;35:*.qt=01;35:*.nuv=01;35:*.wmv=01;35:*.asf=01;35:*.rm=01;35:*.rmvb=01;35:*.flc=01;35:*.avi=01;35:*.fli=01;35:*.flv=01;35:*.gl=01;35:*.dl=01;35:*.xcf=01;35:*.xwd=01;35:*.yuv=01;35:*.cgm=01;35:*.emf=01;35:*.ogv=01;35:*.ogx=01;35:*.aac=00;36:*.au=00;36:*.flac=00;36:*.m4a=00;36:*.mid=00;36:*.midi=00;36:*.mka=00;36:*.mp3=00;36:*.mpc=00;36:*.ogg=00;36:*.ra=00;36:*.wav=00;36:*.oga=00;36:*.opus=00;36:*.spx=00;36:*.xspf=00;36:'), ('AMENT_PREFIX_PATH', '/opt/ros/humble'), ('PWD', '/root/Dojo/build/camera_ros'), ('LC_ALL', 'C.UTF-8'), ('PYTHONPATH', '/opt/ros/humble/lib/python3.10/site-packages:/opt/ros/humble/local/lib/python3.10/dist-packages'), ('COLCON', '1'), ('CMAKE_PREFIX_PATH', '/opt/ros/humble')]), 'shell': False}
[1.967066] (robot_control) StdoutLine: {'line': b'-- Install configuration: "Release"\n'}
[1.967501] (robot_control) StdoutLine: {'line': b'-- Execute custom install script\n'}
[1.968387] (robot_control) StdoutLine: {'line': b'-- Up-to-date symlink: /root/Dojo/install/robot_control/share/robot_control/launch/control.launch.py\n'}
[1.969240] (robot_control) StdoutLine: {'line': b'-- Up-to-date symlink: /root/Dojo/install/robot_control/share/robot_control/launch/robot_control.launch.py\n'}
[1.969688] (robot_control) StdoutLine: {'line': b'-- Up-to-date symlink: /root/Dojo/install/robot_control/share/robot_control/config/arduino.yaml\n'}
[1.970067] (robot_perception) StdoutLine: {'line': b'-- Install configuration: "Release"\n'}
[1.970248] (robot_control) StdoutLine: {'line': b'-- Up-to-date symlink: /root/Dojo/install/robot_control/share/robot_control/config/controllers.yaml\n'}
[1.970713] (robot_control) StdoutLine: {'line': b'-- Up-to-date symlink: /root/Dojo/install/robot_control/share/robot_control/config/robot_control_params.yaml\n'}
[1.971725] (robot_control) StdoutLine: {'line': b'-- Up-to-date symlink: /root/Dojo/install/robot_control/share/robot_control/config/twist_mux.yaml\n'}
[1.972138] (robot_control) StdoutLine: {'line': b'-- Up-to-date symlink: /root/Dojo/install/robot_control/share/robot_control/package.xml\n'}
[1.972924] (robot_control) StdoutLine: {'line': b'-- Up-to-date symlink: /root/Dojo/install/robot_control/share/robot_control/setup.py\n'}
[1.973116] (robot_control) StdoutLine: {'line': b'-- Up-to-date symlink: /root/Dojo/install/robot_control/share/robot_control/setup.cfg\n'}
[1.973312] (robot_control) StdoutLine: {'line': b'-- Up-to-date symlink: /root/Dojo/install/robot_control/share/ament_index/resource_index/package_run_dependencies/robot_control\n'}
[1.973482] (robot_perception) StdoutLine: {'line': b'-- Up-to-date: /root/Dojo/install/robot_perception/share/robot_perception/environment/pythonpath.sh\n'}
[1.973649] (robot_perception) StdoutLine: {'line': b'-- Up-to-date: /root/Dojo/install/robot_perception/share/robot_perception/environment/pythonpath.dsv\n'}
[1.973772] (robot_perception) StdoutLine: {'line': b'-- Up-to-date: /root/Dojo/install/robot_perception/local/lib/python3.10/dist-packages/robot_perception-0.2.0-py3.10.egg-info\n'}
[1.974206] (robot_perception) StdoutLine: {'line': b'-- Installing: /root/Dojo/install/robot_perception/local/lib/python3.10/dist-packages/robot_perception-0.2.0-py3.10.egg-info/SOURCES.txt\n'}
[1.975781] (robot_perception) StdoutLine: {'line': b'-- Installing: /root/Dojo/install/robot_perception/local/lib/python3.10/dist-packages/robot_perception-0.2.0-py3.10.egg-info/dependency_links.txt\n'}
[1.976009] (robot_perception) StdoutLine: {'line': b'-- Installing: /root/Dojo/install/robot_perception/local/lib/python3.10/dist-packages/robot_perception-0.2.0-py3.10.egg-info/PKG-INFO\n'}
[1.976429] (robot_control) StdoutLine: {'line': b'-- Up-to-date symlink: /root/Dojo/install/robot_control/share/ament_index/resource_index/parent_prefix_path/robot_control\n'}
[1.977145] (robot_control) StdoutLine: {'line': b'-- Up-to-date symlink: /root/Dojo/install/robot_control/share/robot_control/environment/ament_prefix_path.sh\n'}
[1.977596] (robot_perception) StdoutLine: {'line': b'-- Installing: /root/Dojo/install/robot_perception/local/lib/python3.10/dist-packages/robot_perception-0.2.0-py3.10.egg-info/top_level.txt\n'}
[1.977868] (robot_control) StdoutLine: {'line': b'-- Up-to-date symlink: /root/Dojo/install/robot_control/share/robot_control/environment/ament_prefix_path.dsv\n'}
[1.979093] (robot_perception) StdoutLine: {'line': b'-- Up-to-date: /root/Dojo/install/robot_perception/local/lib/python3.10/dist-packages/robot_perception\n'}
[1.981931] (robot_perception) StdoutLine: {'line': b'-- Up-to-date: /root/Dojo/install/robot_perception/local/lib/python3.10/dist-packages/robot_perception/yolov8n.pt\n'}
[1.983086] (robot_perception) StdoutLine: {'line': b'-- Up-to-date: /root/Dojo/install/robot_perception/local/lib/python3.10/dist-packages/robot_perception/utils\n'}
[1.983274] (robot_perception) StdoutLine: {'line': b'-- Up-to-date: /root/Dojo/install/robot_perception/local/lib/python3.10/dist-packages/robot_perception/utils/common.py\n'}
[1.983428] (robot_perception) StdoutLine: {'line': b'-- Up-to-date: /root/Dojo/install/robot_perception/local/lib/python3.10/dist-packages/robot_perception/utils/__init__.py\n'}
[1.984107] (robot_perception) StdoutLine: {'line': b'-- Up-to-date: /root/Dojo/install/robot_perception/local/lib/python3.10/dist-packages/robot_perception/utils/config.py\n'}
[1.984706] (robot_perception) StdoutLine: {'line': b'-- Up-to-date: /root/Dojo/install/robot_perception/local/lib/python3.10/dist-packages/robot_perception/nodes\n'}
[1.986806] (robot_perception) StdoutLine: {'line': b'-- Up-to-date: /root/Dojo/install/robot_perception/local/lib/python3.10/dist-packages/robot_perception/nodes/object_detector.py\n'}
[1.988359] (robot_perception) StdoutLine: {'line': b'-- Up-to-date: /root/Dojo/install/robot_perception/local/lib/python3.10/dist-packages/robot_perception/nodes/perception_integrator.py\n'}
[1.988657] (robot_perception) StdoutLine: {'line': b'-- Up-to-date: /root/Dojo/install/robot_perception/local/lib/python3.10/dist-packages/robot_perception/nodes/lidar_processor.py\n'}
[1.989656] (robot_perception) StdoutLine: {'line': b'-- Up-to-date: /root/Dojo/install/robot_perception/local/lib/python3.10/dist-packages/robot_perception/nodes/camera_processor.py\n'}
[1.989942] (robot_description) StdoutLine: {'line': b'-- Install configuration: "Release"\n'}
[1.990090] (robot_perception) StdoutLine: {'line': b'-- Up-to-date: /root/Dojo/install/robot_perception/local/lib/python3.10/dist-packages/robot_perception/nodes/__init__.py\n'}
[1.990198] (robot_perception) StdoutLine: {'line': b'-- Up-to-date: /root/Dojo/install/robot_perception/local/lib/python3.10/dist-packages/robot_perception/__init__.py\n'}
[1.990304] (robot_control) StdoutLine: {'line': b'-- Up-to-date symlink: /root/Dojo/install/robot_control/share/robot_control/environment/path.sh\n'}
[1.990691] (robot_control) StdoutLine: {'line': b'-- Up-to-date symlink: /root/Dojo/install/robot_control/share/robot_control/environment/path.dsv\n'}
[1.991184] (robot_control) StdoutLine: {'line': b'-- Up-to-date symlink: /root/Dojo/install/robot_control/share/robot_control/local_setup.bash\n'}
[1.991912] (robot_description) StdoutLine: {'line': b'-- Execute custom install script\n'}
[1.992777] (robot_control) StdoutLine: {'line': b'-- Up-to-date symlink: /root/Dojo/install/robot_control/share/robot_control/local_setup.sh\n'}
[1.992920] (robot_control) StdoutLine: {'line': b'-- Up-to-date symlink: /root/Dojo/install/robot_control/share/robot_control/local_setup.zsh\n'}
[1.993037] (robot_description) StdoutLine: {'line': b'-- Up-to-date symlink: /root/Dojo/install/robot_description/share/robot_description/launch/description.launch.py\n'}
[1.993146] (robot_description) StdoutLine: {'line': b'-- Up-to-date symlink: /root/Dojo/install/robot_description/share/robot_description/launch/display.launch.py\n'}
[1.993252] (robot_description) StdoutLine: {'line': b'-- Up-to-date symlink: /root/Dojo/install/robot_description/share/robot_description/launch/robot_state_publisher.launch.py\n'}
[1.993359] (robot_control) StdoutLine: {'line': b'-- Up-to-date symlink: /root/Dojo/install/robot_control/share/robot_control/local_setup.dsv\n'}
[1.994250] (robot_description) StdoutLine: {'line': b'-- Up-to-date symlink: /root/Dojo/install/robot_description/share/robot_description/config/robot_controllers.yaml\n'}
[1.994427] (robot_control) StdoutLine: {'line': b'-- Symlinking: /root/Dojo/install/robot_control/share/robot_control/package.dsv\n'}
[1.994583] (camera_ros) StdoutLine: {'line': b'-- Install configuration: "Release"\n'}
[1.994893] (robot_description) StdoutLine: {'line': b'-- Up-to-date symlink: /root/Dojo/install/robot_description/share/robot_description/common_properties.xacro\n'}
[1.995013] (robot_description) StdoutLine: {'line': b'-- Up-to-date symlink: /root/Dojo/install/robot_description/share/robot_description/dojo_robot.gazebo\n'}
[1.995176] (robot_description) StdoutLine: {'line': b'-- Up-to-date symlink: /root/Dojo/install/robot_description/share/robot_description/dojo_robot.urdf.xacro\n'}
[1.995322] (robot_description) StdoutLine: {'line': b'-- Up-to-date symlink: /root/Dojo/install/robot_description/share/robot_description/robot.urdf\n'}
[1.995486] (camera_ros) StdoutLine: {'line': b'-- Execute custom install script\n'}
[1.995963] (camera_ros) StdoutLine: {'line': b'-- Up-to-date symlink: /root/Dojo/install/camera_ros/lib/camera_ros/camera_node\n'}
[1.997135] (robot_description) StdoutLine: {'line': b'-- Up-to-date symlink: /root/Dojo/install/robot_description/share/robot_description/robot.urdf.xacro\n'}
[1.997302] (robot_description) StdoutLine: {'line': b'-- Up-to-date symlink: /root/Dojo/install/robot_description/share/robot_description/robot.urdf.xacro.clean\n'}
[1.997424] (camera_ros) StdoutLine: {'line': b'-- Up-to-date symlink: /root/Dojo/install/camera_ros/share/camera_ros/environment/library_path.sh\n'}
[1.997630] (robot_description) StdoutLine: {'line': b'-- Up-to-date symlink: /root/Dojo/install/robot_description/share/robot_description/sensors/rplidar.urdf.xacro\n'}
[1.997984] (robot_description) StdoutLine: {'line': b'-- Up-to-date symlink: /root/Dojo/install/robot_description/share/robot_description/display.rviz\n'}
[1.998134] (camera_ros) StdoutLine: {'line': b'-- Up-to-date symlink: /root/Dojo/install/camera_ros/share/camera_ros/environment/library_path.dsv\n'}
[1.998293] (robot_description) StdoutLine: {'line': b'-- Up-to-date symlink: /root/Dojo/install/robot_description/share/robot_description/dojo_robot.rviz\n'}
[1.998483] (robot_description) StdoutLine: {'line': b'-- Up-to-date symlink: /root/Dojo/install/robot_description/share/robot_description/robot.rviz\n'}
[1.998746] (camera_ros) StdoutLine: {'line': b'-- Up-to-date symlink: /root/Dojo/install/camera_ros/share/camera_ros//launch/camera.launch.py\n'}
[1.998873] (robot_description) StdoutLine: {'line': b'-- Up-to-date symlink: /root/Dojo/install/robot_description/lib//robot_description/__init__.py\n'}
[1.998978] (robot_description) StdoutLine: {'line': b'-- Up-to-date symlink: /root/Dojo/install/robot_description/lib/robot_description/display_robot.py\n'}
[1.999113] (robot_description) StdoutLine: {'line': b'-- Up-to-date symlink: /root/Dojo/install/robot_description/share/robot_description/package.xml\n'}
[1.999234] (robot_description) StdoutLine: {'line': b'-- Up-to-date symlink: /root/Dojo/install/robot_description/share/robot_description/setup.py\n'}
[1.999389] (camera_ros) StdoutLine: {'line': b'-- Up-to-date symlink: /root/Dojo/install/camera_ros/share/ament_index/resource_index/package_run_dependencies/camera_ros\n'}
[1.999529] (camera_ros) StdoutLine: {'line': b'-- Up-to-date symlink: /root/Dojo/install/camera_ros/share/ament_index/resource_index/parent_prefix_path/camera_ros\n'}
[1.999632] (camera_ros) StdoutLine: {'line': b'-- Up-to-date symlink: /root/Dojo/install/camera_ros/share/camera_ros/environment/ament_prefix_path.sh\n'}
[1.999911] (camera_ros) StdoutLine: {'line': b'-- Up-to-date symlink: /root/Dojo/install/camera_ros/share/camera_ros/environment/ament_prefix_path.dsv\n'}
[2.000031] (robot_description) StdoutLine: {'line': b'-- Up-to-date symlink: /root/Dojo/install/robot_description/share/robot_description/setup.cfg\n'}
[2.000249] (camera_ros) StdoutLine: {'line': b'-- Up-to-date symlink: /root/Dojo/install/camera_ros/share/camera_ros/environment/path.sh\n'}
[2.000367] (camera_ros) StdoutLine: {'line': b'-- Up-to-date symlink: /root/Dojo/install/camera_ros/share/camera_ros/environment/path.dsv\n'}
[2.000494] (camera_ros) StdoutLine: {'line': b'-- Up-to-date symlink: /root/Dojo/install/camera_ros/share/camera_ros/local_setup.bash\n'}
[2.000704] (camera_ros) StdoutLine: {'line': b'-- Up-to-date symlink: /root/Dojo/install/camera_ros/share/camera_ros/local_setup.sh\n'}
[2.000825] (camera_ros) StdoutLine: {'line': b'-- Up-to-date symlink: /root/Dojo/install/camera_ros/share/camera_ros/local_setup.zsh\n'}
[2.000947] (camera_ros) StdoutLine: {'line': b'-- Up-to-date symlink: /root/Dojo/install/camera_ros/share/camera_ros/local_setup.dsv\n'}
[2.001334] (camera_ros) StdoutLine: {'line': b'-- Symlinking: /root/Dojo/install/camera_ros/share/camera_ros/package.dsv\n'}
[2.002195] (robot_description) StdoutLine: {'line': b'-- Up-to-date symlink: /root/Dojo/install/robot_description/share/ament_index/resource_index/package_run_dependencies/robot_description\n'}
[2.002664] (robot_description) StdoutLine: {'line': b'-- Up-to-date symlink: /root/Dojo/install/robot_description/share/ament_index/resource_index/parent_prefix_path/robot_description\n'}
[2.002906] (robot_description) StdoutLine: {'line': b'-- Up-to-date symlink: /root/Dojo/install/robot_description/share/robot_description/environment/ament_prefix_path.sh\n'}
[2.003307] (robot_description) StdoutLine: {'line': b'-- Up-to-date symlink: /root/Dojo/install/robot_description/share/robot_description/environment/ament_prefix_path.dsv\n'}
[2.003707] (robot_description) StdoutLine: {'line': b'-- Up-to-date symlink: /root/Dojo/install/robot_description/share/robot_description/environment/path.sh\n'}
[2.003886] (robot_description) StdoutLine: {'line': b'-- Up-to-date symlink: /root/Dojo/install/robot_description/share/robot_description/environment/path.dsv\n'}
[2.004236] (-) TimerEvent: {}
[2.004485] (robot_description) StdoutLine: {'line': b'-- Up-to-date symlink: /root/Dojo/install/robot_description/share/robot_description/local_setup.bash\n'}
[2.004982] (robot_description) StdoutLine: {'line': b'-- Up-to-date symlink: /root/Dojo/install/robot_description/share/robot_description/local_setup.sh\n'}
[2.005177] (robot_description) StdoutLine: {'line': b'-- Up-to-date symlink: /root/Dojo/install/robot_description/share/robot_description/local_setup.zsh\n'}
[2.005326] (robot_description) StdoutLine: {'line': b'-- Up-to-date symlink: /root/Dojo/install/robot_description/share/robot_description/local_setup.dsv\n'}
[2.005546] (robot_description) StdoutLine: {'line': b'-- Symlinking: /root/Dojo/install/robot_description/share/robot_description/package.dsv\n'}
[2.005693] (robot_interfaces) StdoutLine: {'line': b'running egg_info\n'}
[2.005807] (robot_control) StdoutLine: {'line': b'-- Up-to-date symlink: /root/Dojo/install/robot_control/share/ament_index/resource_index/packages/robot_control\n'}
[2.006305] (robot_control) StdoutLine: {'line': b'-- Up-to-date symlink: /root/Dojo/install/robot_control/share/robot_control/cmake/robot_controlConfig.cmake\n'}
[2.006438] (robot_control) StdoutLine: {'line': b'-- Up-to-date symlink: /root/Dojo/install/robot_control/share/robot_control/cmake/robot_controlConfig-version.cmake\n'}
[2.006563] (robot_control) StdoutLine: {'line': b'-- Up-to-date symlink: /root/Dojo/install/robot_control/share/robot_control/package.xml\n'}
[2.006658] (robot_control) StdoutLine: {'line': b'-- Up-to-date: /robot_control\n'}
[2.006874] (robot_control) StdoutLine: {'line': b'-- Up-to-date: /robot_control/__init__.py\n'}
[2.008413] (robot_control) CommandEnded: {'returncode': 0}
[2.008842] (camera_ros) StdoutLine: {'line': b'-- Up-to-date symlink: /root/Dojo/install/camera_ros/share/ament_index/resource_index/packages/camera_ros\n'}
[2.009913] (robot_description) StdoutLine: {'line': b'-- Up-to-date symlink: /root/Dojo/install/robot_description/share/ament_index/resource_index/packages/robot_description\n'}
[2.010147] (camera_ros) StdoutLine: {'line': b'-- Up-to-date symlink: /root/Dojo/install/camera_ros/share/ament_index/resource_index/rclcpp_components/camera_ros\n'}
[2.010693] (camera_ros) StdoutLine: {'line': b'-- Up-to-date symlink: /root/Dojo/install/camera_ros/share/camera_ros/cmake/ament_cmake_export_targets-extras.cmake\n'}
[2.010858] (camera_ros) StdoutLine: {'line': b'-- Up-to-date symlink: /root/Dojo/install/camera_ros/share/camera_ros/cmake/ament_cmake_export_dependencies-extras.cmake\n'}
[2.010996] (camera_ros) StdoutLine: {'line': b'-- Up-to-date symlink: /root/Dojo/install/camera_ros/share/camera_ros/cmake/camera_rosConfig.cmake\n'}
[2.011128] (robot_description) StdoutLine: {'line': b'-- Up-to-date symlink: /root/Dojo/install/robot_description/share/robot_description/cmake/robot_descriptionConfig.cmake\n'}
[2.011329] (robot_description) StdoutLine: {'line': b'-- Up-to-date symlink: /root/Dojo/install/robot_description/share/robot_description/cmake/robot_descriptionConfig-version.cmake\n'}
[2.012185] (robot_description) StdoutLine: {'line': b'-- Up-to-date symlink: /root/Dojo/install/robot_description/share/robot_description/package.xml\n'}
[2.012566] (camera_ros) StdoutLine: {'line': b'-- Up-to-date symlink: /root/Dojo/install/camera_ros/share/camera_ros/cmake/camera_rosConfig-version.cmake\n'}
[2.013872] (camera_ros) StdoutLine: {'line': b'-- Up-to-date symlink: /root/Dojo/install/camera_ros/share/camera_ros/package.xml\n'}
[2.014077] (camera_ros) StdoutLine: {'line': b'-- Up-to-date: /root/Dojo/install/camera_ros/lib/libcamera_component.so\n'}
[2.014210] (camera_ros) StdoutLine: {'line': b'-- Up-to-date: /root/Dojo/install/camera_ros/share/camera_ros/cmake/camera_componentTargetsExport.cmake\n'}
[2.014330] (camera_ros) StdoutLine: {'line': b'-- Up-to-date: /root/Dojo/install/camera_ros/share/camera_ros/cmake/camera_componentTargetsExport-release.cmake\n'}
[2.014458] (robot_interfaces) StdoutLine: {'line': b'writing robot_interfaces.egg-info/PKG-INFO\n'}
[2.014644] (robot_interfaces) StdoutLine: {'line': b'writing dependency_links to robot_interfaces.egg-info/dependency_links.txt\n'}
[2.014768] (robot_interfaces) StdoutLine: {'line': b'writing top-level names to robot_interfaces.egg-info/top_level.txt\n'}
[2.014886] (robot_perception) StdoutLine: {'line': b"Listing '/root/Dojo/install/robot_perception/local/lib/python3.10/dist-packages/robot_perception'...\n"}
[2.015042] (robot_perception) StdoutLine: {'line': b"Listing '/root/Dojo/install/robot_perception/local/lib/python3.10/dist-packages/robot_perception/nodes'...\n"}
[2.015156] (robot_perception) StdoutLine: {'line': b"Listing '/root/Dojo/install/robot_perception/local/lib/python3.10/dist-packages/robot_perception/utils'...\n"}
[2.019132] (robot_perception) StdoutLine: {'line': b'-- Up-to-date: /root/Dojo/install/robot_perception/share/robot_perception/launch\n'}
[2.019755] (robot_perception) StdoutLine: {'line': b'-- Up-to-date: /root/Dojo/install/robot_perception/share/robot_perception/launch/robot_perception.launch.py\n'}
[2.020224] (robot_perception) StdoutLine: {'line': b'-- Up-to-date: /root/Dojo/install/robot_perception/share/robot_perception/launch/perception.launch.py\n'}
[2.020695] (robot_perception) StdoutLine: {'line': b'-- Up-to-date: /root/Dojo/install/robot_perception/share/robot_perception/launch/perception_integration.launch.py\n'}
[2.020867] (robot_perception) StdoutLine: {'line': b'-- Up-to-date: /root/Dojo/install/robot_perception/share/robot_perception/launch/object_detector.launch.py\n'}
[2.020990] (robot_perception) StdoutLine: {'line': b'-- Up-to-date: /root/Dojo/install/robot_perception/share/robot_perception/launch/perception_system.launch.py\n'}
[2.021106] (robot_perception) StdoutLine: {'line': b'-- Up-to-date: /root/Dojo/install/robot_perception/share/robot_perception/config\n'}
[2.021221] (robot_perception) StdoutLine: {'line': b'-- Up-to-date: /root/Dojo/install/robot_perception/share/robot_perception/config/robot_perception_params.yaml\n'}
[2.021336] (robot_perception) StdoutLine: {'line': b'-- Up-to-date: /root/Dojo/install/robot_perception/share/robot_perception/config/perception_params.yaml\n'}
[2.021534] (robot_perception) StdoutLine: {'line': b'-- Up-to-date: /root/Dojo/install/robot_perception/share/robot_perception/rviz\n'}
[2.021649] (robot_perception) StdoutLine: {'line': b'-- Up-to-date: /root/Dojo/install/robot_perception/share/robot_perception/rviz/object_detection.rviz\n'}
[2.021744] (robot_perception) StdoutLine: {'line': b'-- Up-to-date: /root/Dojo/install/robot_perception/share/robot_perception/rviz/perception_integration.rviz\n'}
[2.021902] (robot_perception) StdoutLine: {'line': b'-- Up-to-date: /root/Dojo/install/robot_perception/share/robot_perception/resource\n'}
[2.022018] (robot_perception) StdoutLine: {'line': b'-- Up-to-date: /root/Dojo/install/robot_perception/share/robot_perception/resource/robot_perception\n'}
[2.022130] (robot_perception) StdoutLine: {'line': b'-- Up-to-date: /root/Dojo/install/robot_perception/share/robot_perception/CMakeLists.txt\n'}
[2.022263] (robot_perception) StdoutLine: {'line': b'-- Up-to-date: /root/Dojo/install/robot_perception/share/robot_perception/package.xml\n'}
[2.022379] (robot_perception) StdoutLine: {'line': b'-- Up-to-date: /root/Dojo/install/robot_perception/lib/local/lib/python3.10/dist-packages/robot_perception/setup.py\n'}
[2.022742] (robot_perception) StdoutLine: {'line': b'-- Up-to-date: /root/Dojo/install/robot_perception/share/ament_index/resource_index/package_run_dependencies/robot_perception\n'}
[2.022882] (robot_perception) StdoutLine: {'line': b'-- Up-to-date: /root/Dojo/install/robot_perception/share/ament_index/resource_index/parent_prefix_path/robot_perception\n'}
[2.023066] (robot_perception) StdoutLine: {'line': b'-- Up-to-date: /root/Dojo/install/robot_perception/share/robot_perception/environment/ament_prefix_path.sh\n'}
[2.023173] (robot_perception) StdoutLine: {'line': b'-- Up-to-date: /root/Dojo/install/robot_perception/share/robot_perception/environment/ament_prefix_path.dsv\n'}
[2.023306] (robot_perception) StdoutLine: {'line': b'-- Up-to-date: /root/Dojo/install/robot_perception/share/robot_perception/environment/path.sh\n'}
[2.023420] (robot_perception) StdoutLine: {'line': b'-- Up-to-date: /root/Dojo/install/robot_perception/share/robot_perception/environment/path.dsv\n'}
[2.024102] (robot_perception) StdoutLine: {'line': b'-- Up-to-date: /root/Dojo/install/robot_perception/share/robot_perception/local_setup.bash\n'}
[2.024256] (robot_perception) StdoutLine: {'line': b'-- Up-to-date: /root/Dojo/install/robot_perception/share/robot_perception/local_setup.sh\n'}
[2.024358] (robot_perception) StdoutLine: {'line': b'-- Up-to-date: /root/Dojo/install/robot_perception/share/robot_perception/local_setup.zsh\n'}
[2.024519] (robot_perception) StdoutLine: {'line': b'-- Up-to-date: /root/Dojo/install/robot_perception/share/robot_perception/local_setup.dsv\n'}
[2.025051] (robot_perception) StdoutLine: {'line': b'-- Installing: /root/Dojo/install/robot_perception/share/robot_perception/package.dsv\n'}
[2.025810] (robot_perception) StdoutLine: {'line': b'-- Up-to-date: /root/Dojo/install/robot_perception/share/ament_index/resource_index/packages/robot_perception\n'}
[2.026202] (robot_perception) StdoutLine: {'line': b'-- Up-to-date: /root/Dojo/install/robot_perception/share/robot_perception/cmake/ament_cmake_export_dependencies-extras.cmake\n'}
[2.026375] (robot_perception) StdoutLine: {'line': b'-- Up-to-date: /root/Dojo/install/robot_perception/share/robot_perception/cmake/robot_perceptionConfig.cmake\n'}
[2.026826] (robot_perception) StdoutLine: {'line': b'-- Up-to-date: /root/Dojo/install/robot_perception/share/robot_perception/cmake/robot_perceptionConfig-version.cmake\n'}
[2.026975] (robot_perception) StdoutLine: {'line': b'-- Up-to-date: /root/Dojo/install/robot_perception/share/robot_perception/package.xml\n'}
[2.032519] (robot_control) JobEnded: {'identifier': 'robot_control', 'rc': 0}
[2.034017] (robot_description) CommandEnded: {'returncode': 0}
[2.053375] (robot_description) JobEnded: {'identifier': 'robot_description', 'rc': 0}
[2.059438] (robot_navigation) JobStarted: {'identifier': 'robot_navigation'}
[2.061709] (robot_gazebo) JobStarted: {'identifier': 'robot_gazebo'}
[2.063806] (robot_interfaces) StdoutLine: {'line': b"reading manifest file 'robot_interfaces.egg-info/SOURCES.txt'\n"}
[2.064671] (robot_interfaces) StdoutLine: {'line': b"writing manifest file 'robot_interfaces.egg-info/SOURCES.txt'\n"}
[2.070853] (robot_perception) CommandEnded: {'returncode': 0}
[2.080722] (robot_perception) JobEnded: {'identifier': 'robot_perception', 'rc': 0}
[2.081349] (camera_ros) CommandEnded: {'returncode': 0}
[2.104754] (-) TimerEvent: {}
[2.106017] (camera_ros) JobEnded: {'identifier': 'camera_ros', 'rc': 0}
[2.108752] (robot_navigation) JobProgress: {'identifier': 'robot_navigation', 'progress': 'cmake'}
[2.109159] (robot_navigation) JobProgress: {'identifier': 'robot_navigation', 'progress': 'build'}
[2.109694] (robot_navigation) Command: {'cmd': ['/usr/bin/cmake', '--build', '/root/Dojo/build/robot_navigation', '--', '-j16', '-l16'], 'cwd': '/root/Dojo/build/robot_navigation', 'env': OrderedDict([('HOSTNAME', 'gareth-joel-HP-Pavilion-Gaming-Laptop-15-ec2xxx'), ('SHLVL', '1'), ('LD_LIBRARY_PATH', '/usr/lib/x86_64-linux-gnu/gazebo-11/plugins:/opt/ros/humble/opt/rviz_ogre_vendor/lib:/opt/ros/humble/lib/x86_64-linux-gnu:/opt/ros/humble/lib'), ('HOME', '/root'), ('OLDPWD', '/root'), ('ROS_PYTHON_VERSION', '3'), ('ROS_DISTRO', 'humble'), ('_', '/usr/bin/colcon'), ('ROS_VERSION', '2'), ('TERM', 'xterm'), ('ROS_LOCALHOST_ONLY', '0'), ('QT_X11_NO_MITSHM', '1'), ('PATH', '/opt/ros/humble/bin:/usr/local/sbin:/usr/local/bin:/usr/sbin:/usr/bin:/sbin:/bin'), ('DISPLAY', ':0'), ('LANG', 'C.UTF-8'), ('LS_COLORS', 'rs=0:di=01;34:ln=01;36:mh=00:pi=40;33:so=01;35:do=01;35:bd=40;33;01:cd=40;33;01:or=40;31;01:mi=00:su=37;41:sg=30;43:ca=30;41:tw=30;42:ow=34;42:st=37;44:ex=01;32:*.tar=01;31:*.tgz=01;31:*.arc=01;31:*.arj=01;31:*.taz=01;31:*.lha=01;31:*.lz4=01;31:*.lzh=01;31:*.lzma=01;31:*.tlz=01;31:*.txz=01;31:*.tzo=01;31:*.t7z=01;31:*.zip=01;31:*.z=01;31:*.dz=01;31:*.gz=01;31:*.lrz=01;31:*.lz=01;31:*.lzo=01;31:*.xz=01;31:*.zst=01;31:*.tzst=01;31:*.bz2=01;31:*.bz=01;31:*.tbz=01;31:*.tbz2=01;31:*.tz=01;31:*.deb=01;31:*.rpm=01;31:*.jar=01;31:*.war=01;31:*.ear=01;31:*.sar=01;31:*.rar=01;31:*.alz=01;31:*.ace=01;31:*.zoo=01;31:*.cpio=01;31:*.7z=01;31:*.rz=01;31:*.cab=01;31:*.wim=01;31:*.swm=01;31:*.dwm=01;31:*.esd=01;31:*.jpg=01;35:*.jpeg=01;35:*.mjpg=01;35:*.mjpeg=01;35:*.gif=01;35:*.bmp=01;35:*.pbm=01;35:*.pgm=01;35:*.ppm=01;35:*.tga=01;35:*.xbm=01;35:*.xpm=01;35:*.tif=01;35:*.tiff=01;35:*.png=01;35:*.svg=01;35:*.svgz=01;35:*.mng=01;35:*.pcx=01;35:*.mov=01;35:*.mpg=01;35:*.mpeg=01;35:*.m2v=01;35:*.mkv=01;35:*.webm=01;35:*.webp=01;35:*.ogm=01;35:*.mp4=01;35:*.m4v=01;35:*.mp4v=01;35:*.vob=01;35:*.qt=01;35:*.nuv=01;35:*.wmv=01;35:*.asf=01;35:*.rm=01;35:*.rmvb=01;35:*.flc=01;35:*.avi=01;35:*.fli=01;35:*.flv=01;35:*.gl=01;35:*.dl=01;35:*.xcf=01;35:*.xwd=01;35:*.yuv=01;35:*.cgm=01;35:*.emf=01;35:*.ogv=01;35:*.ogx=01;35:*.aac=00;36:*.au=00;36:*.flac=00;36:*.m4a=00;36:*.mid=00;36:*.midi=00;36:*.mka=00;36:*.mp3=00;36:*.mpc=00;36:*.ogg=00;36:*.ra=00;36:*.wav=00;36:*.oga=00;36:*.opus=00;36:*.spx=00;36:*.xspf=00;36:'), ('AMENT_PREFIX_PATH', '/root/Dojo/install/robot_description:/root/Dojo/install/robot_control:/opt/ros/humble'), ('PWD', '/root/Dojo/build/robot_navigation'), ('LC_ALL', 'C.UTF-8'), ('PYTHONPATH', '/opt/ros/humble/lib/python3.10/site-packages:/opt/ros/humble/local/lib/python3.10/dist-packages'), ('COLCON', '1'), ('CMAKE_PREFIX_PATH', '/root/Dojo/install/robot_description:/root/Dojo/install/robot_control:/opt/ros/humble')]), 'shell': False}
[2.113938] (robot_gazebo) JobProgress: {'identifier': 'robot_gazebo', 'progress': 'cmake'}
[2.116203] (robot_gazebo) JobProgress: {'identifier': 'robot_gazebo', 'progress': 'build'}
[2.116907] (robot_gazebo) Command: {'cmd': ['/usr/bin/cmake', '--build', '/root/Dojo/build/robot_gazebo', '--', '-j16', '-l16'], 'cwd': '/root/Dojo/build/robot_gazebo', 'env': OrderedDict([('HOSTNAME', 'gareth-joel-HP-Pavilion-Gaming-Laptop-15-ec2xxx'), ('SHLVL', '1'), ('LD_LIBRARY_PATH', '/usr/lib/x86_64-linux-gnu/gazebo-11/plugins:/opt/ros/humble/opt/rviz_ogre_vendor/lib:/opt/ros/humble/lib/x86_64-linux-gnu:/opt/ros/humble/lib'), ('HOME', '/root'), ('OLDPWD', '/root'), ('ROS_PYTHON_VERSION', '3'), ('ROS_DISTRO', 'humble'), ('_', '/usr/bin/colcon'), ('ROS_VERSION', '2'), ('TERM', 'xterm'), ('ROS_LOCALHOST_ONLY', '0'), ('QT_X11_NO_MITSHM', '1'), ('PATH', '/opt/ros/humble/bin:/usr/local/sbin:/usr/local/bin:/usr/sbin:/usr/bin:/sbin:/bin'), ('DISPLAY', ':0'), ('LANG', 'C.UTF-8'), ('LS_COLORS', 'rs=0:di=01;34:ln=01;36:mh=00:pi=40;33:so=01;35:do=01;35:bd=40;33;01:cd=40;33;01:or=40;31;01:mi=00:su=37;41:sg=30;43:ca=30;41:tw=30;42:ow=34;42:st=37;44:ex=01;32:*.tar=01;31:*.tgz=01;31:*.arc=01;31:*.arj=01;31:*.taz=01;31:*.lha=01;31:*.lz4=01;31:*.lzh=01;31:*.lzma=01;31:*.tlz=01;31:*.txz=01;31:*.tzo=01;31:*.t7z=01;31:*.zip=01;31:*.z=01;31:*.dz=01;31:*.gz=01;31:*.lrz=01;31:*.lz=01;31:*.lzo=01;31:*.xz=01;31:*.zst=01;31:*.tzst=01;31:*.bz2=01;31:*.bz=01;31:*.tbz=01;31:*.tbz2=01;31:*.tz=01;31:*.deb=01;31:*.rpm=01;31:*.jar=01;31:*.war=01;31:*.ear=01;31:*.sar=01;31:*.rar=01;31:*.alz=01;31:*.ace=01;31:*.zoo=01;31:*.cpio=01;31:*.7z=01;31:*.rz=01;31:*.cab=01;31:*.wim=01;31:*.swm=01;31:*.dwm=01;31:*.esd=01;31:*.jpg=01;35:*.jpeg=01;35:*.mjpg=01;35:*.mjpeg=01;35:*.gif=01;35:*.bmp=01;35:*.pbm=01;35:*.pgm=01;35:*.ppm=01;35:*.tga=01;35:*.xbm=01;35:*.xpm=01;35:*.tif=01;35:*.tiff=01;35:*.png=01;35:*.svg=01;35:*.svgz=01;35:*.mng=01;35:*.pcx=01;35:*.mov=01;35:*.mpg=01;35:*.mpeg=01;35:*.m2v=01;35:*.mkv=01;35:*.webm=01;35:*.webp=01;35:*.ogm=01;35:*.mp4=01;35:*.m4v=01;35:*.mp4v=01;35:*.vob=01;35:*.qt=01;35:*.nuv=01;35:*.wmv=01;35:*.asf=01;35:*.rm=01;35:*.rmvb=01;35:*.flc=01;35:*.avi=01;35:*.fli=01;35:*.flv=01;35:*.gl=01;35:*.dl=01;35:*.xcf=01;35:*.xwd=01;35:*.yuv=01;35:*.cgm=01;35:*.emf=01;35:*.ogv=01;35:*.ogx=01;35:*.aac=00;36:*.au=00;36:*.flac=00;36:*.m4a=00;36:*.mid=00;36:*.midi=00;36:*.mka=00;36:*.mp3=00;36:*.mpc=00;36:*.ogg=00;36:*.ra=00;36:*.wav=00;36:*.oga=00;36:*.opus=00;36:*.spx=00;36:*.xspf=00;36:'), ('AMENT_PREFIX_PATH', '/root/Dojo/install/robot_description:/root/Dojo/install/robot_control:/opt/ros/humble'), ('PWD', '/root/Dojo/build/robot_gazebo'), ('LC_ALL', 'C.UTF-8'), ('PYTHONPATH', '/opt/ros/humble/lib/python3.10/site-packages:/opt/ros/humble/local/lib/python3.10/dist-packages'), ('COLCON', '1'), ('CMAKE_PREFIX_PATH', '/root/Dojo/install/robot_description:/root/Dojo/install/robot_control:/opt/ros/humble')]), 'shell': False}
[2.152657] (robot_interfaces) StdoutLine: {'line': b'[100%] Built target ament_cmake_python_build_robot_interfaces_egg\n'}
[2.172385] (robot_interfaces) CommandEnded: {'returncode': 0}
[2.173246] (robot_interfaces) JobProgress: {'identifier': 'robot_interfaces', 'progress': 'install'}
[2.173583] (robot_interfaces) Command: {'cmd': ['/usr/bin/cmake', '--install', '/root/Dojo/build/robot_interfaces'], 'cwd': '/root/Dojo/build/robot_interfaces', 'env': OrderedDict([('HOSTNAME', 'gareth-joel-HP-Pavilion-Gaming-Laptop-15-ec2xxx'), ('SHLVL', '1'), ('LD_LIBRARY_PATH', '/usr/lib/x86_64-linux-gnu/gazebo-11/plugins:/opt/ros/humble/opt/rviz_ogre_vendor/lib:/opt/ros/humble/lib/x86_64-linux-gnu:/opt/ros/humble/lib'), ('HOME', '/root'), ('OLDPWD', '/root'), ('ROS_PYTHON_VERSION', '3'), ('ROS_DISTRO', 'humble'), ('_', '/usr/bin/colcon'), ('ROS_VERSION', '2'), ('TERM', 'xterm'), ('ROS_LOCALHOST_ONLY', '0'), ('QT_X11_NO_MITSHM', '1'), ('PATH', '/opt/ros/humble/bin:/usr/local/sbin:/usr/local/bin:/usr/sbin:/usr/bin:/sbin:/bin'), ('DISPLAY', ':0'), ('LANG', 'C.UTF-8'), ('LS_COLORS', 'rs=0:di=01;34:ln=01;36:mh=00:pi=40;33:so=01;35:do=01;35:bd=40;33;01:cd=40;33;01:or=40;31;01:mi=00:su=37;41:sg=30;43:ca=30;41:tw=30;42:ow=34;42:st=37;44:ex=01;32:*.tar=01;31:*.tgz=01;31:*.arc=01;31:*.arj=01;31:*.taz=01;31:*.lha=01;31:*.lz4=01;31:*.lzh=01;31:*.lzma=01;31:*.tlz=01;31:*.txz=01;31:*.tzo=01;31:*.t7z=01;31:*.zip=01;31:*.z=01;31:*.dz=01;31:*.gz=01;31:*.lrz=01;31:*.lz=01;31:*.lzo=01;31:*.xz=01;31:*.zst=01;31:*.tzst=01;31:*.bz2=01;31:*.bz=01;31:*.tbz=01;31:*.tbz2=01;31:*.tz=01;31:*.deb=01;31:*.rpm=01;31:*.jar=01;31:*.war=01;31:*.ear=01;31:*.sar=01;31:*.rar=01;31:*.alz=01;31:*.ace=01;31:*.zoo=01;31:*.cpio=01;31:*.7z=01;31:*.rz=01;31:*.cab=01;31:*.wim=01;31:*.swm=01;31:*.dwm=01;31:*.esd=01;31:*.jpg=01;35:*.jpeg=01;35:*.mjpg=01;35:*.mjpeg=01;35:*.gif=01;35:*.bmp=01;35:*.pbm=01;35:*.pgm=01;35:*.ppm=01;35:*.tga=01;35:*.xbm=01;35:*.xpm=01;35:*.tif=01;35:*.tiff=01;35:*.png=01;35:*.svg=01;35:*.svgz=01;35:*.mng=01;35:*.pcx=01;35:*.mov=01;35:*.mpg=01;35:*.mpeg=01;35:*.m2v=01;35:*.mkv=01;35:*.webm=01;35:*.webp=01;35:*.ogm=01;35:*.mp4=01;35:*.m4v=01;35:*.mp4v=01;35:*.vob=01;35:*.qt=01;35:*.nuv=01;35:*.wmv=01;35:*.asf=01;35:*.rm=01;35:*.rmvb=01;35:*.flc=01;35:*.avi=01;35:*.fli=01;35:*.flv=01;35:*.gl=01;35:*.dl=01;35:*.xcf=01;35:*.xwd=01;35:*.yuv=01;35:*.cgm=01;35:*.emf=01;35:*.ogv=01;35:*.ogx=01;35:*.aac=00;36:*.au=00;36:*.flac=00;36:*.m4a=00;36:*.mid=00;36:*.midi=00;36:*.mka=00;36:*.mp3=00;36:*.mpc=00;36:*.ogg=00;36:*.ra=00;36:*.wav=00;36:*.oga=00;36:*.opus=00;36:*.spx=00;36:*.xspf=00;36:'), ('AMENT_PREFIX_PATH', '/opt/ros/humble'), ('PWD', '/root/Dojo/build/robot_interfaces'), ('LC_ALL', 'C.UTF-8'), ('PYTHONPATH', '/opt/ros/humble/lib/python3.10/site-packages:/opt/ros/humble/local/lib/python3.10/dist-packages'), ('COLCON', '1'), ('CMAKE_PREFIX_PATH', '/opt/ros/humble')]), 'shell': False}
[2.180409] (robot_gazebo) CommandEnded: {'returncode': 0}
[2.181197] (robot_gazebo) JobProgress: {'identifier': 'robot_gazebo', 'progress': 'install'}
[2.181925] (robot_gazebo) Command: {'cmd': ['/usr/bin/cmake', '--install', '/root/Dojo/build/robot_gazebo'], 'cwd': '/root/Dojo/build/robot_gazebo', 'env': OrderedDict([('HOSTNAME', 'gareth-joel-HP-Pavilion-Gaming-Laptop-15-ec2xxx'), ('SHLVL', '1'), ('LD_LIBRARY_PATH', '/usr/lib/x86_64-linux-gnu/gazebo-11/plugins:/opt/ros/humble/opt/rviz_ogre_vendor/lib:/opt/ros/humble/lib/x86_64-linux-gnu:/opt/ros/humble/lib'), ('HOME', '/root'), ('OLDPWD', '/root'), ('ROS_PYTHON_VERSION', '3'), ('ROS_DISTRO', 'humble'), ('_', '/usr/bin/colcon'), ('ROS_VERSION', '2'), ('TERM', 'xterm'), ('ROS_LOCALHOST_ONLY', '0'), ('QT_X11_NO_MITSHM', '1'), ('PATH', '/opt/ros/humble/bin:/usr/local/sbin:/usr/local/bin:/usr/sbin:/usr/bin:/sbin:/bin'), ('DISPLAY', ':0'), ('LANG', 'C.UTF-8'), ('LS_COLORS', 'rs=0:di=01;34:ln=01;36:mh=00:pi=40;33:so=01;35:do=01;35:bd=40;33;01:cd=40;33;01:or=40;31;01:mi=00:su=37;41:sg=30;43:ca=30;41:tw=30;42:ow=34;42:st=37;44:ex=01;32:*.tar=01;31:*.tgz=01;31:*.arc=01;31:*.arj=01;31:*.taz=01;31:*.lha=01;31:*.lz4=01;31:*.lzh=01;31:*.lzma=01;31:*.tlz=01;31:*.txz=01;31:*.tzo=01;31:*.t7z=01;31:*.zip=01;31:*.z=01;31:*.dz=01;31:*.gz=01;31:*.lrz=01;31:*.lz=01;31:*.lzo=01;31:*.xz=01;31:*.zst=01;31:*.tzst=01;31:*.bz2=01;31:*.bz=01;31:*.tbz=01;31:*.tbz2=01;31:*.tz=01;31:*.deb=01;31:*.rpm=01;31:*.jar=01;31:*.war=01;31:*.ear=01;31:*.sar=01;31:*.rar=01;31:*.alz=01;31:*.ace=01;31:*.zoo=01;31:*.cpio=01;31:*.7z=01;31:*.rz=01;31:*.cab=01;31:*.wim=01;31:*.swm=01;31:*.dwm=01;31:*.esd=01;31:*.jpg=01;35:*.jpeg=01;35:*.mjpg=01;35:*.mjpeg=01;35:*.gif=01;35:*.bmp=01;35:*.pbm=01;35:*.pgm=01;35:*.ppm=01;35:*.tga=01;35:*.xbm=01;35:*.xpm=01;35:*.tif=01;35:*.tiff=01;35:*.png=01;35:*.svg=01;35:*.svgz=01;35:*.mng=01;35:*.pcx=01;35:*.mov=01;35:*.mpg=01;35:*.mpeg=01;35:*.m2v=01;35:*.mkv=01;35:*.webm=01;35:*.webp=01;35:*.ogm=01;35:*.mp4=01;35:*.m4v=01;35:*.mp4v=01;35:*.vob=01;35:*.qt=01;35:*.nuv=01;35:*.wmv=01;35:*.asf=01;35:*.rm=01;35:*.rmvb=01;35:*.flc=01;35:*.avi=01;35:*.fli=01;35:*.flv=01;35:*.gl=01;35:*.dl=01;35:*.xcf=01;35:*.xwd=01;35:*.yuv=01;35:*.cgm=01;35:*.emf=01;35:*.ogv=01;35:*.ogx=01;35:*.aac=00;36:*.au=00;36:*.flac=00;36:*.m4a=00;36:*.mid=00;36:*.midi=00;36:*.mka=00;36:*.mp3=00;36:*.mpc=00;36:*.ogg=00;36:*.ra=00;36:*.wav=00;36:*.oga=00;36:*.opus=00;36:*.spx=00;36:*.xspf=00;36:'), ('AMENT_PREFIX_PATH', '/root/Dojo/install/robot_description:/root/Dojo/install/robot_control:/opt/ros/humble'), ('PWD', '/root/Dojo/build/robot_gazebo'), ('LC_ALL', 'C.UTF-8'), ('PYTHONPATH', '/opt/ros/humble/lib/python3.10/site-packages:/opt/ros/humble/local/lib/python3.10/dist-packages'), ('COLCON', '1'), ('CMAKE_PREFIX_PATH', '/root/Dojo/install/robot_description:/root/Dojo/install/robot_control:/opt/ros/humble')]), 'shell': False}
[2.186197] (robot_interfaces) StdoutLine: {'line': b'-- Install configuration: "Release"\n'}
[2.187252] (robot_interfaces) StdoutLine: {'line': b'-- Execute custom install script\n'}
[2.187630] (robot_interfaces) StdoutLine: {'line': b'-- Up-to-date symlink: /root/Dojo/install/robot_interfaces/share/ament_index/resource_index/rosidl_interfaces/robot_interfaces\n'}
[2.188127] (robot_navigation) CommandEnded: {'returncode': 0}
[2.188769] (robot_navigation) JobProgress: {'identifier': 'robot_navigation', 'progress': 'install'}
[2.188899] (robot_interfaces) StdoutLine: {'line': b'-- Up-to-date symlink: /root/Dojo/install/robot_interfaces/include/robot_interfaces/robot_interfaces/action/detail/navigation__functions.h\n'}
[2.190617] (robot_navigation) Command: {'cmd': ['/usr/bin/cmake', '--install', '/root/Dojo/build/robot_navigation'], 'cwd': '/root/Dojo/build/robot_navigation', 'env': OrderedDict([('HOSTNAME', 'gareth-joel-HP-Pavilion-Gaming-Laptop-15-ec2xxx'), ('SHLVL', '1'), ('LD_LIBRARY_PATH', '/usr/lib/x86_64-linux-gnu/gazebo-11/plugins:/opt/ros/humble/opt/rviz_ogre_vendor/lib:/opt/ros/humble/lib/x86_64-linux-gnu:/opt/ros/humble/lib'), ('HOME', '/root'), ('OLDPWD', '/root'), ('ROS_PYTHON_VERSION', '3'), ('ROS_DISTRO', 'humble'), ('_', '/usr/bin/colcon'), ('ROS_VERSION', '2'), ('TERM', 'xterm'), ('ROS_LOCALHOST_ONLY', '0'), ('QT_X11_NO_MITSHM', '1'), ('PATH', '/opt/ros/humble/bin:/usr/local/sbin:/usr/local/bin:/usr/sbin:/usr/bin:/sbin:/bin'), ('DISPLAY', ':0'), ('LANG', 'C.UTF-8'), ('LS_COLORS', 'rs=0:di=01;34:ln=01;36:mh=00:pi=40;33:so=01;35:do=01;35:bd=40;33;01:cd=40;33;01:or=40;31;01:mi=00:su=37;41:sg=30;43:ca=30;41:tw=30;42:ow=34;42:st=37;44:ex=01;32:*.tar=01;31:*.tgz=01;31:*.arc=01;31:*.arj=01;31:*.taz=01;31:*.lha=01;31:*.lz4=01;31:*.lzh=01;31:*.lzma=01;31:*.tlz=01;31:*.txz=01;31:*.tzo=01;31:*.t7z=01;31:*.zip=01;31:*.z=01;31:*.dz=01;31:*.gz=01;31:*.lrz=01;31:*.lz=01;31:*.lzo=01;31:*.xz=01;31:*.zst=01;31:*.tzst=01;31:*.bz2=01;31:*.bz=01;31:*.tbz=01;31:*.tbz2=01;31:*.tz=01;31:*.deb=01;31:*.rpm=01;31:*.jar=01;31:*.war=01;31:*.ear=01;31:*.sar=01;31:*.rar=01;31:*.alz=01;31:*.ace=01;31:*.zoo=01;31:*.cpio=01;31:*.7z=01;31:*.rz=01;31:*.cab=01;31:*.wim=01;31:*.swm=01;31:*.dwm=01;31:*.esd=01;31:*.jpg=01;35:*.jpeg=01;35:*.mjpg=01;35:*.mjpeg=01;35:*.gif=01;35:*.bmp=01;35:*.pbm=01;35:*.pgm=01;35:*.ppm=01;35:*.tga=01;35:*.xbm=01;35:*.xpm=01;35:*.tif=01;35:*.tiff=01;35:*.png=01;35:*.svg=01;35:*.svgz=01;35:*.mng=01;35:*.pcx=01;35:*.mov=01;35:*.mpg=01;35:*.mpeg=01;35:*.m2v=01;35:*.mkv=01;35:*.webm=01;35:*.webp=01;35:*.ogm=01;35:*.mp4=01;35:*.m4v=01;35:*.mp4v=01;35:*.vob=01;35:*.qt=01;35:*.nuv=01;35:*.wmv=01;35:*.asf=01;35:*.rm=01;35:*.rmvb=01;35:*.flc=01;35:*.avi=01;35:*.fli=01;35:*.flv=01;35:*.gl=01;35:*.dl=01;35:*.xcf=01;35:*.xwd=01;35:*.yuv=01;35:*.cgm=01;35:*.emf=01;35:*.ogv=01;35:*.ogx=01;35:*.aac=00;36:*.au=00;36:*.flac=00;36:*.m4a=00;36:*.mid=00;36:*.midi=00;36:*.mka=00;36:*.mp3=00;36:*.mpc=00;36:*.ogg=00;36:*.ra=00;36:*.wav=00;36:*.oga=00;36:*.opus=00;36:*.spx=00;36:*.xspf=00;36:'), ('AMENT_PREFIX_PATH', '/root/Dojo/install/robot_description:/root/Dojo/install/robot_control:/opt/ros/humble'), ('PWD', '/root/Dojo/build/robot_navigation'), ('LC_ALL', 'C.UTF-8'), ('PYTHONPATH', '/opt/ros/humble/lib/python3.10/site-packages:/opt/ros/humble/local/lib/python3.10/dist-packages'), ('COLCON', '1'), ('CMAKE_PREFIX_PATH', '/root/Dojo/install/robot_description:/root/Dojo/install/robot_control:/opt/ros/humble')]), 'shell': False}
[2.191211] (robot_interfaces) StdoutLine: {'line': b'-- Up-to-date symlink: /root/Dojo/install/robot_interfaces/include/robot_interfaces/robot_interfaces/action/detail/navigation__struct.h\n'}
[2.191423] (robot_interfaces) StdoutLine: {'line': b'-- Up-to-date symlink: /root/Dojo/install/robot_interfaces/include/robot_interfaces/robot_interfaces/action/detail/navigation__type_support.h\n'}
[2.191646] (robot_interfaces) StdoutLine: {'line': b'-- Up-to-date symlink: /root/Dojo/install/robot_interfaces/include/robot_interfaces/robot_interfaces/action/navigation.h\n'}
[2.191828] (robot_interfaces) StdoutLine: {'line': b'-- Up-to-date symlink: /root/Dojo/install/robot_interfaces/include/robot_interfaces/robot_interfaces/msg/detail/hardware_status__functions.h\n'}
[2.191978] (robot_interfaces) StdoutLine: {'line': b'-- Up-to-date symlink: /root/Dojo/install/robot_interfaces/include/robot_interfaces/robot_interfaces/msg/detail/hardware_status__struct.h\n'}
[2.192220] (robot_interfaces) StdoutLine: {'line': b'-- Up-to-date symlink: /root/Dojo/install/robot_interfaces/include/robot_interfaces/robot_interfaces/msg/detail/hardware_status__type_support.h\n'}
[2.192683] (robot_interfaces) StdoutLine: {'line': b'-- Up-to-date symlink: /root/Dojo/install/robot_interfaces/include/robot_interfaces/robot_interfaces/msg/detail/motor_command__functions.h\n'}
[2.192887] (robot_interfaces) StdoutLine: {'line': b'-- Up-to-date symlink: /root/Dojo/install/robot_interfaces/include/robot_interfaces/robot_interfaces/msg/detail/motor_command__struct.h\n'}
[2.193072] (robot_interfaces) StdoutLine: {'line': b'-- Up-to-date symlink: /root/Dojo/install/robot_interfaces/include/robot_interfaces/robot_interfaces/msg/detail/motor_command__type_support.h\n'}
[2.193372] (robot_interfaces) StdoutLine: {'line': b'-- Up-to-date symlink: /root/Dojo/install/robot_interfaces/include/robot_interfaces/robot_interfaces/msg/detail/robot_state__functions.h\n'}
[2.193608] (robot_gazebo) StdoutLine: {'line': b'-- Install configuration: "Release"\n'}
[2.193774] (robot_interfaces) StdoutLine: {'line': b'-- Up-to-date symlink: /root/Dojo/install/robot_interfaces/include/robot_interfaces/robot_interfaces/msg/detail/robot_state__struct.h\n'}
[2.193927] (robot_interfaces) StdoutLine: {'line': b'-- Up-to-date symlink: /root/Dojo/install/robot_interfaces/include/robot_interfaces/robot_interfaces/msg/detail/robot_state__type_support.h\n'}
[2.194191] (robot_interfaces) StdoutLine: {'line': b'-- Up-to-date symlink: /root/Dojo/install/robot_interfaces/include/robot_interfaces/robot_interfaces/msg/detail/sensor_data__functions.h\n'}
[2.194377] (robot_interfaces) StdoutLine: {'line': b'-- Up-to-date symlink: /root/Dojo/install/robot_interfaces/include/robot_interfaces/robot_interfaces/msg/detail/sensor_data__struct.h\n'}
[2.194545] (robot_gazebo) StdoutLine: {'line': b'-- Execute custom install script\n'}
[2.194775] (robot_interfaces) StdoutLine: {'line': b'-- Up-to-date symlink: /root/Dojo/install/robot_interfaces/include/robot_interfaces/robot_interfaces/msg/detail/sensor_data__type_support.h\n'}
[2.194960] (robot_interfaces) StdoutLine: {'line': b'-- Up-to-date symlink: /root/Dojo/install/robot_interfaces/include/robot_interfaces/robot_interfaces/msg/hardware_status.h\n'}
[2.195155] (robot_interfaces) StdoutLine: {'line': b'-- Up-to-date symlink: /root/Dojo/install/robot_interfaces/include/robot_interfaces/robot_interfaces/msg/motor_command.h\n'}
[2.195351] (robot_gazebo) StdoutLine: {'line': b'-- Up-to-date symlink: /root/Dojo/install/robot_gazebo/share/robot_gazebo/launch/gazebo.launch.py\n'}
[2.195548] (robot_interfaces) StdoutLine: {'line': b'-- Up-to-date symlink: /root/Dojo/install/robot_interfaces/include/robot_interfaces/robot_interfaces/msg/robot_state.h\n'}
[2.195720] (robot_interfaces) StdoutLine: {'line': b'-- Up-to-date symlink: /root/Dojo/install/robot_interfaces/include/robot_interfaces/robot_interfaces/msg/rosidl_generator_c__visibility_control.h\n'}
[2.195847] (robot_gazebo) StdoutLine: {'line': b'-- Up-to-date symlink: /root/Dojo/install/robot_gazebo/share/robot_gazebo/launch/simulation.launch.py\n'}
[2.195961] (robot_gazebo) StdoutLine: {'line': b'-- Up-to-date symlink: /root/Dojo/install/robot_gazebo/share/robot_gazebo/launch/unified_simulation.launch.py\n'}
[2.196164] (robot_interfaces) StdoutLine: {'line': b'-- Up-to-date symlink: /root/Dojo/install/robot_interfaces/include/robot_interfaces/robot_interfaces/msg/sensor_data.h\n'}
[2.196548] (robot_interfaces) StdoutLine: {'line': b'-- Up-to-date symlink: /root/Dojo/install/robot_interfaces/include/robot_interfaces/robot_interfaces/srv/calibration.h\n'}
[2.196854] (robot_gazebo) StdoutLine: {'line': b'-- Up-to-date symlink: /root/Dojo/install/robot_gazebo/share/robot_gazebo/config/diff_drive_controller.yaml\n'}
[2.197110] (robot_interfaces) StdoutLine: {'line': b'-- Up-to-date symlink: /root/Dojo/install/robot_interfaces/include/robot_interfaces/robot_interfaces/srv/detail/calibration__functions.h\n'}
[2.197417] (robot_gazebo) StdoutLine: {'line': b'-- Up-to-date symlink: /root/Dojo/install/robot_gazebo/share/robot_gazebo/config/ekf_config.yaml\n'}
[2.197592] (robot_interfaces) StdoutLine: {'line': b'-- Up-to-date symlink: /root/Dojo/install/robot_interfaces/include/robot_interfaces/robot_interfaces/srv/detail/calibration__struct.h\n'}
[2.197731] (robot_gazebo) StdoutLine: {'line': b'-- Up-to-date symlink: /root/Dojo/install/robot_gazebo/share/robot_gazebo/config/gazebo_controllers.yaml\n'}
[2.197861] (robot_gazebo) StdoutLine: {'line': b'-- Up-to-date symlink: /root/Dojo/install/robot_gazebo/share/robot_gazebo/config/ros2_control.yaml\n'}
[2.198038] (robot_gazebo) StdoutLine: {'line': b'-- Up-to-date symlink: /root/Dojo/install/robot_gazebo/share/robot_gazebo/config/slam_config.yaml\n'}
[2.198229] (robot_interfaces) StdoutLine: {'line': b'-- Up-to-date symlink: /root/Dojo/install/robot_interfaces/include/robot_interfaces/robot_interfaces/srv/detail/calibration__type_support.h\n'}
[2.198371] (robot_interfaces) StdoutLine: {'line': b'-- Up-to-date symlink: /root/Dojo/install/robot_interfaces/include/robot_interfaces/robot_interfaces/srv/detail/set_mode__functions.h\n'}
[2.198626] (robot_interfaces) StdoutLine: {'line': b'-- Up-to-date symlink: /root/Dojo/install/robot_interfaces/include/robot_interfaces/robot_interfaces/srv/detail/set_mode__struct.h\n'}
[2.198794] (robot_interfaces) StdoutLine: {'line': b'-- Up-to-date symlink: /root/Dojo/install/robot_interfaces/include/robot_interfaces/robot_interfaces/srv/detail/set_mode__type_support.h\n'}
[2.199210] (robot_interfaces) StdoutLine: {'line': b'-- Up-to-date symlink: /root/Dojo/install/robot_interfaces/include/robot_interfaces/robot_interfaces/srv/set_mode.h\n'}
[2.199543] (robot_interfaces) StdoutLine: {'line': b'-- Up-to-date symlink: /root/Dojo/install/robot_interfaces/share/robot_interfaces/environment/library_path.sh\n'}
[2.199910] (robot_gazebo) StdoutLine: {'line': b'-- Up-to-date symlink: /root/Dojo/install/robot_gazebo/share/robot_gazebo/worlds/agriculture.world\n'}
[2.200175] (robot_gazebo) StdoutLine: {'line': b'-- Up-to-date symlink: /root/Dojo/install/robot_gazebo/share/robot_gazebo/worlds/azcar.world\n'}
[2.200520] (robot_interfaces) StdoutLine: {'line': b'-- Up-to-date symlink: /root/Dojo/install/robot_interfaces/share/robot_interfaces/environment/library_path.dsv\n'}
[2.200797] (robot_gazebo) StdoutLine: {'line': b'-- Up-to-date symlink: /root/Dojo/install/robot_gazebo/share/robot_gazebo/worlds/barrels.world\n'}
[2.200990] (robot_gazebo) StdoutLine: {'line': b'-- Up-to-date symlink: /root/Dojo/install/robot_gazebo/share/robot_gazebo/worlds/canyonview_field.world\n'}
[2.201130] (robot_gazebo) StdoutLine: {'line': b'-- Up-to-date symlink: /root/Dojo/install/robot_gazebo/share/robot_gazebo/worlds/city_osm_roundabout.world\n'}
[2.201270] (robot_gazebo) StdoutLine: {'line': b'-- Up-to-date symlink: /root/Dojo/install/robot_gazebo/share/robot_gazebo/worlds/city_osm_roundabout_combined.world\n'}
[2.201528] (robot_gazebo) StdoutLine: {'line': b'-- Up-to-date symlink: /root/Dojo/install/robot_gazebo/share/robot_gazebo/worlds/cyberzoo.world\n'}
[2.201783] (robot_gazebo) StdoutLine: {'line': b'-- Up-to-date symlink: /root/Dojo/install/robot_gazebo/share/robot_gazebo/worlds/cyberzoo2019_orange_poles.world\n'}
[2.201980] (robot_interfaces) StdoutLine: {'line': b'-- Up-to-date symlink: /root/Dojo/install/robot_interfaces/include/robot_interfaces/robot_interfaces/action/detail/navigation__rosidl_typesupport_fastrtps_c.h\n'}
[2.202226] (robot_interfaces) StdoutLine: {'line': b'-- Up-to-date symlink: /root/Dojo/install/robot_interfaces/include/robot_interfaces/robot_interfaces/msg/detail/hardware_status__rosidl_typesupport_fastrtps_c.h\n'}
[2.202461] (robot_gazebo) StdoutLine: {'line': b'-- Up-to-date symlink: /root/Dojo/install/robot_gazebo/share/robot_gazebo/worlds/cyberzoo2019_orange_poles_panels.world\n'}
[2.202667] (robot_interfaces) StdoutLine: {'line': b'-- Up-to-date symlink: /root/Dojo/install/robot_interfaces/include/robot_interfaces/robot_interfaces/msg/detail/motor_command__rosidl_typesupport_fastrtps_c.h\n'}
[2.202806] (robot_interfaces) StdoutLine: {'line': b'-- Up-to-date symlink: /root/Dojo/install/robot_interfaces/include/robot_interfaces/robot_interfaces/msg/detail/robot_state__rosidl_typesupport_fastrtps_c.h\n'}
[2.203066] (robot_gazebo) StdoutLine: {'line': b'-- Up-to-date symlink: /root/Dojo/install/robot_gazebo/share/robot_gazebo/worlds/cyberzoo2019_orange_poles_panels_mats.world\n'}
[2.203350] (robot_gazebo) StdoutLine: {'line': b'-- Up-to-date symlink: /root/Dojo/install/robot_gazebo/share/robot_gazebo/worlds/cyberzoo2019_ralphthesis2020.world\n'}
[2.203602] (robot_gazebo) StdoutLine: {'line': b'-- Up-to-date symlink: /root/Dojo/install/robot_gazebo/share/robot_gazebo/worlds/cyberzoo_4_panels.world\n'}
[2.203752] (robot_gazebo) StdoutLine: {'line': b'-- Up-to-date symlink: /root/Dojo/install/robot_gazebo/share/robot_gazebo/worlds/cyberzoo_orange_poles.world\n'}
[2.203903] (robot_interfaces) StdoutLine: {'line': b'-- Up-to-date symlink: /root/Dojo/install/robot_interfaces/include/robot_interfaces/robot_interfaces/msg/detail/sensor_data__rosidl_typesupport_fastrtps_c.h\n'}
[2.204487] (robot_gazebo) StdoutLine: {'line': b'-- Up-to-date symlink: /root/Dojo/install/robot_gazebo/share/robot_gazebo/worlds/cyberzoo_panel.world\n'}
[2.204623] (robot_interfaces) StdoutLine: {'line': b'-- Up-to-date symlink: /root/Dojo/install/robot_interfaces/include/robot_interfaces/robot_interfaces/msg/rosidl_typesupport_fastrtps_c__visibility_control.h\n'}
[2.204747] (robot_gazebo) StdoutLine: {'line': b'-- Up-to-date symlink: /root/Dojo/install/robot_gazebo/share/robot_gazebo/worlds/demo_world.world\n'}
[2.204858] (-) TimerEvent: {}
[2.205021] (robot_interfaces) StdoutLine: {'line': b'-- Up-to-date symlink: /root/Dojo/install/robot_interfaces/include/robot_interfaces/robot_interfaces/srv/detail/calibration__rosidl_typesupport_fastrtps_c.h\n'}
[2.205156] (robot_gazebo) StdoutLine: {'line': b'-- Up-to-date symlink: /root/Dojo/install/robot_gazebo/share/robot_gazebo/worlds/dojo_world.world\n'}
[2.205271] (robot_gazebo) StdoutLine: {'line': b'-- Up-to-date symlink: /root/Dojo/install/robot_gazebo/share/robot_gazebo/worlds/drone_race_track_2018_actual.world\n'}
[2.205382] (robot_gazebo) StdoutLine: {'line': b'-- Up-to-date symlink: /root/Dojo/install/robot_gazebo/share/robot_gazebo/worlds/drone_race_track_2018_actual_with_gatepapers.world\n'}
[2.205518] (robot_interfaces) StdoutLine: {'line': b'-- Up-to-date symlink: /root/Dojo/install/robot_interfaces/include/robot_interfaces/robot_interfaces/srv/detail/set_mode__rosidl_typesupport_fastrtps_c.h\n'}
[2.205641] (robot_gazebo) StdoutLine: {'line': b'-- Up-to-date symlink: /root/Dojo/install/robot_gazebo/share/robot_gazebo/worlds/empty.world\n'}
[2.205747] (robot_gazebo) StdoutLine: {'line': b'-- Up-to-date symlink: /root/Dojo/install/robot_gazebo/share/robot_gazebo/worlds/empty_aerial_manipulation.world\n'}
[2.205863] (robot_gazebo) StdoutLine: {'line': b'-- Up-to-date symlink: /root/Dojo/install/robot_gazebo/share/robot_gazebo/worlds/fetchit_challenge_arena_montreal2019.world\n'}
[2.205975] (robot_gazebo) StdoutLine: {'line': b'-- Up-to-date symlink: /root/Dojo/install/robot_gazebo/share/robot_gazebo/worlds/fetchit_challenge_arena_montreal2019_highlights.world\n'}
[2.206296] (robot_gazebo) StdoutLine: {'line': b'-- Up-to-date symlink: /root/Dojo/install/robot_gazebo/share/robot_gazebo/worlds/fetchit_challenge_arena_montreal2019_onlylights.world\n'}
[2.206496] (robot_gazebo) StdoutLine: {'line': b'-- Up-to-date symlink: /root/Dojo/install/robot_gazebo/share/robot_gazebo/worlds/fetchit_challenge_assembly.world\n'}
[2.206815] (robot_interfaces) StdoutLine: {'line': b'-- Up-to-date symlink: /root/Dojo/install/robot_interfaces/include/robot_interfaces/robot_interfaces/action/detail/navigation__builder.hpp\n'}
[2.207177] (robot_gazebo) StdoutLine: {'line': b'-- Up-to-date symlink: /root/Dojo/install/robot_gazebo/share/robot_gazebo/worlds/fetchit_challenge_atrezzo.world\n'}
[2.207462] (robot_interfaces) StdoutLine: {'line': b'-- Up-to-date symlink: /root/Dojo/install/robot_interfaces/include/robot_interfaces/robot_interfaces/action/detail/navigation__struct.hpp\n'}
[2.207703] (robot_gazebo) StdoutLine: {'line': b'-- Up-to-date symlink: /root/Dojo/install/robot_gazebo/share/robot_gazebo/worlds/fetchit_challenge_simple.world\n'}
[2.207886] (robot_gazebo) StdoutLine: {'line': b'-- Up-to-date symlink: /root/Dojo/install/robot_gazebo/share/robot_gazebo/worlds/fetchit_challenge_simple_highlights.world\n'}
[2.208119] (robot_interfaces) StdoutLine: {'line': b'-- Up-to-date symlink: /root/Dojo/install/robot_interfaces/include/robot_interfaces/robot_interfaces/action/detail/navigation__traits.hpp\n'}
[2.208329] (robot_gazebo) StdoutLine: {'line': b'-- Up-to-date symlink: /root/Dojo/install/robot_gazebo/share/robot_gazebo/worlds/fetchit_challenge_tests.world\n'}
[2.208558] (robot_interfaces) StdoutLine: {'line': b'-- Up-to-date symlink: /root/Dojo/install/robot_interfaces/include/robot_interfaces/robot_interfaces/action/detail/navigation__type_support.hpp\n'}
[2.208706] (robot_gazebo) StdoutLine: {'line': b'-- Up-to-date symlink: /root/Dojo/install/robot_gazebo/share/robot_gazebo/worlds/fetchit_challenge_tests_lowlights.world\n'}
[2.208946] (robot_interfaces) StdoutLine: {'line': b'-- Up-to-date symlink: /root/Dojo/install/robot_interfaces/include/robot_interfaces/robot_interfaces/action/navigation.hpp\n'}
[2.209152] (robot_interfaces) StdoutLine: {'line': b'-- Up-to-date symlink: /root/Dojo/install/robot_interfaces/include/robot_interfaces/robot_interfaces/msg/detail/hardware_status__builder.hpp\n'}
[2.209302] (robot_gazebo) StdoutLine: {'line': b'-- Up-to-date symlink: /root/Dojo/install/robot_gazebo/share/robot_gazebo/worlds/hemicyl.world\n'}
[2.209470] (robot_gazebo) StdoutLine: {'line': b'-- Up-to-date symlink: /root/Dojo/install/robot_gazebo/share/robot_gazebo/worlds/house.world\n'}
[2.209643] (robot_interfaces) StdoutLine: {'line': b'-- Up-to-date symlink: /root/Dojo/install/robot_interfaces/include/robot_interfaces/robot_interfaces/msg/detail/hardware_status__struct.hpp\n'}
[2.209821] (robot_gazebo) StdoutLine: {'line': b'-- Up-to-date symlink: /root/Dojo/install/robot_gazebo/share/robot_gazebo/worlds/inspection.world\n'}
[2.209965] (robot_interfaces) StdoutLine: {'line': b'-- Up-to-date symlink: /root/Dojo/install/robot_interfaces/include/robot_interfaces/robot_interfaces/msg/detail/hardware_status__traits.hpp\n'}
[2.210152] (robot_gazebo) StdoutLine: {'line': b'-- Up-to-date symlink: /root/Dojo/install/robot_gazebo/share/robot_gazebo/worlds/neighborhood.world\n'}
[2.210396] (robot_gazebo) StdoutLine: {'line': b'-- Up-to-date symlink: /root/Dojo/install/robot_gazebo/share/robot_gazebo/worlds/office_cpr.world\n'}
[2.210612] (robot_interfaces) StdoutLine: {'line': b'-- Up-to-date symlink: /root/Dojo/install/robot_interfaces/include/robot_interfaces/robot_interfaces/msg/detail/hardware_status__type_support.hpp\n'}
[2.210801] (robot_gazebo) StdoutLine: {'line': b'-- Up-to-date symlink: /root/Dojo/install/robot_gazebo/share/robot_gazebo/worlds/office_cpr_construction.world\n'}
[2.210919] (robot_gazebo) StdoutLine: {'line': b'-- Up-to-date symlink: /root/Dojo/install/robot_gazebo/share/robot_gazebo/worlds/office_earthquake.world\n'}
[2.211216] (robot_interfaces) StdoutLine: {'line': b'-- Up-to-date symlink: /root/Dojo/install/robot_interfaces/include/robot_interfaces/robot_interfaces/msg/detail/motor_command__builder.hpp\n'}
[2.212556] (robot_gazebo) StdoutLine: {'line': b'-- Up-to-date symlink: /root/Dojo/install/robot_gazebo/share/robot_gazebo/worlds/office_env_large.world\n'}
[2.212706] (robot_interfaces) StdoutLine: {'line': b'-- Up-to-date symlink: /root/Dojo/install/robot_interfaces/include/robot_interfaces/robot_interfaces/msg/detail/motor_command__struct.hpp\n'}
[2.212921] (robot_gazebo) StdoutLine: {'line': b'-- Up-to-date symlink: /root/Dojo/install/robot_gazebo/share/robot_gazebo/worlds/office_small.world\n'}
[2.213825] (robot_interfaces) StdoutLine: {'line': b'-- Up-to-date symlink: /root/Dojo/install/robot_interfaces/include/robot_interfaces/robot_interfaces/msg/detail/motor_command__traits.hpp\n'}
[2.214020] (robot_gazebo) StdoutLine: {'line': b'-- Up-to-date symlink: /root/Dojo/install/robot_gazebo/share/robot_gazebo/worlds/outdoor.world\n'}
[2.214155] (robot_interfaces) StdoutLine: {'line': b'-- Up-to-date symlink: /root/Dojo/install/robot_interfaces/include/robot_interfaces/robot_interfaces/msg/detail/motor_command__type_support.hpp\n'}
[2.214313] (robot_gazebo) StdoutLine: {'line': b'-- Up-to-date symlink: /root/Dojo/install/robot_gazebo/share/robot_gazebo/worlds/powerplant.world\n'}
[2.214433] (robot_gazebo) StdoutLine: {'line': b'-- Up-to-date symlink: /root/Dojo/install/robot_gazebo/share/robot_gazebo/worlds/rubble.world\n'}
[2.214562] (robot_gazebo) StdoutLine: {'line': b'-- Up-to-date symlink: /root/Dojo/install/robot_gazebo/share/robot_gazebo/worlds/simple_env_1.world\n'}
[2.214681] (robot_gazebo) StdoutLine: {'line': b'-- Up-to-date symlink: /root/Dojo/install/robot_gazebo/share/robot_gazebo/worlds/simple_env_2.world\n'}
[2.214804] (robot_gazebo) StdoutLine: {'line': b'-- Up-to-date symlink: /root/Dojo/install/robot_gazebo/share/robot_gazebo/worlds/simple_env_3.world\n'}
[2.214921] (robot_gazebo) StdoutLine: {'line': b'-- Up-to-date symlink: /root/Dojo/install/robot_gazebo/share/robot_gazebo/worlds/skidpan.world\n'}
[2.215041] (robot_interfaces) StdoutLine: {'line': b'-- Up-to-date symlink: /root/Dojo/install/robot_interfaces/include/robot_interfaces/robot_interfaces/msg/detail/robot_state__builder.hpp\n'}
[2.215214] (robot_interfaces) StdoutLine: {'line': b'-- Up-to-date symlink: /root/Dojo/install/robot_interfaces/include/robot_interfaces/robot_interfaces/msg/detail/robot_state__struct.hpp\n'}
[2.215336] (robot_interfaces) StdoutLine: {'line': b'-- Up-to-date symlink: /root/Dojo/install/robot_interfaces/include/robot_interfaces/robot_interfaces/msg/detail/robot_state__traits.hpp\n'}
[2.215475] (robot_gazebo) StdoutLine: {'line': b'-- Up-to-date symlink: /root/Dojo/install/robot_gazebo/share/robot_gazebo/worlds/small_city.world\n'}
[2.215602] (robot_gazebo) StdoutLine: {'line': b'-- Up-to-date symlink: /root/Dojo/install/robot_gazebo/share/robot_gazebo/worlds/test_city.world\n'}
[2.215756] (robot_interfaces) StdoutLine: {'line': b'-- Up-to-date symlink: /root/Dojo/install/robot_interfaces/include/robot_interfaces/robot_interfaces/msg/detail/robot_state__type_support.hpp\n'}
[2.215886] (robot_interfaces) StdoutLine: {'line': b'-- Up-to-date symlink: /root/Dojo/install/robot_interfaces/include/robot_interfaces/robot_interfaces/msg/detail/sensor_data__builder.hpp\n'}
[2.216011] (robot_gazebo) StdoutLine: {'line': b'-- Up-to-date symlink: /root/Dojo/install/robot_gazebo/share/robot_gazebo/worlds/test_zone.world\n'}
[2.216128] (robot_gazebo) StdoutLine: {'line': b'-- Up-to-date symlink: /root/Dojo/install/robot_gazebo/share/robot_gazebo/worlds/wall_aerial_manipulation.world\n'}
[2.216259] (robot_navigation) StdoutLine: {'line': b'-- Install configuration: "Release"\n'}
[2.216519] (robot_gazebo) StdoutLine: {'line': b'-- Up-to-date symlink: /root/Dojo/install/robot_gazebo/share/robot_gazebo/worlds/warehouse.world\n'}
[2.216656] (robot_navigation) StdoutLine: {'line': b'-- Execute custom install script\n'}
[2.216791] (robot_gazebo) StdoutLine: {'line': b'-- Up-to-date symlink: /root/Dojo/install/robot_gazebo/share/robot_gazebo/worlds/waypoint.world\n'}
[2.216919] (robot_gazebo) StdoutLine: {'line': b'-- Up-to-date symlink: /root/Dojo/install/robot_gazebo/share/robot_gazebo/worlds/workshop_example.world\n'}
[2.217098] (robot_interfaces) StdoutLine: {'line': b'-- Up-to-date symlink: /root/Dojo/install/robot_interfaces/include/robot_interfaces/robot_interfaces/msg/detail/sensor_data__struct.hpp\n'}
[2.217278] (robot_interfaces) StdoutLine: {'line': b'-- Up-to-date symlink: /root/Dojo/install/robot_interfaces/include/robot_interfaces/robot_interfaces/msg/detail/sensor_data__traits.hpp\n'}
[2.217402] (robot_interfaces) StdoutLine: {'line': b'-- Up-to-date symlink: /root/Dojo/install/robot_interfaces/include/robot_interfaces/robot_interfaces/msg/detail/sensor_data__type_support.hpp\n'}
[2.217569] (robot_interfaces) StdoutLine: {'line': b'-- Up-to-date symlink: /root/Dojo/install/robot_interfaces/include/robot_interfaces/robot_interfaces/msg/hardware_status.hpp\n'}
[2.217695] (robot_gazebo) StdoutLine: {'line': b'-- Up-to-date symlink: /root/Dojo/install/robot_gazebo/share/robot_gazebo/worlds/yosemite.world\n'}
[2.217814] (robot_interfaces) StdoutLine: {'line': b'-- Up-to-date symlink: /root/Dojo/install/robot_interfaces/include/robot_interfaces/robot_interfaces/msg/motor_command.hpp\n'}
[2.217939] (robot_gazebo) StdoutLine: {'line': b'-- Up-to-date symlink: /root/Dojo/install/robot_gazebo/lib/robot_gazebo/spawn_robot.py\n'}
[2.218065] (robot_navigation) StdoutLine: {'line': b'-- Up-to-date symlink: /root/Dojo/install/robot_navigation/share/robot_navigation/launch/localization.launch.py\n'}
[2.218191] (robot_interfaces) StdoutLine: {'line': b'-- Up-to-date symlink: /root/Dojo/install/robot_interfaces/include/robot_interfaces/robot_interfaces/msg/robot_state.hpp\n'}
[2.218322] (robot_gazebo) StdoutLine: {'line': b'-- Up-to-date symlink: /root/Dojo/install/robot_gazebo/share/robot_gazebo/package.xml\n'}
[2.218438] (robot_navigation) StdoutLine: {'line': b'-- Up-to-date symlink: /root/Dojo/install/robot_navigation/share/robot_navigation/launch/map_server.launch.py\n'}
[2.218718] (robot_gazebo) StdoutLine: {'line': b'-- Up-to-date symlink: /root/Dojo/install/robot_gazebo/share/robot_gazebo/setup.py\n'}
[2.218941] (robot_interfaces) StdoutLine: {'line': b'-- Up-to-date symlink: /root/Dojo/install/robot_interfaces/include/robot_interfaces/robot_interfaces/msg/rosidl_generator_cpp__visibility_control.hpp\n'}
[2.219196] (robot_gazebo) StdoutLine: {'line': b'-- Up-to-date symlink: /root/Dojo/install/robot_gazebo/share/robot_gazebo/setup.cfg\n'}
[2.219373] (robot_interfaces) StdoutLine: {'line': b'-- Up-to-date symlink: /root/Dojo/install/robot_interfaces/include/robot_interfaces/robot_interfaces/msg/sensor_data.hpp\n'}
[2.219556] (robot_navigation) StdoutLine: {'line': b'-- Up-to-date symlink: /root/Dojo/install/robot_navigation/share/robot_navigation/launch/nav2.launch.py\n'}
[2.219715] (robot_navigation) StdoutLine: {'line': b'-- Up-to-date symlink: /root/Dojo/install/robot_navigation/share/robot_navigation/launch/navigation.launch.py\n'}
[2.219942] (robot_gazebo) StdoutLine: {'line': b'-- Up-to-date symlink: /root/Dojo/install/robot_gazebo/share/ament_index/resource_index/package_run_dependencies/robot_gazebo\n'}
[2.220139] (robot_interfaces) StdoutLine: {'line': b'-- Up-to-date symlink: /root/Dojo/install/robot_interfaces/include/robot_interfaces/robot_interfaces/srv/calibration.hpp\n'}
[2.220419] (robot_gazebo) StdoutLine: {'line': b'-- Up-to-date symlink: /root/Dojo/install/robot_gazebo/share/ament_index/resource_index/parent_prefix_path/robot_gazebo\n'}
[2.220638] (robot_interfaces) StdoutLine: {'line': b'-- Up-to-date symlink: /root/Dojo/install/robot_interfaces/include/robot_interfaces/robot_interfaces/srv/detail/calibration__builder.hpp\n'}
[2.220809] (robot_gazebo) StdoutLine: {'line': b'-- Up-to-date symlink: /root/Dojo/install/robot_gazebo/share/robot_gazebo/environment/ament_prefix_path.sh\n'}
[2.221296] (robot_gazebo) StdoutLine: {'line': b'-- Up-to-date symlink: /root/Dojo/install/robot_gazebo/share/robot_gazebo/environment/ament_prefix_path.dsv\n'}
[2.221516] (robot_navigation) StdoutLine: {'line': b'-- Up-to-date symlink: /root/Dojo/install/robot_navigation/share/robot_navigation/config/bt_navigator_params.yaml\n'}
[2.221688] (robot_navigation) StdoutLine: {'line': b'-- Up-to-date symlink: /root/Dojo/install/robot_navigation/share/robot_navigation/config/controller_params.yaml\n'}
[2.221883] (robot_interfaces) StdoutLine: {'line': b'-- Up-to-date symlink: /root/Dojo/install/robot_interfaces/include/robot_interfaces/robot_interfaces/srv/detail/calibration__struct.hpp\n'}
[2.222136] (robot_interfaces) StdoutLine: {'line': b'-- Up-to-date symlink: /root/Dojo/install/robot_interfaces/include/robot_interfaces/robot_interfaces/srv/detail/calibration__traits.hpp\n'}
[2.222308] (robot_interfaces) StdoutLine: {'line': b'-- Up-to-date symlink: /root/Dojo/install/robot_interfaces/include/robot_interfaces/robot_interfaces/srv/detail/calibration__type_support.hpp\n'}
[2.222464] (robot_gazebo) StdoutLine: {'line': b'-- Up-to-date symlink: /root/Dojo/install/robot_gazebo/share/robot_gazebo/environment/path.sh\n'}
[2.222594] (robot_navigation) StdoutLine: {'line': b'-- Up-to-date symlink: /root/Dojo/install/robot_navigation/share/robot_navigation/config/costmap_common_params.yaml\n'}
[2.222714] (robot_navigation) StdoutLine: {'line': b'-- Up-to-date symlink: /root/Dojo/install/robot_navigation/share/robot_navigation/config/global_costmap_params.yaml\n'}
[2.222998] (robot_navigation) StdoutLine: {'line': b'-- Up-to-date symlink: /root/Dojo/install/robot_navigation/share/robot_navigation/config/local_costmap_params.yaml\n'}
[2.223280] (robot_navigation) StdoutLine: {'line': b'-- Up-to-date symlink: /root/Dojo/install/robot_navigation/share/robot_navigation/config/localization_params.yaml\n'}
[2.223504] (robot_navigation) StdoutLine: {'line': b'-- Up-to-date symlink: /root/Dojo/install/robot_navigation/share/robot_navigation/config/map_server_params.yaml\n'}
[2.223654] (robot_navigation) StdoutLine: {'line': b'-- Up-to-date symlink: /root/Dojo/install/robot_navigation/share/robot_navigation/config/nav2_params.yaml\n'}
[2.223778] (robot_navigation) StdoutLine: {'line': b'-- Up-to-date symlink: /root/Dojo/install/robot_navigation/share/robot_navigation/config/planner_params.yaml\n'}
[2.224232] (robot_navigation) StdoutLine: {'line': b'-- Up-to-date symlink: /root/Dojo/install/robot_navigation/share/robot_navigation/package.xml\n'}
[2.224764] (robot_navigation) StdoutLine: {'line': b'-- Up-to-date symlink: /root/Dojo/install/robot_navigation/share/robot_navigation/setup.py\n'}
[2.225824] (robot_interfaces) StdoutLine: {'line': b'-- Up-to-date symlink: /root/Dojo/install/robot_interfaces/include/robot_interfaces/robot_interfaces/srv/detail/set_mode__builder.hpp\n'}
[2.226406] (robot_interfaces) StdoutLine: {'line': b'-- Up-to-date symlink: /root/Dojo/install/robot_interfaces/include/robot_interfaces/robot_interfaces/srv/detail/set_mode__struct.hpp\n'}
[2.226770] (robot_interfaces) StdoutLine: {'line': b'-- Up-to-date symlink: /root/Dojo/install/robot_interfaces/include/robot_interfaces/robot_interfaces/srv/detail/set_mode__traits.hpp\n'}
[2.226981] (robot_interfaces) StdoutLine: {'line': b'-- Up-to-date symlink: /root/Dojo/install/robot_interfaces/include/robot_interfaces/robot_interfaces/srv/detail/set_mode__type_support.hpp\n'}
[2.227148] (robot_interfaces) StdoutLine: {'line': b'-- Up-to-date symlink: /root/Dojo/install/robot_interfaces/include/robot_interfaces/robot_interfaces/srv/set_mode.hpp\n'}
[2.227263] (robot_gazebo) StdoutLine: {'line': b'-- Up-to-date symlink: /root/Dojo/install/robot_gazebo/share/robot_gazebo/environment/path.dsv\n'}
[2.227552] (robot_gazebo) StdoutLine: {'line': b'-- Up-to-date symlink: /root/Dojo/install/robot_gazebo/share/robot_gazebo/local_setup.bash\n'}
[2.227715] (robot_gazebo) StdoutLine: {'line': b'-- Up-to-date symlink: /root/Dojo/install/robot_gazebo/share/robot_gazebo/local_setup.sh\n'}
[2.228131] (robot_gazebo) StdoutLine: {'line': b'-- Up-to-date symlink: /root/Dojo/install/robot_gazebo/share/robot_gazebo/local_setup.zsh\n'}
[2.228648] (robot_gazebo) StdoutLine: {'line': b'-- Up-to-date symlink: /root/Dojo/install/robot_gazebo/share/robot_gazebo/local_setup.dsv\n'}
[2.228818] (robot_gazebo) StdoutLine: {'line': b'-- Symlinking: /root/Dojo/install/robot_gazebo/share/robot_gazebo/package.dsv\n'}
[2.228927] (robot_navigation) StdoutLine: {'line': b'-- Up-to-date symlink: /root/Dojo/install/robot_navigation/share/robot_navigation/setup.cfg\n'}
[2.229143] (robot_interfaces) StdoutLine: {'line': b'-- Up-to-date symlink: /root/Dojo/install/robot_interfaces/include/robot_interfaces/robot_interfaces/action/detail/navigation__rosidl_typesupport_fastrtps_cpp.hpp\n'}
[2.229332] (robot_navigation) StdoutLine: {'line': b'-- Up-to-date symlink: /root/Dojo/install/robot_navigation/share/robot_navigation/launch/localization.launch.py\n'}
[2.229521] (robot_interfaces) StdoutLine: {'line': b'-- Up-to-date symlink: /root/Dojo/install/robot_interfaces/include/robot_interfaces/robot_interfaces/msg/detail/hardware_status__rosidl_typesupport_fastrtps_cpp.hpp\n'}
[2.229720] (robot_navigation) StdoutLine: {'line': b'-- Up-to-date symlink: /root/Dojo/install/robot_navigation/share/robot_navigation/launch/map_server.launch.py\n'}
[2.229830] (robot_interfaces) StdoutLine: {'line': b'-- Up-to-date symlink: /root/Dojo/install/robot_interfaces/include/robot_interfaces/robot_interfaces/msg/detail/motor_command__rosidl_typesupport_fastrtps_cpp.hpp\n'}
[2.230153] (robot_navigation) StdoutLine: {'line': b'-- Up-to-date symlink: /root/Dojo/install/robot_navigation/share/robot_navigation/launch/nav2.launch.py\n'}
[2.230266] (robot_interfaces) StdoutLine: {'line': b'-- Up-to-date symlink: /root/Dojo/install/robot_interfaces/include/robot_interfaces/robot_interfaces/msg/detail/robot_state__rosidl_typesupport_fastrtps_cpp.hpp\n'}
[2.230368] (robot_navigation) StdoutLine: {'line': b'-- Up-to-date symlink: /root/Dojo/install/robot_navigation/share/robot_navigation/launch/navigation.launch.py\n'}
[2.230463] (robot_interfaces) StdoutLine: {'line': b'-- Up-to-date symlink: /root/Dojo/install/robot_interfaces/include/robot_interfaces/robot_interfaces/msg/detail/sensor_data__rosidl_typesupport_fastrtps_cpp.hpp\n'}
[2.230606] (robot_interfaces) StdoutLine: {'line': b'-- Up-to-date symlink: /root/Dojo/install/robot_interfaces/include/robot_interfaces/robot_interfaces/msg/rosidl_typesupport_fastrtps_cpp__visibility_control.h\n'}
[2.230701] (robot_navigation) StdoutLine: {'line': b'-- Up-to-date symlink: /root/Dojo/install/robot_navigation/share/ament_index/resource_index/package_run_dependencies/robot_navigation\n'}
[2.230802] (robot_interfaces) StdoutLine: {'line': b'-- Up-to-date symlink: /root/Dojo/install/robot_interfaces/include/robot_interfaces/robot_interfaces/srv/detail/calibration__rosidl_typesupport_fastrtps_cpp.hpp\n'}
[2.230905] (robot_interfaces) StdoutLine: {'line': b'-- Up-to-date symlink: /root/Dojo/install/robot_interfaces/include/robot_interfaces/robot_interfaces/srv/detail/set_mode__rosidl_typesupport_fastrtps_cpp.hpp\n'}
[2.231019] (robot_navigation) StdoutLine: {'line': b'-- Up-to-date symlink: /root/Dojo/install/robot_navigation/share/ament_index/resource_index/parent_prefix_path/robot_navigation\n'}
[2.231143] (robot_navigation) StdoutLine: {'line': b'-- Up-to-date symlink: /root/Dojo/install/robot_navigation/share/robot_navigation/environment/ament_prefix_path.sh\n'}
[2.231291] (robot_navigation) StdoutLine: {'line': b'-- Up-to-date symlink: /root/Dojo/install/robot_navigation/share/robot_navigation/environment/ament_prefix_path.dsv\n'}
[2.231433] (robot_navigation) StdoutLine: {'line': b'-- Up-to-date symlink: /root/Dojo/install/robot_navigation/share/robot_navigation/environment/path.sh\n'}
[2.231588] (robot_interfaces) StdoutLine: {'line': b'-- Up-to-date symlink: /root/Dojo/install/robot_interfaces/include/robot_interfaces/robot_interfaces/action/detail/navigation__rosidl_typesupport_introspection_c.h\n'}
[2.231698] (robot_navigation) StdoutLine: {'line': b'-- Up-to-date symlink: /root/Dojo/install/robot_navigation/share/robot_navigation/environment/path.dsv\n'}
[2.231788] (robot_interfaces) StdoutLine: {'line': b'-- Up-to-date symlink: /root/Dojo/install/robot_interfaces/include/robot_interfaces/robot_interfaces/msg/detail/hardware_status__rosidl_typesupport_introspection_c.h\n'}
[2.231896] (robot_navigation) StdoutLine: {'line': b'-- Up-to-date symlink: /root/Dojo/install/robot_navigation/share/robot_navigation/local_setup.bash\n'}
[2.231994] (robot_interfaces) StdoutLine: {'line': b'-- Up-to-date symlink: /root/Dojo/install/robot_interfaces/include/robot_interfaces/robot_interfaces/msg/detail/motor_command__rosidl_typesupport_introspection_c.h\n'}
[2.232120] (robot_navigation) StdoutLine: {'line': b'-- Up-to-date symlink: /root/Dojo/install/robot_navigation/share/robot_navigation/local_setup.sh\n'}
[2.232220] (robot_interfaces) StdoutLine: {'line': b'-- Up-to-date symlink: /root/Dojo/install/robot_interfaces/include/robot_interfaces/robot_interfaces/msg/detail/robot_state__rosidl_typesupport_introspection_c.h\n'}
[2.232311] (robot_navigation) StdoutLine: {'line': b'-- Up-to-date symlink: /root/Dojo/install/robot_navigation/share/robot_navigation/local_setup.zsh\n'}
[2.232398] (robot_navigation) StdoutLine: {'line': b'-- Up-to-date symlink: /root/Dojo/install/robot_navigation/share/robot_navigation/local_setup.dsv\n'}
[2.232556] (robot_navigation) StdoutLine: {'line': b'-- Symlinking: /root/Dojo/install/robot_navigation/share/robot_navigation/package.dsv\n'}
[2.232780] (robot_interfaces) StdoutLine: {'line': b'-- Up-to-date symlink: /root/Dojo/install/robot_interfaces/include/robot_interfaces/robot_interfaces/msg/detail/sensor_data__rosidl_typesupport_introspection_c.h\n'}
[2.232880] (robot_interfaces) StdoutLine: {'line': b'-- Up-to-date symlink: /root/Dojo/install/robot_interfaces/include/robot_interfaces/robot_interfaces/msg/rosidl_typesupport_introspection_c__visibility_control.h\n'}
[2.232972] (robot_interfaces) StdoutLine: {'line': b'-- Up-to-date symlink: /root/Dojo/install/robot_interfaces/include/robot_interfaces/robot_interfaces/srv/detail/calibration__rosidl_typesupport_introspection_c.h\n'}
[2.233124] (robot_interfaces) StdoutLine: {'line': b'-- Up-to-date symlink: /root/Dojo/install/robot_interfaces/include/robot_interfaces/robot_interfaces/srv/detail/set_mode__rosidl_typesupport_introspection_c.h\n'}
[2.233254] (robot_interfaces) StdoutLine: {'line': b'-- Up-to-date symlink: /root/Dojo/install/robot_interfaces/include/robot_interfaces/robot_interfaces/action/detail/navigation__rosidl_typesupport_introspection_cpp.hpp\n'}
[2.233558] (robot_interfaces) StdoutLine: {'line': b'-- Up-to-date symlink: /root/Dojo/install/robot_interfaces/include/robot_interfaces/robot_interfaces/msg/detail/hardware_status__rosidl_typesupport_introspection_cpp.hpp\n'}
[2.234244] (robot_interfaces) StdoutLine: {'line': b'-- Up-to-date symlink: /root/Dojo/install/robot_interfaces/include/robot_interfaces/robot_interfaces/msg/detail/motor_command__rosidl_typesupport_introspection_cpp.hpp\n'}
[2.234446] (robot_interfaces) StdoutLine: {'line': b'-- Up-to-date symlink: /root/Dojo/install/robot_interfaces/include/robot_interfaces/robot_interfaces/msg/detail/robot_state__rosidl_typesupport_introspection_cpp.hpp\n'}
[2.234654] (robot_interfaces) StdoutLine: {'line': b'-- Up-to-date symlink: /root/Dojo/install/robot_interfaces/include/robot_interfaces/robot_interfaces/msg/detail/sensor_data__rosidl_typesupport_introspection_cpp.hpp\n'}
[2.235153] (robot_interfaces) StdoutLine: {'line': b'-- Up-to-date symlink: /root/Dojo/install/robot_interfaces/include/robot_interfaces/robot_interfaces/srv/detail/calibration__rosidl_typesupport_introspection_cpp.hpp\n'}
[2.235312] (robot_interfaces) StdoutLine: {'line': b'-- Up-to-date symlink: /root/Dojo/install/robot_interfaces/include/robot_interfaces/robot_interfaces/srv/detail/set_mode__rosidl_typesupport_introspection_cpp.hpp\n'}
[2.235459] (robot_interfaces) StdoutLine: {'line': b'-- Up-to-date symlink: /root/Dojo/install/robot_interfaces/share/robot_interfaces/environment/pythonpath.sh\n'}
[2.235683] (robot_interfaces) StdoutLine: {'line': b'-- Up-to-date symlink: /root/Dojo/install/robot_interfaces/share/robot_interfaces/environment/pythonpath.dsv\n'}
[2.236067] (robot_interfaces) StdoutLine: {'line': b'-- Up-to-date symlink: /root/Dojo/install/robot_interfaces/local/lib/python3.10/dist-packages/robot_interfaces-1.0.0-py3.10.egg-info/PKG-INFO\n'}
[2.236468] (robot_interfaces) StdoutLine: {'line': b'-- Up-to-date symlink: /root/Dojo/install/robot_interfaces/local/lib/python3.10/dist-packages/robot_interfaces-1.0.0-py3.10.egg-info/SOURCES.txt\n'}
[2.236646] (robot_interfaces) StdoutLine: {'line': b'-- Up-to-date symlink: /root/Dojo/install/robot_interfaces/local/lib/python3.10/dist-packages/robot_interfaces-1.0.0-py3.10.egg-info/dependency_links.txt\n'}
[2.236899] (robot_interfaces) StdoutLine: {'line': b'-- Up-to-date symlink: /root/Dojo/install/robot_interfaces/local/lib/python3.10/dist-packages/robot_interfaces-1.0.0-py3.10.egg-info/top_level.txt\n'}
[2.237127] (robot_interfaces) StdoutLine: {'line': b'-- Up-to-date symlink: /root/Dojo/install/robot_interfaces/local/lib/python3.10/dist-packages/robot_interfaces/__init__.py\n'}
[2.237268] (robot_interfaces) StdoutLine: {'line': b'-- Up-to-date symlink: /root/Dojo/install/robot_interfaces/local/lib/python3.10/dist-packages/robot_interfaces/_robot_interfaces_s.ep.rosidl_typesupport_c.c\n'}
[2.237453] (robot_interfaces) StdoutLine: {'line': b'-- Up-to-date symlink: /root/Dojo/install/robot_interfaces/local/lib/python3.10/dist-packages/robot_interfaces/_robot_interfaces_s.ep.rosidl_typesupport_fastrtps_c.c\n'}
[2.237881] (robot_interfaces) StdoutLine: {'line': b'-- Up-to-date symlink: /root/Dojo/install/robot_interfaces/local/lib/python3.10/dist-packages/robot_interfaces/_robot_interfaces_s.ep.rosidl_typesupport_introspection_c.c\n'}
[2.238051] (robot_interfaces) StdoutLine: {'line': b'-- Up-to-date symlink: /root/Dojo/install/robot_interfaces/local/lib/python3.10/dist-packages/robot_interfaces/action/__init__.py\n'}
[2.238387] (robot_interfaces) StdoutLine: {'line': b'-- Up-to-date symlink: /root/Dojo/install/robot_interfaces/local/lib/python3.10/dist-packages/robot_interfaces/action/_navigation.py\n'}
[2.238696] (robot_interfaces) StdoutLine: {'line': b'-- Up-to-date symlink: /root/Dojo/install/robot_interfaces/local/lib/python3.10/dist-packages/robot_interfaces/action/_navigation_s.c\n'}
[2.238851] (robot_interfaces) StdoutLine: {'line': b'-- Up-to-date symlink: /root/Dojo/install/robot_interfaces/local/lib/python3.10/dist-packages/robot_interfaces/librobot_interfaces__rosidl_generator_py.so\n'}
[2.239530] (robot_interfaces) StdoutLine: {'line': b'-- Up-to-date symlink: /root/Dojo/install/robot_interfaces/local/lib/python3.10/dist-packages/robot_interfaces/msg/__init__.py\n'}
[2.240936] (robot_interfaces) StdoutLine: {'line': b'-- Up-to-date symlink: /root/Dojo/install/robot_interfaces/local/lib/python3.10/dist-packages/robot_interfaces/msg/_hardware_status.py\n'}
[2.241255] (robot_interfaces) StdoutLine: {'line': b'-- Up-to-date symlink: /root/Dojo/install/robot_interfaces/local/lib/python3.10/dist-packages/robot_interfaces/msg/_hardware_status_s.c\n'}
[2.241622] (robot_interfaces) StdoutLine: {'line': b'-- Up-to-date symlink: /root/Dojo/install/robot_interfaces/local/lib/python3.10/dist-packages/robot_interfaces/msg/_motor_command.py\n'}
[2.241850] (robot_interfaces) StdoutLine: {'line': b'-- Up-to-date symlink: /root/Dojo/install/robot_interfaces/local/lib/python3.10/dist-packages/robot_interfaces/msg/_motor_command_s.c\n'}
[2.242270] (robot_interfaces) StdoutLine: {'line': b'-- Up-to-date symlink: /root/Dojo/install/robot_interfaces/local/lib/python3.10/dist-packages/robot_interfaces/msg/_robot_state.py\n'}
[2.242460] (robot_interfaces) StdoutLine: {'line': b'-- Up-to-date symlink: /root/Dojo/install/robot_interfaces/local/lib/python3.10/dist-packages/robot_interfaces/msg/_robot_state_s.c\n'}
[2.242648] (robot_interfaces) StdoutLine: {'line': b'-- Up-to-date symlink: /root/Dojo/install/robot_interfaces/local/lib/python3.10/dist-packages/robot_interfaces/msg/_sensor_data.py\n'}
[2.242787] (robot_interfaces) StdoutLine: {'line': b'-- Up-to-date symlink: /root/Dojo/install/robot_interfaces/local/lib/python3.10/dist-packages/robot_interfaces/msg/_sensor_data_s.c\n'}
[2.242949] (robot_interfaces) StdoutLine: {'line': b'-- Up-to-date symlink: /root/Dojo/install/robot_interfaces/local/lib/python3.10/dist-packages/robot_interfaces/robot_interfaces_s__rosidl_typesupport_c.cpython-310-x86_64-linux-gnu.so\n'}
[2.243338] (robot_gazebo) StdoutLine: {'line': b'-- Up-to-date symlink: /root/Dojo/install/robot_gazebo/share/ament_index/resource_index/packages/robot_gazebo\n'}
[2.243683] (robot_interfaces) StdoutLine: {'line': b'-- Up-to-date symlink: /root/Dojo/install/robot_interfaces/local/lib/python3.10/dist-packages/robot_interfaces/robot_interfaces_s__rosidl_typesupport_fastrtps_c.cpython-310-x86_64-linux-gnu.so\n'}
[2.244331] (robot_gazebo) StdoutLine: {'line': b'-- Up-to-date symlink: /root/Dojo/install/robot_gazebo/share/robot_gazebo/cmake/robot_gazebo-extras.cmake\n'}
[2.244766] (robot_interfaces) StdoutLine: {'line': b'-- Up-to-date symlink: /root/Dojo/install/robot_interfaces/local/lib/python3.10/dist-packages/robot_interfaces/robot_interfaces_s__rosidl_typesupport_introspection_c.cpython-310-x86_64-linux-gnu.so\n'}
[2.245384] (robot_gazebo) StdoutLine: {'line': b'-- Up-to-date symlink: /root/Dojo/install/robot_gazebo/share/robot_gazebo/cmake/ament_cmake_export_include_directories-extras.cmake\n'}
[2.246037] (robot_interfaces) StdoutLine: {'line': b'-- Up-to-date symlink: /root/Dojo/install/robot_interfaces/local/lib/python3.10/dist-packages/robot_interfaces/srv/__init__.py\n'}
[2.246395] (robot_gazebo) StdoutLine: {'line': b'-- Up-to-date symlink: /root/Dojo/install/robot_gazebo/share/robot_gazebo/cmake/ament_cmake_export_dependencies-extras.cmake\n'}
[2.246665] (robot_interfaces) StdoutLine: {'line': b'-- Up-to-date symlink: /root/Dojo/install/robot_interfaces/local/lib/python3.10/dist-packages/robot_interfaces/srv/_calibration.py\n'}
[2.246930] (robot_gazebo) StdoutLine: {'line': b'-- Up-to-date symlink: /root/Dojo/install/robot_gazebo/share/robot_gazebo/cmake/robot_gazeboConfig.cmake\n'}
[2.247076] (robot_gazebo) StdoutLine: {'line': b'-- Up-to-date symlink: /root/Dojo/install/robot_gazebo/share/robot_gazebo/cmake/robot_gazeboConfig-version.cmake\n'}
[2.247213] (robot_gazebo) StdoutLine: {'line': b'-- Up-to-date symlink: /root/Dojo/install/robot_gazebo/share/robot_gazebo/package.xml\n'}
[2.247370] (robot_interfaces) StdoutLine: {'line': b'-- Up-to-date symlink: /root/Dojo/install/robot_interfaces/local/lib/python3.10/dist-packages/robot_interfaces/srv/_calibration_s.c\n'}
[2.247687] (robot_interfaces) StdoutLine: {'line': b'-- Up-to-date symlink: /root/Dojo/install/robot_interfaces/local/lib/python3.10/dist-packages/robot_interfaces/srv/_set_mode.py\n'}
[2.247876] (robot_gazebo) StdoutLine: {'line': b'-- Up-to-date: /robot_gazebo\n'}
[2.248018] (robot_gazebo) StdoutLine: {'line': b'-- Up-to-date: /robot_gazebo/__init__.py\n'}
[2.248294] (robot_gazebo) StdoutLine: {'line': b'-- Up-to-date: /robot_gazebo/cmd_vel_relay.py\n'}
[2.249331] (robot_interfaces) StdoutLine: {'line': b'-- Up-to-date symlink: /root/Dojo/install/robot_interfaces/local/lib/python3.10/dist-packages/robot_interfaces/srv/_set_mode_s.c\n'}
[2.249569] (robot_interfaces) StdoutLine: {'line': b'-- Up-to-date symlink: /root/Dojo/install/robot_interfaces/local/lib/python3.10/dist-packages/robot_interfaces/robot_interfaces_s__rosidl_typesupport_fastrtps_c.cpython-310-x86_64-linux-gnu.so\n'}
[2.249812] (robot_interfaces) StdoutLine: {'line': b'-- Up-to-date symlink: /root/Dojo/install/robot_interfaces/local/lib/python3.10/dist-packages/robot_interfaces/robot_interfaces_s__rosidl_typesupport_introspection_c.cpython-310-x86_64-linux-gnu.so\n'}
[2.250155] (robot_interfaces) StdoutLine: {'line': b'-- Up-to-date symlink: /root/Dojo/install/robot_interfaces/local/lib/python3.10/dist-packages/robot_interfaces/robot_interfaces_s__rosidl_typesupport_c.cpython-310-x86_64-linux-gnu.so\n'}
[2.250299] (robot_interfaces) StdoutLine: {'line': b'-- Up-to-date symlink: /root/Dojo/install/robot_interfaces/share/robot_interfaces/msg/HardwareStatus.idl\n'}
[2.250439] (robot_interfaces) StdoutLine: {'line': b'-- Up-to-date symlink: /root/Dojo/install/robot_interfaces/share/robot_interfaces/msg/SensorData.idl\n'}
[2.250624] (robot_interfaces) StdoutLine: {'line': b'-- Up-to-date symlink: /root/Dojo/install/robot_interfaces/share/robot_interfaces/msg/MotorCommand.idl\n'}
[2.250882] (robot_interfaces) StdoutLine: {'line': b'-- Up-to-date symlink: /root/Dojo/install/robot_interfaces/share/robot_interfaces/msg/RobotState.idl\n'}
[2.251028] (robot_navigation) StdoutLine: {'line': b'-- Up-to-date symlink: /root/Dojo/install/robot_navigation/share/ament_index/resource_index/packages/robot_navigation\n'}
[2.251243] (robot_interfaces) StdoutLine: {'line': b'-- Up-to-date symlink: /root/Dojo/install/robot_interfaces/share/robot_interfaces/srv/Calibration.idl\n'}
[2.251514] (robot_interfaces) StdoutLine: {'line': b'-- Up-to-date symlink: /root/Dojo/install/robot_interfaces/share/robot_interfaces/srv/SetMode.idl\n'}
[2.251728] (robot_navigation) StdoutLine: {'line': b'-- Up-to-date symlink: /root/Dojo/install/robot_navigation/share/robot_navigation/cmake/ament_cmake_export_include_directories-extras.cmake\n'}
[2.251979] (robot_navigation) StdoutLine: {'line': b'-- Up-to-date symlink: /root/Dojo/install/robot_navigation/share/robot_navigation/cmake/ament_cmake_export_dependencies-extras.cmake\n'}
[2.252117] (robot_interfaces) StdoutLine: {'line': b'-- Up-to-date symlink: /root/Dojo/install/robot_interfaces/share/robot_interfaces/action/Navigation.idl\n'}
[2.252297] (robot_navigation) StdoutLine: {'line': b'-- Up-to-date symlink: /root/Dojo/install/robot_navigation/share/robot_navigation/cmake/robot_navigationConfig.cmake\n'}
[2.252757] (robot_interfaces) StdoutLine: {'line': b'-- Up-to-date symlink: /root/Dojo/install/robot_interfaces/share/robot_interfaces/msg/HardwareStatus.msg\n'}
[2.253599] (robot_interfaces) StdoutLine: {'line': b'-- Up-to-date symlink: /root/Dojo/install/robot_interfaces/share/robot_interfaces/msg/SensorData.msg\n'}
[2.253820] (robot_gazebo) CommandEnded: {'returncode': 0}
[2.254508] (robot_navigation) StdoutLine: {'line': b'-- Up-to-date symlink: /root/Dojo/install/robot_navigation/share/robot_navigation/cmake/robot_navigationConfig-version.cmake\n'}
[2.254763] (robot_navigation) StdoutLine: {'line': b'-- Up-to-date symlink: /root/Dojo/install/robot_navigation/share/robot_navigation/package.xml\n'}
[2.255247] (robot_navigation) StdoutLine: {'line': b'-- Up-to-date: /robot_navigation\n'}
[2.255424] (robot_navigation) StdoutLine: {'line': b'-- Up-to-date: /robot_navigation/__init__.py\n'}
[2.255573] (robot_interfaces) StdoutLine: {'line': b'-- Up-to-date symlink: /root/Dojo/install/robot_interfaces/share/robot_interfaces/msg/MotorCommand.msg\n'}
[2.255750] (robot_interfaces) StdoutLine: {'line': b'-- Up-to-date symlink: /root/Dojo/install/robot_interfaces/share/robot_interfaces/msg/RobotState.msg\n'}
[2.255888] (robot_interfaces) StdoutLine: {'line': b'-- Up-to-date symlink: /root/Dojo/install/robot_interfaces/share/robot_interfaces/srv/Calibration.srv\n'}
[2.256052] (robot_interfaces) StdoutLine: {'line': b'-- Up-to-date symlink: /root/Dojo/install/robot_interfaces/share/robot_interfaces/srv/Calibration_Request.msg\n'}
[2.256188] (robot_interfaces) StdoutLine: {'line': b'-- Up-to-date symlink: /root/Dojo/install/robot_interfaces/share/robot_interfaces/srv/Calibration_Response.msg\n'}
[2.256561] (robot_interfaces) StdoutLine: {'line': b'-- Up-to-date symlink: /root/Dojo/install/robot_interfaces/share/robot_interfaces/srv/SetMode.srv\n'}
[2.256920] (robot_interfaces) StdoutLine: {'line': b'-- Up-to-date symlink: /root/Dojo/install/robot_interfaces/share/robot_interfaces/srv/SetMode_Request.msg\n'}
[2.257483] (robot_interfaces) StdoutLine: {'line': b'-- Up-to-date symlink: /root/Dojo/install/robot_interfaces/share/robot_interfaces/srv/SetMode_Response.msg\n'}
[2.258561] (robot_interfaces) StdoutLine: {'line': b'-- Up-to-date symlink: /root/Dojo/install/robot_interfaces/share/robot_interfaces/action/Navigation.action\n'}
[2.258723] (robot_interfaces) StdoutLine: {'line': b'-- Up-to-date symlink: /root/Dojo/install/robot_interfaces/share/ament_index/resource_index/package_run_dependencies/robot_interfaces\n'}
[2.258869] (robot_interfaces) StdoutLine: {'line': b'-- Up-to-date symlink: /root/Dojo/install/robot_interfaces/share/ament_index/resource_index/parent_prefix_path/robot_interfaces\n'}
[2.259525] (robot_interfaces) StdoutLine: {'line': b'-- Up-to-date symlink: /root/Dojo/install/robot_interfaces/share/robot_interfaces/environment/ament_prefix_path.sh\n'}
[2.259791] (robot_interfaces) StdoutLine: {'line': b'-- Up-to-date symlink: /root/Dojo/install/robot_interfaces/share/robot_interfaces/environment/ament_prefix_path.dsv\n'}
[2.260093] (robot_interfaces) StdoutLine: {'line': b'-- Up-to-date symlink: /root/Dojo/install/robot_interfaces/share/robot_interfaces/environment/path.sh\n'}
[2.260338] (robot_interfaces) StdoutLine: {'line': b'-- Up-to-date symlink: /root/Dojo/install/robot_interfaces/share/robot_interfaces/environment/path.dsv\n'}
[2.260550] (robot_interfaces) StdoutLine: {'line': b'-- Up-to-date symlink: /root/Dojo/install/robot_interfaces/share/robot_interfaces/local_setup.bash\n'}
[2.261100] (robot_interfaces) StdoutLine: {'line': b'-- Up-to-date symlink: /root/Dojo/install/robot_interfaces/share/robot_interfaces/local_setup.sh\n'}
[2.261240] (robot_interfaces) StdoutLine: {'line': b'-- Up-to-date symlink: /root/Dojo/install/robot_interfaces/share/robot_interfaces/local_setup.zsh\n'}
[2.261581] (robot_interfaces) StdoutLine: {'line': b'-- Up-to-date symlink: /root/Dojo/install/robot_interfaces/share/robot_interfaces/local_setup.dsv\n'}
[2.261690] (robot_interfaces) StdoutLine: {'line': b'-- Symlinking: /root/Dojo/install/robot_interfaces/share/robot_interfaces/package.dsv\n'}
[2.261790] (robot_interfaces) StdoutLine: {'line': b'-- Up-to-date symlink: /root/Dojo/install/robot_interfaces/share/ament_index/resource_index/packages/robot_interfaces\n'}
[2.261890] (robot_interfaces) StdoutLine: {'line': b'-- Up-to-date symlink: /root/Dojo/install/robot_interfaces/share/robot_interfaces/cmake/rosidl_cmake-extras.cmake\n'}
[2.261998] (robot_interfaces) StdoutLine: {'line': b'-- Up-to-date symlink: /root/Dojo/install/robot_interfaces/share/robot_interfaces/cmake/ament_cmake_export_dependencies-extras.cmake\n'}
[2.262141] (robot_interfaces) StdoutLine: {'line': b'-- Up-to-date symlink: /root/Dojo/install/robot_interfaces/share/robot_interfaces/cmake/ament_cmake_export_include_directories-extras.cmake\n'}
[2.262261] (robot_interfaces) StdoutLine: {'line': b'-- Up-to-date symlink: /root/Dojo/install/robot_interfaces/share/robot_interfaces/cmake/ament_cmake_export_libraries-extras.cmake\n'}
[2.262383] (robot_interfaces) StdoutLine: {'line': b'-- Up-to-date symlink: /root/Dojo/install/robot_interfaces/share/robot_interfaces/cmake/ament_cmake_export_targets-extras.cmake\n'}
[2.262534] (robot_interfaces) StdoutLine: {'line': b'-- Up-to-date symlink: /root/Dojo/install/robot_interfaces/share/robot_interfaces/cmake/rosidl_cmake_export_typesupport_targets-extras.cmake\n'}
[2.262674] (robot_interfaces) StdoutLine: {'line': b'-- Up-to-date symlink: /root/Dojo/install/robot_interfaces/share/robot_interfaces/cmake/rosidl_cmake_export_typesupport_libraries-extras.cmake\n'}
[2.262798] (robot_interfaces) StdoutLine: {'line': b'-- Up-to-date symlink: /root/Dojo/install/robot_interfaces/share/robot_interfaces/cmake/robot_interfacesConfig.cmake\n'}
[2.262939] (robot_interfaces) StdoutLine: {'line': b'-- Up-to-date symlink: /root/Dojo/install/robot_interfaces/share/robot_interfaces/cmake/robot_interfacesConfig-version.cmake\n'}
[2.263239] (robot_interfaces) StdoutLine: {'line': b'-- Up-to-date symlink: /root/Dojo/install/robot_interfaces/share/robot_interfaces/package.xml\n'}
[2.263508] (robot_interfaces) StdoutLine: {'line': b'-- Up-to-date: /root/Dojo/install/robot_interfaces/lib/librobot_interfaces__rosidl_generator_c.so\n'}
[2.263643] (robot_interfaces) StdoutLine: {'line': b'-- Up-to-date: /root/Dojo/install/robot_interfaces/lib/librobot_interfaces__rosidl_typesupport_fastrtps_c.so\n'}
[2.264167] (robot_interfaces) StdoutLine: {'line': b'-- Up-to-date: /root/Dojo/install/robot_interfaces/lib/librobot_interfaces__rosidl_typesupport_fastrtps_cpp.so\n'}
[2.264299] (robot_interfaces) StdoutLine: {'line': b'-- Up-to-date: /root/Dojo/install/robot_interfaces/lib/librobot_interfaces__rosidl_typesupport_introspection_c.so\n'}
[2.264417] (robot_interfaces) StdoutLine: {'line': b'-- Up-to-date: /root/Dojo/install/robot_interfaces/lib/librobot_interfaces__rosidl_typesupport_c.so\n'}
[2.264618] (robot_interfaces) StdoutLine: {'line': b'-- Up-to-date: /root/Dojo/install/robot_interfaces/lib/librobot_interfaces__rosidl_typesupport_introspection_cpp.so\n'}
[2.264738] (robot_interfaces) StdoutLine: {'line': b'-- Up-to-date: /root/Dojo/install/robot_interfaces/lib/librobot_interfaces__rosidl_typesupport_cpp.so\n'}
[2.266903] (robot_gazebo) JobEnded: {'identifier': 'robot_gazebo', 'rc': 0}
[2.268464] (robot_navigation) CommandEnded: {'returncode': 0}
[2.280975] (robot_navigation) JobEnded: {'identifier': 'robot_navigation', 'rc': 0}
[2.286618] (robot_interfaces) StdoutLine: {'line': b"Listing '/root/Dojo/install/robot_interfaces/local/lib/python3.10/dist-packages/robot_interfaces'...\n"}
[2.286888] (robot_interfaces) StdoutLine: {'line': b"Listing '/root/Dojo/install/robot_interfaces/local/lib/python3.10/dist-packages/robot_interfaces/action'...\n"}
[2.287022] (robot_interfaces) StdoutLine: {'line': b"Listing '/root/Dojo/install/robot_interfaces/local/lib/python3.10/dist-packages/robot_interfaces/msg'...\n"}
[2.287141] (robot_interfaces) StdoutLine: {'line': b"Listing '/root/Dojo/install/robot_interfaces/local/lib/python3.10/dist-packages/robot_interfaces/srv'...\n"}
[2.294043] (robot_interfaces) StdoutLine: {'line': b'-- Up-to-date: /root/Dojo/install/robot_interfaces/lib/librobot_interfaces__rosidl_generator_py.so\n'}
[2.294327] (robot_interfaces) StdoutLine: {'line': b'-- Up-to-date: /root/Dojo/install/robot_interfaces/share/robot_interfaces/cmake/export_robot_interfaces__rosidl_generator_cExport.cmake\n'}
[2.294561] (robot_interfaces) StdoutLine: {'line': b'-- Up-to-date: /root/Dojo/install/robot_interfaces/share/robot_interfaces/cmake/export_robot_interfaces__rosidl_generator_cExport-release.cmake\n'}
[2.294756] (robot_interfaces) StdoutLine: {'line': b'-- Up-to-date: /root/Dojo/install/robot_interfaces/share/robot_interfaces/cmake/export_robot_interfaces__rosidl_typesupport_fastrtps_cExport.cmake\n'}
[2.294899] (robot_interfaces) StdoutLine: {'line': b'-- Up-to-date: /root/Dojo/install/robot_interfaces/share/robot_interfaces/cmake/export_robot_interfaces__rosidl_typesupport_fastrtps_cExport-release.cmake\n'}
[2.295051] (robot_interfaces) StdoutLine: {'line': b'-- Up-to-date: /root/Dojo/install/robot_interfaces/share/robot_interfaces/cmake/export_robot_interfaces__rosidl_generator_cppExport.cmake\n'}
[2.295212] (robot_interfaces) StdoutLine: {'line': b'-- Up-to-date: /root/Dojo/install/robot_interfaces/share/robot_interfaces/cmake/export_robot_interfaces__rosidl_typesupport_fastrtps_cppExport.cmake\n'}
[2.295336] (robot_interfaces) StdoutLine: {'line': b'-- Up-to-date: /root/Dojo/install/robot_interfaces/share/robot_interfaces/cmake/export_robot_interfaces__rosidl_typesupport_fastrtps_cppExport-release.cmake\n'}
[2.295469] (robot_interfaces) StdoutLine: {'line': b'-- Up-to-date: /root/Dojo/install/robot_interfaces/share/robot_interfaces/cmake/robot_interfaces__rosidl_typesupport_introspection_cExport.cmake\n'}
[2.295644] (robot_interfaces) StdoutLine: {'line': b'-- Up-to-date: /root/Dojo/install/robot_interfaces/share/robot_interfaces/cmake/robot_interfaces__rosidl_typesupport_introspection_cExport-release.cmake\n'}
[2.295835] (robot_interfaces) StdoutLine: {'line': b'-- Up-to-date: /root/Dojo/install/robot_interfaces/share/robot_interfaces/cmake/robot_interfaces__rosidl_typesupport_cExport.cmake\n'}
[2.295970] (robot_interfaces) StdoutLine: {'line': b'-- Up-to-date: /root/Dojo/install/robot_interfaces/share/robot_interfaces/cmake/robot_interfaces__rosidl_typesupport_cExport-release.cmake\n'}
[2.296090] (robot_interfaces) StdoutLine: {'line': b'-- Up-to-date: /root/Dojo/install/robot_interfaces/share/robot_interfaces/cmake/robot_interfaces__rosidl_typesupport_introspection_cppExport.cmake\n'}
[2.296209] (robot_interfaces) StdoutLine: {'line': b'-- Up-to-date: /root/Dojo/install/robot_interfaces/share/robot_interfaces/cmake/robot_interfaces__rosidl_typesupport_introspection_cppExport-release.cmake\n'}
[2.296327] (robot_interfaces) StdoutLine: {'line': b'-- Up-to-date: /root/Dojo/install/robot_interfaces/share/robot_interfaces/cmake/robot_interfaces__rosidl_typesupport_cppExport.cmake\n'}
[2.296453] (robot_interfaces) StdoutLine: {'line': b'-- Up-to-date: /root/Dojo/install/robot_interfaces/share/robot_interfaces/cmake/robot_interfaces__rosidl_typesupport_cppExport-release.cmake\n'}
[2.296640] (robot_interfaces) StdoutLine: {'line': b'-- Up-to-date: /root/Dojo/install/robot_interfaces/share/robot_interfaces/cmake/export_robot_interfaces__rosidl_generator_pyExport.cmake\n'}
[2.296771] (robot_interfaces) StdoutLine: {'line': b'-- Up-to-date: /root/Dojo/install/robot_interfaces/share/robot_interfaces/cmake/export_robot_interfaces__rosidl_generator_pyExport-release.cmake\n'}
[2.299717] (robot_interfaces) CommandEnded: {'returncode': 0}
[2.305033] (-) TimerEvent: {}
[2.321532] (robot_interfaces) JobEnded: {'identifier': 'robot_interfaces', 'rc': 0}
[2.405139] (-) TimerEvent: {}
[2.505472] (-) TimerEvent: {}
[2.605798] (-) TimerEvent: {}
[2.706153] (-) TimerEvent: {}
[2.731791] (ros2arduino_bridge) Command: {'cmd': ['/usr/bin/python3', '-W', 'ignore:setup.py install is deprecated', '-W', 'ignore:easy_install command is deprecated', 'setup.py', 'develop', '--editable', '--build-directory', '/root/Dojo/build/ros2arduino_bridge/build', '--no-deps', 'symlink_data'], 'cwd': '/root/Dojo/build/ros2arduino_bridge', 'env': {'HOSTNAME': 'gareth-joel-HP-Pavilion-Gaming-Laptop-15-ec2xxx', 'SHLVL': '1', 'LD_LIBRARY_PATH': '/usr/lib/x86_64-linux-gnu/gazebo-11/plugins:/opt/ros/humble/opt/rviz_ogre_vendor/lib:/opt/ros/humble/lib/x86_64-linux-gnu:/opt/ros/humble/lib', 'HOME': '/root', 'OLDPWD': '/root', 'ROS_PYTHON_VERSION': '3', 'ROS_DISTRO': 'humble', '_': '/usr/bin/colcon', 'ROS_VERSION': '2', 'TERM': 'xterm', 'ROS_LOCALHOST_ONLY': '0', 'QT_X11_NO_MITSHM': '1', 'PATH': '/opt/ros/humble/bin:/usr/local/sbin:/usr/local/bin:/usr/sbin:/usr/bin:/sbin:/bin', 'DISPLAY': ':0', 'LANG': 'C.UTF-8', 'LS_COLORS': 'rs=0:di=01;34:ln=01;36:mh=00:pi=40;33:so=01;35:do=01;35:bd=40;33;01:cd=40;33;01:or=40;31;01:mi=00:su=37;41:sg=30;43:ca=30;41:tw=30;42:ow=34;42:st=37;44:ex=01;32:*.tar=01;31:*.tgz=01;31:*.arc=01;31:*.arj=01;31:*.taz=01;31:*.lha=01;31:*.lz4=01;31:*.lzh=01;31:*.lzma=01;31:*.tlz=01;31:*.txz=01;31:*.tzo=01;31:*.t7z=01;31:*.zip=01;31:*.z=01;31:*.dz=01;31:*.gz=01;31:*.lrz=01;31:*.lz=01;31:*.lzo=01;31:*.xz=01;31:*.zst=01;31:*.tzst=01;31:*.bz2=01;31:*.bz=01;31:*.tbz=01;31:*.tbz2=01;31:*.tz=01;31:*.deb=01;31:*.rpm=01;31:*.jar=01;31:*.war=01;31:*.ear=01;31:*.sar=01;31:*.rar=01;31:*.alz=01;31:*.ace=01;31:*.zoo=01;31:*.cpio=01;31:*.7z=01;31:*.rz=01;31:*.cab=01;31:*.wim=01;31:*.swm=01;31:*.dwm=01;31:*.esd=01;31:*.jpg=01;35:*.jpeg=01;35:*.mjpg=01;35:*.mjpeg=01;35:*.gif=01;35:*.bmp=01;35:*.pbm=01;35:*.pgm=01;35:*.ppm=01;35:*.tga=01;35:*.xbm=01;35:*.xpm=01;35:*.tif=01;35:*.tiff=01;35:*.png=01;35:*.svg=01;35:*.svgz=01;35:*.mng=01;35:*.pcx=01;35:*.mov=01;35:*.mpg=01;35:*.mpeg=01;35:*.m2v=01;35:*.mkv=01;35:*.webm=01;35:*.webp=01;35:*.ogm=01;35:*.mp4=01;35:*.m4v=01;35:*.mp4v=01;35:*.vob=01;35:*.qt=01;35:*.nuv=01;35:*.wmv=01;35:*.asf=01;35:*.rm=01;35:*.rmvb=01;35:*.flc=01;35:*.avi=01;35:*.fli=01;35:*.flv=01;35:*.gl=01;35:*.dl=01;35:*.xcf=01;35:*.xwd=01;35:*.yuv=01;35:*.cgm=01;35:*.emf=01;35:*.ogv=01;35:*.ogx=01;35:*.aac=00;36:*.au=00;36:*.flac=00;36:*.m4a=00;36:*.mid=00;36:*.midi=00;36:*.mka=00;36:*.mp3=00;36:*.mpc=00;36:*.ogg=00;36:*.ra=00;36:*.wav=00;36:*.oga=00;36:*.opus=00;36:*.spx=00;36:*.xspf=00;36:', 'AMENT_PREFIX_PATH': '/opt/ros/humble', 'PWD': '/root/Dojo/build/ros2arduino_bridge', 'LC_ALL': 'C.UTF-8', 'PYTHONPATH': '/root/Dojo/build/ros2arduino_bridge/prefix_override:/usr/lib/python3/dist-packages/colcon_core/task/python/colcon_distutils_commands:/root/Dojo/install/ros2arduino_bridge/lib/python3.10/site-packages:/opt/ros/humble/lib/python3.10/site-packages:/opt/ros/humble/local/lib/python3.10/dist-packages', 'COLCON': '1'}, 'shell': False}
[2.753473] (robot_sensors) Command: {'cmd': ['/usr/bin/python3', '-W', 'ignore:setup.py install is deprecated', '-W', 'ignore:easy_install command is deprecated', 'setup.py', 'develop', '--editable', '--build-directory', '/root/Dojo/build/robot_sensors/build', '--no-deps', 'symlink_data'], 'cwd': '/root/Dojo/build/robot_sensors', 'env': {'HOSTNAME': 'gareth-joel-HP-Pavilion-Gaming-Laptop-15-ec2xxx', 'SHLVL': '1', 'LD_LIBRARY_PATH': '/usr/lib/x86_64-linux-gnu/gazebo-11/plugins:/opt/ros/humble/opt/rviz_ogre_vendor/lib:/opt/ros/humble/lib/x86_64-linux-gnu:/opt/ros/humble/lib', 'HOME': '/root', 'OLDPWD': '/root', 'ROS_PYTHON_VERSION': '3', 'ROS_DISTRO': 'humble', '_': '/usr/bin/colcon', 'ROS_VERSION': '2', 'TERM': 'xterm', 'ROS_LOCALHOST_ONLY': '0', 'QT_X11_NO_MITSHM': '1', 'PATH': '/opt/ros/humble/bin:/usr/local/sbin:/usr/local/bin:/usr/sbin:/usr/bin:/sbin:/bin', 'DISPLAY': ':0', 'LANG': 'C.UTF-8', 'LS_COLORS': 'rs=0:di=01;34:ln=01;36:mh=00:pi=40;33:so=01;35:do=01;35:bd=40;33;01:cd=40;33;01:or=40;31;01:mi=00:su=37;41:sg=30;43:ca=30;41:tw=30;42:ow=34;42:st=37;44:ex=01;32:*.tar=01;31:*.tgz=01;31:*.arc=01;31:*.arj=01;31:*.taz=01;31:*.lha=01;31:*.lz4=01;31:*.lzh=01;31:*.lzma=01;31:*.tlz=01;31:*.txz=01;31:*.tzo=01;31:*.t7z=01;31:*.zip=01;31:*.z=01;31:*.dz=01;31:*.gz=01;31:*.lrz=01;31:*.lz=01;31:*.lzo=01;31:*.xz=01;31:*.zst=01;31:*.tzst=01;31:*.bz2=01;31:*.bz=01;31:*.tbz=01;31:*.tbz2=01;31:*.tz=01;31:*.deb=01;31:*.rpm=01;31:*.jar=01;31:*.war=01;31:*.ear=01;31:*.sar=01;31:*.rar=01;31:*.alz=01;31:*.ace=01;31:*.zoo=01;31:*.cpio=01;31:*.7z=01;31:*.rz=01;31:*.cab=01;31:*.wim=01;31:*.swm=01;31:*.dwm=01;31:*.esd=01;31:*.jpg=01;35:*.jpeg=01;35:*.mjpg=01;35:*.mjpeg=01;35:*.gif=01;35:*.bmp=01;35:*.pbm=01;35:*.pgm=01;35:*.ppm=01;35:*.tga=01;35:*.xbm=01;35:*.xpm=01;35:*.tif=01;35:*.tiff=01;35:*.png=01;35:*.svg=01;35:*.svgz=01;35:*.mng=01;35:*.pcx=01;35:*.mov=01;35:*.mpg=01;35:*.mpeg=01;35:*.m2v=01;35:*.mkv=01;35:*.webm=01;35:*.webp=01;35:*.ogm=01;35:*.mp4=01;35:*.m4v=01;35:*.mp4v=01;35:*.vob=01;35:*.qt=01;35:*.nuv=01;35:*.wmv=01;35:*.asf=01;35:*.rm=01;35:*.rmvb=01;35:*.flc=01;35:*.avi=01;35:*.fli=01;35:*.flv=01;35:*.gl=01;35:*.dl=01;35:*.xcf=01;35:*.xwd=01;35:*.yuv=01;35:*.cgm=01;35:*.emf=01;35:*.ogv=01;35:*.ogx=01;35:*.aac=00;36:*.au=00;36:*.flac=00;36:*.m4a=00;36:*.mid=00;36:*.midi=00;36:*.mka=00;36:*.mp3=00;36:*.mpc=00;36:*.ogg=00;36:*.ra=00;36:*.wav=00;36:*.oga=00;36:*.opus=00;36:*.spx=00;36:*.xspf=00;36:', 'AMENT_PREFIX_PATH': '/opt/ros/humble', 'PWD': '/root/Dojo/build/robot_sensors', 'LC_ALL': 'C.UTF-8', 'PYTHONPATH': '/root/Dojo/build/robot_sensors/prefix_override:/usr/lib/python3/dist-packages/colcon_core/task/python/colcon_distutils_commands:/root/Dojo/install/robot_sensors/lib/python3.10/site-packages:/opt/ros/humble/lib/python3.10/site-packages:/opt/ros/humble/local/lib/python3.10/dist-packages', 'COLCON': '1'}, 'shell': False}
[2.757069] (robot_hardware) Command: {'cmd': ['/usr/bin/python3', '-W', 'ignore:setup.py install is deprecated', '-W', 'ignore:easy_install command is deprecated', 'setup.py', 'develop', '--editable', '--build-directory', '/root/Dojo/build/robot_hardware/build', '--no-deps', 'symlink_data'], 'cwd': '/root/Dojo/build/robot_hardware', 'env': {'HOSTNAME': 'gareth-joel-HP-Pavilion-Gaming-Laptop-15-ec2xxx', 'SHLVL': '1', 'LD_LIBRARY_PATH': '/usr/lib/x86_64-linux-gnu/gazebo-11/plugins:/opt/ros/humble/opt/rviz_ogre_vendor/lib:/opt/ros/humble/lib/x86_64-linux-gnu:/opt/ros/humble/lib', 'HOME': '/root', 'OLDPWD': '/root', 'ROS_PYTHON_VERSION': '3', 'ROS_DISTRO': 'humble', '_': '/usr/bin/colcon', 'ROS_VERSION': '2', 'TERM': 'xterm', 'ROS_LOCALHOST_ONLY': '0', 'QT_X11_NO_MITSHM': '1', 'PATH': '/opt/ros/humble/bin:/usr/local/sbin:/usr/local/bin:/usr/sbin:/usr/bin:/sbin:/bin', 'DISPLAY': ':0', 'LANG': 'C.UTF-8', 'LS_COLORS': 'rs=0:di=01;34:ln=01;36:mh=00:pi=40;33:so=01;35:do=01;35:bd=40;33;01:cd=40;33;01:or=40;31;01:mi=00:su=37;41:sg=30;43:ca=30;41:tw=30;42:ow=34;42:st=37;44:ex=01;32:*.tar=01;31:*.tgz=01;31:*.arc=01;31:*.arj=01;31:*.taz=01;31:*.lha=01;31:*.lz4=01;31:*.lzh=01;31:*.lzma=01;31:*.tlz=01;31:*.txz=01;31:*.tzo=01;31:*.t7z=01;31:*.zip=01;31:*.z=01;31:*.dz=01;31:*.gz=01;31:*.lrz=01;31:*.lz=01;31:*.lzo=01;31:*.xz=01;31:*.zst=01;31:*.tzst=01;31:*.bz2=01;31:*.bz=01;31:*.tbz=01;31:*.tbz2=01;31:*.tz=01;31:*.deb=01;31:*.rpm=01;31:*.jar=01;31:*.war=01;31:*.ear=01;31:*.sar=01;31:*.rar=01;31:*.alz=01;31:*.ace=01;31:*.zoo=01;31:*.cpio=01;31:*.7z=01;31:*.rz=01;31:*.cab=01;31:*.wim=01;31:*.swm=01;31:*.dwm=01;31:*.esd=01;31:*.jpg=01;35:*.jpeg=01;35:*.mjpg=01;35:*.mjpeg=01;35:*.gif=01;35:*.bmp=01;35:*.pbm=01;35:*.pgm=01;35:*.ppm=01;35:*.tga=01;35:*.xbm=01;35:*.xpm=01;35:*.tif=01;35:*.tiff=01;35:*.png=01;35:*.svg=01;35:*.svgz=01;35:*.mng=01;35:*.pcx=01;35:*.mov=01;35:*.mpg=01;35:*.mpeg=01;35:*.m2v=01;35:*.mkv=01;35:*.webm=01;35:*.webp=01;35:*.ogm=01;35:*.mp4=01;35:*.m4v=01;35:*.mp4v=01;35:*.vob=01;35:*.qt=01;35:*.nuv=01;35:*.wmv=01;35:*.asf=01;35:*.rm=01;35:*.rmvb=01;35:*.flc=01;35:*.avi=01;35:*.fli=01;35:*.flv=01;35:*.gl=01;35:*.dl=01;35:*.xcf=01;35:*.xwd=01;35:*.yuv=01;35:*.cgm=01;35:*.emf=01;35:*.ogv=01;35:*.ogx=01;35:*.aac=00;36:*.au=00;36:*.flac=00;36:*.m4a=00;36:*.mid=00;36:*.midi=00;36:*.mka=00;36:*.mp3=00;36:*.mpc=00;36:*.ogg=00;36:*.ra=00;36:*.wav=00;36:*.oga=00;36:*.opus=00;36:*.spx=00;36:*.xspf=00;36:', 'AMENT_PREFIX_PATH': '/opt/ros/humble', 'PWD': '/root/Dojo/build/robot_hardware', 'LC_ALL': 'C.UTF-8', 'PYTHONPATH': '/root/Dojo/build/robot_hardware/prefix_override:/usr/lib/python3/dist-packages/colcon_core/task/python/colcon_distutils_commands:/root/Dojo/install/robot_hardware/lib/python3.10/site-packages:/opt/ros/humble/lib/python3.10/site-packages:/opt/ros/humble/local/lib/python3.10/dist-packages', 'COLCON': '1'}, 'shell': False}
[2.759112] (vision_system) Command: {'cmd': ['/usr/bin/python3', '-W', 'ignore:setup.py install is deprecated', '-W', 'ignore:easy_install command is deprecated', 'setup.py', 'develop', '--editable', '--build-directory', '/root/Dojo/build/vision_system/build', '--no-deps', 'symlink_data'], 'cwd': '/root/Dojo/build/vision_system', 'env': {'HOSTNAME': 'gareth-joel-HP-Pavilion-Gaming-Laptop-15-ec2xxx', 'SHLVL': '1', 'LD_LIBRARY_PATH': '/usr/lib/x86_64-linux-gnu/gazebo-11/plugins:/opt/ros/humble/opt/rviz_ogre_vendor/lib:/opt/ros/humble/lib/x86_64-linux-gnu:/opt/ros/humble/lib', 'HOME': '/root', 'OLDPWD': '/root', 'ROS_PYTHON_VERSION': '3', 'ROS_DISTRO': 'humble', '_': '/usr/bin/colcon', 'ROS_VERSION': '2', 'TERM': 'xterm', 'ROS_LOCALHOST_ONLY': '0', 'QT_X11_NO_MITSHM': '1', 'PATH': '/opt/ros/humble/bin:/usr/local/sbin:/usr/local/bin:/usr/sbin:/usr/bin:/sbin:/bin', 'DISPLAY': ':0', 'LANG': 'C.UTF-8', 'LS_COLORS': 'rs=0:di=01;34:ln=01;36:mh=00:pi=40;33:so=01;35:do=01;35:bd=40;33;01:cd=40;33;01:or=40;31;01:mi=00:su=37;41:sg=30;43:ca=30;41:tw=30;42:ow=34;42:st=37;44:ex=01;32:*.tar=01;31:*.tgz=01;31:*.arc=01;31:*.arj=01;31:*.taz=01;31:*.lha=01;31:*.lz4=01;31:*.lzh=01;31:*.lzma=01;31:*.tlz=01;31:*.txz=01;31:*.tzo=01;31:*.t7z=01;31:*.zip=01;31:*.z=01;31:*.dz=01;31:*.gz=01;31:*.lrz=01;31:*.lz=01;31:*.lzo=01;31:*.xz=01;31:*.zst=01;31:*.tzst=01;31:*.bz2=01;31:*.bz=01;31:*.tbz=01;31:*.tbz2=01;31:*.tz=01;31:*.deb=01;31:*.rpm=01;31:*.jar=01;31:*.war=01;31:*.ear=01;31:*.sar=01;31:*.rar=01;31:*.alz=01;31:*.ace=01;31:*.zoo=01;31:*.cpio=01;31:*.7z=01;31:*.rz=01;31:*.cab=01;31:*.wim=01;31:*.swm=01;31:*.dwm=01;31:*.esd=01;31:*.jpg=01;35:*.jpeg=01;35:*.mjpg=01;35:*.mjpeg=01;35:*.gif=01;35:*.bmp=01;35:*.pbm=01;35:*.pgm=01;35:*.ppm=01;35:*.tga=01;35:*.xbm=01;35:*.xpm=01;35:*.tif=01;35:*.tiff=01;35:*.png=01;35:*.svg=01;35:*.svgz=01;35:*.mng=01;35:*.pcx=01;35:*.mov=01;35:*.mpg=01;35:*.mpeg=01;35:*.m2v=01;35:*.mkv=01;35:*.webm=01;35:*.webp=01;35:*.ogm=01;35:*.mp4=01;35:*.m4v=01;35:*.mp4v=01;35:*.vob=01;35:*.qt=01;35:*.nuv=01;35:*.wmv=01;35:*.asf=01;35:*.rm=01;35:*.rmvb=01;35:*.flc=01;35:*.avi=01;35:*.fli=01;35:*.flv=01;35:*.gl=01;35:*.dl=01;35:*.xcf=01;35:*.xwd=01;35:*.yuv=01;35:*.cgm=01;35:*.emf=01;35:*.ogv=01;35:*.ogx=01;35:*.aac=00;36:*.au=00;36:*.flac=00;36:*.m4a=00;36:*.mid=00;36:*.midi=00;36:*.mka=00;36:*.mp3=00;36:*.mpc=00;36:*.ogg=00;36:*.ra=00;36:*.wav=00;36:*.oga=00;36:*.opus=00;36:*.spx=00;36:*.xspf=00;36:', 'AMENT_PREFIX_PATH': '/opt/ros/humble', 'PWD': '/root/Dojo/build/vision_system', 'LC_ALL': 'C.UTF-8', 'PYTHONPATH': '/root/Dojo/build/vision_system/prefix_override:/usr/lib/python3/dist-packages/colcon_core/task/python/colcon_distutils_commands:/root/Dojo/install/vision_system/lib/python3.10/site-packages:/opt/ros/humble/lib/python3.10/site-packages:/opt/ros/humble/local/lib/python3.10/dist-packages', 'COLCON': '1'}, 'shell': False}
[2.761621] (arduino_bridge) Command: {'cmd': ['/usr/bin/python3', '-W', 'ignore:setup.py install is deprecated', '-W', 'ignore:easy_install command is deprecated', 'setup.py', 'develop', '--editable', '--build-directory', '/root/Dojo/build/arduino_bridge/build', '--no-deps', 'symlink_data'], 'cwd': '/root/Dojo/build/arduino_bridge', 'env': {'HOSTNAME': 'gareth-joel-HP-Pavilion-Gaming-Laptop-15-ec2xxx', 'SHLVL': '1', 'LD_LIBRARY_PATH': '/usr/lib/x86_64-linux-gnu/gazebo-11/plugins:/opt/ros/humble/opt/rviz_ogre_vendor/lib:/opt/ros/humble/lib/x86_64-linux-gnu:/opt/ros/humble/lib', 'HOME': '/root', 'OLDPWD': '/root', 'ROS_PYTHON_VERSION': '3', 'ROS_DISTRO': 'humble', '_': '/usr/bin/colcon', 'ROS_VERSION': '2', 'TERM': 'xterm', 'ROS_LOCALHOST_ONLY': '0', 'QT_X11_NO_MITSHM': '1', 'PATH': '/opt/ros/humble/bin:/usr/local/sbin:/usr/local/bin:/usr/sbin:/usr/bin:/sbin:/bin', 'DISPLAY': ':0', 'LANG': 'C.UTF-8', 'LS_COLORS': 'rs=0:di=01;34:ln=01;36:mh=00:pi=40;33:so=01;35:do=01;35:bd=40;33;01:cd=40;33;01:or=40;31;01:mi=00:su=37;41:sg=30;43:ca=30;41:tw=30;42:ow=34;42:st=37;44:ex=01;32:*.tar=01;31:*.tgz=01;31:*.arc=01;31:*.arj=01;31:*.taz=01;31:*.lha=01;31:*.lz4=01;31:*.lzh=01;31:*.lzma=01;31:*.tlz=01;31:*.txz=01;31:*.tzo=01;31:*.t7z=01;31:*.zip=01;31:*.z=01;31:*.dz=01;31:*.gz=01;31:*.lrz=01;31:*.lz=01;31:*.lzo=01;31:*.xz=01;31:*.zst=01;31:*.tzst=01;31:*.bz2=01;31:*.bz=01;31:*.tbz=01;31:*.tbz2=01;31:*.tz=01;31:*.deb=01;31:*.rpm=01;31:*.jar=01;31:*.war=01;31:*.ear=01;31:*.sar=01;31:*.rar=01;31:*.alz=01;31:*.ace=01;31:*.zoo=01;31:*.cpio=01;31:*.7z=01;31:*.rz=01;31:*.cab=01;31:*.wim=01;31:*.swm=01;31:*.dwm=01;31:*.esd=01;31:*.jpg=01;35:*.jpeg=01;35:*.mjpg=01;35:*.mjpeg=01;35:*.gif=01;35:*.bmp=01;35:*.pbm=01;35:*.pgm=01;35:*.ppm=01;35:*.tga=01;35:*.xbm=01;35:*.xpm=01;35:*.tif=01;35:*.tiff=01;35:*.png=01;35:*.svg=01;35:*.svgz=01;35:*.mng=01;35:*.pcx=01;35:*.mov=01;35:*.mpg=01;35:*.mpeg=01;35:*.m2v=01;35:*.mkv=01;35:*.webm=01;35:*.webp=01;35:*.ogm=01;35:*.mp4=01;35:*.m4v=01;35:*.mp4v=01;35:*.vob=01;35:*.qt=01;35:*.nuv=01;35:*.wmv=01;35:*.asf=01;35:*.rm=01;35:*.rmvb=01;35:*.flc=01;35:*.avi=01;35:*.fli=01;35:*.flv=01;35:*.gl=01;35:*.dl=01;35:*.xcf=01;35:*.xwd=01;35:*.yuv=01;35:*.cgm=01;35:*.emf=01;35:*.ogv=01;35:*.ogx=01;35:*.aac=00;36:*.au=00;36:*.flac=00;36:*.m4a=00;36:*.mid=00;36:*.midi=00;36:*.mka=00;36:*.mp3=00;36:*.mpc=00;36:*.ogg=00;36:*.ra=00;36:*.wav=00;36:*.oga=00;36:*.opus=00;36:*.spx=00;36:*.xspf=00;36:', 'AMENT_PREFIX_PATH': '/opt/ros/humble', 'PWD': '/root/Dojo/build/arduino_bridge', 'LC_ALL': 'C.UTF-8', 'PYTHONPATH': '/root/Dojo/build/arduino_bridge/prefix_override:/usr/lib/python3/dist-packages/colcon_core/task/python/colcon_distutils_commands:/root/Dojo/install/arduino_bridge/lib/python3.10/site-packages:/opt/ros/humble/lib/python3.10/site-packages:/opt/ros/humble/local/lib/python3.10/dist-packages', 'COLCON': '1'}, 'shell': False}
[2.763817] (nv21_converter_pkg) Command: {'cmd': ['/usr/bin/python3', '-W', 'ignore:setup.py install is deprecated', '-W', 'ignore:easy_install command is deprecated', 'setup.py', 'develop', '--editable', '--build-directory', '/root/Dojo/build/nv21_converter_pkg/build', '--no-deps', 'symlink_data'], 'cwd': '/root/Dojo/build/nv21_converter_pkg', 'env': {'HOSTNAME': 'gareth-joel-HP-Pavilion-Gaming-Laptop-15-ec2xxx', 'SHLVL': '1', 'LD_LIBRARY_PATH': '/usr/lib/x86_64-linux-gnu/gazebo-11/plugins:/opt/ros/humble/opt/rviz_ogre_vendor/lib:/opt/ros/humble/lib/x86_64-linux-gnu:/opt/ros/humble/lib', 'HOME': '/root', 'OLDPWD': '/root', 'ROS_PYTHON_VERSION': '3', 'ROS_DISTRO': 'humble', '_': '/usr/bin/colcon', 'ROS_VERSION': '2', 'TERM': 'xterm', 'ROS_LOCALHOST_ONLY': '0', 'QT_X11_NO_MITSHM': '1', 'PATH': '/opt/ros/humble/bin:/usr/local/sbin:/usr/local/bin:/usr/sbin:/usr/bin:/sbin:/bin', 'DISPLAY': ':0', 'LANG': 'C.UTF-8', 'LS_COLORS': 'rs=0:di=01;34:ln=01;36:mh=00:pi=40;33:so=01;35:do=01;35:bd=40;33;01:cd=40;33;01:or=40;31;01:mi=00:su=37;41:sg=30;43:ca=30;41:tw=30;42:ow=34;42:st=37;44:ex=01;32:*.tar=01;31:*.tgz=01;31:*.arc=01;31:*.arj=01;31:*.taz=01;31:*.lha=01;31:*.lz4=01;31:*.lzh=01;31:*.lzma=01;31:*.tlz=01;31:*.txz=01;31:*.tzo=01;31:*.t7z=01;31:*.zip=01;31:*.z=01;31:*.dz=01;31:*.gz=01;31:*.lrz=01;31:*.lz=01;31:*.lzo=01;31:*.xz=01;31:*.zst=01;31:*.tzst=01;31:*.bz2=01;31:*.bz=01;31:*.tbz=01;31:*.tbz2=01;31:*.tz=01;31:*.deb=01;31:*.rpm=01;31:*.jar=01;31:*.war=01;31:*.ear=01;31:*.sar=01;31:*.rar=01;31:*.alz=01;31:*.ace=01;31:*.zoo=01;31:*.cpio=01;31:*.7z=01;31:*.rz=01;31:*.cab=01;31:*.wim=01;31:*.swm=01;31:*.dwm=01;31:*.esd=01;31:*.jpg=01;35:*.jpeg=01;35:*.mjpg=01;35:*.mjpeg=01;35:*.gif=01;35:*.bmp=01;35:*.pbm=01;35:*.pgm=01;35:*.ppm=01;35:*.tga=01;35:*.xbm=01;35:*.xpm=01;35:*.tif=01;35:*.tiff=01;35:*.png=01;35:*.svg=01;35:*.svgz=01;35:*.mng=01;35:*.pcx=01;35:*.mov=01;35:*.mpg=01;35:*.mpeg=01;35:*.m2v=01;35:*.mkv=01;35:*.webm=01;35:*.webp=01;35:*.ogm=01;35:*.mp4=01;35:*.m4v=01;35:*.mp4v=01;35:*.vob=01;35:*.qt=01;35:*.nuv=01;35:*.wmv=01;35:*.asf=01;35:*.rm=01;35:*.rmvb=01;35:*.flc=01;35:*.avi=01;35:*.fli=01;35:*.flv=01;35:*.gl=01;35:*.dl=01;35:*.xcf=01;35:*.xwd=01;35:*.yuv=01;35:*.cgm=01;35:*.emf=01;35:*.ogv=01;35:*.ogx=01;35:*.aac=00;36:*.au=00;36:*.flac=00;36:*.m4a=00;36:*.mid=00;36:*.midi=00;36:*.mka=00;36:*.mp3=00;36:*.mpc=00;36:*.ogg=00;36:*.ra=00;36:*.wav=00;36:*.oga=00;36:*.opus=00;36:*.spx=00;36:*.xspf=00;36:', 'AMENT_PREFIX_PATH': '/opt/ros/humble', 'PWD': '/root/Dojo/build/nv21_converter_pkg', 'LC_ALL': 'C.UTF-8', 'PYTHONPATH': '/root/Dojo/build/nv21_converter_pkg/prefix_override:/usr/lib/python3/dist-packages/colcon_core/task/python/colcon_distutils_commands:/root/Dojo/install/nv21_converter_pkg/lib/python3.10/site-packages:/opt/ros/humble/lib/python3.10/site-packages:/opt/ros/humble/local/lib/python3.10/dist-packages', 'COLCON': '1'}, 'shell': False}
[2.806245] (-) TimerEvent: {}
[2.906598] (-) TimerEvent: {}
[2.999344] (ros2arduino_bridge) StderrLine: {'line': b"/usr/local/lib/python3.10/dist-packages/setuptools/dist.py:770: UserWarning: Usage of dash-separated 'script-dir' will not be supported in future versions. Please use the underscore name 'script_dir' instead\n"}
[2.999610] (ros2arduino_bridge) StderrLine: {'line': b'  warnings.warn(\n'}
[3.006695] (-) TimerEvent: {}
[3.100957] (ros2arduino_bridge) StdoutLine: {'line': b'running develop\n'}
[3.106784] (-) TimerEvent: {}
[3.123400] (robot_sensors) StdoutLine: {'line': b'running develop\n'}
[3.123703] (robot_hardware) StdoutLine: {'line': b'running develop\n'}
[3.124900] (arduino_bridge) StdoutLine: {'line': b'running develop\n'}
[3.131848] (nv21_converter_pkg) StdoutLine: {'line': b'running develop\n'}
[3.134741] (vision_system) StdoutLine: {'line': b'running develop\n'}
[3.206879] (-) TimerEvent: {}
[3.307161] (-) TimerEvent: {}
[3.356491] (ros2arduino_bridge) StdoutLine: {'line': b'running egg_info\n'}
[3.369114] (arduino_bridge) StdoutLine: {'line': b'running egg_info\n'}
[3.371664] (ros2arduino_bridge) StdoutLine: {'line': b'writing ros2arduino_bridge.egg-info/PKG-INFO\n'}
[3.371943] (ros2arduino_bridge) StdoutLine: {'line': b'writing dependency_links to ros2arduino_bridge.egg-info/dependency_links.txt\n'}
[3.372221] (ros2arduino_bridge) StdoutLine: {'line': b'writing entry points to ros2arduino_bridge.egg-info/entry_points.txt\n'}
[3.372396] (ros2arduino_bridge) StdoutLine: {'line': b'writing requirements to ros2arduino_bridge.egg-info/requires.txt\n'}
[3.372625] (ros2arduino_bridge) StdoutLine: {'line': b'writing top-level names to ros2arduino_bridge.egg-info/top_level.txt\n'}
[3.372797] (robot_hardware) StdoutLine: {'line': b'running egg_info\n'}
[3.376307] (robot_sensors) StdoutLine: {'line': b'running egg_info\n'}
[3.380667] (nv21_converter_pkg) StdoutLine: {'line': b'running egg_info\n'}
[3.381805] (vision_system) StdoutLine: {'line': b'running egg_info\n'}
[3.384843] (arduino_bridge) StdoutLine: {'line': b'writing arduino_bridge.egg-info/PKG-INFO\n'}
[3.385117] (arduino_bridge) StdoutLine: {'line': b'writing dependency_links to arduino_bridge.egg-info/dependency_links.txt\n'}
[3.385371] (arduino_bridge) StdoutLine: {'line': b'writing entry points to arduino_bridge.egg-info/entry_points.txt\n'}
[3.385576] (arduino_bridge) StdoutLine: {'line': b'writing requirements to arduino_bridge.egg-info/requires.txt\n'}
[3.385758] (arduino_bridge) StdoutLine: {'line': b'writing top-level names to arduino_bridge.egg-info/top_level.txt\n'}
[3.389138] (robot_hardware) StdoutLine: {'line': b'writing robot_hardware.egg-info/PKG-INFO\n'}
[3.389475] (robot_hardware) StdoutLine: {'line': b'writing dependency_links to robot_hardware.egg-info/dependency_links.txt\n'}
[3.389826] (robot_hardware) StdoutLine: {'line': b'writing entry points to robot_hardware.egg-info/entry_points.txt\n'}
[3.390117] (robot_hardware) StdoutLine: {'line': b'writing requirements to robot_hardware.egg-info/requires.txt\n'}
[3.390304] (robot_hardware) StdoutLine: {'line': b'writing top-level names to robot_hardware.egg-info/top_level.txt\n'}
[3.391681] (robot_sensors) StdoutLine: {'line': b'writing robot_sensors.egg-info/PKG-INFO\n'}
[3.392027] (robot_sensors) StdoutLine: {'line': b'writing dependency_links to robot_sensors.egg-info/dependency_links.txt\n'}
[3.392338] (robot_sensors) StdoutLine: {'line': b'writing entry points to robot_sensors.egg-info/entry_points.txt\n'}
[3.392562] (robot_sensors) StdoutLine: {'line': b'writing requirements to robot_sensors.egg-info/requires.txt\n'}
[3.392730] (robot_sensors) StdoutLine: {'line': b'writing top-level names to robot_sensors.egg-info/top_level.txt\n'}
[3.396487] (nv21_converter_pkg) StdoutLine: {'line': b'writing nv21_converter_pkg.egg-info/PKG-INFO\n'}
[3.396755] (nv21_converter_pkg) StdoutLine: {'line': b'writing dependency_links to nv21_converter_pkg.egg-info/dependency_links.txt\n'}
[3.397001] (nv21_converter_pkg) StdoutLine: {'line': b'writing entry points to nv21_converter_pkg.egg-info/entry_points.txt\n'}
[3.397173] (nv21_converter_pkg) StdoutLine: {'line': b'writing requirements to nv21_converter_pkg.egg-info/requires.txt\n'}
[3.397320] (nv21_converter_pkg) StdoutLine: {'line': b'writing top-level names to nv21_converter_pkg.egg-info/top_level.txt\n'}
[3.398239] (vision_system) StdoutLine: {'line': b'writing vision_system.egg-info/PKG-INFO\n'}
[3.398564] (vision_system) StdoutLine: {'line': b'writing dependency_links to vision_system.egg-info/dependency_links.txt\n'}
[3.398846] (vision_system) StdoutLine: {'line': b'writing entry points to vision_system.egg-info/entry_points.txt\n'}
[3.399088] (vision_system) StdoutLine: {'line': b'writing requirements to vision_system.egg-info/requires.txt\n'}
[3.399259] (vision_system) StdoutLine: {'line': b'writing top-level names to vision_system.egg-info/top_level.txt\n'}
[3.407254] (-) TimerEvent: {}
[3.407520] (ros2arduino_bridge) StdoutLine: {'line': b"reading manifest file 'ros2arduino_bridge.egg-info/SOURCES.txt'\n"}
[3.408528] (ros2arduino_bridge) StdoutLine: {'line': b"writing manifest file 'ros2arduino_bridge.egg-info/SOURCES.txt'\n"}
[3.417307] (arduino_bridge) StdoutLine: {'line': b"reading manifest file 'arduino_bridge.egg-info/SOURCES.txt'\n"}
[3.418084] (arduino_bridge) StdoutLine: {'line': b"writing manifest file 'arduino_bridge.egg-info/SOURCES.txt'\n"}
[3.422830] (robot_hardware) StdoutLine: {'line': b"reading manifest file 'robot_hardware.egg-info/SOURCES.txt'\n"}
[3.423801] (robot_hardware) StdoutLine: {'line': b"writing manifest file 'robot_hardware.egg-info/SOURCES.txt'\n"}
[3.425498] (ros2arduino_bridge) StdoutLine: {'line': b'running build_ext\n'}
[3.425752] (ros2arduino_bridge) StdoutLine: {'line': b'Creating /root/Dojo/install/ros2arduino_bridge/lib/python3.10/site-packages/ros2arduino-bridge.egg-link (link to .)\n'}
[3.426381] (robot_sensors) StdoutLine: {'line': b"reading manifest file 'robot_sensors.egg-info/SOURCES.txt'\n"}
[3.426645] (ros2arduino_bridge) StdoutLine: {'line': b'Installing arduino_bridge script to /lib/ros2arduino_bridge\n'}
[3.427061] (ros2arduino_bridge) StdoutLine: {'line': b'\n'}
[3.427243] (ros2arduino_bridge) StdoutLine: {'line': b'Installed /root/Dojo/build/ros2arduino_bridge\n'}
[3.427366] (ros2arduino_bridge) StdoutLine: {'line': b'running symlink_data\n'}
[3.427638] (robot_sensors) StdoutLine: {'line': b"writing manifest file 'robot_sensors.egg-info/SOURCES.txt'\n"}
[3.429904] (nv21_converter_pkg) StdoutLine: {'line': b"reading manifest file 'nv21_converter_pkg.egg-info/SOURCES.txt'\n"}
[3.430711] (nv21_converter_pkg) StdoutLine: {'line': b"writing manifest file 'nv21_converter_pkg.egg-info/SOURCES.txt'\n"}
[3.433030] (vision_system) StdoutLine: {'line': b"reading manifest file 'vision_system.egg-info/SOURCES.txt'\n"}
[3.433899] (vision_system) StdoutLine: {'line': b"writing manifest file 'vision_system.egg-info/SOURCES.txt'\n"}
[3.436096] (arduino_bridge) StdoutLine: {'line': b'running build_ext\n'}
[3.436287] (arduino_bridge) StdoutLine: {'line': b'Creating /root/Dojo/install/arduino_bridge/lib/python3.10/site-packages/arduino-bridge.egg-link (link to .)\n'}
[3.436996] (arduino_bridge) StdoutLine: {'line': b'Installing arduino_bridge_node script to /root/Dojo/install/arduino_bridge/lib/arduino_bridge\n'}
[3.437215] (arduino_bridge) StdoutLine: {'line': b'Installing test_arduino_bridge script to /root/Dojo/install/arduino_bridge/lib/arduino_bridge\n'}
[3.437494] (arduino_bridge) StdoutLine: {'line': b'\n'}
[3.437596] (arduino_bridge) StdoutLine: {'line': b'Installed /root/Dojo/build/arduino_bridge\n'}
[3.437709] (arduino_bridge) StdoutLine: {'line': b'running symlink_data\n'}
[3.444072] (robot_hardware) StdoutLine: {'line': b'running build_ext\n'}
[3.444397] (robot_hardware) StdoutLine: {'line': b'Creating /root/Dojo/install/robot_hardware/lib/python3.10/site-packages/robot-hardware.egg-link (link to .)\n'}
[3.445569] (robot_hardware) StdoutLine: {'line': b'Installing arduino_driver script to /root/Dojo/install/robot_hardware/lib/robot_hardware\n'}
[3.445868] (robot_hardware) StdoutLine: {'line': b'Installing camera_driver script to /root/Dojo/install/robot_hardware/lib/robot_hardware\n'}
[3.446098] (robot_hardware) StdoutLine: {'line': b'Installing hardware_manager script to /root/Dojo/install/robot_hardware/lib/robot_hardware\n'}
[3.446307] (robot_hardware) StdoutLine: {'line': b'Installing lidar_driver script to /root/Dojo/install/robot_hardware/lib/robot_hardware\n'}
[3.446629] (robot_hardware) StdoutLine: {'line': b'\n'}
[3.446757] (robot_hardware) StdoutLine: {'line': b'Installed /root/Dojo/build/robot_hardware\n'}
[3.446875] (robot_hardware) StdoutLine: {'line': b'running symlink_data\n'}
[3.446990] (robot_sensors) StdoutLine: {'line': b'running build_ext\n'}
[3.447086] (robot_sensors) StdoutLine: {'line': b'Creating /root/Dojo/install/robot_sensors/lib/python3.10/site-packages/robot-sensors.egg-link (link to .)\n'}
[3.447898] (robot_sensors) StdoutLine: {'line': b'Installing camera_node script to /root/Dojo/install/robot_sensors/lib/robot_sensors\n'}
[3.448219] (robot_sensors) StdoutLine: {'line': b'\n'}
[3.448339] (robot_sensors) StdoutLine: {'line': b'Installed /root/Dojo/build/robot_sensors\n'}
[3.448451] (robot_sensors) StdoutLine: {'line': b'running symlink_data\n'}
[3.449488] (nv21_converter_pkg) StdoutLine: {'line': b'running build_ext\n'}
[3.449624] (nv21_converter_pkg) StdoutLine: {'line': b'Creating /root/Dojo/install/nv21_converter_pkg/lib/python3.10/site-packages/nv21-converter-pkg.egg-link (link to .)\n'}
[3.450688] (nv21_converter_pkg) StdoutLine: {'line': b'Installing nv21_converter script to /root/Dojo/install/nv21_converter_pkg/lib/nv21_converter_pkg\n'}
[3.451030] (nv21_converter_pkg) StdoutLine: {'line': b'\n'}
[3.451117] (nv21_converter_pkg) StdoutLine: {'line': b'Installed /root/Dojo/build/nv21_converter_pkg\n'}
[3.451249] (nv21_converter_pkg) StdoutLine: {'line': b'running symlink_data\n'}
[3.452473] (vision_system) StdoutLine: {'line': b'running build_ext\n'}
[3.452624] (vision_system) StdoutLine: {'line': b'Creating /root/Dojo/install/vision_system/lib/python3.10/site-packages/vision-system.egg-link (link to .)\n'}
[3.453472] (vision_system) StdoutLine: {'line': b'Installing object_detector script to /root/Dojo/install/vision_system/lib/vision_system\n'}
[3.453763] (vision_system) StdoutLine: {'line': b'\n'}
[3.453878] (vision_system) StdoutLine: {'line': b'Installed /root/Dojo/build/vision_system\n'}
[3.453962] (vision_system) StdoutLine: {'line': b'running symlink_data\n'}
[3.506684] (ros2arduino_bridge) CommandEnded: {'returncode': 0}
[3.507508] (-) TimerEvent: {}
[3.514801] (ros2arduino_bridge) JobEnded: {'identifier': 'ros2arduino_bridge', 'rc': 0}
[3.523035] (vision_system) CommandEnded: {'returncode': 0}
[3.534330] (vision_system) JobEnded: {'identifier': 'vision_system', 'rc': 0}
[3.543981] (arduino_bridge) CommandEnded: {'returncode': 0}
[3.552325] (arduino_bridge) JobEnded: {'identifier': 'arduino_bridge', 'rc': 0}
[3.553747] (robot_hardware) CommandEnded: {'returncode': 0}
[3.560275] (robot_hardware) JobEnded: {'identifier': 'robot_hardware', 'rc': 0}
[3.561592] (robot_bringup) JobStarted: {'identifier': 'robot_bringup'}
[3.564939] (nv21_converter_pkg) CommandEnded: {'returncode': 0}
[3.571768] (nv21_converter_pkg) JobEnded: {'identifier': 'nv21_converter_pkg', 'rc': 0}
[3.573110] (robot_bringup) JobProgress: {'identifier': 'robot_bringup', 'progress': 'cmake'}
[3.573575] (robot_bringup) JobProgress: {'identifier': 'robot_bringup', 'progress': 'build'}
[3.573914] (robot_bringup) Command: {'cmd': ['/usr/bin/cmake', '--build', '/root/Dojo/build/robot_bringup', '--', '-j16', '-l16'], 'cwd': '/root/Dojo/build/robot_bringup', 'env': OrderedDict([('HOSTNAME', 'gareth-joel-HP-Pavilion-Gaming-Laptop-15-ec2xxx'), ('SHLVL', '1'), ('LD_LIBRARY_PATH', '/usr/lib/x86_64-linux-gnu/gazebo-11/plugins:/opt/ros/humble/opt/rviz_ogre_vendor/lib:/opt/ros/humble/lib/x86_64-linux-gnu:/opt/ros/humble/lib'), ('HOME', '/root'), ('OLDPWD', '/root'), ('ROS_PYTHON_VERSION', '3'), ('ROS_DISTRO', 'humble'), ('_', '/usr/bin/colcon'), ('ROS_VERSION', '2'), ('TERM', 'xterm'), ('ROS_LOCALHOST_ONLY', '0'), ('QT_X11_NO_MITSHM', '1'), ('PATH', '/opt/ros/humble/bin:/usr/local/sbin:/usr/local/bin:/usr/sbin:/usr/bin:/sbin:/bin'), ('DISPLAY', ':0'), ('LANG', 'C.UTF-8'), ('LS_COLORS', 'rs=0:di=01;34:ln=01;36:mh=00:pi=40;33:so=01;35:do=01;35:bd=40;33;01:cd=40;33;01:or=40;31;01:mi=00:su=37;41:sg=30;43:ca=30;41:tw=30;42:ow=34;42:st=37;44:ex=01;32:*.tar=01;31:*.tgz=01;31:*.arc=01;31:*.arj=01;31:*.taz=01;31:*.lha=01;31:*.lz4=01;31:*.lzh=01;31:*.lzma=01;31:*.tlz=01;31:*.txz=01;31:*.tzo=01;31:*.t7z=01;31:*.zip=01;31:*.z=01;31:*.dz=01;31:*.gz=01;31:*.lrz=01;31:*.lz=01;31:*.lzo=01;31:*.xz=01;31:*.zst=01;31:*.tzst=01;31:*.bz2=01;31:*.bz=01;31:*.tbz=01;31:*.tbz2=01;31:*.tz=01;31:*.deb=01;31:*.rpm=01;31:*.jar=01;31:*.war=01;31:*.ear=01;31:*.sar=01;31:*.rar=01;31:*.alz=01;31:*.ace=01;31:*.zoo=01;31:*.cpio=01;31:*.7z=01;31:*.rz=01;31:*.cab=01;31:*.wim=01;31:*.swm=01;31:*.dwm=01;31:*.esd=01;31:*.jpg=01;35:*.jpeg=01;35:*.mjpg=01;35:*.mjpeg=01;35:*.gif=01;35:*.bmp=01;35:*.pbm=01;35:*.pgm=01;35:*.ppm=01;35:*.tga=01;35:*.xbm=01;35:*.xpm=01;35:*.tif=01;35:*.tiff=01;35:*.png=01;35:*.svg=01;35:*.svgz=01;35:*.mng=01;35:*.pcx=01;35:*.mov=01;35:*.mpg=01;35:*.mpeg=01;35:*.m2v=01;35:*.mkv=01;35:*.webm=01;35:*.webp=01;35:*.ogm=01;35:*.mp4=01;35:*.m4v=01;35:*.mp4v=01;35:*.vob=01;35:*.qt=01;35:*.nuv=01;35:*.wmv=01;35:*.asf=01;35:*.rm=01;35:*.rmvb=01;35:*.flc=01;35:*.avi=01;35:*.fli=01;35:*.flv=01;35:*.gl=01;35:*.dl=01;35:*.xcf=01;35:*.xwd=01;35:*.yuv=01;35:*.cgm=01;35:*.emf=01;35:*.ogv=01;35:*.ogx=01;35:*.aac=00;36:*.au=00;36:*.flac=00;36:*.m4a=00;36:*.mid=00;36:*.midi=00;36:*.mka=00;36:*.mp3=00;36:*.mpc=00;36:*.ogg=00;36:*.ra=00;36:*.wav=00;36:*.oga=00;36:*.opus=00;36:*.spx=00;36:*.xspf=00;36:'), ('AMENT_PREFIX_PATH', '/root/Dojo/install/robot_navigation:/root/Dojo/install/robot_hardware:/root/Dojo/install/robot_description:/root/Dojo/install/robot_control:/opt/ros/humble'), ('PWD', '/root/Dojo/build/robot_bringup'), ('LC_ALL', 'C.UTF-8'), ('PYTHONPATH', '/root/Dojo/build/robot_hardware:/root/Dojo/install/robot_hardware/lib/python3.10/site-packages:/opt/ros/humble/lib/python3.10/site-packages:/opt/ros/humble/local/lib/python3.10/dist-packages'), ('COLCON', '1'), ('CMAKE_PREFIX_PATH', '/root/Dojo/install/robot_navigation:/root/Dojo/install/robot_perception:/root/Dojo/install/robot_description:/root/Dojo/install/robot_control:/opt/ros/humble')]), 'shell': False}
[3.575957] (robot_sensors) CommandEnded: {'returncode': 0}
[3.583551] (robot_sensors) JobEnded: {'identifier': 'robot_sensors', 'rc': 0}
[3.584506] (robot_launch) JobStarted: {'identifier': 'robot_launch'}
[3.607608] (-) TimerEvent: {}
[3.707871] (-) TimerEvent: {}
[3.808144] (-) TimerEvent: {}
[3.906468] (robot_bringup) CommandEnded: {'returncode': 0}
[3.906935] (robot_bringup) JobProgress: {'identifier': 'robot_bringup', 'progress': 'install'}
[3.907766] (robot_bringup) Command: {'cmd': ['/usr/bin/cmake', '--install', '/root/Dojo/build/robot_bringup'], 'cwd': '/root/Dojo/build/robot_bringup', 'env': OrderedDict([('HOSTNAME', 'gareth-joel-HP-Pavilion-Gaming-Laptop-15-ec2xxx'), ('SHLVL', '1'), ('LD_LIBRARY_PATH', '/usr/lib/x86_64-linux-gnu/gazebo-11/plugins:/opt/ros/humble/opt/rviz_ogre_vendor/lib:/opt/ros/humble/lib/x86_64-linux-gnu:/opt/ros/humble/lib'), ('HOME', '/root'), ('OLDPWD', '/root'), ('ROS_PYTHON_VERSION', '3'), ('ROS_DISTRO', 'humble'), ('_', '/usr/bin/colcon'), ('ROS_VERSION', '2'), ('TERM', 'xterm'), ('ROS_LOCALHOST_ONLY', '0'), ('QT_X11_NO_MITSHM', '1'), ('PATH', '/opt/ros/humble/bin:/usr/local/sbin:/usr/local/bin:/usr/sbin:/usr/bin:/sbin:/bin'), ('DISPLAY', ':0'), ('LANG', 'C.UTF-8'), ('LS_COLORS', 'rs=0:di=01;34:ln=01;36:mh=00:pi=40;33:so=01;35:do=01;35:bd=40;33;01:cd=40;33;01:or=40;31;01:mi=00:su=37;41:sg=30;43:ca=30;41:tw=30;42:ow=34;42:st=37;44:ex=01;32:*.tar=01;31:*.tgz=01;31:*.arc=01;31:*.arj=01;31:*.taz=01;31:*.lha=01;31:*.lz4=01;31:*.lzh=01;31:*.lzma=01;31:*.tlz=01;31:*.txz=01;31:*.tzo=01;31:*.t7z=01;31:*.zip=01;31:*.z=01;31:*.dz=01;31:*.gz=01;31:*.lrz=01;31:*.lz=01;31:*.lzo=01;31:*.xz=01;31:*.zst=01;31:*.tzst=01;31:*.bz2=01;31:*.bz=01;31:*.tbz=01;31:*.tbz2=01;31:*.tz=01;31:*.deb=01;31:*.rpm=01;31:*.jar=01;31:*.war=01;31:*.ear=01;31:*.sar=01;31:*.rar=01;31:*.alz=01;31:*.ace=01;31:*.zoo=01;31:*.cpio=01;31:*.7z=01;31:*.rz=01;31:*.cab=01;31:*.wim=01;31:*.swm=01;31:*.dwm=01;31:*.esd=01;31:*.jpg=01;35:*.jpeg=01;35:*.mjpg=01;35:*.mjpeg=01;35:*.gif=01;35:*.bmp=01;35:*.pbm=01;35:*.pgm=01;35:*.ppm=01;35:*.tga=01;35:*.xbm=01;35:*.xpm=01;35:*.tif=01;35:*.tiff=01;35:*.png=01;35:*.svg=01;35:*.svgz=01;35:*.mng=01;35:*.pcx=01;35:*.mov=01;35:*.mpg=01;35:*.mpeg=01;35:*.m2v=01;35:*.mkv=01;35:*.webm=01;35:*.webp=01;35:*.ogm=01;35:*.mp4=01;35:*.m4v=01;35:*.mp4v=01;35:*.vob=01;35:*.qt=01;35:*.nuv=01;35:*.wmv=01;35:*.asf=01;35:*.rm=01;35:*.rmvb=01;35:*.flc=01;35:*.avi=01;35:*.fli=01;35:*.flv=01;35:*.gl=01;35:*.dl=01;35:*.xcf=01;35:*.xwd=01;35:*.yuv=01;35:*.cgm=01;35:*.emf=01;35:*.ogv=01;35:*.ogx=01;35:*.aac=00;36:*.au=00;36:*.flac=00;36:*.m4a=00;36:*.mid=00;36:*.midi=00;36:*.mka=00;36:*.mp3=00;36:*.mpc=00;36:*.ogg=00;36:*.ra=00;36:*.wav=00;36:*.oga=00;36:*.opus=00;36:*.spx=00;36:*.xspf=00;36:'), ('AMENT_PREFIX_PATH', '/root/Dojo/install/robot_navigation:/root/Dojo/install/robot_hardware:/root/Dojo/install/robot_description:/root/Dojo/install/robot_control:/opt/ros/humble'), ('PWD', '/root/Dojo/build/robot_bringup'), ('LC_ALL', 'C.UTF-8'), ('PYTHONPATH', '/root/Dojo/build/robot_hardware:/root/Dojo/install/robot_hardware/lib/python3.10/site-packages:/opt/ros/humble/lib/python3.10/site-packages:/opt/ros/humble/local/lib/python3.10/dist-packages'), ('COLCON', '1'), ('CMAKE_PREFIX_PATH', '/root/Dojo/install/robot_navigation:/root/Dojo/install/robot_perception:/root/Dojo/install/robot_description:/root/Dojo/install/robot_control:/opt/ros/humble')]), 'shell': False}
[3.908204] (-) TimerEvent: {}
[3.914336] (robot_bringup) StdoutLine: {'line': b'-- Install configuration: "Release"\n'}
[3.914723] (robot_bringup) StdoutLine: {'line': b'-- Execute custom install script\n'}
[3.915026] (robot_bringup) StdoutLine: {'line': b'-- Up-to-date symlink: /root/Dojo/install/robot_bringup/share/robot_bringup/launch/bringup.launch.py\n'}
[3.915139] (robot_bringup) StdoutLine: {'line': b'-- Up-to-date symlink: /root/Dojo/install/robot_bringup/share/robot_bringup/launch/bringup.launch.py.backup\n'}
[3.915282] (robot_bringup) StdoutLine: {'line': b'-- Up-to-date symlink: /root/Dojo/install/robot_bringup/share/robot_bringup/launch/rviz.launch.py\n'}
[3.915464] (robot_bringup) StdoutLine: {'line': b'-- Up-to-date symlink: /root/Dojo/install/robot_bringup/share/ament_index/resource_index/package_run_dependencies/robot_bringup\n'}
[3.915601] (robot_bringup) StdoutLine: {'line': b'-- Up-to-date symlink: /root/Dojo/install/robot_bringup/share/ament_index/resource_index/parent_prefix_path/robot_bringup\n'}
[3.915804] (robot_bringup) StdoutLine: {'line': b'-- Up-to-date symlink: /root/Dojo/install/robot_bringup/share/robot_bringup/environment/ament_prefix_path.sh\n'}
[3.915984] (robot_bringup) StdoutLine: {'line': b'-- Up-to-date symlink: /root/Dojo/install/robot_bringup/share/robot_bringup/environment/ament_prefix_path.dsv\n'}
[3.916116] (robot_bringup) StdoutLine: {'line': b'-- Up-to-date symlink: /root/Dojo/install/robot_bringup/share/robot_bringup/environment/path.sh\n'}
[3.916276] (robot_bringup) StdoutLine: {'line': b'-- Up-to-date symlink: /root/Dojo/install/robot_bringup/share/robot_bringup/environment/path.dsv\n'}
[3.916415] (robot_bringup) StdoutLine: {'line': b'-- Up-to-date symlink: /root/Dojo/install/robot_bringup/share/robot_bringup/local_setup.bash\n'}
[3.916565] (robot_bringup) StdoutLine: {'line': b'-- Up-to-date symlink: /root/Dojo/install/robot_bringup/share/robot_bringup/local_setup.sh\n'}
[3.916734] (robot_bringup) StdoutLine: {'line': b'-- Up-to-date symlink: /root/Dojo/install/robot_bringup/share/robot_bringup/local_setup.zsh\n'}
[3.916860] (robot_bringup) StdoutLine: {'line': b'-- Up-to-date symlink: /root/Dojo/install/robot_bringup/share/robot_bringup/local_setup.dsv\n'}
[3.916962] (robot_bringup) StdoutLine: {'line': b'-- Symlinking: /root/Dojo/install/robot_bringup/share/robot_bringup/package.dsv\n'}
[3.927000] (robot_bringup) StdoutLine: {'line': b'-- Up-to-date symlink: /root/Dojo/install/robot_bringup/share/ament_index/resource_index/packages/robot_bringup\n'}
[3.927227] (robot_bringup) StdoutLine: {'line': b'-- Up-to-date symlink: /root/Dojo/install/robot_bringup/share/robot_bringup/cmake/robot_bringupConfig.cmake\n'}
[3.927418] (robot_bringup) StdoutLine: {'line': b'-- Up-to-date symlink: /root/Dojo/install/robot_bringup/share/robot_bringup/cmake/robot_bringupConfig-version.cmake\n'}
[3.927556] (robot_bringup) StdoutLine: {'line': b'-- Up-to-date symlink: /root/Dojo/install/robot_bringup/share/robot_bringup/package.xml\n'}
[3.929330] (robot_bringup) CommandEnded: {'returncode': 0}
[3.939039] (robot_bringup) JobEnded: {'identifier': 'robot_bringup', 'rc': 0}
[4.008303] (-) TimerEvent: {}
[4.108573] (-) TimerEvent: {}
[4.208829] (-) TimerEvent: {}
[4.309067] (-) TimerEvent: {}
[4.409311] (-) TimerEvent: {}
[4.452109] (robot_launch) Command: {'cmd': ['/usr/bin/python3', '-W', 'ignore:setup.py install is deprecated', '-W', 'ignore:easy_install command is deprecated', 'setup.py', 'develop', '--editable', '--build-directory', '/root/Dojo/build/robot_launch/build', '--no-deps', 'symlink_data'], 'cwd': '/root/Dojo/build/robot_launch', 'env': {'HOSTNAME': 'gareth-joel-HP-Pavilion-Gaming-Laptop-15-ec2xxx', 'SHLVL': '1', 'LD_LIBRARY_PATH': '/usr/lib/x86_64-linux-gnu/gazebo-11/plugins:/opt/ros/humble/opt/rviz_ogre_vendor/lib:/opt/ros/humble/lib/x86_64-linux-gnu:/opt/ros/humble/lib', 'HOME': '/root', 'OLDPWD': '/root', 'ROS_PYTHON_VERSION': '3', 'ROS_DISTRO': 'humble', '_': '/usr/bin/colcon', 'ROS_VERSION': '2', 'TERM': 'xterm', 'ROS_LOCALHOST_ONLY': '0', 'QT_X11_NO_MITSHM': '1', 'PATH': '/opt/ros/humble/bin:/usr/local/sbin:/usr/local/bin:/usr/sbin:/usr/bin:/sbin:/bin', 'DISPLAY': ':0', 'LANG': 'C.UTF-8', 'LS_COLORS': 'rs=0:di=01;34:ln=01;36:mh=00:pi=40;33:so=01;35:do=01;35:bd=40;33;01:cd=40;33;01:or=40;31;01:mi=00:su=37;41:sg=30;43:ca=30;41:tw=30;42:ow=34;42:st=37;44:ex=01;32:*.tar=01;31:*.tgz=01;31:*.arc=01;31:*.arj=01;31:*.taz=01;31:*.lha=01;31:*.lz4=01;31:*.lzh=01;31:*.lzma=01;31:*.tlz=01;31:*.txz=01;31:*.tzo=01;31:*.t7z=01;31:*.zip=01;31:*.z=01;31:*.dz=01;31:*.gz=01;31:*.lrz=01;31:*.lz=01;31:*.lzo=01;31:*.xz=01;31:*.zst=01;31:*.tzst=01;31:*.bz2=01;31:*.bz=01;31:*.tbz=01;31:*.tbz2=01;31:*.tz=01;31:*.deb=01;31:*.rpm=01;31:*.jar=01;31:*.war=01;31:*.ear=01;31:*.sar=01;31:*.rar=01;31:*.alz=01;31:*.ace=01;31:*.zoo=01;31:*.cpio=01;31:*.7z=01;31:*.rz=01;31:*.cab=01;31:*.wim=01;31:*.swm=01;31:*.dwm=01;31:*.esd=01;31:*.jpg=01;35:*.jpeg=01;35:*.mjpg=01;35:*.mjpeg=01;35:*.gif=01;35:*.bmp=01;35:*.pbm=01;35:*.pgm=01;35:*.ppm=01;35:*.tga=01;35:*.xbm=01;35:*.xpm=01;35:*.tif=01;35:*.tiff=01;35:*.png=01;35:*.svg=01;35:*.svgz=01;35:*.mng=01;35:*.pcx=01;35:*.mov=01;35:*.mpg=01;35:*.mpeg=01;35:*.m2v=01;35:*.mkv=01;35:*.webm=01;35:*.webp=01;35:*.ogm=01;35:*.mp4=01;35:*.m4v=01;35:*.mp4v=01;35:*.vob=01;35:*.qt=01;35:*.nuv=01;35:*.wmv=01;35:*.asf=01;35:*.rm=01;35:*.rmvb=01;35:*.flc=01;35:*.avi=01;35:*.fli=01;35:*.flv=01;35:*.gl=01;35:*.dl=01;35:*.xcf=01;35:*.xwd=01;35:*.yuv=01;35:*.cgm=01;35:*.emf=01;35:*.ogv=01;35:*.ogx=01;35:*.aac=00;36:*.au=00;36:*.flac=00;36:*.m4a=00;36:*.mid=00;36:*.midi=00;36:*.mka=00;36:*.mp3=00;36:*.mpc=00;36:*.ogg=00;36:*.ra=00;36:*.wav=00;36:*.oga=00;36:*.opus=00;36:*.spx=00;36:*.xspf=00;36:', 'AMENT_PREFIX_PATH': '/root/Dojo/install/ros2arduino_bridge:/root/Dojo/install/robot_sensors:/root/Dojo/install/robot_description:/root/Dojo/install/robot_control:/opt/ros/humble', 'PWD': '/root/Dojo/build/robot_launch', 'LC_ALL': 'C.UTF-8', 'PYTHONPATH': '/root/Dojo/build/robot_launch/prefix_override:/usr/lib/python3/dist-packages/colcon_core/task/python/colcon_distutils_commands:/root/Dojo/install/robot_launch/lib/python3.10/site-packages:/root/Dojo/build/ros2arduino_bridge:/root/Dojo/install/ros2arduino_bridge/lib/python3.10/site-packages:/root/Dojo/build/robot_sensors:/root/Dojo/install/robot_sensors/lib/python3.10/site-packages:/opt/ros/humble/lib/python3.10/site-packages:/opt/ros/humble/local/lib/python3.10/dist-packages', 'COLCON': '1', 'CMAKE_PREFIX_PATH': '/root/Dojo/install/robot_description:/root/Dojo/install/robot_control'}, 'shell': False}
[4.509402] (-) TimerEvent: {}
[4.609696] (-) TimerEvent: {}
[4.709951] (-) TimerEvent: {}
[4.768217] (robot_launch) StdoutLine: {'line': b'running develop\n'}
[4.810041] (-) TimerEvent: {}
[4.910279] (-) TimerEvent: {}
[4.985007] (robot_launch) StdoutLine: {'line': b'running egg_info\n'}
[4.997771] (robot_launch) StdoutLine: {'line': b'writing robot_launch.egg-info/PKG-INFO\n'}
[4.998007] (robot_launch) StdoutLine: {'line': b'writing dependency_links to robot_launch.egg-info/dependency_links.txt\n'}
[4.998254] (robot_launch) StdoutLine: {'line': b'writing requirements to robot_launch.egg-info/requires.txt\n'}
[4.998389] (robot_launch) StdoutLine: {'line': b'writing top-level names to robot_launch.egg-info/top_level.txt\n'}
[5.010363] (-) TimerEvent: {}
[5.024868] (robot_launch) StdoutLine: {'line': b"reading manifest file 'robot_launch.egg-info/SOURCES.txt'\n"}
[5.025526] (robot_launch) StdoutLine: {'line': b"writing manifest file 'robot_launch.egg-info/SOURCES.txt'\n"}
[5.039839] (robot_launch) StdoutLine: {'line': b'running build_ext\n'}
[5.040059] (robot_launch) StdoutLine: {'line': b'Creating /root/Dojo/install/robot_launch/lib/python3.10/site-packages/robot-launch.egg-link (link to .)\n'}
[5.040698] (robot_launch) StdoutLine: {'line': b'\n'}
[5.040803] (robot_launch) StdoutLine: {'line': b'Installed /root/Dojo/build/robot_launch\n'}
[5.040871] (robot_launch) StdoutLine: {'line': b'running symlink_data\n'}
[5.085351] (robot_launch) CommandEnded: {'returncode': 0}
[5.092043] (robot_launch) JobEnded: {'identifier': 'robot_launch', 'rc': 0}
[5.092870] (-) EventReactorShutdown: {}
