[0.000000] (-) TimerEvent: {}
[0.000473] (arduino_bridge) JobQueued: {'identifier': 'arduino_bridge', 'dependencies': OrderedDict()}
[0.000498] (nv21_converter_pkg) JobQueued: {'identifier': 'nv21_converter_pkg', 'dependencies': OrderedDict()}
[0.000515] (robot_control) JobQueued: {'identifier': 'robot_control', 'dependencies': OrderedDict()}
[0.000528] (robot_description) JobQueued: {'identifier': 'robot_description', 'dependencies': OrderedDict()}
[0.000542] (robot_hardware) JobQueued: {'identifier': 'robot_hardware', 'dependencies': OrderedDict()}
[0.000554] (robot_interfaces) JobQueued: {'identifier': 'robot_interfaces', 'dependencies': OrderedDict()}
[0.000567] (robot_perception) JobQueued: {'identifier': 'robot_perception', 'dependencies': OrderedDict()}
[0.000581] (robot_sensors) JobQueued: {'identifier': 'robot_sensors', 'dependencies': OrderedDict()}
[0.000603] (ros2arduino_bridge) JobQueued: {'identifier': 'ros2arduino_bridge', 'dependencies': OrderedDict()}
[0.000617] (vision_system) JobQueued: {'identifier': 'vision_system', 'dependencies': OrderedDict()}
[0.000629] (robot_gazebo) JobQueued: {'identifier': 'robot_gazebo', 'dependencies': OrderedDict([('robot_control', '/root/Dojo/Dojo/install/robot_control'), ('robot_description', '/root/Dojo/Dojo/install/robot_description')])}
[0.000645] (robot_launch) JobQueued: {'identifier': 'robot_launch', 'dependencies': OrderedDict([('robot_control', '/root/Dojo/Dojo/install/robot_control'), ('robot_description', '/root/Dojo/Dojo/install/robot_description')])}
[0.000659] (robot_navigation) JobQueued: {'identifier': 'robot_navigation', 'dependencies': OrderedDict([('robot_control', '/root/Dojo/Dojo/install/robot_control'), ('robot_description', '/root/Dojo/Dojo/install/robot_description')])}
[0.000678] (robot_bringup) JobQueued: {'identifier': 'robot_bringup', 'dependencies': OrderedDict([('robot_control', '/root/Dojo/Dojo/install/robot_control'), ('robot_description', '/root/Dojo/Dojo/install/robot_description'), ('robot_hardware', '/root/Dojo/Dojo/install/robot_hardware'), ('robot_perception', '/root/Dojo/Dojo/install/robot_perception'), ('robot_navigation', '/root/Dojo/Dojo/install/robot_navigation')])}
[0.000706] (robot_control) JobStarted: {'identifier': 'robot_control'}
[0.007347] (robot_description) JobStarted: {'identifier': 'robot_description'}
[0.011353] (robot_hardware) JobStarted: {'identifier': 'robot_hardware'}
[0.016766] (robot_perception) JobStarted: {'identifier': 'robot_perception'}
[0.020774] (arduino_bridge) JobStarted: {'identifier': 'arduino_bridge'}
[0.026305] (nv21_converter_pkg) JobStarted: {'identifier': 'nv21_converter_pkg'}
[0.030695] (robot_interfaces) JobStarted: {'identifier': 'robot_interfaces'}
[0.034597] (robot_sensors) JobStarted: {'identifier': 'robot_sensors'}
[0.040267] (ros2arduino_bridge) JobStarted: {'identifier': 'ros2arduino_bridge'}
[0.045354] (vision_system) JobStarted: {'identifier': 'vision_system'}
[0.052879] (robot_control) JobProgress: {'identifier': 'robot_control', 'progress': 'cmake'}
[0.053527] (robot_control) Command: {'cmd': ['/usr/bin/cmake', '/root/Dojo/Dojo/src/robot_control', '-DCMAKE_BUILD_TYPE=Release', '-DBUILD_TESTING=OFF', '-DAMENT_CMAKE_SYMLINK_INSTALL=1', '-DCMAKE_INSTALL_PREFIX=/root/Dojo/Dojo/install/robot_control'], 'cwd': '/root/Dojo/Dojo/build/robot_control', 'env': OrderedDict([('HOSTNAME', 'gareth-joel-HP-Pavilion-Gaming-Laptop-15-ec2xxx'), ('SHLVL', '1'), ('LD_LIBRARY_PATH', '/usr/lib/x86_64-linux-gnu/gazebo-11/plugins:/opt/ros/humble/opt/rviz_ogre_vendor/lib:/opt/ros/humble/lib/x86_64-linux-gnu:/opt/ros/humble/lib'), ('HOME', '/root'), ('OLDPWD', '/root/Dojo'), ('ROS_PYTHON_VERSION', '3'), ('COLCON_PREFIX_PATH', '/root/Dojo/install'), ('ROS_DISTRO', 'humble'), ('_', '/usr/bin/colcon'), ('ROS_VERSION', '2'), ('TERM', 'xterm'), ('ROS_LOCALHOST_ONLY', '0'), ('QT_X11_NO_MITSHM', '1'), ('PATH', '/opt/ros/humble/bin:/usr/local/sbin:/usr/local/bin:/usr/sbin:/usr/bin:/sbin:/bin'), ('DISPLAY', ':0'), ('LANG', 'C.UTF-8'), ('LS_COLORS', 'rs=0:di=01;34:ln=01;36:mh=00:pi=40;33:so=01;35:do=01;35:bd=40;33;01:cd=40;33;01:or=40;31;01:mi=00:su=37;41:sg=30;43:ca=30;41:tw=30;42:ow=34;42:st=37;44:ex=01;32:*.tar=01;31:*.tgz=01;31:*.arc=01;31:*.arj=01;31:*.taz=01;31:*.lha=01;31:*.lz4=01;31:*.lzh=01;31:*.lzma=01;31:*.tlz=01;31:*.txz=01;31:*.tzo=01;31:*.t7z=01;31:*.zip=01;31:*.z=01;31:*.dz=01;31:*.gz=01;31:*.lrz=01;31:*.lz=01;31:*.lzo=01;31:*.xz=01;31:*.zst=01;31:*.tzst=01;31:*.bz2=01;31:*.bz=01;31:*.tbz=01;31:*.tbz2=01;31:*.tz=01;31:*.deb=01;31:*.rpm=01;31:*.jar=01;31:*.war=01;31:*.ear=01;31:*.sar=01;31:*.rar=01;31:*.alz=01;31:*.ace=01;31:*.zoo=01;31:*.cpio=01;31:*.7z=01;31:*.rz=01;31:*.cab=01;31:*.wim=01;31:*.swm=01;31:*.dwm=01;31:*.esd=01;31:*.jpg=01;35:*.jpeg=01;35:*.mjpg=01;35:*.mjpeg=01;35:*.gif=01;35:*.bmp=01;35:*.pbm=01;35:*.pgm=01;35:*.ppm=01;35:*.tga=01;35:*.xbm=01;35:*.xpm=01;35:*.tif=01;35:*.tiff=01;35:*.png=01;35:*.svg=01;35:*.svgz=01;35:*.mng=01;35:*.pcx=01;35:*.mov=01;35:*.mpg=01;35:*.mpeg=01;35:*.m2v=01;35:*.mkv=01;35:*.webm=01;35:*.webp=01;35:*.ogm=01;35:*.mp4=01;35:*.m4v=01;35:*.mp4v=01;35:*.vob=01;35:*.qt=01;35:*.nuv=01;35:*.wmv=01;35:*.asf=01;35:*.rm=01;35:*.rmvb=01;35:*.flc=01;35:*.avi=01;35:*.fli=01;35:*.flv=01;35:*.gl=01;35:*.dl=01;35:*.xcf=01;35:*.xwd=01;35:*.yuv=01;35:*.cgm=01;35:*.emf=01;35:*.ogv=01;35:*.ogx=01;35:*.aac=00;36:*.au=00;36:*.flac=00;36:*.m4a=00;36:*.mid=00;36:*.midi=00;36:*.mka=00;36:*.mp3=00;36:*.mpc=00;36:*.ogg=00;36:*.ra=00;36:*.wav=00;36:*.oga=00;36:*.opus=00;36:*.spx=00;36:*.xspf=00;36:'), ('ROS_DOMAIN_ID', '7'), ('AMENT_PREFIX_PATH', '/root/Dojo/install/robot_hardware:/opt/ros/humble'), ('PWD', '/root/Dojo/Dojo/build/robot_control'), ('LC_ALL', 'C.UTF-8'), ('PYTHONPATH', '/root/Dojo/build/robot_hardware:/root/Dojo/install/robot_hardware/lib/python3.10/site-packages:/opt/ros/humble/lib/python3.10/site-packages:/opt/ros/humble/local/lib/python3.10/dist-packages'), ('COLCON', '1'), ('CMAKE_PREFIX_PATH', '/root/Dojo/install/robot_perception:/root/Dojo/install/robot_hardware:/opt/ros/humble')]), 'shell': False}
[0.055917] (robot_description) JobProgress: {'identifier': 'robot_description', 'progress': 'cmake'}
[0.057215] (robot_description) Command: {'cmd': ['/usr/bin/cmake', '/root/Dojo/Dojo/src/robot_description', '-DCMAKE_BUILD_TYPE=Release', '-DBUILD_TESTING=OFF', '-DAMENT_CMAKE_SYMLINK_INSTALL=1', '-DCMAKE_INSTALL_PREFIX=/root/Dojo/Dojo/install/robot_description'], 'cwd': '/root/Dojo/Dojo/build/robot_description', 'env': OrderedDict([('HOSTNAME', 'gareth-joel-HP-Pavilion-Gaming-Laptop-15-ec2xxx'), ('SHLVL', '1'), ('LD_LIBRARY_PATH', '/usr/lib/x86_64-linux-gnu/gazebo-11/plugins:/opt/ros/humble/opt/rviz_ogre_vendor/lib:/opt/ros/humble/lib/x86_64-linux-gnu:/opt/ros/humble/lib'), ('HOME', '/root'), ('OLDPWD', '/root/Dojo'), ('ROS_PYTHON_VERSION', '3'), ('COLCON_PREFIX_PATH', '/root/Dojo/install'), ('ROS_DISTRO', 'humble'), ('_', '/usr/bin/colcon'), ('ROS_VERSION', '2'), ('TERM', 'xterm'), ('ROS_LOCALHOST_ONLY', '0'), ('QT_X11_NO_MITSHM', '1'), ('PATH', '/opt/ros/humble/bin:/usr/local/sbin:/usr/local/bin:/usr/sbin:/usr/bin:/sbin:/bin'), ('DISPLAY', ':0'), ('LANG', 'C.UTF-8'), ('LS_COLORS', 'rs=0:di=01;34:ln=01;36:mh=00:pi=40;33:so=01;35:do=01;35:bd=40;33;01:cd=40;33;01:or=40;31;01:mi=00:su=37;41:sg=30;43:ca=30;41:tw=30;42:ow=34;42:st=37;44:ex=01;32:*.tar=01;31:*.tgz=01;31:*.arc=01;31:*.arj=01;31:*.taz=01;31:*.lha=01;31:*.lz4=01;31:*.lzh=01;31:*.lzma=01;31:*.tlz=01;31:*.txz=01;31:*.tzo=01;31:*.t7z=01;31:*.zip=01;31:*.z=01;31:*.dz=01;31:*.gz=01;31:*.lrz=01;31:*.lz=01;31:*.lzo=01;31:*.xz=01;31:*.zst=01;31:*.tzst=01;31:*.bz2=01;31:*.bz=01;31:*.tbz=01;31:*.tbz2=01;31:*.tz=01;31:*.deb=01;31:*.rpm=01;31:*.jar=01;31:*.war=01;31:*.ear=01;31:*.sar=01;31:*.rar=01;31:*.alz=01;31:*.ace=01;31:*.zoo=01;31:*.cpio=01;31:*.7z=01;31:*.rz=01;31:*.cab=01;31:*.wim=01;31:*.swm=01;31:*.dwm=01;31:*.esd=01;31:*.jpg=01;35:*.jpeg=01;35:*.mjpg=01;35:*.mjpeg=01;35:*.gif=01;35:*.bmp=01;35:*.pbm=01;35:*.pgm=01;35:*.ppm=01;35:*.tga=01;35:*.xbm=01;35:*.xpm=01;35:*.tif=01;35:*.tiff=01;35:*.png=01;35:*.svg=01;35:*.svgz=01;35:*.mng=01;35:*.pcx=01;35:*.mov=01;35:*.mpg=01;35:*.mpeg=01;35:*.m2v=01;35:*.mkv=01;35:*.webm=01;35:*.webp=01;35:*.ogm=01;35:*.mp4=01;35:*.m4v=01;35:*.mp4v=01;35:*.vob=01;35:*.qt=01;35:*.nuv=01;35:*.wmv=01;35:*.asf=01;35:*.rm=01;35:*.rmvb=01;35:*.flc=01;35:*.avi=01;35:*.fli=01;35:*.flv=01;35:*.gl=01;35:*.dl=01;35:*.xcf=01;35:*.xwd=01;35:*.yuv=01;35:*.cgm=01;35:*.emf=01;35:*.ogv=01;35:*.ogx=01;35:*.aac=00;36:*.au=00;36:*.flac=00;36:*.m4a=00;36:*.mid=00;36:*.midi=00;36:*.mka=00;36:*.mp3=00;36:*.mpc=00;36:*.ogg=00;36:*.ra=00;36:*.wav=00;36:*.oga=00;36:*.opus=00;36:*.spx=00;36:*.xspf=00;36:'), ('ROS_DOMAIN_ID', '7'), ('AMENT_PREFIX_PATH', '/root/Dojo/install/robot_hardware:/opt/ros/humble'), ('PWD', '/root/Dojo/Dojo/build/robot_description'), ('LC_ALL', 'C.UTF-8'), ('PYTHONPATH', '/root/Dojo/build/robot_hardware:/root/Dojo/install/robot_hardware/lib/python3.10/site-packages:/opt/ros/humble/lib/python3.10/site-packages:/opt/ros/humble/local/lib/python3.10/dist-packages'), ('COLCON', '1'), ('CMAKE_PREFIX_PATH', '/root/Dojo/install/robot_perception:/root/Dojo/install/robot_hardware:/opt/ros/humble')]), 'shell': False}
[0.099654] (-) TimerEvent: {}
[0.199966] (-) TimerEvent: {}
[0.300287] (-) TimerEvent: {}
[0.400347] (robot_perception) JobProgress: {'identifier': 'robot_perception', 'progress': 'cmake'}
[0.400462] (-) TimerEvent: {}
[0.401349] (robot_perception) Command: {'cmd': ['/usr/bin/cmake', '/root/Dojo/Dojo/src/robot_perception', '-DCMAKE_BUILD_TYPE=Release', '-DBUILD_TESTING=OFF', '-DCMAKE_INSTALL_PREFIX=/root/Dojo/Dojo/install/robot_perception'], 'cwd': '/root/Dojo/Dojo/build/robot_perception', 'env': OrderedDict([('HOSTNAME', 'gareth-joel-HP-Pavilion-Gaming-Laptop-15-ec2xxx'), ('SHLVL', '1'), ('LD_LIBRARY_PATH', '/usr/lib/x86_64-linux-gnu/gazebo-11/plugins:/opt/ros/humble/opt/rviz_ogre_vendor/lib:/opt/ros/humble/lib/x86_64-linux-gnu:/opt/ros/humble/lib'), ('HOME', '/root'), ('OLDPWD', '/root/Dojo'), ('ROS_PYTHON_VERSION', '3'), ('COLCON_PREFIX_PATH', '/root/Dojo/install'), ('ROS_DISTRO', 'humble'), ('_', '/usr/bin/colcon'), ('ROS_VERSION', '2'), ('TERM', 'xterm'), ('ROS_LOCALHOST_ONLY', '0'), ('QT_X11_NO_MITSHM', '1'), ('PATH', '/opt/ros/humble/bin:/usr/local/sbin:/usr/local/bin:/usr/sbin:/usr/bin:/sbin:/bin'), ('DISPLAY', ':0'), ('LANG', 'C.UTF-8'), ('LS_COLORS', 'rs=0:di=01;34:ln=01;36:mh=00:pi=40;33:so=01;35:do=01;35:bd=40;33;01:cd=40;33;01:or=40;31;01:mi=00:su=37;41:sg=30;43:ca=30;41:tw=30;42:ow=34;42:st=37;44:ex=01;32:*.tar=01;31:*.tgz=01;31:*.arc=01;31:*.arj=01;31:*.taz=01;31:*.lha=01;31:*.lz4=01;31:*.lzh=01;31:*.lzma=01;31:*.tlz=01;31:*.txz=01;31:*.tzo=01;31:*.t7z=01;31:*.zip=01;31:*.z=01;31:*.dz=01;31:*.gz=01;31:*.lrz=01;31:*.lz=01;31:*.lzo=01;31:*.xz=01;31:*.zst=01;31:*.tzst=01;31:*.bz2=01;31:*.bz=01;31:*.tbz=01;31:*.tbz2=01;31:*.tz=01;31:*.deb=01;31:*.rpm=01;31:*.jar=01;31:*.war=01;31:*.ear=01;31:*.sar=01;31:*.rar=01;31:*.alz=01;31:*.ace=01;31:*.zoo=01;31:*.cpio=01;31:*.7z=01;31:*.rz=01;31:*.cab=01;31:*.wim=01;31:*.swm=01;31:*.dwm=01;31:*.esd=01;31:*.jpg=01;35:*.jpeg=01;35:*.mjpg=01;35:*.mjpeg=01;35:*.gif=01;35:*.bmp=01;35:*.pbm=01;35:*.pgm=01;35:*.ppm=01;35:*.tga=01;35:*.xbm=01;35:*.xpm=01;35:*.tif=01;35:*.tiff=01;35:*.png=01;35:*.svg=01;35:*.svgz=01;35:*.mng=01;35:*.pcx=01;35:*.mov=01;35:*.mpg=01;35:*.mpeg=01;35:*.m2v=01;35:*.mkv=01;35:*.webm=01;35:*.webp=01;35:*.ogm=01;35:*.mp4=01;35:*.m4v=01;35:*.mp4v=01;35:*.vob=01;35:*.qt=01;35:*.nuv=01;35:*.wmv=01;35:*.asf=01;35:*.rm=01;35:*.rmvb=01;35:*.flc=01;35:*.avi=01;35:*.fli=01;35:*.flv=01;35:*.gl=01;35:*.dl=01;35:*.xcf=01;35:*.xwd=01;35:*.yuv=01;35:*.cgm=01;35:*.emf=01;35:*.ogv=01;35:*.ogx=01;35:*.aac=00;36:*.au=00;36:*.flac=00;36:*.m4a=00;36:*.mid=00;36:*.midi=00;36:*.mka=00;36:*.mp3=00;36:*.mpc=00;36:*.ogg=00;36:*.ra=00;36:*.wav=00;36:*.oga=00;36:*.opus=00;36:*.spx=00;36:*.xspf=00;36:'), ('ROS_DOMAIN_ID', '7'), ('AMENT_PREFIX_PATH', '/root/Dojo/install/robot_hardware:/opt/ros/humble'), ('PWD', '/root/Dojo/Dojo/build/robot_perception'), ('LC_ALL', 'C.UTF-8'), ('PYTHONPATH', '/root/Dojo/build/robot_hardware:/root/Dojo/install/robot_hardware/lib/python3.10/site-packages:/opt/ros/humble/lib/python3.10/site-packages:/opt/ros/humble/local/lib/python3.10/dist-packages'), ('COLCON', '1'), ('CMAKE_PREFIX_PATH', '/root/Dojo/install/robot_perception')]), 'shell': False}
[0.500566] (-) TimerEvent: {}
[0.600881] (-) TimerEvent: {}
[0.701194] (-) TimerEvent: {}
[0.801532] (-) TimerEvent: {}
[0.901828] (-) TimerEvent: {}
[1.002104] (-) TimerEvent: {}
[1.079341] (robot_interfaces) JobProgress: {'identifier': 'robot_interfaces', 'progress': 'cmake'}
[1.079948] (robot_interfaces) Command: {'cmd': ['/usr/bin/cmake', '/root/Dojo/Dojo/src/robot_interfaces', '-DCMAKE_BUILD_TYPE=Release', '-DBUILD_TESTING=OFF', '-DAMENT_CMAKE_SYMLINK_INSTALL=1', '-DCMAKE_INSTALL_PREFIX=/root/Dojo/Dojo/install/robot_interfaces'], 'cwd': '/root/Dojo/Dojo/build/robot_interfaces', 'env': OrderedDict([('HOSTNAME', 'gareth-joel-HP-Pavilion-Gaming-Laptop-15-ec2xxx'), ('SHLVL', '1'), ('LD_LIBRARY_PATH', '/usr/lib/x86_64-linux-gnu/gazebo-11/plugins:/opt/ros/humble/opt/rviz_ogre_vendor/lib:/opt/ros/humble/lib/x86_64-linux-gnu:/opt/ros/humble/lib'), ('HOME', '/root'), ('OLDPWD', '/root/Dojo'), ('ROS_PYTHON_VERSION', '3'), ('COLCON_PREFIX_PATH', '/root/Dojo/install'), ('ROS_DISTRO', 'humble'), ('_', '/usr/bin/colcon'), ('ROS_VERSION', '2'), ('TERM', 'xterm'), ('ROS_LOCALHOST_ONLY', '0'), ('QT_X11_NO_MITSHM', '1'), ('PATH', '/opt/ros/humble/bin:/usr/local/sbin:/usr/local/bin:/usr/sbin:/usr/bin:/sbin:/bin'), ('DISPLAY', ':0'), ('LANG', 'C.UTF-8'), ('LS_COLORS', 'rs=0:di=01;34:ln=01;36:mh=00:pi=40;33:so=01;35:do=01;35:bd=40;33;01:cd=40;33;01:or=40;31;01:mi=00:su=37;41:sg=30;43:ca=30;41:tw=30;42:ow=34;42:st=37;44:ex=01;32:*.tar=01;31:*.tgz=01;31:*.arc=01;31:*.arj=01;31:*.taz=01;31:*.lha=01;31:*.lz4=01;31:*.lzh=01;31:*.lzma=01;31:*.tlz=01;31:*.txz=01;31:*.tzo=01;31:*.t7z=01;31:*.zip=01;31:*.z=01;31:*.dz=01;31:*.gz=01;31:*.lrz=01;31:*.lz=01;31:*.lzo=01;31:*.xz=01;31:*.zst=01;31:*.tzst=01;31:*.bz2=01;31:*.bz=01;31:*.tbz=01;31:*.tbz2=01;31:*.tz=01;31:*.deb=01;31:*.rpm=01;31:*.jar=01;31:*.war=01;31:*.ear=01;31:*.sar=01;31:*.rar=01;31:*.alz=01;31:*.ace=01;31:*.zoo=01;31:*.cpio=01;31:*.7z=01;31:*.rz=01;31:*.cab=01;31:*.wim=01;31:*.swm=01;31:*.dwm=01;31:*.esd=01;31:*.jpg=01;35:*.jpeg=01;35:*.mjpg=01;35:*.mjpeg=01;35:*.gif=01;35:*.bmp=01;35:*.pbm=01;35:*.pgm=01;35:*.ppm=01;35:*.tga=01;35:*.xbm=01;35:*.xpm=01;35:*.tif=01;35:*.tiff=01;35:*.png=01;35:*.svg=01;35:*.svgz=01;35:*.mng=01;35:*.pcx=01;35:*.mov=01;35:*.mpg=01;35:*.mpeg=01;35:*.m2v=01;35:*.mkv=01;35:*.webm=01;35:*.webp=01;35:*.ogm=01;35:*.mp4=01;35:*.m4v=01;35:*.mp4v=01;35:*.vob=01;35:*.qt=01;35:*.nuv=01;35:*.wmv=01;35:*.asf=01;35:*.rm=01;35:*.rmvb=01;35:*.flc=01;35:*.avi=01;35:*.fli=01;35:*.flv=01;35:*.gl=01;35:*.dl=01;35:*.xcf=01;35:*.xwd=01;35:*.yuv=01;35:*.cgm=01;35:*.emf=01;35:*.ogv=01;35:*.ogx=01;35:*.aac=00;36:*.au=00;36:*.flac=00;36:*.m4a=00;36:*.mid=00;36:*.midi=00;36:*.mka=00;36:*.mp3=00;36:*.mpc=00;36:*.ogg=00;36:*.ra=00;36:*.wav=00;36:*.oga=00;36:*.opus=00;36:*.spx=00;36:*.xspf=00;36:'), ('ROS_DOMAIN_ID', '7'), ('AMENT_PREFIX_PATH', '/root/Dojo/install/robot_hardware:/opt/ros/humble'), ('PWD', '/root/Dojo/Dojo/build/robot_interfaces'), ('LC_ALL', 'C.UTF-8'), ('PYTHONPATH', '/root/Dojo/build/robot_hardware:/root/Dojo/install/robot_hardware/lib/python3.10/site-packages:/opt/ros/humble/lib/python3.10/site-packages:/opt/ros/humble/local/lib/python3.10/dist-packages'), ('COLCON', '1'), ('CMAKE_PREFIX_PATH', '/root/Dojo/install/robot_perception:/root/Dojo/install/robot_hardware:/opt/ros/humble')]), 'shell': False}
[1.102202] (-) TimerEvent: {}
[1.202490] (-) TimerEvent: {}
[1.302757] (-) TimerEvent: {}
[1.403091] (-) TimerEvent: {}
[1.503375] (-) TimerEvent: {}
[1.603691] (-) TimerEvent: {}
[1.704037] (-) TimerEvent: {}
[1.783650] (robot_control) StdoutLine: {'line': b'-- The C compiler identification is GNU 11.4.0\n'}
[1.784422] (robot_control) StdoutLine: {'line': b'-- The CXX compiler identification is GNU 11.4.0\n'}
[1.785028] (robot_control) StdoutLine: {'line': b'-- Detecting C compiler ABI info\n'}
[1.785188] (robot_control) StdoutLine: {'line': b'-- Detecting C compiler ABI info - done\n'}
[1.785258] (robot_control) StdoutLine: {'line': b'-- Check for working C compiler: /usr/bin/cc - skipped\n'}
[1.785341] (robot_control) StdoutLine: {'line': b'-- Detecting C compile features\n'}
[1.785606] (robot_control) StdoutLine: {'line': b'-- Detecting C compile features - done\n'}
[1.785692] (robot_control) StdoutLine: {'line': b'-- Detecting CXX compiler ABI info\n'}
[1.785773] (robot_control) StdoutLine: {'line': b'-- Detecting CXX compiler ABI info - done\n'}
[1.785877] (robot_control) StdoutLine: {'line': b'-- Check for working CXX compiler: /usr/bin/c++ - skipped\n'}
[1.786154] (robot_control) StdoutLine: {'line': b'-- Detecting CXX compile features\n'}
[1.786507] (robot_control) StdoutLine: {'line': b'-- Detecting CXX compile features - done\n'}
[1.786630] (robot_control) StdoutLine: {'line': b'-- Found ament_cmake: 1.3.12 (/opt/ros/humble/share/ament_cmake/cmake)\n'}
[1.786752] (robot_control) StdoutLine: {'line': b'-- Found Python3: /usr/bin/python3 (found version "3.10.12") found components: Interpreter \n'}
[1.786838] (robot_control) StdoutLine: {'line': b'-- Override CMake install command with custom implementation using symlinks instead of copying resources\n'}
[1.786915] (robot_control) StdoutLine: {'line': b'-- Found rclcpp: 16.0.15 (/opt/ros/humble/share/rclcpp/cmake)\n'}
[1.786994] (robot_control) StdoutLine: {'line': b'-- Found rosidl_generator_c: 3.1.7 (/opt/ros/humble/share/rosidl_generator_c/cmake)\n'}
[1.787079] (robot_control) StdoutLine: {'line': b'-- Found rosidl_adapter: 3.1.7 (/opt/ros/humble/share/rosidl_adapter/cmake)\n'}
[1.787171] (robot_control) StdoutLine: {'line': b'-- Found rosidl_generator_cpp: 3.1.7 (/opt/ros/humble/share/rosidl_generator_cpp/cmake)\n'}
[1.787249] (robot_control) StdoutLine: {'line': b'-- Using all available rosidl_typesupport_c: rosidl_typesupport_fastrtps_c;rosidl_typesupport_introspection_c\n'}
[1.787327] (robot_control) StdoutLine: {'line': b'-- Using all available rosidl_typesupport_cpp: rosidl_typesupport_fastrtps_cpp;rosidl_typesupport_introspection_cpp\n'}
[1.787536] (robot_control) StdoutLine: {'line': b'-- Found rmw_implementation_cmake: 6.1.2 (/opt/ros/humble/share/rmw_implementation_cmake/cmake)\n'}
[1.787628] (robot_control) StdoutLine: {'line': b'-- Found rmw_fastrtps_cpp: 6.2.8 (/opt/ros/humble/share/rmw_fastrtps_cpp/cmake)\n'}
[1.787697] (robot_control) StdoutLine: {'line': b'-- Found OpenSSL: /usr/lib/x86_64-linux-gnu/libcrypto.so (found version "3.0.2")  \n'}
[1.787763] (robot_control) StdoutLine: {'line': b'-- Found FastRTPS: /opt/ros/humble/include  \n'}
[1.787822] (robot_control) StdoutLine: {'line': b"-- Using RMW implementation 'rmw_fastrtps_cpp' as default\n"}
[1.787893] (robot_control) StdoutLine: {'line': b'-- Looking for pthread.h\n'}
[1.788087] (robot_control) StdoutLine: {'line': b'-- Looking for pthread.h - found\n'}
[1.788156] (robot_control) StdoutLine: {'line': b'-- Performing Test CMAKE_HAVE_LIBC_PTHREAD\n'}
[1.788659] (robot_control) StdoutLine: {'line': b'-- Performing Test CMAKE_HAVE_LIBC_PTHREAD - Success\n'}
[1.788750] (robot_control) StdoutLine: {'line': b'-- Found Threads: TRUE  \n'}
[1.788834] (robot_control) StdoutLine: {'line': b'-- Found rclpy: 3.3.17 (/opt/ros/humble/share/rclpy/cmake)\n'}
[1.788920] (robot_control) StdoutLine: {'line': b'-- Found geometry_msgs: 4.9.0 (/opt/ros/humble/share/geometry_msgs/cmake)\n'}
[1.789002] (robot_control) StdoutLine: {'line': b'-- Found sensor_msgs: 4.9.0 (/opt/ros/humble/share/sensor_msgs/cmake)\n'}
[1.789120] (robot_control) StdoutLine: {'line': b'-- Found nav_msgs: 4.9.0 (/opt/ros/humble/share/nav_msgs/cmake)\n'}
[1.789203] (robot_control) StdoutLine: {'line': b'-- Found tf2_ros: 0.25.16 (/opt/ros/humble/share/tf2_ros/cmake)\n'}
[1.789275] (robot_description) StdoutLine: {'line': b'-- The C compiler identification is GNU 11.4.0\n'}
[1.789376] (robot_description) StdoutLine: {'line': b'-- The CXX compiler identification is GNU 11.4.0\n'}
[1.789458] (robot_description) StdoutLine: {'line': b'-- Detecting C compiler ABI info\n'}
[1.789536] (robot_description) StdoutLine: {'line': b'-- Detecting C compiler ABI info - done\n'}
[1.789608] (robot_description) StdoutLine: {'line': b'-- Check for working C compiler: /usr/bin/cc - skipped\n'}
[1.789686] (robot_description) StdoutLine: {'line': b'-- Detecting C compile features\n'}
[1.789757] (robot_description) StdoutLine: {'line': b'-- Detecting C compile features - done\n'}
[1.789837] (robot_description) StdoutLine: {'line': b'-- Detecting CXX compiler ABI info\n'}
[1.789913] (robot_description) StdoutLine: {'line': b'-- Detecting CXX compiler ABI info - done\n'}
[1.789987] (robot_description) StdoutLine: {'line': b'-- Check for working CXX compiler: /usr/bin/c++ - skipped\n'}
[1.790168] (robot_description) StdoutLine: {'line': b'-- Detecting CXX compile features\n'}
[1.790285] (robot_description) StdoutLine: {'line': b'-- Detecting CXX compile features - done\n'}
[1.790414] (robot_description) StdoutLine: {'line': b'-- Found ament_cmake: 1.3.12 (/opt/ros/humble/share/ament_cmake/cmake)\n'}
[1.790559] (robot_description) StdoutLine: {'line': b'-- Found Python3: /usr/bin/python3 (found version "3.10.12") found components: Interpreter \n'}
[1.790702] (robot_description) StdoutLine: {'line': b'-- Override CMake install command with custom implementation using symlinks instead of copying resources\n'}
[1.790778] (robot_description) StdoutLine: {'line': b'-- Found rclcpp: 16.0.15 (/opt/ros/humble/share/rclcpp/cmake)\n'}
[1.790938] (robot_description) StdoutLine: {'line': b'-- Found rosidl_generator_c: 3.1.7 (/opt/ros/humble/share/rosidl_generator_c/cmake)\n'}
[1.791046] (robot_description) StdoutLine: {'line': b'-- Found rosidl_adapter: 3.1.7 (/opt/ros/humble/share/rosidl_adapter/cmake)\n'}
[1.791147] (robot_description) StdoutLine: {'line': b'-- Found rosidl_generator_cpp: 3.1.7 (/opt/ros/humble/share/rosidl_generator_cpp/cmake)\n'}
[1.791236] (robot_description) StdoutLine: {'line': b'-- Using all available rosidl_typesupport_c: rosidl_typesupport_fastrtps_c;rosidl_typesupport_introspection_c\n'}
[1.791308] (robot_description) StdoutLine: {'line': b'-- Using all available rosidl_typesupport_cpp: rosidl_typesupport_fastrtps_cpp;rosidl_typesupport_introspection_cpp\n'}
[1.791378] (robot_description) StdoutLine: {'line': b'-- Found rmw_implementation_cmake: 6.1.2 (/opt/ros/humble/share/rmw_implementation_cmake/cmake)\n'}
[1.791450] (robot_description) StdoutLine: {'line': b'-- Found rmw_fastrtps_cpp: 6.2.8 (/opt/ros/humble/share/rmw_fastrtps_cpp/cmake)\n'}
[1.791530] (robot_description) StdoutLine: {'line': b'-- Found OpenSSL: /usr/lib/x86_64-linux-gnu/libcrypto.so (found version "3.0.2")  \n'}
[1.791591] (robot_description) StdoutLine: {'line': b'-- Found FastRTPS: /opt/ros/humble/include  \n'}
[1.791664] (robot_description) StdoutLine: {'line': b"-- Using RMW implementation 'rmw_fastrtps_cpp' as default\n"}
[1.791760] (robot_description) StdoutLine: {'line': b'-- Looking for pthread.h\n'}
[1.791833] (robot_description) StdoutLine: {'line': b'-- Looking for pthread.h - found\n'}
[1.791907] (robot_description) StdoutLine: {'line': b'-- Performing Test CMAKE_HAVE_LIBC_PTHREAD\n'}
[1.791982] (robot_description) StdoutLine: {'line': b'-- Performing Test CMAKE_HAVE_LIBC_PTHREAD - Success\n'}
[1.792036] (robot_description) StdoutLine: {'line': b'-- Found Threads: TRUE  \n'}
[1.792108] (robot_description) StdoutLine: {'line': b'-- Found geometry_msgs: 4.9.0 (/opt/ros/humble/share/geometry_msgs/cmake)\n'}
[1.792183] (robot_description) StdoutLine: {'line': b'-- Found sensor_msgs: 4.9.0 (/opt/ros/humble/share/sensor_msgs/cmake)\n'}
[1.792252] (robot_description) StdoutLine: {'line': b'-- Found tf2_ros: 0.25.16 (/opt/ros/humble/share/tf2_ros/cmake)\n'}
[1.792317] (robot_perception) StdoutLine: {'line': b'-- The C compiler identification is GNU 11.4.0\n'}
[1.792432] (robot_perception) StdoutLine: {'line': b'-- The CXX compiler identification is GNU 11.4.0\n'}
[1.792499] (robot_perception) StdoutLine: {'line': b'-- Detecting C compiler ABI info\n'}
[1.792549] (robot_perception) StdoutLine: {'line': b'-- Detecting C compiler ABI info - done\n'}
[1.792614] (robot_perception) StdoutLine: {'line': b'-- Check for working C compiler: /usr/bin/cc - skipped\n'}
[1.792687] (robot_perception) StdoutLine: {'line': b'-- Detecting C compile features\n'}
[1.792801] (robot_perception) StdoutLine: {'line': b'-- Detecting C compile features - done\n'}
[1.792908] (robot_perception) StdoutLine: {'line': b'-- Detecting CXX compiler ABI info\n'}
[1.792989] (robot_perception) StdoutLine: {'line': b'-- Detecting CXX compiler ABI info - done\n'}
[1.793102] (robot_perception) StdoutLine: {'line': b'-- Check for working CXX compiler: /usr/bin/c++ - skipped\n'}
[1.793172] (robot_perception) StdoutLine: {'line': b'-- Detecting CXX compile features\n'}
[1.793281] (robot_perception) StdoutLine: {'line': b'-- Detecting CXX compile features - done\n'}
[1.793375] (robot_perception) StdoutLine: {'line': b'-- Found ament_cmake: 1.3.12 (/opt/ros/humble/share/ament_cmake/cmake)\n'}
[1.793441] (robot_perception) StdoutLine: {'line': b'-- Found Python3: /usr/bin/python3 (found version "3.10.12") found components: Interpreter \n'}
[1.793506] (robot_perception) StdoutLine: {'line': b'-- Configuring done\n'}
[1.793569] (robot_perception) StdoutLine: {'line': b'-- Generating done\n'}
[1.793636] (robot_perception) StdoutLine: {'line': b'-- Build files have been written to: /root/Dojo/Dojo/build/robot_perception\n'}
[1.793699] (robot_interfaces) StdoutLine: {'line': b'-- The C compiler identification is GNU 11.4.0\n'}
[1.793784] (robot_interfaces) StdoutLine: {'line': b'-- The CXX compiler identification is GNU 11.4.0\n'}
[1.793846] (robot_interfaces) StdoutLine: {'line': b'-- Detecting C compiler ABI info\n'}
[1.793903] (robot_interfaces) StdoutLine: {'line': b'-- Detecting C compiler ABI info - done\n'}
[1.793957] (robot_interfaces) StdoutLine: {'line': b'-- Check for working C compiler: /usr/bin/cc - skipped\n'}
[1.794019] (robot_interfaces) StdoutLine: {'line': b'-- Detecting C compile features\n'}
[1.794091] (robot_interfaces) StdoutLine: {'line': b'-- Detecting C compile features - done\n'}
[1.794155] (robot_interfaces) StdoutLine: {'line': b'-- Detecting CXX compiler ABI info\n'}
[1.794213] (robot_interfaces) StdoutLine: {'line': b'-- Detecting CXX compiler ABI info - done\n'}
[1.794278] (robot_interfaces) StdoutLine: {'line': b'-- Check for working CXX compiler: /usr/bin/c++ - skipped\n'}
[1.794386] (robot_interfaces) StdoutLine: {'line': b'-- Detecting CXX compile features\n'}
[1.794466] (robot_interfaces) StdoutLine: {'line': b'-- Detecting CXX compile features - done\n'}
[1.794530] (robot_interfaces) StdoutLine: {'line': b'-- Found ament_cmake: 1.3.12 (/opt/ros/humble/share/ament_cmake/cmake)\n'}
[1.804102] (-) TimerEvent: {}
[1.805451] (robot_description) StdoutLine: {'line': b'-- Found urdf: 2.6.1 (/opt/ros/humble/share/urdf/cmake)\n'}
[1.841832] (robot_control) StdoutLine: {'line': b'-- Found tf2_geometry_msgs: 0.25.16 (/opt/ros/humble/share/tf2_geometry_msgs/cmake)\n'}
[1.846790] (robot_description) StdoutLine: {'line': b'-- Found xacro: 2.1.1 (/opt/ros/humble/share/xacro/cmake)\n'}
[1.849995] (robot_description) StdoutLine: {'line': b'-- Found gazebo_ros2_control: 0.4.10 (/opt/ros/humble/share/gazebo_ros2_control/cmake)\n'}
[1.865760] (robot_control) StdoutLine: {'line': b'-- Found eigen3_cmake_module: 0.1.1 (/opt/ros/humble/share/eigen3_cmake_module/cmake)\n'}
[1.866963] (robot_control) StdoutLine: {'line': b'-- Found Eigen3: TRUE (found version "3.4.0") \n'}
[1.867116] (robot_control) StdoutLine: {'line': b'-- Ensuring Eigen3 include directory is part of orocos-kdl CMake target\n'}
[1.870979] (robot_control) StdoutLine: {'line': b'-- Found controller_interface: 2.52.0 (/opt/ros/humble/share/controller_interface/cmake)\n'}
[1.904195] (-) TimerEvent: {}
[1.968355] (robot_description) StdoutLine: {'line': b'-- Found PkgConfig: /usr/bin/pkg-config (found version "0.29.2") \n'}
[1.969586] (robot_description) StdoutLine: {'line': b"-- Checking for module 'bullet>=2.82'\n"}
[1.971751] (robot_control) StdoutLine: {'line': b'-- Found controller_manager: 2.52.0 (/opt/ros/humble/share/controller_manager/cmake)\n'}
[1.987881] (robot_description) StdoutLine: {'line': b'--   Found bullet, version 3.05\n'}
[1.998347] (robot_control) StdoutLine: {'line': b'-- Found diagnostic_updater: 4.0.6 (/opt/ros/humble/share/diagnostic_updater/cmake)\n'}
[2.004284] (-) TimerEvent: {}
[2.023426] (robot_interfaces) StdoutLine: {'line': b'-- Found Python3: /usr/bin/python3 (found version "3.10.12") found components: Interpreter \n'}
[2.085361] (robot_interfaces) StdoutLine: {'line': b'-- Override CMake install command with custom implementation using symlinks instead of copying resources\n'}
[2.104382] (-) TimerEvent: {}
[2.124738] (robot_interfaces) StdoutLine: {'line': b'-- Found builtin_interfaces: 1.2.2 (/opt/ros/humble/share/builtin_interfaces/cmake)\n'}
[2.133295] (robot_description) StdoutLine: {'line': b'-- Found fcl: /usr/include (found suitable version "0.7.0", minimum required is "0.5.0") \n'}
[2.146272] (robot_perception) CommandEnded: {'returncode': 0}
[2.146675] (robot_perception) JobProgress: {'identifier': 'robot_perception', 'progress': 'build'}
[2.147336] (robot_perception) Command: {'cmd': ['/usr/bin/cmake', '--build', '/root/Dojo/Dojo/build/robot_perception', '--', '-j16', '-l16'], 'cwd': '/root/Dojo/Dojo/build/robot_perception', 'env': OrderedDict([('HOSTNAME', 'gareth-joel-HP-Pavilion-Gaming-Laptop-15-ec2xxx'), ('SHLVL', '1'), ('LD_LIBRARY_PATH', '/usr/lib/x86_64-linux-gnu/gazebo-11/plugins:/opt/ros/humble/opt/rviz_ogre_vendor/lib:/opt/ros/humble/lib/x86_64-linux-gnu:/opt/ros/humble/lib'), ('HOME', '/root'), ('OLDPWD', '/root/Dojo'), ('ROS_PYTHON_VERSION', '3'), ('COLCON_PREFIX_PATH', '/root/Dojo/install'), ('ROS_DISTRO', 'humble'), ('_', '/usr/bin/colcon'), ('ROS_VERSION', '2'), ('TERM', 'xterm'), ('ROS_LOCALHOST_ONLY', '0'), ('QT_X11_NO_MITSHM', '1'), ('PATH', '/opt/ros/humble/bin:/usr/local/sbin:/usr/local/bin:/usr/sbin:/usr/bin:/sbin:/bin'), ('DISPLAY', ':0'), ('LANG', 'C.UTF-8'), ('LS_COLORS', 'rs=0:di=01;34:ln=01;36:mh=00:pi=40;33:so=01;35:do=01;35:bd=40;33;01:cd=40;33;01:or=40;31;01:mi=00:su=37;41:sg=30;43:ca=30;41:tw=30;42:ow=34;42:st=37;44:ex=01;32:*.tar=01;31:*.tgz=01;31:*.arc=01;31:*.arj=01;31:*.taz=01;31:*.lha=01;31:*.lz4=01;31:*.lzh=01;31:*.lzma=01;31:*.tlz=01;31:*.txz=01;31:*.tzo=01;31:*.t7z=01;31:*.zip=01;31:*.z=01;31:*.dz=01;31:*.gz=01;31:*.lrz=01;31:*.lz=01;31:*.lzo=01;31:*.xz=01;31:*.zst=01;31:*.tzst=01;31:*.bz2=01;31:*.bz=01;31:*.tbz=01;31:*.tbz2=01;31:*.tz=01;31:*.deb=01;31:*.rpm=01;31:*.jar=01;31:*.war=01;31:*.ear=01;31:*.sar=01;31:*.rar=01;31:*.alz=01;31:*.ace=01;31:*.zoo=01;31:*.cpio=01;31:*.7z=01;31:*.rz=01;31:*.cab=01;31:*.wim=01;31:*.swm=01;31:*.dwm=01;31:*.esd=01;31:*.jpg=01;35:*.jpeg=01;35:*.mjpg=01;35:*.mjpeg=01;35:*.gif=01;35:*.bmp=01;35:*.pbm=01;35:*.pgm=01;35:*.ppm=01;35:*.tga=01;35:*.xbm=01;35:*.xpm=01;35:*.tif=01;35:*.tiff=01;35:*.png=01;35:*.svg=01;35:*.svgz=01;35:*.mng=01;35:*.pcx=01;35:*.mov=01;35:*.mpg=01;35:*.mpeg=01;35:*.m2v=01;35:*.mkv=01;35:*.webm=01;35:*.webp=01;35:*.ogm=01;35:*.mp4=01;35:*.m4v=01;35:*.mp4v=01;35:*.vob=01;35:*.qt=01;35:*.nuv=01;35:*.wmv=01;35:*.asf=01;35:*.rm=01;35:*.rmvb=01;35:*.flc=01;35:*.avi=01;35:*.fli=01;35:*.flv=01;35:*.gl=01;35:*.dl=01;35:*.xcf=01;35:*.xwd=01;35:*.yuv=01;35:*.cgm=01;35:*.emf=01;35:*.ogv=01;35:*.ogx=01;35:*.aac=00;36:*.au=00;36:*.flac=00;36:*.m4a=00;36:*.mid=00;36:*.midi=00;36:*.mka=00;36:*.mp3=00;36:*.mpc=00;36:*.ogg=00;36:*.ra=00;36:*.wav=00;36:*.oga=00;36:*.opus=00;36:*.spx=00;36:*.xspf=00;36:'), ('ROS_DOMAIN_ID', '7'), ('AMENT_PREFIX_PATH', '/root/Dojo/install/robot_hardware:/opt/ros/humble'), ('PWD', '/root/Dojo/Dojo/build/robot_perception'), ('LC_ALL', 'C.UTF-8'), ('PYTHONPATH', '/root/Dojo/build/robot_hardware:/root/Dojo/install/robot_hardware/lib/python3.10/site-packages:/opt/ros/humble/lib/python3.10/site-packages:/opt/ros/humble/local/lib/python3.10/dist-packages'), ('COLCON', '1'), ('CMAKE_PREFIX_PATH', '/root/Dojo/install/robot_perception')]), 'shell': False}
[2.165199] (robot_interfaces) StdoutLine: {'line': b'-- Found rosidl_generator_c: 3.1.7 (/opt/ros/humble/share/rosidl_generator_c/cmake)\n'}
[2.173435] (robot_interfaces) StdoutLine: {'line': b'-- Found rosidl_adapter: 3.1.7 (/opt/ros/humble/share/rosidl_adapter/cmake)\n'}
[2.184372] (robot_interfaces) StdoutLine: {'line': b'-- Found rosidl_generator_cpp: 3.1.7 (/opt/ros/humble/share/rosidl_generator_cpp/cmake)\n'}
[2.201485] (robot_interfaces) StdoutLine: {'line': b'-- Using all available rosidl_typesupport_c: rosidl_typesupport_fastrtps_c;rosidl_typesupport_introspection_c\n'}
[2.204495] (-) TimerEvent: {}
[2.222767] (robot_description) StdoutLine: {'line': b'-- Found assimp: /usr/include (found version "5.2.0") \n'}
[2.226549] (robot_interfaces) StdoutLine: {'line': b'-- Using all available rosidl_typesupport_cpp: rosidl_typesupport_fastrtps_cpp;rosidl_typesupport_introspection_cpp\n'}
[2.230800] (robot_perception) StdoutLine: {'line': b'Built target ament_cmake_python_copy_robot_perception_setup\n'}
[2.244105] (robot_perception) StdoutLine: {'line': b'Built target ament_cmake_python_copy_robot_perception\n'}
[2.256552] (robot_interfaces) StdoutLine: {'line': b'-- Found std_msgs: 4.9.0 (/opt/ros/humble/share/std_msgs/cmake)\n'}
[2.258272] (robot_description) StdoutLine: {'line': b'-- Found DART: /usr/include (Required is at least version "6.6") found components: dart \n'}
[2.278690] (robot_interfaces) StdoutLine: {'line': b'-- Found geometry_msgs: 4.9.0 (/opt/ros/humble/share/geometry_msgs/cmake)\n'}
[2.298843] (robot_description) StdoutLine: {'line': b'-- Found Boost: /usr/lib/x86_64-linux-gnu/cmake/Boost-1.74.0/BoostConfig.cmake (found suitable version "1.74.0", minimum required is "1.40.0") found components: thread system filesystem program_options regex iostreams date_time \n'}
[2.303110] (robot_interfaces) StdoutLine: {'line': b'-- Found sensor_msgs: 4.9.0 (/opt/ros/humble/share/sensor_msgs/cmake)\n'}
[2.304578] (-) TimerEvent: {}
[2.314897] (robot_description) StdoutLine: {'line': b'-- Found Protobuf: /usr/lib/x86_64-linux-gnu/libprotobuf.so (found version "3.12.4") \n'}
[2.325408] (robot_description) StdoutLine: {'line': b'-- Looking for ignition-math6 -- found version 6.15.1\n'}
[2.334179] (robot_description) StdoutLine: {'line': b'-- Searching for dependencies of ignition-math6\n'}
[2.336143] (robot_interfaces) StdoutLine: {'line': b'-- Found rosidl_default_generators: 1.2.0 (/opt/ros/humble/share/rosidl_default_generators/cmake)\n'}
[2.336428] (robot_description) StdoutLine: {'line': b'-- Looking for OGRE...\n'}
[2.336908] (robot_description) StdoutLine: {'line': b'-- OGRE_PREFIX_WATCH changed.\n'}
[2.343680] (robot_description) StdoutLine: {'line': b"-- Checking for module 'OGRE'\n"}
[2.364005] (robot_description) StdoutLine: {'line': b'--   Found OGRE, version 1.9.0\n'}
[2.404741] (-) TimerEvent: {}
[2.429663] (robot_description) StdoutLine: {'line': b'-- Found Ogre Ghadamon (1.9.0)\n'}
[2.441960] (robot_description) StdoutLine: {'line': b'-- Found OGRE: optimized;/usr/lib/x86_64-linux-gnu/libOgreMain.so;debug;/usr/lib/x86_64-linux-gnu/libOgreMain.so\n'}
[2.457214] (robot_description) StdoutLine: {'line': b'-- Looking for OGRE_Paging...\n'}
[2.465500] (robot_description) StdoutLine: {'line': b'-- Found OGRE_Paging: optimized;/usr/lib/x86_64-linux-gnu/libOgrePaging.so;debug;/usr/lib/x86_64-linux-gnu/libOgrePaging.so\n'}
[2.465756] (robot_description) StdoutLine: {'line': b'-- Looking for OGRE_Terrain...\n'}
[2.473678] (robot_description) StdoutLine: {'line': b'-- Found OGRE_Terrain: optimized;/usr/lib/x86_64-linux-gnu/libOgreTerrain.so;debug;/usr/lib/x86_64-linux-gnu/libOgreTerrain.so\n'}
[2.473903] (robot_description) StdoutLine: {'line': b'-- Looking for OGRE_Property...\n'}
[2.480599] (robot_description) StdoutLine: {'line': b'-- Found OGRE_Property: optimized;/usr/lib/x86_64-linux-gnu/libOgreProperty.so;debug;/usr/lib/x86_64-linux-gnu/libOgreProperty.so\n'}
[2.480860] (robot_description) StdoutLine: {'line': b'-- Looking for OGRE_RTShaderSystem...\n'}
[2.489111] (robot_description) StdoutLine: {'line': b'-- Found OGRE_RTShaderSystem: optimized;/usr/lib/x86_64-linux-gnu/libOgreRTShaderSystem.so;debug;/usr/lib/x86_64-linux-gnu/libOgreRTShaderSystem.so\n'}
[2.489375] (robot_description) StdoutLine: {'line': b'-- Looking for OGRE_Volume...\n'}
[2.495915] (robot_description) StdoutLine: {'line': b'-- Found OGRE_Volume: optimized;/usr/lib/x86_64-linux-gnu/libOgreVolume.so;debug;/usr/lib/x86_64-linux-gnu/libOgreVolume.so\n'}
[2.496186] (robot_description) StdoutLine: {'line': b'-- Looking for OGRE_Overlay...\n'}
[2.502403] (robot_description) StdoutLine: {'line': b'-- Found OGRE_Overlay: optimized;/usr/lib/x86_64-linux-gnu/libOgreOverlay.so;debug;/usr/lib/x86_64-linux-gnu/libOgreOverlay.so\n'}
[2.504842] (-) TimerEvent: {}
[2.605297] (-) TimerEvent: {}
[2.650583] (robot_perception) StdoutLine: {'line': b'running egg_info\n'}
[2.651594] (robot_perception) StdoutLine: {'line': b'creating robot_perception.egg-info\n'}
[2.658714] (robot_description) StdoutLine: {'line': b'-- Looking for ignition-math6 -- found version 6.15.1\n'}
[2.665109] (robot_description) StdoutLine: {'line': b'-- Looking for ignition-transport8 -- found version 8.2.1\n'}
[2.665879] (robot_description) StdoutLine: {'line': b'-- Searching for dependencies of ignition-transport8\n'}
[2.667859] (robot_perception) StdoutLine: {'line': b'writing robot_perception.egg-info/PKG-INFO\n'}
[2.668122] (robot_perception) StdoutLine: {'line': b'writing dependency_links to robot_perception.egg-info/dependency_links.txt\n'}
[2.668497] (robot_perception) StdoutLine: {'line': b'writing top-level names to robot_perception.egg-info/top_level.txt\n'}
[2.668729] (robot_perception) StdoutLine: {'line': b"writing manifest file 'robot_perception.egg-info/SOURCES.txt'\n"}
[2.705393] (-) TimerEvent: {}
[2.708176] (robot_description) StdoutLine: {'line': b'-- Found Protobuf: /usr/lib/x86_64-linux-gnu/libprotobuf.so (found suitable version "3.12.4", minimum required is "3") \n'}
[2.716746] (robot_perception) StdoutLine: {'line': b"reading manifest file 'robot_perception.egg-info/SOURCES.txt'\n"}
[2.717586] (robot_perception) StdoutLine: {'line': b"writing manifest file 'robot_perception.egg-info/SOURCES.txt'\n"}
[2.740741] (robot_description) StdoutLine: {'line': b'-- Config-file not installed for ZeroMQ -- checking for pkg-config\n'}
[2.749881] (robot_description) StdoutLine: {'line': b"-- Checking for module 'libzmq >= 4'\n"}
[2.776872] (robot_perception) StdoutLine: {'line': b'Built target ament_cmake_python_build_robot_perception_egg\n'}
[2.778309] (robot_description) StdoutLine: {'line': b'--   Found libzmq , version 4.3.4\n'}
[2.793195] (robot_perception) CommandEnded: {'returncode': 0}
[2.793947] (robot_perception) JobProgress: {'identifier': 'robot_perception', 'progress': 'install'}
[2.805501] (-) TimerEvent: {}
[2.809460] (robot_perception) Command: {'cmd': ['/usr/bin/cmake', '--install', '/root/Dojo/Dojo/build/robot_perception'], 'cwd': '/root/Dojo/Dojo/build/robot_perception', 'env': OrderedDict([('HOSTNAME', 'gareth-joel-HP-Pavilion-Gaming-Laptop-15-ec2xxx'), ('SHLVL', '1'), ('LD_LIBRARY_PATH', '/usr/lib/x86_64-linux-gnu/gazebo-11/plugins:/opt/ros/humble/opt/rviz_ogre_vendor/lib:/opt/ros/humble/lib/x86_64-linux-gnu:/opt/ros/humble/lib'), ('HOME', '/root'), ('OLDPWD', '/root/Dojo'), ('ROS_PYTHON_VERSION', '3'), ('COLCON_PREFIX_PATH', '/root/Dojo/install'), ('ROS_DISTRO', 'humble'), ('_', '/usr/bin/colcon'), ('ROS_VERSION', '2'), ('TERM', 'xterm'), ('ROS_LOCALHOST_ONLY', '0'), ('QT_X11_NO_MITSHM', '1'), ('PATH', '/opt/ros/humble/bin:/usr/local/sbin:/usr/local/bin:/usr/sbin:/usr/bin:/sbin:/bin'), ('DISPLAY', ':0'), ('LANG', 'C.UTF-8'), ('LS_COLORS', 'rs=0:di=01;34:ln=01;36:mh=00:pi=40;33:so=01;35:do=01;35:bd=40;33;01:cd=40;33;01:or=40;31;01:mi=00:su=37;41:sg=30;43:ca=30;41:tw=30;42:ow=34;42:st=37;44:ex=01;32:*.tar=01;31:*.tgz=01;31:*.arc=01;31:*.arj=01;31:*.taz=01;31:*.lha=01;31:*.lz4=01;31:*.lzh=01;31:*.lzma=01;31:*.tlz=01;31:*.txz=01;31:*.tzo=01;31:*.t7z=01;31:*.zip=01;31:*.z=01;31:*.dz=01;31:*.gz=01;31:*.lrz=01;31:*.lz=01;31:*.lzo=01;31:*.xz=01;31:*.zst=01;31:*.tzst=01;31:*.bz2=01;31:*.bz=01;31:*.tbz=01;31:*.tbz2=01;31:*.tz=01;31:*.deb=01;31:*.rpm=01;31:*.jar=01;31:*.war=01;31:*.ear=01;31:*.sar=01;31:*.rar=01;31:*.alz=01;31:*.ace=01;31:*.zoo=01;31:*.cpio=01;31:*.7z=01;31:*.rz=01;31:*.cab=01;31:*.wim=01;31:*.swm=01;31:*.dwm=01;31:*.esd=01;31:*.jpg=01;35:*.jpeg=01;35:*.mjpg=01;35:*.mjpeg=01;35:*.gif=01;35:*.bmp=01;35:*.pbm=01;35:*.pgm=01;35:*.ppm=01;35:*.tga=01;35:*.xbm=01;35:*.xpm=01;35:*.tif=01;35:*.tiff=01;35:*.png=01;35:*.svg=01;35:*.svgz=01;35:*.mng=01;35:*.pcx=01;35:*.mov=01;35:*.mpg=01;35:*.mpeg=01;35:*.m2v=01;35:*.mkv=01;35:*.webm=01;35:*.webp=01;35:*.ogm=01;35:*.mp4=01;35:*.m4v=01;35:*.mp4v=01;35:*.vob=01;35:*.qt=01;35:*.nuv=01;35:*.wmv=01;35:*.asf=01;35:*.rm=01;35:*.rmvb=01;35:*.flc=01;35:*.avi=01;35:*.fli=01;35:*.flv=01;35:*.gl=01;35:*.dl=01;35:*.xcf=01;35:*.xwd=01;35:*.yuv=01;35:*.cgm=01;35:*.emf=01;35:*.ogv=01;35:*.ogx=01;35:*.aac=00;36:*.au=00;36:*.flac=00;36:*.m4a=00;36:*.mid=00;36:*.midi=00;36:*.mka=00;36:*.mp3=00;36:*.mpc=00;36:*.ogg=00;36:*.ra=00;36:*.wav=00;36:*.oga=00;36:*.opus=00;36:*.spx=00;36:*.xspf=00;36:'), ('ROS_DOMAIN_ID', '7'), ('AMENT_PREFIX_PATH', '/root/Dojo/install/robot_hardware:/opt/ros/humble'), ('PWD', '/root/Dojo/Dojo/build/robot_perception'), ('LC_ALL', 'C.UTF-8'), ('PYTHONPATH', '/root/Dojo/build/robot_hardware:/root/Dojo/install/robot_hardware/lib/python3.10/site-packages:/opt/ros/humble/lib/python3.10/site-packages:/opt/ros/humble/local/lib/python3.10/dist-packages'), ('COLCON', '1'), ('CMAKE_PREFIX_PATH', '/root/Dojo/install/robot_perception')]), 'shell': False}
[2.822439] (robot_perception) StdoutLine: {'line': b'-- Install configuration: "Release"\n'}
[2.822802] (robot_perception) StdoutLine: {'line': b'-- Installing: /root/Dojo/Dojo/install/robot_perception/share/robot_perception/environment/pythonpath.sh\n'}
[2.823083] (robot_perception) StdoutLine: {'line': b'-- Installing: /root/Dojo/Dojo/install/robot_perception/share/robot_perception/environment/pythonpath.dsv\n'}
[2.823299] (robot_perception) StdoutLine: {'line': b'-- Installing: /root/Dojo/Dojo/install/robot_perception/local/lib/python3.10/dist-packages/robot_perception-0.2.0-py3.10.egg-info\n'}
[2.823625] (robot_perception) StdoutLine: {'line': b'-- Installing: /root/Dojo/Dojo/install/robot_perception/local/lib/python3.10/dist-packages/robot_perception-0.2.0-py3.10.egg-info/SOURCES.txt\n'}
[2.823845] (robot_perception) StdoutLine: {'line': b'-- Installing: /root/Dojo/Dojo/install/robot_perception/local/lib/python3.10/dist-packages/robot_perception-0.2.0-py3.10.egg-info/dependency_links.txt\n'}
[2.824030] (robot_perception) StdoutLine: {'line': b'-- Installing: /root/Dojo/Dojo/install/robot_perception/local/lib/python3.10/dist-packages/robot_perception-0.2.0-py3.10.egg-info/PKG-INFO\n'}
[2.824205] (robot_perception) StdoutLine: {'line': b'-- Installing: /root/Dojo/Dojo/install/robot_perception/local/lib/python3.10/dist-packages/robot_perception-0.2.0-py3.10.egg-info/top_level.txt\n'}
[2.824426] (robot_perception) StdoutLine: {'line': b'-- Installing: /root/Dojo/Dojo/install/robot_perception/local/lib/python3.10/dist-packages/robot_perception\n'}
[2.824603] (robot_perception) StdoutLine: {'line': b'-- Installing: /root/Dojo/Dojo/install/robot_perception/local/lib/python3.10/dist-packages/robot_perception/yolov8n.pt\n'}
[2.836107] (robot_perception) StdoutLine: {'line': b'-- Installing: /root/Dojo/Dojo/install/robot_perception/local/lib/python3.10/dist-packages/robot_perception/utils\n'}
[2.836463] (robot_perception) StdoutLine: {'line': b'-- Installing: /root/Dojo/Dojo/install/robot_perception/local/lib/python3.10/dist-packages/robot_perception/utils/common.py\n'}
[2.838010] (robot_perception) StdoutLine: {'line': b'-- Installing: /root/Dojo/Dojo/install/robot_perception/local/lib/python3.10/dist-packages/robot_perception/utils/__init__.py\n'}
[2.838305] (robot_perception) StdoutLine: {'line': b'-- Installing: /root/Dojo/Dojo/install/robot_perception/local/lib/python3.10/dist-packages/robot_perception/utils/config.py\n'}
[2.838488] (robot_perception) StdoutLine: {'line': b'-- Installing: /root/Dojo/Dojo/install/robot_perception/local/lib/python3.10/dist-packages/robot_perception/nodes\n'}
[2.838619] (robot_perception) StdoutLine: {'line': b'-- Installing: /root/Dojo/Dojo/install/robot_perception/local/lib/python3.10/dist-packages/robot_perception/nodes/object_detector.py\n'}
[2.838802] (robot_perception) StdoutLine: {'line': b'-- Installing: /root/Dojo/Dojo/install/robot_perception/local/lib/python3.10/dist-packages/robot_perception/nodes/perception_integrator.py\n'}
[2.838934] (robot_perception) StdoutLine: {'line': b'-- Installing: /root/Dojo/Dojo/install/robot_perception/local/lib/python3.10/dist-packages/robot_perception/nodes/lidar_processor.py\n'}
[2.839069] (robot_perception) StdoutLine: {'line': b'-- Installing: /root/Dojo/Dojo/install/robot_perception/local/lib/python3.10/dist-packages/robot_perception/nodes/camera_processor.py\n'}
[2.839196] (robot_perception) StdoutLine: {'line': b'-- Installing: /root/Dojo/Dojo/install/robot_perception/local/lib/python3.10/dist-packages/robot_perception/nodes/__init__.py\n'}
[2.839304] (robot_perception) StdoutLine: {'line': b'-- Installing: /root/Dojo/Dojo/install/robot_perception/local/lib/python3.10/dist-packages/robot_perception/__init__.py\n'}
[2.853698] (robot_description) StdoutLine: {'line': b'-- Found ZeroMQ: TRUE (Required is at least version "4") \n'}
[2.863217] (robot_description) StdoutLine: {'line': b"-- Checking for module 'uuid'\n"}
[2.893093] (robot_description) StdoutLine: {'line': b'--   Found uuid, version 2.37.2\n'}
[2.904950] (robot_perception) StdoutLine: {'line': b"Listing '/root/Dojo/Dojo/install/robot_perception/local/lib/python3.10/dist-packages/robot_perception'...\n"}
[2.905338] (robot_perception) StdoutLine: {'line': b"Compiling '/root/Dojo/Dojo/install/robot_perception/local/lib/python3.10/dist-packages/robot_perception/__init__.py'...\n"}
[2.905674] (-) TimerEvent: {}
[2.905901] (robot_perception) StdoutLine: {'line': b"Listing '/root/Dojo/Dojo/install/robot_perception/local/lib/python3.10/dist-packages/robot_perception/nodes'...\n"}
[2.906070] (robot_perception) StdoutLine: {'line': b"Compiling '/root/Dojo/Dojo/install/robot_perception/local/lib/python3.10/dist-packages/robot_perception/nodes/__init__.py'...\n"}
[2.906204] (robot_perception) StdoutLine: {'line': b"Compiling '/root/Dojo/Dojo/install/robot_perception/local/lib/python3.10/dist-packages/robot_perception/nodes/camera_processor.py'...\n"}
[2.906299] (robot_perception) StdoutLine: {'line': b"Compiling '/root/Dojo/Dojo/install/robot_perception/local/lib/python3.10/dist-packages/robot_perception/nodes/lidar_processor.py'...\n"}
[2.906380] (robot_perception) StdoutLine: {'line': b"Compiling '/root/Dojo/Dojo/install/robot_perception/local/lib/python3.10/dist-packages/robot_perception/nodes/object_detector.py'...\n"}
[2.906457] (robot_perception) StdoutLine: {'line': b"Compiling '/root/Dojo/Dojo/install/robot_perception/local/lib/python3.10/dist-packages/robot_perception/nodes/perception_integrator.py'...\n"}
[2.906531] (robot_perception) StdoutLine: {'line': b"Listing '/root/Dojo/Dojo/install/robot_perception/local/lib/python3.10/dist-packages/robot_perception/utils'...\n"}
[2.906610] (robot_perception) StdoutLine: {'line': b"Compiling '/root/Dojo/Dojo/install/robot_perception/local/lib/python3.10/dist-packages/robot_perception/utils/__init__.py'...\n"}
[2.906684] (robot_perception) StdoutLine: {'line': b"Compiling '/root/Dojo/Dojo/install/robot_perception/local/lib/python3.10/dist-packages/robot_perception/utils/common.py'...\n"}
[2.906756] (robot_perception) StdoutLine: {'line': b"Compiling '/root/Dojo/Dojo/install/robot_perception/local/lib/python3.10/dist-packages/robot_perception/utils/config.py'...\n"}
[2.914833] (robot_perception) StdoutLine: {'line': b'-- Installing: /root/Dojo/Dojo/install/robot_perception/share/robot_perception/launch\n'}
[2.915162] (robot_perception) StdoutLine: {'line': b'-- Installing: /root/Dojo/Dojo/install/robot_perception/share/robot_perception/launch/robot_perception.launch.py\n'}
[2.915434] (robot_perception) StdoutLine: {'line': b'-- Installing: /root/Dojo/Dojo/install/robot_perception/share/robot_perception/launch/perception.launch.py\n'}
[2.915616] (robot_perception) StdoutLine: {'line': b'-- Installing: /root/Dojo/Dojo/install/robot_perception/share/robot_perception/launch/perception_integration.launch.py\n'}
[2.915780] (robot_perception) StdoutLine: {'line': b'-- Installing: /root/Dojo/Dojo/install/robot_perception/share/robot_perception/launch/object_detector.launch.py\n'}
[2.915917] (robot_perception) StdoutLine: {'line': b'-- Installing: /root/Dojo/Dojo/install/robot_perception/share/robot_perception/launch/perception_system.launch.py\n'}
[2.916027] (robot_perception) StdoutLine: {'line': b'-- Installing: /root/Dojo/Dojo/install/robot_perception/share/robot_perception/config\n'}
[2.916187] (robot_perception) StdoutLine: {'line': b'-- Installing: /root/Dojo/Dojo/install/robot_perception/share/robot_perception/config/robot_perception_params.yaml\n'}
[2.916332] (robot_perception) StdoutLine: {'line': b'-- Installing: /root/Dojo/Dojo/install/robot_perception/share/robot_perception/config/perception_params.yaml\n'}
[2.916509] (robot_perception) StdoutLine: {'line': b'-- Installing: /root/Dojo/Dojo/install/robot_perception/share/robot_perception/rviz\n'}
[2.916648] (robot_perception) StdoutLine: {'line': b'-- Installing: /root/Dojo/Dojo/install/robot_perception/share/robot_perception/rviz/object_detection.rviz\n'}
[2.916860] (robot_perception) StdoutLine: {'line': b'-- Installing: /root/Dojo/Dojo/install/robot_perception/share/robot_perception/rviz/perception_integration.rviz\n'}
[2.917101] (robot_perception) StdoutLine: {'line': b'-- Installing: /root/Dojo/Dojo/install/robot_perception/share/robot_perception/resource\n'}
[2.917619] (robot_perception) StdoutLine: {'line': b'-- Installing: /root/Dojo/Dojo/install/robot_perception/share/robot_perception/resource/robot_perception\n'}
[2.917808] (robot_perception) StdoutLine: {'line': b'-- Installing: /root/Dojo/Dojo/install/robot_perception/share/robot_perception/CMakeLists.txt\n'}
[2.918207] (robot_perception) StdoutLine: {'line': b'-- Installing: /root/Dojo/Dojo/install/robot_perception/share/robot_perception/package.xml\n'}
[2.919420] (robot_perception) StdoutLine: {'line': b'-- Installing: /root/Dojo/Dojo/install/robot_perception/lib/local/lib/python3.10/dist-packages/robot_perception/setup.py\n'}
[2.920866] (robot_perception) StdoutLine: {'line': b'-- Installing: /root/Dojo/Dojo/install/robot_perception/share/ament_index/resource_index/package_run_dependencies/robot_perception\n'}
[2.922309] (robot_perception) StdoutLine: {'line': b'-- Installing: /root/Dojo/Dojo/install/robot_perception/share/ament_index/resource_index/parent_prefix_path/robot_perception\n'}
[2.922557] (robot_perception) StdoutLine: {'line': b'-- Installing: /root/Dojo/Dojo/install/robot_perception/share/robot_perception/environment/ament_prefix_path.sh\n'}
[2.922679] (robot_perception) StdoutLine: {'line': b'-- Installing: /root/Dojo/Dojo/install/robot_perception/share/robot_perception/environment/ament_prefix_path.dsv\n'}
[2.922921] (robot_perception) StdoutLine: {'line': b'-- Installing: /root/Dojo/Dojo/install/robot_perception/share/robot_perception/environment/path.sh\n'}
[2.923061] (robot_perception) StdoutLine: {'line': b'-- Installing: /root/Dojo/Dojo/install/robot_perception/share/robot_perception/environment/path.dsv\n'}
[2.923221] (robot_perception) StdoutLine: {'line': b'-- Installing: /root/Dojo/Dojo/install/robot_perception/share/robot_perception/local_setup.bash\n'}
[2.923326] (robot_perception) StdoutLine: {'line': b'-- Installing: /root/Dojo/Dojo/install/robot_perception/share/robot_perception/local_setup.sh\n'}
[2.923458] (robot_perception) StdoutLine: {'line': b'-- Installing: /root/Dojo/Dojo/install/robot_perception/share/robot_perception/local_setup.zsh\n'}
[2.923549] (robot_perception) StdoutLine: {'line': b'-- Installing: /root/Dojo/Dojo/install/robot_perception/share/robot_perception/local_setup.dsv\n'}
[2.923714] (robot_perception) StdoutLine: {'line': b'-- Installing: /root/Dojo/Dojo/install/robot_perception/share/robot_perception/package.dsv\n'}
[2.923808] (robot_perception) StdoutLine: {'line': b'-- Installing: /root/Dojo/Dojo/install/robot_perception/share/ament_index/resource_index/packages/robot_perception\n'}
[2.923942] (robot_perception) StdoutLine: {'line': b'-- Installing: /root/Dojo/Dojo/install/robot_perception/share/robot_perception/cmake/ament_cmake_export_dependencies-extras.cmake\n'}
[2.924124] (robot_perception) StdoutLine: {'line': b'-- Installing: /root/Dojo/Dojo/install/robot_perception/share/robot_perception/cmake/robot_perceptionConfig.cmake\n'}
[2.924334] (robot_perception) StdoutLine: {'line': b'-- Installing: /root/Dojo/Dojo/install/robot_perception/share/robot_perception/cmake/robot_perceptionConfig-version.cmake\n'}
[2.924488] (robot_perception) StdoutLine: {'line': b'-- Up-to-date: /root/Dojo/Dojo/install/robot_perception/share/robot_perception/package.xml\n'}
[2.928367] (robot_perception) CommandEnded: {'returncode': 0}
[2.942501] (robot_perception) JobEnded: {'identifier': 'robot_perception', 'rc': 0}
[2.944040] (ros2arduino_bridge) Command: {'cmd': ['/usr/bin/python3', '-W', 'ignore:setup.py install is deprecated', '-W', 'ignore:easy_install command is deprecated', 'setup.py', 'develop', '--editable', '--build-directory', '/root/Dojo/Dojo/build/ros2arduino_bridge/build', '--no-deps', 'symlink_data'], 'cwd': '/root/Dojo/Dojo/build/ros2arduino_bridge', 'env': {'HOSTNAME': 'gareth-joel-HP-Pavilion-Gaming-Laptop-15-ec2xxx', 'SHLVL': '1', 'LD_LIBRARY_PATH': '/usr/lib/x86_64-linux-gnu/gazebo-11/plugins:/opt/ros/humble/opt/rviz_ogre_vendor/lib:/opt/ros/humble/lib/x86_64-linux-gnu:/opt/ros/humble/lib', 'HOME': '/root', 'OLDPWD': '/root/Dojo', 'ROS_PYTHON_VERSION': '3', 'COLCON_PREFIX_PATH': '/root/Dojo/install', 'ROS_DISTRO': 'humble', '_': '/usr/bin/colcon', 'ROS_VERSION': '2', 'TERM': 'xterm', 'ROS_LOCALHOST_ONLY': '0', 'QT_X11_NO_MITSHM': '1', 'PATH': '/opt/ros/humble/bin:/usr/local/sbin:/usr/local/bin:/usr/sbin:/usr/bin:/sbin:/bin', 'DISPLAY': ':0', 'LANG': 'C.UTF-8', 'LS_COLORS': 'rs=0:di=01;34:ln=01;36:mh=00:pi=40;33:so=01;35:do=01;35:bd=40;33;01:cd=40;33;01:or=40;31;01:mi=00:su=37;41:sg=30;43:ca=30;41:tw=30;42:ow=34;42:st=37;44:ex=01;32:*.tar=01;31:*.tgz=01;31:*.arc=01;31:*.arj=01;31:*.taz=01;31:*.lha=01;31:*.lz4=01;31:*.lzh=01;31:*.lzma=01;31:*.tlz=01;31:*.txz=01;31:*.tzo=01;31:*.t7z=01;31:*.zip=01;31:*.z=01;31:*.dz=01;31:*.gz=01;31:*.lrz=01;31:*.lz=01;31:*.lzo=01;31:*.xz=01;31:*.zst=01;31:*.tzst=01;31:*.bz2=01;31:*.bz=01;31:*.tbz=01;31:*.tbz2=01;31:*.tz=01;31:*.deb=01;31:*.rpm=01;31:*.jar=01;31:*.war=01;31:*.ear=01;31:*.sar=01;31:*.rar=01;31:*.alz=01;31:*.ace=01;31:*.zoo=01;31:*.cpio=01;31:*.7z=01;31:*.rz=01;31:*.cab=01;31:*.wim=01;31:*.swm=01;31:*.dwm=01;31:*.esd=01;31:*.jpg=01;35:*.jpeg=01;35:*.mjpg=01;35:*.mjpeg=01;35:*.gif=01;35:*.bmp=01;35:*.pbm=01;35:*.pgm=01;35:*.ppm=01;35:*.tga=01;35:*.xbm=01;35:*.xpm=01;35:*.tif=01;35:*.tiff=01;35:*.png=01;35:*.svg=01;35:*.svgz=01;35:*.mng=01;35:*.pcx=01;35:*.mov=01;35:*.mpg=01;35:*.mpeg=01;35:*.m2v=01;35:*.mkv=01;35:*.webm=01;35:*.webp=01;35:*.ogm=01;35:*.mp4=01;35:*.m4v=01;35:*.mp4v=01;35:*.vob=01;35:*.qt=01;35:*.nuv=01;35:*.wmv=01;35:*.asf=01;35:*.rm=01;35:*.rmvb=01;35:*.flc=01;35:*.avi=01;35:*.fli=01;35:*.flv=01;35:*.gl=01;35:*.dl=01;35:*.xcf=01;35:*.xwd=01;35:*.yuv=01;35:*.cgm=01;35:*.emf=01;35:*.ogv=01;35:*.ogx=01;35:*.aac=00;36:*.au=00;36:*.flac=00;36:*.m4a=00;36:*.mid=00;36:*.midi=00;36:*.mka=00;36:*.mp3=00;36:*.mpc=00;36:*.ogg=00;36:*.ra=00;36:*.wav=00;36:*.oga=00;36:*.opus=00;36:*.spx=00;36:*.xspf=00;36:', 'ROS_DOMAIN_ID': '7', 'AMENT_PREFIX_PATH': '/root/Dojo/install/robot_hardware:/opt/ros/humble', 'PWD': '/root/Dojo/Dojo/build/ros2arduino_bridge', 'LC_ALL': 'C.UTF-8', 'PYTHONPATH': '/root/Dojo/Dojo/build/ros2arduino_bridge/prefix_override:/usr/lib/python3/dist-packages/colcon_core/task/python/colcon_distutils_commands:/root/Dojo/Dojo/install/ros2arduino_bridge/lib/python3.10/site-packages:/root/Dojo/build/robot_hardware:/root/Dojo/install/robot_hardware/lib/python3.10/site-packages:/opt/ros/humble/lib/python3.10/site-packages:/opt/ros/humble/local/lib/python3.10/dist-packages', 'COLCON': '1', 'CMAKE_PREFIX_PATH': '/root/Dojo/install/robot_perception'}, 'shell': False}
[2.946377] (robot_sensors) Command: {'cmd': ['/usr/bin/python3', '-W', 'ignore:setup.py install is deprecated', '-W', 'ignore:easy_install command is deprecated', 'setup.py', 'develop', '--editable', '--build-directory', '/root/Dojo/Dojo/build/robot_sensors/build', '--no-deps', 'symlink_data'], 'cwd': '/root/Dojo/Dojo/build/robot_sensors', 'env': {'HOSTNAME': 'gareth-joel-HP-Pavilion-Gaming-Laptop-15-ec2xxx', 'SHLVL': '1', 'LD_LIBRARY_PATH': '/usr/lib/x86_64-linux-gnu/gazebo-11/plugins:/opt/ros/humble/opt/rviz_ogre_vendor/lib:/opt/ros/humble/lib/x86_64-linux-gnu:/opt/ros/humble/lib', 'HOME': '/root', 'OLDPWD': '/root/Dojo', 'ROS_PYTHON_VERSION': '3', 'COLCON_PREFIX_PATH': '/root/Dojo/install', 'ROS_DISTRO': 'humble', '_': '/usr/bin/colcon', 'ROS_VERSION': '2', 'TERM': 'xterm', 'ROS_LOCALHOST_ONLY': '0', 'QT_X11_NO_MITSHM': '1', 'PATH': '/opt/ros/humble/bin:/usr/local/sbin:/usr/local/bin:/usr/sbin:/usr/bin:/sbin:/bin', 'DISPLAY': ':0', 'LANG': 'C.UTF-8', 'LS_COLORS': 'rs=0:di=01;34:ln=01;36:mh=00:pi=40;33:so=01;35:do=01;35:bd=40;33;01:cd=40;33;01:or=40;31;01:mi=00:su=37;41:sg=30;43:ca=30;41:tw=30;42:ow=34;42:st=37;44:ex=01;32:*.tar=01;31:*.tgz=01;31:*.arc=01;31:*.arj=01;31:*.taz=01;31:*.lha=01;31:*.lz4=01;31:*.lzh=01;31:*.lzma=01;31:*.tlz=01;31:*.txz=01;31:*.tzo=01;31:*.t7z=01;31:*.zip=01;31:*.z=01;31:*.dz=01;31:*.gz=01;31:*.lrz=01;31:*.lz=01;31:*.lzo=01;31:*.xz=01;31:*.zst=01;31:*.tzst=01;31:*.bz2=01;31:*.bz=01;31:*.tbz=01;31:*.tbz2=01;31:*.tz=01;31:*.deb=01;31:*.rpm=01;31:*.jar=01;31:*.war=01;31:*.ear=01;31:*.sar=01;31:*.rar=01;31:*.alz=01;31:*.ace=01;31:*.zoo=01;31:*.cpio=01;31:*.7z=01;31:*.rz=01;31:*.cab=01;31:*.wim=01;31:*.swm=01;31:*.dwm=01;31:*.esd=01;31:*.jpg=01;35:*.jpeg=01;35:*.mjpg=01;35:*.mjpeg=01;35:*.gif=01;35:*.bmp=01;35:*.pbm=01;35:*.pgm=01;35:*.ppm=01;35:*.tga=01;35:*.xbm=01;35:*.xpm=01;35:*.tif=01;35:*.tiff=01;35:*.png=01;35:*.svg=01;35:*.svgz=01;35:*.mng=01;35:*.pcx=01;35:*.mov=01;35:*.mpg=01;35:*.mpeg=01;35:*.m2v=01;35:*.mkv=01;35:*.webm=01;35:*.webp=01;35:*.ogm=01;35:*.mp4=01;35:*.m4v=01;35:*.mp4v=01;35:*.vob=01;35:*.qt=01;35:*.nuv=01;35:*.wmv=01;35:*.asf=01;35:*.rm=01;35:*.rmvb=01;35:*.flc=01;35:*.avi=01;35:*.fli=01;35:*.flv=01;35:*.gl=01;35:*.dl=01;35:*.xcf=01;35:*.xwd=01;35:*.yuv=01;35:*.cgm=01;35:*.emf=01;35:*.ogv=01;35:*.ogx=01;35:*.aac=00;36:*.au=00;36:*.flac=00;36:*.m4a=00;36:*.mid=00;36:*.midi=00;36:*.mka=00;36:*.mp3=00;36:*.mpc=00;36:*.ogg=00;36:*.ra=00;36:*.wav=00;36:*.oga=00;36:*.opus=00;36:*.spx=00;36:*.xspf=00;36:', 'ROS_DOMAIN_ID': '7', 'AMENT_PREFIX_PATH': '/root/Dojo/install/robot_hardware:/opt/ros/humble', 'PWD': '/root/Dojo/Dojo/build/robot_sensors', 'LC_ALL': 'C.UTF-8', 'PYTHONPATH': '/root/Dojo/Dojo/build/robot_sensors/prefix_override:/usr/lib/python3/dist-packages/colcon_core/task/python/colcon_distutils_commands:/root/Dojo/Dojo/install/robot_sensors/lib/python3.10/site-packages:/root/Dojo/build/robot_hardware:/root/Dojo/install/robot_hardware/lib/python3.10/site-packages:/opt/ros/humble/lib/python3.10/site-packages:/opt/ros/humble/local/lib/python3.10/dist-packages', 'COLCON': '1', 'CMAKE_PREFIX_PATH': '/root/Dojo/install/robot_perception'}, 'shell': False}
[2.948562] (robot_hardware) Command: {'cmd': ['/usr/bin/python3', '-W', 'ignore:setup.py install is deprecated', '-W', 'ignore:easy_install command is deprecated', 'setup.py', 'develop', '--editable', '--build-directory', '/root/Dojo/Dojo/build/robot_hardware/build', '--no-deps', 'symlink_data'], 'cwd': '/root/Dojo/Dojo/build/robot_hardware', 'env': {'HOSTNAME': 'gareth-joel-HP-Pavilion-Gaming-Laptop-15-ec2xxx', 'SHLVL': '1', 'LD_LIBRARY_PATH': '/usr/lib/x86_64-linux-gnu/gazebo-11/plugins:/opt/ros/humble/opt/rviz_ogre_vendor/lib:/opt/ros/humble/lib/x86_64-linux-gnu:/opt/ros/humble/lib', 'HOME': '/root', 'OLDPWD': '/root/Dojo', 'ROS_PYTHON_VERSION': '3', 'COLCON_PREFIX_PATH': '/root/Dojo/install', 'ROS_DISTRO': 'humble', '_': '/usr/bin/colcon', 'ROS_VERSION': '2', 'TERM': 'xterm', 'ROS_LOCALHOST_ONLY': '0', 'QT_X11_NO_MITSHM': '1', 'PATH': '/opt/ros/humble/bin:/usr/local/sbin:/usr/local/bin:/usr/sbin:/usr/bin:/sbin:/bin', 'DISPLAY': ':0', 'LANG': 'C.UTF-8', 'LS_COLORS': 'rs=0:di=01;34:ln=01;36:mh=00:pi=40;33:so=01;35:do=01;35:bd=40;33;01:cd=40;33;01:or=40;31;01:mi=00:su=37;41:sg=30;43:ca=30;41:tw=30;42:ow=34;42:st=37;44:ex=01;32:*.tar=01;31:*.tgz=01;31:*.arc=01;31:*.arj=01;31:*.taz=01;31:*.lha=01;31:*.lz4=01;31:*.lzh=01;31:*.lzma=01;31:*.tlz=01;31:*.txz=01;31:*.tzo=01;31:*.t7z=01;31:*.zip=01;31:*.z=01;31:*.dz=01;31:*.gz=01;31:*.lrz=01;31:*.lz=01;31:*.lzo=01;31:*.xz=01;31:*.zst=01;31:*.tzst=01;31:*.bz2=01;31:*.bz=01;31:*.tbz=01;31:*.tbz2=01;31:*.tz=01;31:*.deb=01;31:*.rpm=01;31:*.jar=01;31:*.war=01;31:*.ear=01;31:*.sar=01;31:*.rar=01;31:*.alz=01;31:*.ace=01;31:*.zoo=01;31:*.cpio=01;31:*.7z=01;31:*.rz=01;31:*.cab=01;31:*.wim=01;31:*.swm=01;31:*.dwm=01;31:*.esd=01;31:*.jpg=01;35:*.jpeg=01;35:*.mjpg=01;35:*.mjpeg=01;35:*.gif=01;35:*.bmp=01;35:*.pbm=01;35:*.pgm=01;35:*.ppm=01;35:*.tga=01;35:*.xbm=01;35:*.xpm=01;35:*.tif=01;35:*.tiff=01;35:*.png=01;35:*.svg=01;35:*.svgz=01;35:*.mng=01;35:*.pcx=01;35:*.mov=01;35:*.mpg=01;35:*.mpeg=01;35:*.m2v=01;35:*.mkv=01;35:*.webm=01;35:*.webp=01;35:*.ogm=01;35:*.mp4=01;35:*.m4v=01;35:*.mp4v=01;35:*.vob=01;35:*.qt=01;35:*.nuv=01;35:*.wmv=01;35:*.asf=01;35:*.rm=01;35:*.rmvb=01;35:*.flc=01;35:*.avi=01;35:*.fli=01;35:*.flv=01;35:*.gl=01;35:*.dl=01;35:*.xcf=01;35:*.xwd=01;35:*.yuv=01;35:*.cgm=01;35:*.emf=01;35:*.ogv=01;35:*.ogx=01;35:*.aac=00;36:*.au=00;36:*.flac=00;36:*.m4a=00;36:*.mid=00;36:*.midi=00;36:*.mka=00;36:*.mp3=00;36:*.mpc=00;36:*.ogg=00;36:*.ra=00;36:*.wav=00;36:*.oga=00;36:*.opus=00;36:*.spx=00;36:*.xspf=00;36:', 'ROS_DOMAIN_ID': '7', 'AMENT_PREFIX_PATH': '/root/Dojo/install/robot_hardware:/opt/ros/humble', 'PWD': '/root/Dojo/Dojo/build/robot_hardware', 'LC_ALL': 'C.UTF-8', 'PYTHONPATH': '/root/Dojo/Dojo/build/robot_hardware/prefix_override:/usr/lib/python3/dist-packages/colcon_core/task/python/colcon_distutils_commands:/root/Dojo/Dojo/install/robot_hardware/lib/python3.10/site-packages:/root/Dojo/build/robot_hardware:/root/Dojo/install/robot_hardware/lib/python3.10/site-packages:/opt/ros/humble/lib/python3.10/site-packages:/opt/ros/humble/local/lib/python3.10/dist-packages', 'COLCON': '1', 'CMAKE_PREFIX_PATH': '/root/Dojo/install/robot_perception'}, 'shell': False}
[2.966500] (robot_description) StdoutLine: {'line': b'-- Found UUID: TRUE  \n'}
[2.971024] (robot_description) StdoutLine: {'line': b'-- Looking for ignition-msgs5 -- found version 5.8.1\n'}
[2.971624] (robot_description) StdoutLine: {'line': b'-- Searching for dependencies of ignition-msgs5\n'}
[2.973374] (robot_interfaces) StdoutLine: {'line': b'-- Found ament_cmake_ros: 0.10.0 (/opt/ros/humble/share/ament_cmake_ros/cmake)\n'}
[3.005687] (-) TimerEvent: {}
[3.008160] (robot_description) StdoutLine: {'line': b'-- Looking for ignition-math6 -- found version 6.15.1\n'}
[3.010027] (nv21_converter_pkg) Command: {'cmd': ['/usr/bin/python3', '-W', 'ignore:setup.py install is deprecated', '-W', 'ignore:easy_install command is deprecated', 'setup.py', 'develop', '--editable', '--build-directory', '/root/Dojo/Dojo/build/nv21_converter_pkg/build', '--no-deps', 'symlink_data'], 'cwd': '/root/Dojo/Dojo/build/nv21_converter_pkg', 'env': {'HOSTNAME': 'gareth-joel-HP-Pavilion-Gaming-Laptop-15-ec2xxx', 'SHLVL': '1', 'LD_LIBRARY_PATH': '/usr/lib/x86_64-linux-gnu/gazebo-11/plugins:/opt/ros/humble/opt/rviz_ogre_vendor/lib:/opt/ros/humble/lib/x86_64-linux-gnu:/opt/ros/humble/lib', 'HOME': '/root', 'OLDPWD': '/root/Dojo', 'ROS_PYTHON_VERSION': '3', 'COLCON_PREFIX_PATH': '/root/Dojo/install', 'ROS_DISTRO': 'humble', '_': '/usr/bin/colcon', 'ROS_VERSION': '2', 'TERM': 'xterm', 'ROS_LOCALHOST_ONLY': '0', 'QT_X11_NO_MITSHM': '1', 'PATH': '/opt/ros/humble/bin:/usr/local/sbin:/usr/local/bin:/usr/sbin:/usr/bin:/sbin:/bin', 'DISPLAY': ':0', 'LANG': 'C.UTF-8', 'LS_COLORS': 'rs=0:di=01;34:ln=01;36:mh=00:pi=40;33:so=01;35:do=01;35:bd=40;33;01:cd=40;33;01:or=40;31;01:mi=00:su=37;41:sg=30;43:ca=30;41:tw=30;42:ow=34;42:st=37;44:ex=01;32:*.tar=01;31:*.tgz=01;31:*.arc=01;31:*.arj=01;31:*.taz=01;31:*.lha=01;31:*.lz4=01;31:*.lzh=01;31:*.lzma=01;31:*.tlz=01;31:*.txz=01;31:*.tzo=01;31:*.t7z=01;31:*.zip=01;31:*.z=01;31:*.dz=01;31:*.gz=01;31:*.lrz=01;31:*.lz=01;31:*.lzo=01;31:*.xz=01;31:*.zst=01;31:*.tzst=01;31:*.bz2=01;31:*.bz=01;31:*.tbz=01;31:*.tbz2=01;31:*.tz=01;31:*.deb=01;31:*.rpm=01;31:*.jar=01;31:*.war=01;31:*.ear=01;31:*.sar=01;31:*.rar=01;31:*.alz=01;31:*.ace=01;31:*.zoo=01;31:*.cpio=01;31:*.7z=01;31:*.rz=01;31:*.cab=01;31:*.wim=01;31:*.swm=01;31:*.dwm=01;31:*.esd=01;31:*.jpg=01;35:*.jpeg=01;35:*.mjpg=01;35:*.mjpeg=01;35:*.gif=01;35:*.bmp=01;35:*.pbm=01;35:*.pgm=01;35:*.ppm=01;35:*.tga=01;35:*.xbm=01;35:*.xpm=01;35:*.tif=01;35:*.tiff=01;35:*.png=01;35:*.svg=01;35:*.svgz=01;35:*.mng=01;35:*.pcx=01;35:*.mov=01;35:*.mpg=01;35:*.mpeg=01;35:*.m2v=01;35:*.mkv=01;35:*.webm=01;35:*.webp=01;35:*.ogm=01;35:*.mp4=01;35:*.m4v=01;35:*.mp4v=01;35:*.vob=01;35:*.qt=01;35:*.nuv=01;35:*.wmv=01;35:*.asf=01;35:*.rm=01;35:*.rmvb=01;35:*.flc=01;35:*.avi=01;35:*.fli=01;35:*.flv=01;35:*.gl=01;35:*.dl=01;35:*.xcf=01;35:*.xwd=01;35:*.yuv=01;35:*.cgm=01;35:*.emf=01;35:*.ogv=01;35:*.ogx=01;35:*.aac=00;36:*.au=00;36:*.flac=00;36:*.m4a=00;36:*.mid=00;36:*.midi=00;36:*.mka=00;36:*.mp3=00;36:*.mpc=00;36:*.ogg=00;36:*.ra=00;36:*.wav=00;36:*.oga=00;36:*.opus=00;36:*.spx=00;36:*.xspf=00;36:', 'ROS_DOMAIN_ID': '7', 'AMENT_PREFIX_PATH': '/root/Dojo/install/robot_hardware:/opt/ros/humble', 'PWD': '/root/Dojo/Dojo/build/nv21_converter_pkg', 'LC_ALL': 'C.UTF-8', 'PYTHONPATH': '/root/Dojo/Dojo/build/nv21_converter_pkg/prefix_override:/usr/lib/python3/dist-packages/colcon_core/task/python/colcon_distutils_commands:/root/Dojo/Dojo/install/nv21_converter_pkg/lib/python3.10/site-packages:/root/Dojo/build/robot_hardware:/root/Dojo/install/robot_hardware/lib/python3.10/site-packages:/opt/ros/humble/lib/python3.10/site-packages:/opt/ros/humble/local/lib/python3.10/dist-packages', 'COLCON': '1', 'CMAKE_PREFIX_PATH': '/root/Dojo/install/robot_perception'}, 'shell': False}
[3.016612] (robot_description) StdoutLine: {'line': b"-- Checking for module 'tinyxml2'\n"}
[3.022389] (vision_system) Command: {'cmd': ['/usr/bin/python3', '-W', 'ignore:setup.py install is deprecated', '-W', 'ignore:easy_install command is deprecated', 'setup.py', 'develop', '--editable', '--build-directory', '/root/Dojo/Dojo/build/vision_system/build', '--no-deps', 'symlink_data'], 'cwd': '/root/Dojo/Dojo/build/vision_system', 'env': {'HOSTNAME': 'gareth-joel-HP-Pavilion-Gaming-Laptop-15-ec2xxx', 'SHLVL': '1', 'LD_LIBRARY_PATH': '/usr/lib/x86_64-linux-gnu/gazebo-11/plugins:/opt/ros/humble/opt/rviz_ogre_vendor/lib:/opt/ros/humble/lib/x86_64-linux-gnu:/opt/ros/humble/lib', 'HOME': '/root', 'OLDPWD': '/root/Dojo', 'ROS_PYTHON_VERSION': '3', 'COLCON_PREFIX_PATH': '/root/Dojo/install', 'ROS_DISTRO': 'humble', '_': '/usr/bin/colcon', 'ROS_VERSION': '2', 'TERM': 'xterm', 'ROS_LOCALHOST_ONLY': '0', 'QT_X11_NO_MITSHM': '1', 'PATH': '/opt/ros/humble/bin:/usr/local/sbin:/usr/local/bin:/usr/sbin:/usr/bin:/sbin:/bin', 'DISPLAY': ':0', 'LANG': 'C.UTF-8', 'LS_COLORS': 'rs=0:di=01;34:ln=01;36:mh=00:pi=40;33:so=01;35:do=01;35:bd=40;33;01:cd=40;33;01:or=40;31;01:mi=00:su=37;41:sg=30;43:ca=30;41:tw=30;42:ow=34;42:st=37;44:ex=01;32:*.tar=01;31:*.tgz=01;31:*.arc=01;31:*.arj=01;31:*.taz=01;31:*.lha=01;31:*.lz4=01;31:*.lzh=01;31:*.lzma=01;31:*.tlz=01;31:*.txz=01;31:*.tzo=01;31:*.t7z=01;31:*.zip=01;31:*.z=01;31:*.dz=01;31:*.gz=01;31:*.lrz=01;31:*.lz=01;31:*.lzo=01;31:*.xz=01;31:*.zst=01;31:*.tzst=01;31:*.bz2=01;31:*.bz=01;31:*.tbz=01;31:*.tbz2=01;31:*.tz=01;31:*.deb=01;31:*.rpm=01;31:*.jar=01;31:*.war=01;31:*.ear=01;31:*.sar=01;31:*.rar=01;31:*.alz=01;31:*.ace=01;31:*.zoo=01;31:*.cpio=01;31:*.7z=01;31:*.rz=01;31:*.cab=01;31:*.wim=01;31:*.swm=01;31:*.dwm=01;31:*.esd=01;31:*.jpg=01;35:*.jpeg=01;35:*.mjpg=01;35:*.mjpeg=01;35:*.gif=01;35:*.bmp=01;35:*.pbm=01;35:*.pgm=01;35:*.ppm=01;35:*.tga=01;35:*.xbm=01;35:*.xpm=01;35:*.tif=01;35:*.tiff=01;35:*.png=01;35:*.svg=01;35:*.svgz=01;35:*.mng=01;35:*.pcx=01;35:*.mov=01;35:*.mpg=01;35:*.mpeg=01;35:*.m2v=01;35:*.mkv=01;35:*.webm=01;35:*.webp=01;35:*.ogm=01;35:*.mp4=01;35:*.m4v=01;35:*.mp4v=01;35:*.vob=01;35:*.qt=01;35:*.nuv=01;35:*.wmv=01;35:*.asf=01;35:*.rm=01;35:*.rmvb=01;35:*.flc=01;35:*.avi=01;35:*.fli=01;35:*.flv=01;35:*.gl=01;35:*.dl=01;35:*.xcf=01;35:*.xwd=01;35:*.yuv=01;35:*.cgm=01;35:*.emf=01;35:*.ogv=01;35:*.ogx=01;35:*.aac=00;36:*.au=00;36:*.flac=00;36:*.m4a=00;36:*.mid=00;36:*.midi=00;36:*.mka=00;36:*.mp3=00;36:*.mpc=00;36:*.ogg=00;36:*.ra=00;36:*.wav=00;36:*.oga=00;36:*.opus=00;36:*.spx=00;36:*.xspf=00;36:', 'ROS_DOMAIN_ID': '7', 'AMENT_PREFIX_PATH': '/root/Dojo/install/robot_hardware:/opt/ros/humble', 'PWD': '/root/Dojo/Dojo/build/vision_system', 'LC_ALL': 'C.UTF-8', 'PYTHONPATH': '/root/Dojo/Dojo/build/vision_system/prefix_override:/usr/lib/python3/dist-packages/colcon_core/task/python/colcon_distutils_commands:/root/Dojo/Dojo/install/vision_system/lib/python3.10/site-packages:/root/Dojo/build/robot_hardware:/root/Dojo/install/robot_hardware/lib/python3.10/site-packages:/opt/ros/humble/lib/python3.10/site-packages:/opt/ros/humble/local/lib/python3.10/dist-packages', 'COLCON': '1', 'CMAKE_PREFIX_PATH': '/root/Dojo/install/robot_perception'}, 'shell': False}
[3.026729] (arduino_bridge) Command: {'cmd': ['/usr/bin/python3', '-W', 'ignore:setup.py install is deprecated', '-W', 'ignore:easy_install command is deprecated', 'setup.py', 'develop', '--editable', '--build-directory', '/root/Dojo/Dojo/build/arduino_bridge/build', '--no-deps', 'symlink_data'], 'cwd': '/root/Dojo/Dojo/build/arduino_bridge', 'env': {'HOSTNAME': 'gareth-joel-HP-Pavilion-Gaming-Laptop-15-ec2xxx', 'SHLVL': '1', 'LD_LIBRARY_PATH': '/usr/lib/x86_64-linux-gnu/gazebo-11/plugins:/opt/ros/humble/opt/rviz_ogre_vendor/lib:/opt/ros/humble/lib/x86_64-linux-gnu:/opt/ros/humble/lib', 'HOME': '/root', 'OLDPWD': '/root/Dojo', 'ROS_PYTHON_VERSION': '3', 'COLCON_PREFIX_PATH': '/root/Dojo/install', 'ROS_DISTRO': 'humble', '_': '/usr/bin/colcon', 'ROS_VERSION': '2', 'TERM': 'xterm', 'ROS_LOCALHOST_ONLY': '0', 'QT_X11_NO_MITSHM': '1', 'PATH': '/opt/ros/humble/bin:/usr/local/sbin:/usr/local/bin:/usr/sbin:/usr/bin:/sbin:/bin', 'DISPLAY': ':0', 'LANG': 'C.UTF-8', 'LS_COLORS': 'rs=0:di=01;34:ln=01;36:mh=00:pi=40;33:so=01;35:do=01;35:bd=40;33;01:cd=40;33;01:or=40;31;01:mi=00:su=37;41:sg=30;43:ca=30;41:tw=30;42:ow=34;42:st=37;44:ex=01;32:*.tar=01;31:*.tgz=01;31:*.arc=01;31:*.arj=01;31:*.taz=01;31:*.lha=01;31:*.lz4=01;31:*.lzh=01;31:*.lzma=01;31:*.tlz=01;31:*.txz=01;31:*.tzo=01;31:*.t7z=01;31:*.zip=01;31:*.z=01;31:*.dz=01;31:*.gz=01;31:*.lrz=01;31:*.lz=01;31:*.lzo=01;31:*.xz=01;31:*.zst=01;31:*.tzst=01;31:*.bz2=01;31:*.bz=01;31:*.tbz=01;31:*.tbz2=01;31:*.tz=01;31:*.deb=01;31:*.rpm=01;31:*.jar=01;31:*.war=01;31:*.ear=01;31:*.sar=01;31:*.rar=01;31:*.alz=01;31:*.ace=01;31:*.zoo=01;31:*.cpio=01;31:*.7z=01;31:*.rz=01;31:*.cab=01;31:*.wim=01;31:*.swm=01;31:*.dwm=01;31:*.esd=01;31:*.jpg=01;35:*.jpeg=01;35:*.mjpg=01;35:*.mjpeg=01;35:*.gif=01;35:*.bmp=01;35:*.pbm=01;35:*.pgm=01;35:*.ppm=01;35:*.tga=01;35:*.xbm=01;35:*.xpm=01;35:*.tif=01;35:*.tiff=01;35:*.png=01;35:*.svg=01;35:*.svgz=01;35:*.mng=01;35:*.pcx=01;35:*.mov=01;35:*.mpg=01;35:*.mpeg=01;35:*.m2v=01;35:*.mkv=01;35:*.webm=01;35:*.webp=01;35:*.ogm=01;35:*.mp4=01;35:*.m4v=01;35:*.mp4v=01;35:*.vob=01;35:*.qt=01;35:*.nuv=01;35:*.wmv=01;35:*.asf=01;35:*.rm=01;35:*.rmvb=01;35:*.flc=01;35:*.avi=01;35:*.fli=01;35:*.flv=01;35:*.gl=01;35:*.dl=01;35:*.xcf=01;35:*.xwd=01;35:*.yuv=01;35:*.cgm=01;35:*.emf=01;35:*.ogv=01;35:*.ogx=01;35:*.aac=00;36:*.au=00;36:*.flac=00;36:*.m4a=00;36:*.mid=00;36:*.midi=00;36:*.mka=00;36:*.mp3=00;36:*.mpc=00;36:*.ogg=00;36:*.ra=00;36:*.wav=00;36:*.oga=00;36:*.opus=00;36:*.spx=00;36:*.xspf=00;36:', 'ROS_DOMAIN_ID': '7', 'AMENT_PREFIX_PATH': '/root/Dojo/install/robot_hardware:/opt/ros/humble', 'PWD': '/root/Dojo/Dojo/build/arduino_bridge', 'LC_ALL': 'C.UTF-8', 'PYTHONPATH': '/root/Dojo/Dojo/build/arduino_bridge/prefix_override:/usr/lib/python3/dist-packages/colcon_core/task/python/colcon_distutils_commands:/root/Dojo/Dojo/install/arduino_bridge/lib/python3.10/site-packages:/root/Dojo/build/robot_hardware:/root/Dojo/install/robot_hardware/lib/python3.10/site-packages:/opt/ros/humble/lib/python3.10/site-packages:/opt/ros/humble/local/lib/python3.10/dist-packages', 'COLCON': '1', 'CMAKE_PREFIX_PATH': '/root/Dojo/install/robot_perception'}, 'shell': False}
[3.043817] (robot_description) StdoutLine: {'line': b'--   Found tinyxml2, version 9.0.0\n'}
[3.105807] (-) TimerEvent: {}
[3.115325] (robot_description) StdoutLine: {'line': b'-- Looking for ignition-msgs5 -- found version 5.8.1\n'}
[3.119834] (robot_description) StdoutLine: {'line': b'-- Looking for ignition-common3 -- found version 3.14.0\n'}
[3.120691] (robot_description) StdoutLine: {'line': b'-- Searching for dependencies of ignition-common3\n'}
[3.121104] (robot_description) StdoutLine: {'line': b'-- Looking for dlfcn.h - found\n'}
[3.122256] (robot_description) StdoutLine: {'line': b'-- Looking for libdl - found\n'}
[3.123883] (robot_description) StdoutLine: {'line': b'-- Found DL: TRUE  \n'}
[3.141348] (robot_description) StdoutLine: {'line': b'-- Found tinyobjloader: /usr/lib/x86_64-linux-gnu/cmake/tinyobjloader/tinyobjloader-config.cmake (found version "2.0.0") \n'}
[3.141974] (robot_description) StdoutLine: {'line': b'-- Searching for <ignition-common3> component [graphics]\n'}
[3.146127] (robot_description) StdoutLine: {'line': b'-- Looking for ignition-common3-graphics -- found version 3.14.0\n'}
[3.146805] (robot_description) StdoutLine: {'line': b'-- Searching for dependencies of ignition-common3-graphics\n'}
[3.147275] (robot_description) StdoutLine: {'line': b'-- Looking for ignition-math6 -- found version 6.15.1\n'}
[3.152416] (robot_description) StdoutLine: {'line': b'-- Looking for ignition-fuel_tools4 -- found version 4.4.0\n'}
[3.153187] (robot_description) StdoutLine: {'line': b'-- Searching for dependencies of ignition-fuel_tools4\n'}
[3.205910] (-) TimerEvent: {}
[3.266102] (ros2arduino_bridge) StderrLine: {'line': b"/usr/local/lib/python3.10/dist-packages/setuptools/dist.py:770: UserWarning: Usage of dash-separated 'script-dir' will not be supported in future versions. Please use the underscore name 'script_dir' instead\n"}
[3.266378] (ros2arduino_bridge) StderrLine: {'line': b'  warnings.warn(\n'}
[3.294264] (robot_description) StdoutLine: {'line': b'-- Found CURL: /usr/lib/x86_64-linux-gnu/libcurl.so (found version "7.81.0")  \n'}
[3.306015] (-) TimerEvent: {}
[3.312499] (robot_description) StdoutLine: {'line': b"-- Checking for module 'jsoncpp'\n"}
[3.341690] (robot_description) StdoutLine: {'line': b'--   Found jsoncpp, version 1.9.5\n'}
[3.390212] (ros2arduino_bridge) StdoutLine: {'line': b'running develop\n'}
[3.396739] (robot_sensors) StdoutLine: {'line': b'running develop\n'}
[3.406118] (-) TimerEvent: {}
[3.435219] (robot_description) StdoutLine: {'line': b'-- Found JSONCPP: TRUE  \n'}
[3.438195] (robot_hardware) StdoutLine: {'line': b'running develop\n'}
[3.445599] (robot_description) StdoutLine: {'line': b"-- Checking for module 'libzip'\n"}
[3.466654] (nv21_converter_pkg) StdoutLine: {'line': b'running develop\n'}
[3.467007] (arduino_bridge) StdoutLine: {'line': b'running develop\n'}
[3.473182] (robot_description) StdoutLine: {'line': b'--   Found libzip, version 1.7.3\n'}
[3.490399] (vision_system) StdoutLine: {'line': b'running develop\n'}
[3.506224] (-) TimerEvent: {}
[3.531979] (robot_control) StdoutLine: {'line': b'-- Found Python3: /usr/bin/python3 (found version "3.10.12") found components: Interpreter Development Development.Module Development.Embed \n'}
[3.544772] (robot_description) StdoutLine: {'line': b'-- Found ZIP: TRUE  \n'}
[3.545455] (robot_description) StdoutLine: {'line': b'-- Looking for ignition-common3 -- found version 3.14.0\n'}
[3.546111] (robot_description) StdoutLine: {'line': b'-- Looking for ignition-math6 -- found version 6.15.1\n'}
[3.546748] (robot_description) StdoutLine: {'line': b'-- Looking for ignition-msgs5 -- found version 5.8.1\n'}
[3.554862] (robot_description) StdoutLine: {'line': b'-- Gazebo version: 11.10\n'}
[3.555471] (robot_description) StdoutLine: {'line': b"-- Checking for module 'tbb'\n"}
[3.579043] (robot_description) StdoutLine: {'line': b'--   Found tbb, version 2021.5.0\n'}
[3.606322] (-) TimerEvent: {}
[3.643367] (robot_control) StdoutLine: {'line': b'-- Configuring done\n'}
[3.653015] (robot_control) StdoutLine: {'line': b'-- Generating done\n'}
[3.656388] (robot_control) StdoutLine: {'line': b'-- Build files have been written to: /root/Dojo/Dojo/build/robot_control\n'}
[3.666180] (ros2arduino_bridge) StdoutLine: {'line': b'running egg_info\n'}
[3.666472] (ros2arduino_bridge) StdoutLine: {'line': b'creating ros2arduino_bridge.egg-info\n'}
[3.672506] (robot_interfaces) StdoutLine: {'line': b'-- Using all available rosidl_typesupport_c: rosidl_typesupport_fastrtps_c;rosidl_typesupport_introspection_c\n'}
[3.673287] (robot_control) CommandEnded: {'returncode': 0}
[3.673969] (robot_control) JobProgress: {'identifier': 'robot_control', 'progress': 'build'}
[3.674331] (robot_control) Command: {'cmd': ['/usr/bin/cmake', '--build', '/root/Dojo/Dojo/build/robot_control', '--', '-j16', '-l16'], 'cwd': '/root/Dojo/Dojo/build/robot_control', 'env': OrderedDict([('HOSTNAME', 'gareth-joel-HP-Pavilion-Gaming-Laptop-15-ec2xxx'), ('SHLVL', '1'), ('LD_LIBRARY_PATH', '/usr/lib/x86_64-linux-gnu/gazebo-11/plugins:/opt/ros/humble/opt/rviz_ogre_vendor/lib:/opt/ros/humble/lib/x86_64-linux-gnu:/opt/ros/humble/lib'), ('HOME', '/root'), ('OLDPWD', '/root/Dojo'), ('ROS_PYTHON_VERSION', '3'), ('COLCON_PREFIX_PATH', '/root/Dojo/install'), ('ROS_DISTRO', 'humble'), ('_', '/usr/bin/colcon'), ('ROS_VERSION', '2'), ('TERM', 'xterm'), ('ROS_LOCALHOST_ONLY', '0'), ('QT_X11_NO_MITSHM', '1'), ('PATH', '/opt/ros/humble/bin:/usr/local/sbin:/usr/local/bin:/usr/sbin:/usr/bin:/sbin:/bin'), ('DISPLAY', ':0'), ('LANG', 'C.UTF-8'), ('LS_COLORS', 'rs=0:di=01;34:ln=01;36:mh=00:pi=40;33:so=01;35:do=01;35:bd=40;33;01:cd=40;33;01:or=40;31;01:mi=00:su=37;41:sg=30;43:ca=30;41:tw=30;42:ow=34;42:st=37;44:ex=01;32:*.tar=01;31:*.tgz=01;31:*.arc=01;31:*.arj=01;31:*.taz=01;31:*.lha=01;31:*.lz4=01;31:*.lzh=01;31:*.lzma=01;31:*.tlz=01;31:*.txz=01;31:*.tzo=01;31:*.t7z=01;31:*.zip=01;31:*.z=01;31:*.dz=01;31:*.gz=01;31:*.lrz=01;31:*.lz=01;31:*.lzo=01;31:*.xz=01;31:*.zst=01;31:*.tzst=01;31:*.bz2=01;31:*.bz=01;31:*.tbz=01;31:*.tbz2=01;31:*.tz=01;31:*.deb=01;31:*.rpm=01;31:*.jar=01;31:*.war=01;31:*.ear=01;31:*.sar=01;31:*.rar=01;31:*.alz=01;31:*.ace=01;31:*.zoo=01;31:*.cpio=01;31:*.7z=01;31:*.rz=01;31:*.cab=01;31:*.wim=01;31:*.swm=01;31:*.dwm=01;31:*.esd=01;31:*.jpg=01;35:*.jpeg=01;35:*.mjpg=01;35:*.mjpeg=01;35:*.gif=01;35:*.bmp=01;35:*.pbm=01;35:*.pgm=01;35:*.ppm=01;35:*.tga=01;35:*.xbm=01;35:*.xpm=01;35:*.tif=01;35:*.tiff=01;35:*.png=01;35:*.svg=01;35:*.svgz=01;35:*.mng=01;35:*.pcx=01;35:*.mov=01;35:*.mpg=01;35:*.mpeg=01;35:*.m2v=01;35:*.mkv=01;35:*.webm=01;35:*.webp=01;35:*.ogm=01;35:*.mp4=01;35:*.m4v=01;35:*.mp4v=01;35:*.vob=01;35:*.qt=01;35:*.nuv=01;35:*.wmv=01;35:*.asf=01;35:*.rm=01;35:*.rmvb=01;35:*.flc=01;35:*.avi=01;35:*.fli=01;35:*.flv=01;35:*.gl=01;35:*.dl=01;35:*.xcf=01;35:*.xwd=01;35:*.yuv=01;35:*.cgm=01;35:*.emf=01;35:*.ogv=01;35:*.ogx=01;35:*.aac=00;36:*.au=00;36:*.flac=00;36:*.m4a=00;36:*.mid=00;36:*.midi=00;36:*.mka=00;36:*.mp3=00;36:*.mpc=00;36:*.ogg=00;36:*.ra=00;36:*.wav=00;36:*.oga=00;36:*.opus=00;36:*.spx=00;36:*.xspf=00;36:'), ('ROS_DOMAIN_ID', '7'), ('AMENT_PREFIX_PATH', '/root/Dojo/install/robot_hardware:/opt/ros/humble'), ('PWD', '/root/Dojo/Dojo/build/robot_control'), ('LC_ALL', 'C.UTF-8'), ('PYTHONPATH', '/root/Dojo/build/robot_hardware:/root/Dojo/install/robot_hardware/lib/python3.10/site-packages:/opt/ros/humble/lib/python3.10/site-packages:/opt/ros/humble/local/lib/python3.10/dist-packages'), ('COLCON', '1'), ('CMAKE_PREFIX_PATH', '/root/Dojo/install/robot_perception:/root/Dojo/install/robot_hardware:/opt/ros/humble')]), 'shell': False}
[3.676960] (robot_sensors) StdoutLine: {'line': b'running egg_info\n'}
[3.677172] (robot_sensors) StdoutLine: {'line': b'creating robot_sensors.egg-info\n'}
[3.685140] (ros2arduino_bridge) StdoutLine: {'line': b'writing ros2arduino_bridge.egg-info/PKG-INFO\n'}
[3.685647] (ros2arduino_bridge) StdoutLine: {'line': b'writing dependency_links to ros2arduino_bridge.egg-info/dependency_links.txt\n'}
[3.685961] (ros2arduino_bridge) StdoutLine: {'line': b'writing entry points to ros2arduino_bridge.egg-info/entry_points.txt\n'}
[3.686471] (ros2arduino_bridge) StdoutLine: {'line': b'writing requirements to ros2arduino_bridge.egg-info/requires.txt\n'}
[3.686810] (ros2arduino_bridge) StdoutLine: {'line': b'writing top-level names to ros2arduino_bridge.egg-info/top_level.txt\n'}
[3.687065] (ros2arduino_bridge) StdoutLine: {'line': b"writing manifest file 'ros2arduino_bridge.egg-info/SOURCES.txt'\n"}
[3.693535] (robot_sensors) StdoutLine: {'line': b'writing robot_sensors.egg-info/PKG-INFO\n'}
[3.693916] (robot_sensors) StdoutLine: {'line': b'writing dependency_links to robot_sensors.egg-info/dependency_links.txt\n'}
[3.694222] (robot_sensors) StdoutLine: {'line': b'writing entry points to robot_sensors.egg-info/entry_points.txt\n'}
[3.694424] (robot_sensors) StdoutLine: {'line': b'writing requirements to robot_sensors.egg-info/requires.txt\n'}
[3.694619] (robot_sensors) StdoutLine: {'line': b'writing top-level names to robot_sensors.egg-info/top_level.txt\n'}
[3.694837] (robot_sensors) StdoutLine: {'line': b"writing manifest file 'robot_sensors.egg-info/SOURCES.txt'\n"}
[3.706420] (-) TimerEvent: {}
[3.724225] (ros2arduino_bridge) StdoutLine: {'line': b"reading manifest file 'ros2arduino_bridge.egg-info/SOURCES.txt'\n"}
[3.725225] (ros2arduino_bridge) StdoutLine: {'line': b"writing manifest file 'ros2arduino_bridge.egg-info/SOURCES.txt'\n"}
[3.725479] (robot_hardware) StdoutLine: {'line': b'running egg_info\n'}
[3.725633] (robot_hardware) StdoutLine: {'line': b'creating robot_hardware.egg-info\n'}
[3.729087] (robot_sensors) StdoutLine: {'line': b"reading manifest file 'robot_sensors.egg-info/SOURCES.txt'\n"}
[3.729851] (robot_sensors) StdoutLine: {'line': b"writing manifest file 'robot_sensors.egg-info/SOURCES.txt'\n"}
[3.742827] (robot_hardware) StdoutLine: {'line': b'writing robot_hardware.egg-info/PKG-INFO\n'}
[3.743306] (robot_hardware) StdoutLine: {'line': b'writing dependency_links to robot_hardware.egg-info/dependency_links.txt\n'}
[3.743696] (robot_hardware) StdoutLine: {'line': b'writing entry points to robot_hardware.egg-info/entry_points.txt\n'}
[3.744014] (robot_hardware) StdoutLine: {'line': b'writing requirements to robot_hardware.egg-info/requires.txt\n'}
[3.744333] (robot_hardware) StdoutLine: {'line': b'writing top-level names to robot_hardware.egg-info/top_level.txt\n'}
[3.744467] (robot_description) StdoutLine: {'line': b'-- Configuring done\n'}
[3.744622] (robot_hardware) StdoutLine: {'line': b"writing manifest file 'robot_hardware.egg-info/SOURCES.txt'\n"}
[3.746722] (ros2arduino_bridge) StdoutLine: {'line': b'running build_ext\n'}
[3.746951] (ros2arduino_bridge) StdoutLine: {'line': b'Creating /root/Dojo/Dojo/install/ros2arduino_bridge/lib/python3.10/site-packages/ros2arduino-bridge.egg-link (link to .)\n'}
[3.747572] (ros2arduino_bridge) StdoutLine: {'line': b'Installing arduino_bridge script to /lib/ros2arduino_bridge\n'}
[3.747933] (ros2arduino_bridge) StdoutLine: {'line': b'\n'}
[3.748096] (ros2arduino_bridge) StdoutLine: {'line': b'Installed /root/Dojo/Dojo/build/ros2arduino_bridge\n'}
[3.748314] (ros2arduino_bridge) StdoutLine: {'line': b'running symlink_data\n'}
[3.748457] (ros2arduino_bridge) StdoutLine: {'line': b'creating /root/Dojo/Dojo/install/ros2arduino_bridge/share/ament_index\n'}
[3.748755] (ros2arduino_bridge) StdoutLine: {'line': b'creating /root/Dojo/Dojo/install/ros2arduino_bridge/share/ament_index/resource_index\n'}
[3.749155] (ros2arduino_bridge) StdoutLine: {'line': b'creating /root/Dojo/Dojo/install/ros2arduino_bridge/share/ament_index/resource_index/packages\n'}
[3.749297] (ros2arduino_bridge) StdoutLine: {'line': b'symbolically linking /root/Dojo/Dojo/build/ros2arduino_bridge/resource/ros2arduino_bridge -> /root/Dojo/Dojo/install/ros2arduino_bridge/share/ament_index/resource_index/packages\n'}
[3.749418] (ros2arduino_bridge) StdoutLine: {'line': b'symbolically linking /root/Dojo/Dojo/build/ros2arduino_bridge/package.xml -> /root/Dojo/Dojo/install/ros2arduino_bridge/share/ros2arduino_bridge\n'}
[3.749546] (ros2arduino_bridge) StdoutLine: {'line': b'creating /root/Dojo/Dojo/install/ros2arduino_bridge/share/ros2arduino_bridge/launch\n'}
[3.749675] (ros2arduino_bridge) StdoutLine: {'line': b'symbolically linking /root/Dojo/Dojo/build/ros2arduino_bridge/launch/ros2arduino_bridge.launch.py -> /root/Dojo/Dojo/install/ros2arduino_bridge/share/ros2arduino_bridge/launch\n'}
[3.749937] (robot_sensors) StdoutLine: {'line': b'running build_ext\n'}
[3.750292] (robot_sensors) StdoutLine: {'line': b'Creating /root/Dojo/Dojo/install/robot_sensors/lib/python3.10/site-packages/robot-sensors.egg-link (link to .)\n'}
[3.750428] (ros2arduino_bridge) StdoutLine: {'line': b'creating /root/Dojo/Dojo/install/ros2arduino_bridge/share/ros2arduino_bridge/config\n'}
[3.751114] (ros2arduino_bridge) StdoutLine: {'line': b'symbolically linking /root/Dojo/Dojo/build/ros2arduino_bridge/config/ros2arduino_bridge_params.yaml -> /root/Dojo/Dojo/install/ros2arduino_bridge/share/ros2arduino_bridge/config\n'}
[3.751384] (robot_sensors) StdoutLine: {'line': b'Installing camera_node script to /root/Dojo/Dojo/install/robot_sensors/lib/robot_sensors\n'}
[3.751726] (robot_control) CommandEnded: {'returncode': 0}
[3.752441] (robot_sensors) StdoutLine: {'line': b'\n'}
[3.752600] (robot_sensors) StdoutLine: {'line': b'Installed /root/Dojo/Dojo/build/robot_sensors\n'}
[3.752929] (robot_sensors) StdoutLine: {'line': b'running symlink_data\n'}
[3.753095] (robot_sensors) StdoutLine: {'line': b'creating /root/Dojo/Dojo/install/robot_sensors/share/ament_index\n'}
[3.753252] (robot_sensors) StdoutLine: {'line': b'creating /root/Dojo/Dojo/install/robot_sensors/share/ament_index/resource_index\n'}
[3.753382] (robot_sensors) StdoutLine: {'line': b'creating /root/Dojo/Dojo/install/robot_sensors/share/ament_index/resource_index/packages\n'}
[3.755352] (robot_sensors) StdoutLine: {'line': b'symbolically linking /root/Dojo/Dojo/build/robot_sensors/resource/robot_sensors -> /root/Dojo/Dojo/install/robot_sensors/share/ament_index/resource_index/packages\n'}
[3.755998] (robot_sensors) StdoutLine: {'line': b'symbolically linking /root/Dojo/Dojo/build/robot_sensors/package.xml -> /root/Dojo/Dojo/install/robot_sensors/share/robot_sensors\n'}
[3.756327] (robot_sensors) StdoutLine: {'line': b'creating /root/Dojo/Dojo/install/robot_sensors/share/robot_sensors/launch\n'}
[3.756466] (robot_sensors) StdoutLine: {'line': b'symbolically linking /root/Dojo/Dojo/build/robot_sensors/launch/test_lidar.launch.py -> /root/Dojo/Dojo/install/robot_sensors/share/robot_sensors/launch\n'}
[3.756587] (robot_control) JobProgress: {'identifier': 'robot_control', 'progress': 'install'}
[3.756626] (robot_sensors) StdoutLine: {'line': b'symbolically linking /root/Dojo/Dojo/build/robot_sensors/launch/sensors.launch.py -> /root/Dojo/Dojo/install/robot_sensors/share/robot_sensors/launch\n'}
[3.756748] (robot_sensors) StdoutLine: {'line': b'symbolically linking /root/Dojo/Dojo/build/robot_sensors/launch/camera.launch.py -> /root/Dojo/Dojo/install/robot_sensors/share/robot_sensors/launch\n'}
[3.756873] (robot_sensors) StdoutLine: {'line': b'creating /root/Dojo/Dojo/install/robot_sensors/share/robot_sensors/config\n'}
[3.756986] (robot_sensors) StdoutLine: {'line': b'symbolically linking /root/Dojo/Dojo/build/robot_sensors/config/robot_sensors_params.yaml -> /root/Dojo/Dojo/install/robot_sensors/share/robot_sensors/config\n'}
[3.757114] (robot_sensors) StdoutLine: {'line': b'symbolically linking /root/Dojo/Dojo/build/robot_sensors/config/laser_filter_config.yaml -> /root/Dojo/Dojo/install/robot_sensors/share/robot_sensors/config\n'}
[3.757223] (robot_control) Command: {'cmd': ['/usr/bin/cmake', '--install', '/root/Dojo/Dojo/build/robot_control'], 'cwd': '/root/Dojo/Dojo/build/robot_control', 'env': OrderedDict([('HOSTNAME', 'gareth-joel-HP-Pavilion-Gaming-Laptop-15-ec2xxx'), ('SHLVL', '1'), ('LD_LIBRARY_PATH', '/usr/lib/x86_64-linux-gnu/gazebo-11/plugins:/opt/ros/humble/opt/rviz_ogre_vendor/lib:/opt/ros/humble/lib/x86_64-linux-gnu:/opt/ros/humble/lib'), ('HOME', '/root'), ('OLDPWD', '/root/Dojo'), ('ROS_PYTHON_VERSION', '3'), ('COLCON_PREFIX_PATH', '/root/Dojo/install'), ('ROS_DISTRO', 'humble'), ('_', '/usr/bin/colcon'), ('ROS_VERSION', '2'), ('TERM', 'xterm'), ('ROS_LOCALHOST_ONLY', '0'), ('QT_X11_NO_MITSHM', '1'), ('PATH', '/opt/ros/humble/bin:/usr/local/sbin:/usr/local/bin:/usr/sbin:/usr/bin:/sbin:/bin'), ('DISPLAY', ':0'), ('LANG', 'C.UTF-8'), ('LS_COLORS', 'rs=0:di=01;34:ln=01;36:mh=00:pi=40;33:so=01;35:do=01;35:bd=40;33;01:cd=40;33;01:or=40;31;01:mi=00:su=37;41:sg=30;43:ca=30;41:tw=30;42:ow=34;42:st=37;44:ex=01;32:*.tar=01;31:*.tgz=01;31:*.arc=01;31:*.arj=01;31:*.taz=01;31:*.lha=01;31:*.lz4=01;31:*.lzh=01;31:*.lzma=01;31:*.tlz=01;31:*.txz=01;31:*.tzo=01;31:*.t7z=01;31:*.zip=01;31:*.z=01;31:*.dz=01;31:*.gz=01;31:*.lrz=01;31:*.lz=01;31:*.lzo=01;31:*.xz=01;31:*.zst=01;31:*.tzst=01;31:*.bz2=01;31:*.bz=01;31:*.tbz=01;31:*.tbz2=01;31:*.tz=01;31:*.deb=01;31:*.rpm=01;31:*.jar=01;31:*.war=01;31:*.ear=01;31:*.sar=01;31:*.rar=01;31:*.alz=01;31:*.ace=01;31:*.zoo=01;31:*.cpio=01;31:*.7z=01;31:*.rz=01;31:*.cab=01;31:*.wim=01;31:*.swm=01;31:*.dwm=01;31:*.esd=01;31:*.jpg=01;35:*.jpeg=01;35:*.mjpg=01;35:*.mjpeg=01;35:*.gif=01;35:*.bmp=01;35:*.pbm=01;35:*.pgm=01;35:*.ppm=01;35:*.tga=01;35:*.xbm=01;35:*.xpm=01;35:*.tif=01;35:*.tiff=01;35:*.png=01;35:*.svg=01;35:*.svgz=01;35:*.mng=01;35:*.pcx=01;35:*.mov=01;35:*.mpg=01;35:*.mpeg=01;35:*.m2v=01;35:*.mkv=01;35:*.webm=01;35:*.webp=01;35:*.ogm=01;35:*.mp4=01;35:*.m4v=01;35:*.mp4v=01;35:*.vob=01;35:*.qt=01;35:*.nuv=01;35:*.wmv=01;35:*.asf=01;35:*.rm=01;35:*.rmvb=01;35:*.flc=01;35:*.avi=01;35:*.fli=01;35:*.flv=01;35:*.gl=01;35:*.dl=01;35:*.xcf=01;35:*.xwd=01;35:*.yuv=01;35:*.cgm=01;35:*.emf=01;35:*.ogv=01;35:*.ogx=01;35:*.aac=00;36:*.au=00;36:*.flac=00;36:*.m4a=00;36:*.mid=00;36:*.midi=00;36:*.mka=00;36:*.mp3=00;36:*.mpc=00;36:*.ogg=00;36:*.ra=00;36:*.wav=00;36:*.oga=00;36:*.opus=00;36:*.spx=00;36:*.xspf=00;36:'), ('ROS_DOMAIN_ID', '7'), ('AMENT_PREFIX_PATH', '/root/Dojo/install/robot_hardware:/opt/ros/humble'), ('PWD', '/root/Dojo/Dojo/build/robot_control'), ('LC_ALL', 'C.UTF-8'), ('PYTHONPATH', '/root/Dojo/build/robot_hardware:/root/Dojo/install/robot_hardware/lib/python3.10/site-packages:/opt/ros/humble/lib/python3.10/site-packages:/opt/ros/humble/local/lib/python3.10/dist-packages'), ('COLCON', '1'), ('CMAKE_PREFIX_PATH', '/root/Dojo/install/robot_perception:/root/Dojo/install/robot_hardware:/opt/ros/humble')]), 'shell': False}
[3.757674] (robot_description) StdoutLine: {'line': b'-- Generating done\n'}
[3.759119] (nv21_converter_pkg) StdoutLine: {'line': b'running egg_info\n'}
[3.759265] (nv21_converter_pkg) StdoutLine: {'line': b'creating nv21_converter_pkg.egg-info\n'}
[3.762896] (robot_description) StdoutLine: {'line': b'-- Build files have been written to: /root/Dojo/Dojo/build/robot_description\n'}
[3.766605] (robot_control) StdoutLine: {'line': b'-- Install configuration: "Release"\n'}
[3.767275] (robot_control) StdoutLine: {'line': b'-- Execute custom install script\n'}
[3.767957] (robot_control) StdoutLine: {'line': b'-- Symlinking: /root/Dojo/Dojo/install/robot_control/share/robot_control/launch/control.launch.py\n'}
[3.778694] (nv21_converter_pkg) StdoutLine: {'line': b'writing nv21_converter_pkg.egg-info/PKG-INFO\n'}
[3.779241] (nv21_converter_pkg) StdoutLine: {'line': b'writing dependency_links to nv21_converter_pkg.egg-info/dependency_links.txt\n'}
[3.779600] (nv21_converter_pkg) StdoutLine: {'line': b'writing entry points to nv21_converter_pkg.egg-info/entry_points.txt\n'}
[3.779849] (nv21_converter_pkg) StdoutLine: {'line': b'writing requirements to nv21_converter_pkg.egg-info/requires.txt\n'}
[3.780085] (nv21_converter_pkg) StdoutLine: {'line': b'writing top-level names to nv21_converter_pkg.egg-info/top_level.txt\n'}
[3.780345] (nv21_converter_pkg) StdoutLine: {'line': b"writing manifest file 'nv21_converter_pkg.egg-info/SOURCES.txt'\n"}
[3.780551] (vision_system) StdoutLine: {'line': b'running egg_info\n'}
[3.780709] (vision_system) StdoutLine: {'line': b'creating vision_system.egg-info\n'}
[3.782954] (robot_hardware) StdoutLine: {'line': b"reading manifest file 'robot_hardware.egg-info/SOURCES.txt'\n"}
[3.784020] (robot_hardware) StdoutLine: {'line': b"writing manifest file 'robot_hardware.egg-info/SOURCES.txt'\n"}
[3.785469] (robot_control) StdoutLine: {'line': b'-- Symlinking: /root/Dojo/Dojo/install/robot_control/share/robot_control/launch/robot_control.launch.py\n'}
[3.788332] (robot_description) CommandEnded: {'returncode': 0}
[3.789334] (robot_description) JobProgress: {'identifier': 'robot_description', 'progress': 'build'}
[3.789860] (robot_description) Command: {'cmd': ['/usr/bin/cmake', '--build', '/root/Dojo/Dojo/build/robot_description', '--', '-j16', '-l16'], 'cwd': '/root/Dojo/Dojo/build/robot_description', 'env': OrderedDict([('HOSTNAME', 'gareth-joel-HP-Pavilion-Gaming-Laptop-15-ec2xxx'), ('SHLVL', '1'), ('LD_LIBRARY_PATH', '/usr/lib/x86_64-linux-gnu/gazebo-11/plugins:/opt/ros/humble/opt/rviz_ogre_vendor/lib:/opt/ros/humble/lib/x86_64-linux-gnu:/opt/ros/humble/lib'), ('HOME', '/root'), ('OLDPWD', '/root/Dojo'), ('ROS_PYTHON_VERSION', '3'), ('COLCON_PREFIX_PATH', '/root/Dojo/install'), ('ROS_DISTRO', 'humble'), ('_', '/usr/bin/colcon'), ('ROS_VERSION', '2'), ('TERM', 'xterm'), ('ROS_LOCALHOST_ONLY', '0'), ('QT_X11_NO_MITSHM', '1'), ('PATH', '/opt/ros/humble/bin:/usr/local/sbin:/usr/local/bin:/usr/sbin:/usr/bin:/sbin:/bin'), ('DISPLAY', ':0'), ('LANG', 'C.UTF-8'), ('LS_COLORS', 'rs=0:di=01;34:ln=01;36:mh=00:pi=40;33:so=01;35:do=01;35:bd=40;33;01:cd=40;33;01:or=40;31;01:mi=00:su=37;41:sg=30;43:ca=30;41:tw=30;42:ow=34;42:st=37;44:ex=01;32:*.tar=01;31:*.tgz=01;31:*.arc=01;31:*.arj=01;31:*.taz=01;31:*.lha=01;31:*.lz4=01;31:*.lzh=01;31:*.lzma=01;31:*.tlz=01;31:*.txz=01;31:*.tzo=01;31:*.t7z=01;31:*.zip=01;31:*.z=01;31:*.dz=01;31:*.gz=01;31:*.lrz=01;31:*.lz=01;31:*.lzo=01;31:*.xz=01;31:*.zst=01;31:*.tzst=01;31:*.bz2=01;31:*.bz=01;31:*.tbz=01;31:*.tbz2=01;31:*.tz=01;31:*.deb=01;31:*.rpm=01;31:*.jar=01;31:*.war=01;31:*.ear=01;31:*.sar=01;31:*.rar=01;31:*.alz=01;31:*.ace=01;31:*.zoo=01;31:*.cpio=01;31:*.7z=01;31:*.rz=01;31:*.cab=01;31:*.wim=01;31:*.swm=01;31:*.dwm=01;31:*.esd=01;31:*.jpg=01;35:*.jpeg=01;35:*.mjpg=01;35:*.mjpeg=01;35:*.gif=01;35:*.bmp=01;35:*.pbm=01;35:*.pgm=01;35:*.ppm=01;35:*.tga=01;35:*.xbm=01;35:*.xpm=01;35:*.tif=01;35:*.tiff=01;35:*.png=01;35:*.svg=01;35:*.svgz=01;35:*.mng=01;35:*.pcx=01;35:*.mov=01;35:*.mpg=01;35:*.mpeg=01;35:*.m2v=01;35:*.mkv=01;35:*.webm=01;35:*.webp=01;35:*.ogm=01;35:*.mp4=01;35:*.m4v=01;35:*.mp4v=01;35:*.vob=01;35:*.qt=01;35:*.nuv=01;35:*.wmv=01;35:*.asf=01;35:*.rm=01;35:*.rmvb=01;35:*.flc=01;35:*.avi=01;35:*.fli=01;35:*.flv=01;35:*.gl=01;35:*.dl=01;35:*.xcf=01;35:*.xwd=01;35:*.yuv=01;35:*.cgm=01;35:*.emf=01;35:*.ogv=01;35:*.ogx=01;35:*.aac=00;36:*.au=00;36:*.flac=00;36:*.m4a=00;36:*.mid=00;36:*.midi=00;36:*.mka=00;36:*.mp3=00;36:*.mpc=00;36:*.ogg=00;36:*.ra=00;36:*.wav=00;36:*.oga=00;36:*.opus=00;36:*.spx=00;36:*.xspf=00;36:'), ('ROS_DOMAIN_ID', '7'), ('AMENT_PREFIX_PATH', '/root/Dojo/install/robot_hardware:/opt/ros/humble'), ('PWD', '/root/Dojo/Dojo/build/robot_description'), ('LC_ALL', 'C.UTF-8'), ('PYTHONPATH', '/root/Dojo/build/robot_hardware:/root/Dojo/install/robot_hardware/lib/python3.10/site-packages:/opt/ros/humble/lib/python3.10/site-packages:/opt/ros/humble/local/lib/python3.10/dist-packages'), ('COLCON', '1'), ('CMAKE_PREFIX_PATH', '/root/Dojo/install/robot_perception:/root/Dojo/install/robot_hardware:/opt/ros/humble')]), 'shell': False}
[3.792553] (arduino_bridge) StdoutLine: {'line': b'running egg_info\n'}
[3.792776] (arduino_bridge) StdoutLine: {'line': b'creating arduino_bridge.egg-info\n'}
[3.797157] (vision_system) StdoutLine: {'line': b'writing vision_system.egg-info/PKG-INFO\n'}
[3.797568] (vision_system) StdoutLine: {'line': b'writing dependency_links to vision_system.egg-info/dependency_links.txt\n'}
[3.797898] (vision_system) StdoutLine: {'line': b'writing entry points to vision_system.egg-info/entry_points.txt\n'}
[3.798155] (vision_system) StdoutLine: {'line': b'writing requirements to vision_system.egg-info/requires.txt\n'}
[3.798380] (vision_system) StdoutLine: {'line': b'writing top-level names to vision_system.egg-info/top_level.txt\n'}
[3.798550] (vision_system) StdoutLine: {'line': b"writing manifest file 'vision_system.egg-info/SOURCES.txt'\n"}
[3.799105] (robot_control) StdoutLine: {'line': b'-- Symlinking: /root/Dojo/Dojo/install/robot_control/share/robot_control/config/arduino.yaml\n'}
[3.804979] (robot_hardware) StdoutLine: {'line': b'running build_ext\n'}
[3.805281] (robot_hardware) StdoutLine: {'line': b'Creating /root/Dojo/Dojo/install/robot_hardware/lib/python3.10/site-packages/robot-hardware.egg-link (link to .)\n'}
[3.806264] (robot_hardware) StdoutLine: {'line': b'Installing arduino_driver script to /root/Dojo/Dojo/install/robot_hardware/lib/robot_hardware\n'}
[3.806427] (-) TimerEvent: {}
[3.806684] (robot_hardware) StdoutLine: {'line': b'Installing camera_driver script to /root/Dojo/Dojo/install/robot_hardware/lib/robot_hardware\n'}
[3.806873] (robot_hardware) StdoutLine: {'line': b'Installing hardware_manager script to /root/Dojo/Dojo/install/robot_hardware/lib/robot_hardware\n'}
[3.807040] (robot_hardware) StdoutLine: {'line': b'Installing lidar_driver script to /root/Dojo/Dojo/install/robot_hardware/lib/robot_hardware\n'}
[3.807306] (robot_hardware) StdoutLine: {'line': b'\n'}
[3.807444] (robot_hardware) StdoutLine: {'line': b'Installed /root/Dojo/Dojo/build/robot_hardware\n'}
[3.807723] (robot_hardware) StdoutLine: {'line': b'running symlink_data\n'}
[3.807850] (robot_hardware) StdoutLine: {'line': b'creating /root/Dojo/Dojo/install/robot_hardware/share/ament_index\n'}
[3.808024] (robot_hardware) StdoutLine: {'line': b'creating /root/Dojo/Dojo/install/robot_hardware/share/ament_index/resource_index\n'}
[3.808176] (robot_hardware) StdoutLine: {'line': b'creating /root/Dojo/Dojo/install/robot_hardware/share/ament_index/resource_index/packages\n'}
[3.808344] (robot_hardware) StdoutLine: {'line': b'symbolically linking /root/Dojo/Dojo/build/robot_hardware/resource/robot_hardware -> /root/Dojo/Dojo/install/robot_hardware/share/ament_index/resource_index/packages\n'}
[3.808501] (robot_hardware) StdoutLine: {'line': b'symbolically linking /root/Dojo/Dojo/build/robot_hardware/package.xml -> /root/Dojo/Dojo/install/robot_hardware/share/robot_hardware\n'}
[3.808648] (robot_hardware) StdoutLine: {'line': b'creating /root/Dojo/Dojo/install/robot_hardware/share/robot_hardware/launch\n'}
[3.808792] (robot_hardware) StdoutLine: {'line': b'symbolically linking /root/Dojo/Dojo/build/robot_hardware/launch/hardware.launch.py -> /root/Dojo/Dojo/install/robot_hardware/share/robot_hardware/launch\n'}
[3.808906] (robot_hardware) StdoutLine: {'line': b'creating /root/Dojo/Dojo/install/robot_hardware/share/robot_hardware/config\n'}
[3.809012] (robot_hardware) StdoutLine: {'line': b'symbolically linking /root/Dojo/Dojo/build/robot_hardware/config/hardware.yaml -> /root/Dojo/Dojo/install/robot_hardware/share/robot_hardware/config\n'}
[3.810112] (arduino_bridge) StdoutLine: {'line': b'writing arduino_bridge.egg-info/PKG-INFO\n'}
[3.810521] (arduino_bridge) StdoutLine: {'line': b'writing dependency_links to arduino_bridge.egg-info/dependency_links.txt\n'}
[3.810842] (arduino_bridge) StdoutLine: {'line': b'writing entry points to arduino_bridge.egg-info/entry_points.txt\n'}
[3.811116] (arduino_bridge) StdoutLine: {'line': b'writing requirements to arduino_bridge.egg-info/requires.txt\n'}
[3.811356] (arduino_bridge) StdoutLine: {'line': b'writing top-level names to arduino_bridge.egg-info/top_level.txt\n'}
[3.811569] (arduino_bridge) StdoutLine: {'line': b"writing manifest file 'arduino_bridge.egg-info/SOURCES.txt'\n"}
[3.812229] (robot_control) StdoutLine: {'line': b'-- Symlinking: /root/Dojo/Dojo/install/robot_control/share/robot_control/config/controllers.yaml\n'}
[3.819061] (nv21_converter_pkg) StdoutLine: {'line': b"reading manifest file 'nv21_converter_pkg.egg-info/SOURCES.txt'\n"}
[3.820194] (nv21_converter_pkg) StdoutLine: {'line': b"writing manifest file 'nv21_converter_pkg.egg-info/SOURCES.txt'\n"}
[3.824855] (robot_control) StdoutLine: {'line': b'-- Symlinking: /root/Dojo/Dojo/install/robot_control/share/robot_control/config/robot_control_params.yaml\n'}
[3.834739] (vision_system) StdoutLine: {'line': b"reading manifest file 'vision_system.egg-info/SOURCES.txt'\n"}
[3.835705] (vision_system) StdoutLine: {'line': b"writing manifest file 'vision_system.egg-info/SOURCES.txt'\n"}
[3.837486] (robot_control) StdoutLine: {'line': b'-- Symlinking: /root/Dojo/Dojo/install/robot_control/share/robot_control/config/twist_mux.yaml\n'}
[3.839790] (nv21_converter_pkg) StdoutLine: {'line': b'running build_ext\n'}
[3.840047] (nv21_converter_pkg) StdoutLine: {'line': b'Creating /root/Dojo/Dojo/install/nv21_converter_pkg/lib/python3.10/site-packages/nv21-converter-pkg.egg-link (link to .)\n'}
[3.840970] (nv21_converter_pkg) StdoutLine: {'line': b'Installing nv21_converter script to /root/Dojo/Dojo/install/nv21_converter_pkg/lib/nv21_converter_pkg\n'}
[3.841383] (nv21_converter_pkg) StdoutLine: {'line': b'\n'}
[3.841572] (nv21_converter_pkg) StdoutLine: {'line': b'Installed /root/Dojo/Dojo/build/nv21_converter_pkg\n'}
[3.841722] (nv21_converter_pkg) StdoutLine: {'line': b'running symlink_data\n'}
[3.841895] (nv21_converter_pkg) StdoutLine: {'line': b'creating /root/Dojo/Dojo/install/nv21_converter_pkg/share/ament_index\n'}
[3.842017] (nv21_converter_pkg) StdoutLine: {'line': b'creating /root/Dojo/Dojo/install/nv21_converter_pkg/share/ament_index/resource_index\n'}
[3.842176] (nv21_converter_pkg) StdoutLine: {'line': b'creating /root/Dojo/Dojo/install/nv21_converter_pkg/share/ament_index/resource_index/packages\n'}
[3.842334] (nv21_converter_pkg) StdoutLine: {'line': b'symbolically linking /root/Dojo/Dojo/build/nv21_converter_pkg/resource/nv21_converter_pkg -> /root/Dojo/Dojo/install/nv21_converter_pkg/share/ament_index/resource_index/packages\n'}
[3.842454] (nv21_converter_pkg) StdoutLine: {'line': b'symbolically linking /root/Dojo/Dojo/build/nv21_converter_pkg/package.xml -> /root/Dojo/Dojo/install/nv21_converter_pkg/share/nv21_converter_pkg\n'}
[3.846400] (arduino_bridge) StdoutLine: {'line': b"reading manifest file 'arduino_bridge.egg-info/SOURCES.txt'\n"}
[3.847595] (ros2arduino_bridge) CommandEnded: {'returncode': 0}
[3.848331] (arduino_bridge) StdoutLine: {'line': b"writing manifest file 'arduino_bridge.egg-info/SOURCES.txt'\n"}
[3.849995] (robot_control) StdoutLine: {'line': b'-- Symlinking: /root/Dojo/Dojo/install/robot_control/share/robot_control/package.xml\n'}
[3.855760] (vision_system) StdoutLine: {'line': b'running build_ext\n'}
[3.856066] (vision_system) StdoutLine: {'line': b'Creating /root/Dojo/Dojo/install/vision_system/lib/python3.10/site-packages/vision-system.egg-link (link to .)\n'}
[3.857147] (vision_system) StdoutLine: {'line': b'Installing object_detector script to /root/Dojo/Dojo/install/vision_system/lib/vision_system\n'}
[3.857501] (vision_system) StdoutLine: {'line': b'\n'}
[3.857872] (vision_system) StdoutLine: {'line': b'Installed /root/Dojo/Dojo/build/vision_system\n'}
[3.858521] (vision_system) StdoutLine: {'line': b'running symlink_data\n'}
[3.858707] (vision_system) StdoutLine: {'line': b'creating /root/Dojo/Dojo/install/vision_system/share/ament_index\n'}
[3.858821] (vision_system) StdoutLine: {'line': b'creating /root/Dojo/Dojo/install/vision_system/share/ament_index/resource_index\n'}
[3.858913] (vision_system) StdoutLine: {'line': b'creating /root/Dojo/Dojo/install/vision_system/share/ament_index/resource_index/packages\n'}
[3.858998] (vision_system) StdoutLine: {'line': b'symbolically linking /root/Dojo/Dojo/build/vision_system/resource/vision_system -> /root/Dojo/Dojo/install/vision_system/share/ament_index/resource_index/packages\n'}
[3.859097] (ros2arduino_bridge) JobEnded: {'identifier': 'ros2arduino_bridge', 'rc': 0}
[3.859469] (vision_system) StdoutLine: {'line': b'symbolically linking /root/Dojo/Dojo/build/vision_system/package.xml -> /root/Dojo/Dojo/install/vision_system/share/vision_system\n'}
[3.859590] (vision_system) StdoutLine: {'line': b'creating /root/Dojo/Dojo/install/vision_system/share/vision_system/launch\n'}
[3.859689] (vision_system) StdoutLine: {'line': b'symbolically linking /root/Dojo/Dojo/build/vision_system/launch/vision_system.launch.py -> /root/Dojo/Dojo/install/vision_system/share/vision_system/launch\n'}
[3.859780] (vision_system) StdoutLine: {'line': b'creating /root/Dojo/Dojo/install/vision_system/share/vision_system/config\n'}
[3.864487] (robot_description) CommandEnded: {'returncode': 0}
[3.864989] (robot_control) StdoutLine: {'line': b'-- Symlinking: /root/Dojo/Dojo/install/robot_control/share/robot_control/setup.py\n'}
[3.865583] (robot_description) JobProgress: {'identifier': 'robot_description', 'progress': 'install'}
[3.866452] (robot_description) Command: {'cmd': ['/usr/bin/cmake', '--install', '/root/Dojo/Dojo/build/robot_description'], 'cwd': '/root/Dojo/Dojo/build/robot_description', 'env': OrderedDict([('HOSTNAME', 'gareth-joel-HP-Pavilion-Gaming-Laptop-15-ec2xxx'), ('SHLVL', '1'), ('LD_LIBRARY_PATH', '/usr/lib/x86_64-linux-gnu/gazebo-11/plugins:/opt/ros/humble/opt/rviz_ogre_vendor/lib:/opt/ros/humble/lib/x86_64-linux-gnu:/opt/ros/humble/lib'), ('HOME', '/root'), ('OLDPWD', '/root/Dojo'), ('ROS_PYTHON_VERSION', '3'), ('COLCON_PREFIX_PATH', '/root/Dojo/install'), ('ROS_DISTRO', 'humble'), ('_', '/usr/bin/colcon'), ('ROS_VERSION', '2'), ('TERM', 'xterm'), ('ROS_LOCALHOST_ONLY', '0'), ('QT_X11_NO_MITSHM', '1'), ('PATH', '/opt/ros/humble/bin:/usr/local/sbin:/usr/local/bin:/usr/sbin:/usr/bin:/sbin:/bin'), ('DISPLAY', ':0'), ('LANG', 'C.UTF-8'), ('LS_COLORS', 'rs=0:di=01;34:ln=01;36:mh=00:pi=40;33:so=01;35:do=01;35:bd=40;33;01:cd=40;33;01:or=40;31;01:mi=00:su=37;41:sg=30;43:ca=30;41:tw=30;42:ow=34;42:st=37;44:ex=01;32:*.tar=01;31:*.tgz=01;31:*.arc=01;31:*.arj=01;31:*.taz=01;31:*.lha=01;31:*.lz4=01;31:*.lzh=01;31:*.lzma=01;31:*.tlz=01;31:*.txz=01;31:*.tzo=01;31:*.t7z=01;31:*.zip=01;31:*.z=01;31:*.dz=01;31:*.gz=01;31:*.lrz=01;31:*.lz=01;31:*.lzo=01;31:*.xz=01;31:*.zst=01;31:*.tzst=01;31:*.bz2=01;31:*.bz=01;31:*.tbz=01;31:*.tbz2=01;31:*.tz=01;31:*.deb=01;31:*.rpm=01;31:*.jar=01;31:*.war=01;31:*.ear=01;31:*.sar=01;31:*.rar=01;31:*.alz=01;31:*.ace=01;31:*.zoo=01;31:*.cpio=01;31:*.7z=01;31:*.rz=01;31:*.cab=01;31:*.wim=01;31:*.swm=01;31:*.dwm=01;31:*.esd=01;31:*.jpg=01;35:*.jpeg=01;35:*.mjpg=01;35:*.mjpeg=01;35:*.gif=01;35:*.bmp=01;35:*.pbm=01;35:*.pgm=01;35:*.ppm=01;35:*.tga=01;35:*.xbm=01;35:*.xpm=01;35:*.tif=01;35:*.tiff=01;35:*.png=01;35:*.svg=01;35:*.svgz=01;35:*.mng=01;35:*.pcx=01;35:*.mov=01;35:*.mpg=01;35:*.mpeg=01;35:*.m2v=01;35:*.mkv=01;35:*.webm=01;35:*.webp=01;35:*.ogm=01;35:*.mp4=01;35:*.m4v=01;35:*.mp4v=01;35:*.vob=01;35:*.qt=01;35:*.nuv=01;35:*.wmv=01;35:*.asf=01;35:*.rm=01;35:*.rmvb=01;35:*.flc=01;35:*.avi=01;35:*.fli=01;35:*.flv=01;35:*.gl=01;35:*.dl=01;35:*.xcf=01;35:*.xwd=01;35:*.yuv=01;35:*.cgm=01;35:*.emf=01;35:*.ogv=01;35:*.ogx=01;35:*.aac=00;36:*.au=00;36:*.flac=00;36:*.m4a=00;36:*.mid=00;36:*.midi=00;36:*.mka=00;36:*.mp3=00;36:*.mpc=00;36:*.ogg=00;36:*.ra=00;36:*.wav=00;36:*.oga=00;36:*.opus=00;36:*.spx=00;36:*.xspf=00;36:'), ('ROS_DOMAIN_ID', '7'), ('AMENT_PREFIX_PATH', '/root/Dojo/install/robot_hardware:/opt/ros/humble'), ('PWD', '/root/Dojo/Dojo/build/robot_description'), ('LC_ALL', 'C.UTF-8'), ('PYTHONPATH', '/root/Dojo/build/robot_hardware:/root/Dojo/install/robot_hardware/lib/python3.10/site-packages:/opt/ros/humble/lib/python3.10/site-packages:/opt/ros/humble/local/lib/python3.10/dist-packages'), ('COLCON', '1'), ('CMAKE_PREFIX_PATH', '/root/Dojo/install/robot_perception:/root/Dojo/install/robot_hardware:/opt/ros/humble')]), 'shell': False}
[3.867707] (arduino_bridge) StdoutLine: {'line': b'running build_ext\n'}
[3.868884] (arduino_bridge) StdoutLine: {'line': b'Creating /root/Dojo/Dojo/install/arduino_bridge/lib/python3.10/site-packages/arduino-bridge.egg-link (link to .)\n'}
[3.870332] (robot_sensors) CommandEnded: {'returncode': 0}
[3.870849] (arduino_bridge) StdoutLine: {'line': b'Installing arduino_bridge_node script to /root/Dojo/Dojo/install/arduino_bridge/lib/arduino_bridge\n'}
[3.871234] (arduino_bridge) StdoutLine: {'line': b'Installing test_arduino_bridge script to /root/Dojo/Dojo/install/arduino_bridge/lib/arduino_bridge\n'}
[3.871486] (arduino_bridge) StdoutLine: {'line': b'\n'}
[3.871658] (arduino_bridge) StdoutLine: {'line': b'Installed /root/Dojo/Dojo/build/arduino_bridge\n'}
[3.871854] (arduino_bridge) StdoutLine: {'line': b'running symlink_data\n'}
[3.872379] (arduino_bridge) StdoutLine: {'line': b'creating /root/Dojo/Dojo/install/arduino_bridge/share/ament_index\n'}
[3.872705] (arduino_bridge) StdoutLine: {'line': b'creating /root/Dojo/Dojo/install/arduino_bridge/share/ament_index/resource_index\n'}
[3.872830] (arduino_bridge) StdoutLine: {'line': b'creating /root/Dojo/Dojo/install/arduino_bridge/share/ament_index/resource_index/packages\n'}
[3.873193] (arduino_bridge) StdoutLine: {'line': b'symbolically linking /root/Dojo/Dojo/build/arduino_bridge/resource/arduino_bridge -> /root/Dojo/Dojo/install/arduino_bridge/share/ament_index/resource_index/packages\n'}
[3.873345] (arduino_bridge) StdoutLine: {'line': b'symbolically linking /root/Dojo/Dojo/build/arduino_bridge/package.xml -> /root/Dojo/Dojo/install/arduino_bridge/share/arduino_bridge\n'}
[3.873488] (arduino_bridge) StdoutLine: {'line': b'creating /root/Dojo/Dojo/install/arduino_bridge/share/arduino_bridge/launch\n'}
[3.873718] (arduino_bridge) StdoutLine: {'line': b'symbolically linking /root/Dojo/Dojo/build/arduino_bridge/launch/arduino_bridge.launch.py -> /root/Dojo/Dojo/install/arduino_bridge/share/arduino_bridge/launch\n'}
[3.873917] (arduino_bridge) StdoutLine: {'line': b'symbolically linking /root/Dojo/Dojo/build/arduino_bridge/launch/test_arduino.launch.py -> /root/Dojo/Dojo/install/arduino_bridge/share/arduino_bridge/launch\n'}
[3.874015] (arduino_bridge) StdoutLine: {'line': b'creating /root/Dojo/Dojo/install/arduino_bridge/share/arduino_bridge/config\n'}
[3.874123] (arduino_bridge) StdoutLine: {'line': b'symbolically linking /root/Dojo/Dojo/build/arduino_bridge/config/arduino_bridge_params.yaml -> /root/Dojo/Dojo/install/arduino_bridge/share/arduino_bridge/config\n'}
[3.877598] (robot_description) StdoutLine: {'line': b'-- Install configuration: "Release"\n'}
[3.878146] (robot_description) StdoutLine: {'line': b'-- Execute custom install script\n'}
[3.878380] (robot_control) StdoutLine: {'line': b'-- Symlinking: /root/Dojo/Dojo/install/robot_control/share/robot_control/setup.cfg\n'}
[3.878895] (robot_description) StdoutLine: {'line': b'-- Symlinking: /root/Dojo/Dojo/install/robot_description/share/robot_description/launch/description.launch.py\n'}
[3.882706] (robot_sensors) JobEnded: {'identifier': 'robot_sensors', 'rc': 0}
[3.889892] (robot_description) StdoutLine: {'line': b'-- Symlinking: /root/Dojo/Dojo/install/robot_description/share/robot_description/launch/display.launch.py\n'}
[3.890168] (robot_control) StdoutLine: {'line': b'-- Symlinking: /root/Dojo/Dojo/install/robot_control/share/ament_index/resource_index/package_run_dependencies/robot_control\n'}
[3.900901] (robot_description) StdoutLine: {'line': b'-- Symlinking: /root/Dojo/Dojo/install/robot_description/share/robot_description/launch/robot_state_publisher.launch.py\n'}
[3.901288] (robot_control) StdoutLine: {'line': b'-- Symlinking: /root/Dojo/Dojo/install/robot_control/share/ament_index/resource_index/parent_prefix_path/robot_control\n'}
[3.906556] (-) TimerEvent: {}
[3.912121] (robot_control) StdoutLine: {'line': b'-- Symlinking: /root/Dojo/Dojo/install/robot_control/share/robot_control/environment/ament_prefix_path.sh\n'}
[3.912411] (robot_description) StdoutLine: {'line': b'-- Symlinking: /root/Dojo/Dojo/install/robot_description/share/robot_description/config/robot_controllers.yaml\n'}
[3.924429] (robot_control) StdoutLine: {'line': b'-- Symlinking: /root/Dojo/Dojo/install/robot_control/share/robot_control/environment/ament_prefix_path.dsv\n'}
[3.924729] (robot_description) StdoutLine: {'line': b'-- Symlinking: /root/Dojo/Dojo/install/robot_description/share/robot_description/common_properties.xacro\n'}
[3.925876] (robot_hardware) CommandEnded: {'returncode': 0}
[3.931867] (robot_interfaces) StdoutLine: {'line': b'-- Using all available rosidl_typesupport_cpp: rosidl_typesupport_fastrtps_cpp;rosidl_typesupport_introspection_cpp\n'}
[3.936085] (robot_hardware) JobEnded: {'identifier': 'robot_hardware', 'rc': 0}
[3.936564] (robot_control) StdoutLine: {'line': b'-- Symlinking: /root/Dojo/Dojo/install/robot_control/share/robot_control/environment/path.sh\n'}
[3.936845] (robot_description) StdoutLine: {'line': b'-- Symlinking: /root/Dojo/Dojo/install/robot_description/share/robot_description/dojo_robot.gazebo\n'}
[3.947188] (robot_description) StdoutLine: {'line': b'-- Symlinking: /root/Dojo/Dojo/install/robot_description/share/robot_description/dojo_robot.urdf.xacro\n'}
[3.947405] (robot_control) StdoutLine: {'line': b'-- Symlinking: /root/Dojo/Dojo/install/robot_control/share/robot_control/environment/path.dsv\n'}
[3.952647] (nv21_converter_pkg) CommandEnded: {'returncode': 0}
[3.958972] (robot_description) StdoutLine: {'line': b'-- Symlinking: /root/Dojo/Dojo/install/robot_description/share/robot_description/robot.urdf\n'}
[3.959400] (robot_control) StdoutLine: {'line': b'-- Symlinking: /root/Dojo/Dojo/install/robot_control/share/robot_control/local_setup.bash\n'}
[3.961822] (robot_interfaces) StdoutLine: {'line': b'-- Found PythonInterp: /usr/bin/python3 (found suitable version "3.10.12", minimum required is "3.6") \n'}
[3.963675] (nv21_converter_pkg) JobEnded: {'identifier': 'nv21_converter_pkg', 'rc': 0}
[3.965344] (robot_interfaces) StdoutLine: {'line': b'-- Found python_cmake_module: 0.10.0 (/opt/ros/humble/share/python_cmake_module/cmake)\n'}
[3.968904] (vision_system) CommandEnded: {'returncode': 0}
[3.970013] (robot_description) StdoutLine: {'line': b'-- Symlinking: /root/Dojo/Dojo/install/robot_description/share/robot_description/robot.urdf.xacro\n'}
[3.970614] (robot_control) StdoutLine: {'line': b'-- Symlinking: /root/Dojo/Dojo/install/robot_control/share/robot_control/local_setup.sh\n'}
[3.978116] (vision_system) JobEnded: {'identifier': 'vision_system', 'rc': 0}
[3.979983] (robot_description) StdoutLine: {'line': b'-- Symlinking: /root/Dojo/Dojo/install/robot_description/share/robot_description/robot.urdf.xacro.clean\n'}
[3.980182] (robot_control) StdoutLine: {'line': b'-- Symlinking: /root/Dojo/Dojo/install/robot_control/share/robot_control/local_setup.zsh\n'}
[3.980933] (arduino_bridge) CommandEnded: {'returncode': 0}
[3.988791] (arduino_bridge) JobEnded: {'identifier': 'arduino_bridge', 'rc': 0}
[3.990119] (robot_description) StdoutLine: {'line': b'-- Symlinking: /root/Dojo/Dojo/install/robot_description/share/robot_description/sensors/rplidar.urdf.xacro\n'}
[3.990345] (robot_control) StdoutLine: {'line': b'-- Symlinking: /root/Dojo/Dojo/install/robot_control/share/robot_control/local_setup.dsv\n'}
[3.995596] (robot_interfaces) StdoutLine: {'line': b'-- Found PythonLibs: /usr/lib/x86_64-linux-gnu/libpython3.10.so (found suitable version "3.10.12", minimum required is "3.5") \n'}
[3.995806] (robot_interfaces) StdoutLine: {'line': b'-- Using PYTHON_EXECUTABLE: /usr/bin/python3\n'}
[3.995911] (robot_interfaces) StdoutLine: {'line': b'-- Using PYTHON_INCLUDE_DIRS: /usr/include/python3.10\n'}
[3.996000] (robot_interfaces) StdoutLine: {'line': b'-- Using PYTHON_LIBRARIES: /usr/lib/x86_64-linux-gnu/libpython3.10.so\n'}
[3.999842] (robot_description) StdoutLine: {'line': b'-- Symlinking: /root/Dojo/Dojo/install/robot_description/share/robot_description/display.rviz\n'}
[4.000050] (robot_control) StdoutLine: {'line': b'-- Symlinking: /root/Dojo/Dojo/install/robot_control/share/robot_control/package.dsv\n'}
[4.006641] (-) TimerEvent: {}
[4.009506] (robot_description) StdoutLine: {'line': b'-- Symlinking: /root/Dojo/Dojo/install/robot_description/share/robot_description/dojo_robot.rviz\n'}
[4.009739] (robot_control) StdoutLine: {'line': b'-- Symlinking: /root/Dojo/Dojo/install/robot_control/share/ament_index/resource_index/packages/robot_control\n'}
[4.018441] (robot_interfaces) StdoutLine: {'line': b'-- Found PythonExtra: .so  \n'}
[4.018957] (robot_description) StdoutLine: {'line': b'-- Symlinking: /root/Dojo/Dojo/install/robot_description/share/robot_description/robot.rviz\n'}
[4.019205] (robot_control) StdoutLine: {'line': b'-- Symlinking: /root/Dojo/Dojo/install/robot_control/share/robot_control/cmake/robot_controlConfig.cmake\n'}
[4.028818] (robot_control) StdoutLine: {'line': b'-- Symlinking: /root/Dojo/Dojo/install/robot_control/share/robot_control/cmake/robot_controlConfig-version.cmake\n'}
[4.029261] (robot_description) StdoutLine: {'line': b'-- Symlinking: /root/Dojo/Dojo/install/robot_description/lib/python3.10/site-packages/__init__.py\n'}
[4.039049] (robot_description) StdoutLine: {'line': b'-- Symlinking: /root/Dojo/Dojo/install/robot_description/lib/python3.10/site-packages/robot_description/__init__.py\n'}
[4.039254] (robot_control) StdoutLine: {'line': b'-- Up-to-date symlink: /root/Dojo/Dojo/install/robot_control/share/robot_control/package.xml\n'}
[4.039413] (robot_control) StdoutLine: {'line': b'-- Up-to-date: /robot_control\n'}
[4.039509] (robot_control) StdoutLine: {'line': b'-- Up-to-date: /robot_control/__init__.py\n'}
[4.041283] (robot_control) CommandEnded: {'returncode': 0}
[4.047974] (robot_description) StdoutLine: {'line': b'-- Symlinking: /root/Dojo/Dojo/install/robot_description/lib/robot_description/display_robot.py\n'}
[4.051906] (robot_control) JobEnded: {'identifier': 'robot_control', 'rc': 0}
[4.058401] (robot_description) StdoutLine: {'line': b'-- Symlinking: /root/Dojo/Dojo/install/robot_description/share/robot_description/package.xml\n'}
[4.067830] (robot_description) StdoutLine: {'line': b'-- Symlinking: /root/Dojo/Dojo/install/robot_description/share/robot_description/setup.py\n'}
[4.078170] (robot_description) StdoutLine: {'line': b'-- Symlinking: /root/Dojo/Dojo/install/robot_description/share/robot_description/setup.cfg\n'}
[4.088528] (robot_description) StdoutLine: {'line': b'-- Symlinking: /root/Dojo/Dojo/install/robot_description/share/ament_index/resource_index/package_run_dependencies/robot_description\n'}
[4.098146] (robot_description) StdoutLine: {'line': b'-- Symlinking: /root/Dojo/Dojo/install/robot_description/share/ament_index/resource_index/parent_prefix_path/robot_description\n'}
[4.106738] (-) TimerEvent: {}
[4.107381] (robot_interfaces) StdoutLine: {'line': b'-- Configuring done\n'}
[4.108199] (robot_description) StdoutLine: {'line': b'-- Symlinking: /root/Dojo/Dojo/install/robot_description/share/robot_description/environment/ament_prefix_path.sh\n'}
[4.117719] (robot_description) StdoutLine: {'line': b'-- Symlinking: /root/Dojo/Dojo/install/robot_description/share/robot_description/environment/ament_prefix_path.dsv\n'}
[4.129459] (robot_description) StdoutLine: {'line': b'-- Symlinking: /root/Dojo/Dojo/install/robot_description/share/robot_description/environment/path.sh\n'}
[4.141376] (robot_description) StdoutLine: {'line': b'-- Symlinking: /root/Dojo/Dojo/install/robot_description/share/robot_description/environment/path.dsv\n'}
[4.151474] (robot_description) StdoutLine: {'line': b'-- Symlinking: /root/Dojo/Dojo/install/robot_description/share/robot_description/local_setup.bash\n'}
[4.161260] (robot_description) StdoutLine: {'line': b'-- Symlinking: /root/Dojo/Dojo/install/robot_description/share/robot_description/local_setup.sh\n'}
[4.165465] (robot_interfaces) StdoutLine: {'line': b'-- Generating done\n'}
[4.171943] (robot_description) StdoutLine: {'line': b'-- Symlinking: /root/Dojo/Dojo/install/robot_description/share/robot_description/local_setup.zsh\n'}
[4.178748] (robot_interfaces) StdoutLine: {'line': b'-- Build files have been written to: /root/Dojo/Dojo/build/robot_interfaces\n'}
[4.182016] (robot_description) StdoutLine: {'line': b'-- Symlinking: /root/Dojo/Dojo/install/robot_description/share/robot_description/local_setup.dsv\n'}
[4.190685] (robot_interfaces) CommandEnded: {'returncode': 0}
[4.191258] (robot_interfaces) JobProgress: {'identifier': 'robot_interfaces', 'progress': 'build'}
[4.191767] (robot_interfaces) Command: {'cmd': ['/usr/bin/cmake', '--build', '/root/Dojo/Dojo/build/robot_interfaces', '--', '-j16', '-l16'], 'cwd': '/root/Dojo/Dojo/build/robot_interfaces', 'env': OrderedDict([('HOSTNAME', 'gareth-joel-HP-Pavilion-Gaming-Laptop-15-ec2xxx'), ('SHLVL', '1'), ('LD_LIBRARY_PATH', '/usr/lib/x86_64-linux-gnu/gazebo-11/plugins:/opt/ros/humble/opt/rviz_ogre_vendor/lib:/opt/ros/humble/lib/x86_64-linux-gnu:/opt/ros/humble/lib'), ('HOME', '/root'), ('OLDPWD', '/root/Dojo'), ('ROS_PYTHON_VERSION', '3'), ('COLCON_PREFIX_PATH', '/root/Dojo/install'), ('ROS_DISTRO', 'humble'), ('_', '/usr/bin/colcon'), ('ROS_VERSION', '2'), ('TERM', 'xterm'), ('ROS_LOCALHOST_ONLY', '0'), ('QT_X11_NO_MITSHM', '1'), ('PATH', '/opt/ros/humble/bin:/usr/local/sbin:/usr/local/bin:/usr/sbin:/usr/bin:/sbin:/bin'), ('DISPLAY', ':0'), ('LANG', 'C.UTF-8'), ('LS_COLORS', 'rs=0:di=01;34:ln=01;36:mh=00:pi=40;33:so=01;35:do=01;35:bd=40;33;01:cd=40;33;01:or=40;31;01:mi=00:su=37;41:sg=30;43:ca=30;41:tw=30;42:ow=34;42:st=37;44:ex=01;32:*.tar=01;31:*.tgz=01;31:*.arc=01;31:*.arj=01;31:*.taz=01;31:*.lha=01;31:*.lz4=01;31:*.lzh=01;31:*.lzma=01;31:*.tlz=01;31:*.txz=01;31:*.tzo=01;31:*.t7z=01;31:*.zip=01;31:*.z=01;31:*.dz=01;31:*.gz=01;31:*.lrz=01;31:*.lz=01;31:*.lzo=01;31:*.xz=01;31:*.zst=01;31:*.tzst=01;31:*.bz2=01;31:*.bz=01;31:*.tbz=01;31:*.tbz2=01;31:*.tz=01;31:*.deb=01;31:*.rpm=01;31:*.jar=01;31:*.war=01;31:*.ear=01;31:*.sar=01;31:*.rar=01;31:*.alz=01;31:*.ace=01;31:*.zoo=01;31:*.cpio=01;31:*.7z=01;31:*.rz=01;31:*.cab=01;31:*.wim=01;31:*.swm=01;31:*.dwm=01;31:*.esd=01;31:*.jpg=01;35:*.jpeg=01;35:*.mjpg=01;35:*.mjpeg=01;35:*.gif=01;35:*.bmp=01;35:*.pbm=01;35:*.pgm=01;35:*.ppm=01;35:*.tga=01;35:*.xbm=01;35:*.xpm=01;35:*.tif=01;35:*.tiff=01;35:*.png=01;35:*.svg=01;35:*.svgz=01;35:*.mng=01;35:*.pcx=01;35:*.mov=01;35:*.mpg=01;35:*.mpeg=01;35:*.m2v=01;35:*.mkv=01;35:*.webm=01;35:*.webp=01;35:*.ogm=01;35:*.mp4=01;35:*.m4v=01;35:*.mp4v=01;35:*.vob=01;35:*.qt=01;35:*.nuv=01;35:*.wmv=01;35:*.asf=01;35:*.rm=01;35:*.rmvb=01;35:*.flc=01;35:*.avi=01;35:*.fli=01;35:*.flv=01;35:*.gl=01;35:*.dl=01;35:*.xcf=01;35:*.xwd=01;35:*.yuv=01;35:*.cgm=01;35:*.emf=01;35:*.ogv=01;35:*.ogx=01;35:*.aac=00;36:*.au=00;36:*.flac=00;36:*.m4a=00;36:*.mid=00;36:*.midi=00;36:*.mka=00;36:*.mp3=00;36:*.mpc=00;36:*.ogg=00;36:*.ra=00;36:*.wav=00;36:*.oga=00;36:*.opus=00;36:*.spx=00;36:*.xspf=00;36:'), ('ROS_DOMAIN_ID', '7'), ('AMENT_PREFIX_PATH', '/root/Dojo/install/robot_hardware:/opt/ros/humble'), ('PWD', '/root/Dojo/Dojo/build/robot_interfaces'), ('LC_ALL', 'C.UTF-8'), ('PYTHONPATH', '/root/Dojo/build/robot_hardware:/root/Dojo/install/robot_hardware/lib/python3.10/site-packages:/opt/ros/humble/lib/python3.10/site-packages:/opt/ros/humble/local/lib/python3.10/dist-packages'), ('COLCON', '1'), ('CMAKE_PREFIX_PATH', '/root/Dojo/install/robot_perception:/root/Dojo/install/robot_hardware:/opt/ros/humble')]), 'shell': False}
[4.192777] (robot_description) StdoutLine: {'line': b'-- Symlinking: /root/Dojo/Dojo/install/robot_description/share/robot_description/package.dsv\n'}
[4.201398] (robot_description) StdoutLine: {'line': b'-- Symlinking: /root/Dojo/Dojo/install/robot_description/share/ament_index/resource_index/packages/robot_description\n'}
[4.206827] (-) TimerEvent: {}
[4.211099] (robot_description) StdoutLine: {'line': b'-- Symlinking: /root/Dojo/Dojo/install/robot_description/share/robot_description/cmake/robot_descriptionConfig.cmake\n'}
[4.221290] (robot_description) StdoutLine: {'line': b'-- Symlinking: /root/Dojo/Dojo/install/robot_description/share/robot_description/cmake/robot_descriptionConfig-version.cmake\n'}
[4.230373] (robot_description) StdoutLine: {'line': b'-- Up-to-date symlink: /root/Dojo/Dojo/install/robot_description/share/robot_description/package.xml\n'}
[4.232332] (robot_description) CommandEnded: {'returncode': 0}
[4.235247] (robot_interfaces) StdoutLine: {'line': b'[  1%] \x1b[34m\x1b[1mGenerating C code for ROS interfaces\x1b[0m\n'}
[4.248335] (robot_description) JobEnded: {'identifier': 'robot_description', 'rc': 0}
[4.248915] (robot_navigation) JobStarted: {'identifier': 'robot_navigation'}
[4.248990] (robot_interfaces) StdoutLine: {'line': b'[  2%] \x1b[34m\x1b[1mGenerating C++ code for ROS interfaces\x1b[0m\n'}
[4.253077] (robot_gazebo) JobStarted: {'identifier': 'robot_gazebo'}
[4.255643] (robot_interfaces) StdoutLine: {'line': b'[  2%] Built target ament_cmake_python_symlink_robot_interfaces\n'}
[4.258710] (robot_launch) JobStarted: {'identifier': 'robot_launch'}
[4.266684] (robot_navigation) JobProgress: {'identifier': 'robot_navigation', 'progress': 'cmake'}
[4.267442] (robot_navigation) Command: {'cmd': ['/usr/bin/cmake', '/root/Dojo/Dojo/src/robot_navigation', '-DCMAKE_BUILD_TYPE=Release', '-DBUILD_TESTING=OFF', '-DAMENT_CMAKE_SYMLINK_INSTALL=1', '-DCMAKE_INSTALL_PREFIX=/root/Dojo/Dojo/install/robot_navigation'], 'cwd': '/root/Dojo/Dojo/build/robot_navigation', 'env': OrderedDict([('HOSTNAME', 'gareth-joel-HP-Pavilion-Gaming-Laptop-15-ec2xxx'), ('SHLVL', '1'), ('LD_LIBRARY_PATH', '/usr/lib/x86_64-linux-gnu/gazebo-11/plugins:/opt/ros/humble/opt/rviz_ogre_vendor/lib:/opt/ros/humble/lib/x86_64-linux-gnu:/opt/ros/humble/lib'), ('HOME', '/root'), ('OLDPWD', '/root/Dojo'), ('ROS_PYTHON_VERSION', '3'), ('COLCON_PREFIX_PATH', '/root/Dojo/install'), ('ROS_DISTRO', 'humble'), ('_', '/usr/bin/colcon'), ('ROS_VERSION', '2'), ('TERM', 'xterm'), ('ROS_LOCALHOST_ONLY', '0'), ('QT_X11_NO_MITSHM', '1'), ('PATH', '/opt/ros/humble/bin:/usr/local/sbin:/usr/local/bin:/usr/sbin:/usr/bin:/sbin:/bin'), ('DISPLAY', ':0'), ('LANG', 'C.UTF-8'), ('LS_COLORS', 'rs=0:di=01;34:ln=01;36:mh=00:pi=40;33:so=01;35:do=01;35:bd=40;33;01:cd=40;33;01:or=40;31;01:mi=00:su=37;41:sg=30;43:ca=30;41:tw=30;42:ow=34;42:st=37;44:ex=01;32:*.tar=01;31:*.tgz=01;31:*.arc=01;31:*.arj=01;31:*.taz=01;31:*.lha=01;31:*.lz4=01;31:*.lzh=01;31:*.lzma=01;31:*.tlz=01;31:*.txz=01;31:*.tzo=01;31:*.t7z=01;31:*.zip=01;31:*.z=01;31:*.dz=01;31:*.gz=01;31:*.lrz=01;31:*.lz=01;31:*.lzo=01;31:*.xz=01;31:*.zst=01;31:*.tzst=01;31:*.bz2=01;31:*.bz=01;31:*.tbz=01;31:*.tbz2=01;31:*.tz=01;31:*.deb=01;31:*.rpm=01;31:*.jar=01;31:*.war=01;31:*.ear=01;31:*.sar=01;31:*.rar=01;31:*.alz=01;31:*.ace=01;31:*.zoo=01;31:*.cpio=01;31:*.7z=01;31:*.rz=01;31:*.cab=01;31:*.wim=01;31:*.swm=01;31:*.dwm=01;31:*.esd=01;31:*.jpg=01;35:*.jpeg=01;35:*.mjpg=01;35:*.mjpeg=01;35:*.gif=01;35:*.bmp=01;35:*.pbm=01;35:*.pgm=01;35:*.ppm=01;35:*.tga=01;35:*.xbm=01;35:*.xpm=01;35:*.tif=01;35:*.tiff=01;35:*.png=01;35:*.svg=01;35:*.svgz=01;35:*.mng=01;35:*.pcx=01;35:*.mov=01;35:*.mpg=01;35:*.mpeg=01;35:*.m2v=01;35:*.mkv=01;35:*.webm=01;35:*.webp=01;35:*.ogm=01;35:*.mp4=01;35:*.m4v=01;35:*.mp4v=01;35:*.vob=01;35:*.qt=01;35:*.nuv=01;35:*.wmv=01;35:*.asf=01;35:*.rm=01;35:*.rmvb=01;35:*.flc=01;35:*.avi=01;35:*.fli=01;35:*.flv=01;35:*.gl=01;35:*.dl=01;35:*.xcf=01;35:*.xwd=01;35:*.yuv=01;35:*.cgm=01;35:*.emf=01;35:*.ogv=01;35:*.ogx=01;35:*.aac=00;36:*.au=00;36:*.flac=00;36:*.m4a=00;36:*.mid=00;36:*.midi=00;36:*.mka=00;36:*.mp3=00;36:*.mpc=00;36:*.ogg=00;36:*.ra=00;36:*.wav=00;36:*.oga=00;36:*.opus=00;36:*.spx=00;36:*.xspf=00;36:'), ('ROS_DOMAIN_ID', '7'), ('AMENT_PREFIX_PATH', '/root/Dojo/Dojo/install/robot_description:/root/Dojo/Dojo/install/robot_control:/root/Dojo/install/robot_hardware:/opt/ros/humble'), ('PWD', '/root/Dojo/Dojo/build/robot_navigation'), ('LC_ALL', 'C.UTF-8'), ('PYTHONPATH', '/root/Dojo/Dojo/install/robot_description/lib/python3.10/site-packages:/root/Dojo/build/robot_hardware:/root/Dojo/install/robot_hardware/lib/python3.10/site-packages:/opt/ros/humble/lib/python3.10/site-packages:/opt/ros/humble/local/lib/python3.10/dist-packages'), ('COLCON', '1'), ('CMAKE_PREFIX_PATH', '/root/Dojo/Dojo/install/robot_description:/root/Dojo/Dojo/install/robot_control:/root/Dojo/install/robot_perception:/root/Dojo/install/robot_hardware:/opt/ros/humble')]), 'shell': False}
[4.269026] (robot_gazebo) JobProgress: {'identifier': 'robot_gazebo', 'progress': 'cmake'}
[4.269614] (robot_gazebo) Command: {'cmd': ['/usr/bin/cmake', '/root/Dojo/Dojo/src/robot_gazebo', '-DCMAKE_BUILD_TYPE=Release', '-DBUILD_TESTING=OFF', '-DAMENT_CMAKE_SYMLINK_INSTALL=1', '-DCMAKE_INSTALL_PREFIX=/root/Dojo/Dojo/install/robot_gazebo'], 'cwd': '/root/Dojo/Dojo/build/robot_gazebo', 'env': OrderedDict([('HOSTNAME', 'gareth-joel-HP-Pavilion-Gaming-Laptop-15-ec2xxx'), ('SHLVL', '1'), ('LD_LIBRARY_PATH', '/usr/lib/x86_64-linux-gnu/gazebo-11/plugins:/opt/ros/humble/opt/rviz_ogre_vendor/lib:/opt/ros/humble/lib/x86_64-linux-gnu:/opt/ros/humble/lib'), ('HOME', '/root'), ('OLDPWD', '/root/Dojo'), ('ROS_PYTHON_VERSION', '3'), ('COLCON_PREFIX_PATH', '/root/Dojo/install'), ('ROS_DISTRO', 'humble'), ('_', '/usr/bin/colcon'), ('ROS_VERSION', '2'), ('TERM', 'xterm'), ('ROS_LOCALHOST_ONLY', '0'), ('QT_X11_NO_MITSHM', '1'), ('PATH', '/opt/ros/humble/bin:/usr/local/sbin:/usr/local/bin:/usr/sbin:/usr/bin:/sbin:/bin'), ('DISPLAY', ':0'), ('LANG', 'C.UTF-8'), ('LS_COLORS', 'rs=0:di=01;34:ln=01;36:mh=00:pi=40;33:so=01;35:do=01;35:bd=40;33;01:cd=40;33;01:or=40;31;01:mi=00:su=37;41:sg=30;43:ca=30;41:tw=30;42:ow=34;42:st=37;44:ex=01;32:*.tar=01;31:*.tgz=01;31:*.arc=01;31:*.arj=01;31:*.taz=01;31:*.lha=01;31:*.lz4=01;31:*.lzh=01;31:*.lzma=01;31:*.tlz=01;31:*.txz=01;31:*.tzo=01;31:*.t7z=01;31:*.zip=01;31:*.z=01;31:*.dz=01;31:*.gz=01;31:*.lrz=01;31:*.lz=01;31:*.lzo=01;31:*.xz=01;31:*.zst=01;31:*.tzst=01;31:*.bz2=01;31:*.bz=01;31:*.tbz=01;31:*.tbz2=01;31:*.tz=01;31:*.deb=01;31:*.rpm=01;31:*.jar=01;31:*.war=01;31:*.ear=01;31:*.sar=01;31:*.rar=01;31:*.alz=01;31:*.ace=01;31:*.zoo=01;31:*.cpio=01;31:*.7z=01;31:*.rz=01;31:*.cab=01;31:*.wim=01;31:*.swm=01;31:*.dwm=01;31:*.esd=01;31:*.jpg=01;35:*.jpeg=01;35:*.mjpg=01;35:*.mjpeg=01;35:*.gif=01;35:*.bmp=01;35:*.pbm=01;35:*.pgm=01;35:*.ppm=01;35:*.tga=01;35:*.xbm=01;35:*.xpm=01;35:*.tif=01;35:*.tiff=01;35:*.png=01;35:*.svg=01;35:*.svgz=01;35:*.mng=01;35:*.pcx=01;35:*.mov=01;35:*.mpg=01;35:*.mpeg=01;35:*.m2v=01;35:*.mkv=01;35:*.webm=01;35:*.webp=01;35:*.ogm=01;35:*.mp4=01;35:*.m4v=01;35:*.mp4v=01;35:*.vob=01;35:*.qt=01;35:*.nuv=01;35:*.wmv=01;35:*.asf=01;35:*.rm=01;35:*.rmvb=01;35:*.flc=01;35:*.avi=01;35:*.fli=01;35:*.flv=01;35:*.gl=01;35:*.dl=01;35:*.xcf=01;35:*.xwd=01;35:*.yuv=01;35:*.cgm=01;35:*.emf=01;35:*.ogv=01;35:*.ogx=01;35:*.aac=00;36:*.au=00;36:*.flac=00;36:*.m4a=00;36:*.mid=00;36:*.midi=00;36:*.mka=00;36:*.mp3=00;36:*.mpc=00;36:*.ogg=00;36:*.ra=00;36:*.wav=00;36:*.oga=00;36:*.opus=00;36:*.spx=00;36:*.xspf=00;36:'), ('ROS_DOMAIN_ID', '7'), ('AMENT_PREFIX_PATH', '/root/Dojo/Dojo/install/robot_description:/root/Dojo/Dojo/install/robot_control:/root/Dojo/install/robot_hardware:/opt/ros/humble'), ('PWD', '/root/Dojo/Dojo/build/robot_gazebo'), ('LC_ALL', 'C.UTF-8'), ('PYTHONPATH', '/root/Dojo/Dojo/install/robot_description/lib/python3.10/site-packages:/root/Dojo/build/robot_hardware:/root/Dojo/install/robot_hardware/lib/python3.10/site-packages:/opt/ros/humble/lib/python3.10/site-packages:/opt/ros/humble/local/lib/python3.10/dist-packages'), ('COLCON', '1'), ('CMAKE_PREFIX_PATH', '/root/Dojo/Dojo/install/robot_description:/root/Dojo/Dojo/install/robot_control:/root/Dojo/install/robot_perception:/root/Dojo/install/robot_hardware:/opt/ros/humble')]), 'shell': False}
[4.306940] (-) TimerEvent: {}
[4.336895] (robot_navigation) StdoutLine: {'line': b'-- The C compiler identification is GNU 11.4.0\n'}
[4.337162] (robot_gazebo) StdoutLine: {'line': b'-- The C compiler identification is GNU 11.4.0\n'}
[4.399629] (robot_navigation) StdoutLine: {'line': b'-- The CXX compiler identification is GNU 11.4.0\n'}
[4.400395] (robot_gazebo) StdoutLine: {'line': b'-- The CXX compiler identification is GNU 11.4.0\n'}
[4.407031] (-) TimerEvent: {}
[4.408184] (robot_navigation) StdoutLine: {'line': b'-- Detecting C compiler ABI info\n'}
[4.409394] (robot_gazebo) StdoutLine: {'line': b'-- Detecting C compiler ABI info\n'}
[4.485971] (robot_navigation) StdoutLine: {'line': b'-- Detecting C compiler ABI info - done\n'}
[4.487041] (robot_gazebo) StdoutLine: {'line': b'-- Detecting C compiler ABI info - done\n'}
[4.492966] (robot_navigation) StdoutLine: {'line': b'-- Check for working C compiler: /usr/bin/cc - skipped\n'}
[4.493295] (robot_navigation) StdoutLine: {'line': b'-- Detecting C compile features\n'}
[4.493740] (robot_navigation) StdoutLine: {'line': b'-- Detecting C compile features - done\n'}
[4.494112] (robot_gazebo) StdoutLine: {'line': b'-- Check for working C compiler: /usr/bin/cc - skipped\n'}
[4.494412] (robot_gazebo) StdoutLine: {'line': b'-- Detecting C compile features\n'}
[4.494860] (robot_gazebo) StdoutLine: {'line': b'-- Detecting C compile features - done\n'}
[4.497334] (robot_navigation) StdoutLine: {'line': b'-- Detecting CXX compiler ABI info\n'}
[4.498185] (robot_gazebo) StdoutLine: {'line': b'-- Detecting CXX compiler ABI info\n'}
[4.507112] (-) TimerEvent: {}
[4.587154] (robot_gazebo) StdoutLine: {'line': b'-- Detecting CXX compiler ABI info - done\n'}
[4.587491] (robot_navigation) StdoutLine: {'line': b'-- Detecting CXX compiler ABI info - done\n'}
[4.594272] (robot_gazebo) StdoutLine: {'line': b'-- Check for working CXX compiler: /usr/bin/c++ - skipped\n'}
[4.594497] (robot_navigation) StdoutLine: {'line': b'-- Check for working CXX compiler: /usr/bin/c++ - skipped\n'}
[4.594700] (robot_gazebo) StdoutLine: {'line': b'-- Detecting CXX compile features\n'}
[4.594870] (robot_navigation) StdoutLine: {'line': b'-- Detecting CXX compile features\n'}
[4.595332] (robot_gazebo) StdoutLine: {'line': b'-- Detecting CXX compile features - done\n'}
[4.595517] (robot_navigation) StdoutLine: {'line': b'-- Detecting CXX compile features - done\n'}
[4.600915] (robot_gazebo) StdoutLine: {'line': b'-- Found ament_cmake: 1.3.12 (/opt/ros/humble/share/ament_cmake/cmake)\n'}
[4.601200] (robot_navigation) StdoutLine: {'line': b'-- Found ament_cmake: 1.3.12 (/opt/ros/humble/share/ament_cmake/cmake)\n'}
[4.607194] (-) TimerEvent: {}
[4.641998] (robot_interfaces) StdoutLine: {'line': b'running egg_info\n'}
[4.642946] (robot_interfaces) StdoutLine: {'line': b'creating robot_interfaces.egg-info\n'}
[4.658945] (robot_interfaces) StdoutLine: {'line': b'writing robot_interfaces.egg-info/PKG-INFO\n'}
[4.659239] (robot_interfaces) StdoutLine: {'line': b'writing dependency_links to robot_interfaces.egg-info/dependency_links.txt\n'}
[4.659577] (robot_interfaces) StdoutLine: {'line': b'writing top-level names to robot_interfaces.egg-info/top_level.txt\n'}
[4.659796] (robot_interfaces) StdoutLine: {'line': b"writing manifest file 'robot_interfaces.egg-info/SOURCES.txt'\n"}
[4.707342] (-) TimerEvent: {}
[4.715096] (robot_interfaces) StdoutLine: {'line': b"reading manifest file 'robot_interfaces.egg-info/SOURCES.txt'\n"}
[4.715799] (robot_interfaces) StdoutLine: {'line': b"writing manifest file 'robot_interfaces.egg-info/SOURCES.txt'\n"}
[4.779893] (robot_interfaces) StdoutLine: {'line': b'[  2%] Built target ament_cmake_python_build_robot_interfaces_egg\n'}
[4.807443] (-) TimerEvent: {}
[4.907757] (-) TimerEvent: {}
[5.008081] (-) TimerEvent: {}
[5.108409] (-) TimerEvent: {}
[5.208782] (-) TimerEvent: {}
[5.309116] (-) TimerEvent: {}
[5.360365] (robot_gazebo) StdoutLine: {'line': b'-- Found Python3: /usr/bin/python3 (found version "3.10.12") found components: Interpreter \n'}
[5.365951] (robot_navigation) StdoutLine: {'line': b'-- Found Python3: /usr/bin/python3 (found version "3.10.12") found components: Interpreter \n'}
[5.409226] (-) TimerEvent: {}
[5.453408] (robot_launch) Command: {'cmd': ['/usr/bin/python3', '-W', 'ignore:setup.py install is deprecated', '-W', 'ignore:easy_install command is deprecated', 'setup.py', 'develop', '--editable', '--build-directory', '/root/Dojo/Dojo/build/robot_launch/build', '--no-deps', 'symlink_data'], 'cwd': '/root/Dojo/Dojo/build/robot_launch', 'env': {'HOSTNAME': 'gareth-joel-HP-Pavilion-Gaming-Laptop-15-ec2xxx', 'SHLVL': '1', 'LD_LIBRARY_PATH': '/usr/lib/x86_64-linux-gnu/gazebo-11/plugins:/opt/ros/humble/opt/rviz_ogre_vendor/lib:/opt/ros/humble/lib/x86_64-linux-gnu:/opt/ros/humble/lib', 'HOME': '/root', 'OLDPWD': '/root/Dojo', 'ROS_PYTHON_VERSION': '3', 'COLCON_PREFIX_PATH': '/root/Dojo/install', 'ROS_DISTRO': 'humble', '_': '/usr/bin/colcon', 'ROS_VERSION': '2', 'TERM': 'xterm', 'ROS_LOCALHOST_ONLY': '0', 'QT_X11_NO_MITSHM': '1', 'PATH': '/opt/ros/humble/bin:/usr/local/sbin:/usr/local/bin:/usr/sbin:/usr/bin:/sbin:/bin', 'DISPLAY': ':0', 'LANG': 'C.UTF-8', 'LS_COLORS': 'rs=0:di=01;34:ln=01;36:mh=00:pi=40;33:so=01;35:do=01;35:bd=40;33;01:cd=40;33;01:or=40;31;01:mi=00:su=37;41:sg=30;43:ca=30;41:tw=30;42:ow=34;42:st=37;44:ex=01;32:*.tar=01;31:*.tgz=01;31:*.arc=01;31:*.arj=01;31:*.taz=01;31:*.lha=01;31:*.lz4=01;31:*.lzh=01;31:*.lzma=01;31:*.tlz=01;31:*.txz=01;31:*.tzo=01;31:*.t7z=01;31:*.zip=01;31:*.z=01;31:*.dz=01;31:*.gz=01;31:*.lrz=01;31:*.lz=01;31:*.lzo=01;31:*.xz=01;31:*.zst=01;31:*.tzst=01;31:*.bz2=01;31:*.bz=01;31:*.tbz=01;31:*.tbz2=01;31:*.tz=01;31:*.deb=01;31:*.rpm=01;31:*.jar=01;31:*.war=01;31:*.ear=01;31:*.sar=01;31:*.rar=01;31:*.alz=01;31:*.ace=01;31:*.zoo=01;31:*.cpio=01;31:*.7z=01;31:*.rz=01;31:*.cab=01;31:*.wim=01;31:*.swm=01;31:*.dwm=01;31:*.esd=01;31:*.jpg=01;35:*.jpeg=01;35:*.mjpg=01;35:*.mjpeg=01;35:*.gif=01;35:*.bmp=01;35:*.pbm=01;35:*.pgm=01;35:*.ppm=01;35:*.tga=01;35:*.xbm=01;35:*.xpm=01;35:*.tif=01;35:*.tiff=01;35:*.png=01;35:*.svg=01;35:*.svgz=01;35:*.mng=01;35:*.pcx=01;35:*.mov=01;35:*.mpg=01;35:*.mpeg=01;35:*.m2v=01;35:*.mkv=01;35:*.webm=01;35:*.webp=01;35:*.ogm=01;35:*.mp4=01;35:*.m4v=01;35:*.mp4v=01;35:*.vob=01;35:*.qt=01;35:*.nuv=01;35:*.wmv=01;35:*.asf=01;35:*.rm=01;35:*.rmvb=01;35:*.flc=01;35:*.avi=01;35:*.fli=01;35:*.flv=01;35:*.gl=01;35:*.dl=01;35:*.xcf=01;35:*.xwd=01;35:*.yuv=01;35:*.cgm=01;35:*.emf=01;35:*.ogv=01;35:*.ogx=01;35:*.aac=00;36:*.au=00;36:*.flac=00;36:*.m4a=00;36:*.mid=00;36:*.midi=00;36:*.mka=00;36:*.mp3=00;36:*.mpc=00;36:*.ogg=00;36:*.ra=00;36:*.wav=00;36:*.oga=00;36:*.opus=00;36:*.spx=00;36:*.xspf=00;36:', 'ROS_DOMAIN_ID': '7', 'AMENT_PREFIX_PATH': '/root/Dojo/Dojo/install/robot_description:/root/Dojo/Dojo/install/robot_control:/root/Dojo/install/robot_hardware:/opt/ros/humble', 'PWD': '/root/Dojo/Dojo/build/robot_launch', 'LC_ALL': 'C.UTF-8', 'PYTHONPATH': '/root/Dojo/Dojo/build/robot_launch/prefix_override:/usr/lib/python3/dist-packages/colcon_core/task/python/colcon_distutils_commands:/root/Dojo/Dojo/install/robot_launch/lib/python3.10/site-packages:/root/Dojo/Dojo/install/robot_description/lib/python3.10/site-packages:/root/Dojo/build/robot_hardware:/root/Dojo/install/robot_hardware/lib/python3.10/site-packages:/opt/ros/humble/lib/python3.10/site-packages:/opt/ros/humble/local/lib/python3.10/dist-packages', 'COLCON': '1', 'CMAKE_PREFIX_PATH': '/root/Dojo/Dojo/install/robot_description:/root/Dojo/Dojo/install/robot_control:/root/Dojo/install/robot_perception'}, 'shell': False}
[5.459383] (robot_interfaces) StdoutLine: {'line': b'[  5%] \x1b[32mBuilding C object CMakeFiles/robot_interfaces__rosidl_generator_c.dir/rosidl_generator_c/robot_interfaces/msg/detail/robot_state__functions.c.o\x1b[0m\n'}
[5.461678] (robot_interfaces) StdoutLine: {'line': b'[  6%] \x1b[32mBuilding C object CMakeFiles/robot_interfaces__rosidl_generator_c.dir/rosidl_generator_c/robot_interfaces/msg/detail/hardware_status__functions.c.o\x1b[0m\n'}
[5.461994] (robot_interfaces) StdoutLine: {'line': b'[  5%] \x1b[32mBuilding C object CMakeFiles/robot_interfaces__rosidl_generator_c.dir/rosidl_generator_c/robot_interfaces/msg/detail/sensor_data__functions.c.o\x1b[0m\n'}
[5.462190] (robot_interfaces) StdoutLine: {'line': b'[  7%] \x1b[32mBuilding C object CMakeFiles/robot_interfaces__rosidl_generator_c.dir/rosidl_generator_c/robot_interfaces/action/detail/navigation__functions.c.o\x1b[0m\n'}
[5.464302] (robot_interfaces) StdoutLine: {'line': b'[  8%] \x1b[32mBuilding C object CMakeFiles/robot_interfaces__rosidl_generator_c.dir/rosidl_generator_c/robot_interfaces/srv/detail/calibration__functions.c.o\x1b[0m\n'}
[5.465300] (robot_interfaces) StdoutLine: {'line': b'[ 10%] \x1b[32mBuilding C object CMakeFiles/robot_interfaces__rosidl_generator_c.dir/rosidl_generator_c/robot_interfaces/srv/detail/set_mode__functions.c.o\x1b[0m\n'}
[5.466112] (robot_interfaces) StdoutLine: {'line': b'[ 11%] \x1b[32mBuilding C object CMakeFiles/robot_interfaces__rosidl_generator_c.dir/rosidl_generator_c/robot_interfaces/msg/detail/motor_command__functions.c.o\x1b[0m\n'}
[5.473886] (robot_interfaces) StdoutLine: {'line': b'[ 11%] Built target robot_interfaces__cpp\n'}
[5.486253] (robot_gazebo) StdoutLine: {'line': b'-- Override CMake install command with custom implementation using symlinks instead of copying resources\n'}
[5.490431] (robot_interfaces) StdoutLine: {'line': b'[ 12%] \x1b[34m\x1b[1mGenerating C++ type support for eProsima Fast-RTPS\x1b[0m\n'}
[5.491414] (robot_interfaces) StdoutLine: {'line': b'[ 13%] \x1b[34m\x1b[1mGenerating C++ type support dispatch for ROS interfaces\x1b[0m\n'}
[5.492410] (robot_interfaces) StdoutLine: {'line': b'[ 15%] \x1b[34m\x1b[1mGenerating C++ introspection for ROS interfaces\x1b[0m\n'}
[5.499918] (robot_navigation) StdoutLine: {'line': b'-- Override CMake install command with custom implementation using symlinks instead of copying resources\n'}
[5.509341] (-) TimerEvent: {}
[5.576438] (robot_gazebo) StdoutLine: {'line': b'-- Found rclcpp: 16.0.15 (/opt/ros/humble/share/rclcpp/cmake)\n'}
[5.594431] (robot_navigation) StdoutLine: {'line': b'-- Found rclcpp: 16.0.15 (/opt/ros/humble/share/rclcpp/cmake)\n'}
[5.609443] (-) TimerEvent: {}
[5.657529] (robot_gazebo) StdoutLine: {'line': b'-- Found rosidl_generator_c: 3.1.7 (/opt/ros/humble/share/rosidl_generator_c/cmake)\n'}
[5.666174] (robot_gazebo) StdoutLine: {'line': b'-- Found rosidl_adapter: 3.1.7 (/opt/ros/humble/share/rosidl_adapter/cmake)\n'}
[5.668907] (robot_navigation) StdoutLine: {'line': b'-- Found rosidl_generator_c: 3.1.7 (/opt/ros/humble/share/rosidl_generator_c/cmake)\n'}
[5.678711] (robot_navigation) StdoutLine: {'line': b'-- Found rosidl_adapter: 3.1.7 (/opt/ros/humble/share/rosidl_adapter/cmake)\n'}
[5.679824] (robot_gazebo) StdoutLine: {'line': b'-- Found rosidl_generator_cpp: 3.1.7 (/opt/ros/humble/share/rosidl_generator_cpp/cmake)\n'}
[5.692180] (robot_navigation) StdoutLine: {'line': b'-- Found rosidl_generator_cpp: 3.1.7 (/opt/ros/humble/share/rosidl_generator_cpp/cmake)\n'}
[5.696785] (robot_gazebo) StdoutLine: {'line': b'-- Using all available rosidl_typesupport_c: rosidl_typesupport_fastrtps_c;rosidl_typesupport_introspection_c\n'}
[5.708801] (robot_navigation) StdoutLine: {'line': b'-- Using all available rosidl_typesupport_c: rosidl_typesupport_fastrtps_c;rosidl_typesupport_introspection_c\n'}
[5.709518] (-) TimerEvent: {}
[5.720904] (robot_gazebo) StdoutLine: {'line': b'-- Using all available rosidl_typesupport_cpp: rosidl_typesupport_fastrtps_cpp;rosidl_typesupport_introspection_cpp\n'}
[5.731747] (robot_navigation) StdoutLine: {'line': b'-- Using all available rosidl_typesupport_cpp: rosidl_typesupport_fastrtps_cpp;rosidl_typesupport_introspection_cpp\n'}
[5.786438] (robot_gazebo) StdoutLine: {'line': b'-- Found rmw_implementation_cmake: 6.1.2 (/opt/ros/humble/share/rmw_implementation_cmake/cmake)\n'}
[5.791281] (robot_gazebo) StdoutLine: {'line': b'-- Found rmw_fastrtps_cpp: 6.2.8 (/opt/ros/humble/share/rmw_fastrtps_cpp/cmake)\n'}
[5.796997] (robot_navigation) StdoutLine: {'line': b'-- Found rmw_implementation_cmake: 6.1.2 (/opt/ros/humble/share/rmw_implementation_cmake/cmake)\n'}
[5.801926] (robot_navigation) StdoutLine: {'line': b'-- Found rmw_fastrtps_cpp: 6.2.8 (/opt/ros/humble/share/rmw_fastrtps_cpp/cmake)\n'}
[5.809628] (-) TimerEvent: {}
[5.888909] (robot_interfaces) StdoutLine: {'line': b'[ 16%] \x1b[32m\x1b[1mLinking C shared library librobot_interfaces__rosidl_generator_c.so\x1b[0m\n'}
[5.909733] (-) TimerEvent: {}
[5.915112] (robot_launch) StdoutLine: {'line': b'running develop\n'}
[5.921405] (robot_gazebo) StdoutLine: {'line': b'-- Found OpenSSL: /usr/lib/x86_64-linux-gnu/libcrypto.so (found version "3.0.2")  \n'}
[5.931122] (robot_navigation) StdoutLine: {'line': b'-- Found OpenSSL: /usr/lib/x86_64-linux-gnu/libcrypto.so (found version "3.0.2")  \n'}
[5.940332] (robot_interfaces) StdoutLine: {'line': b'[ 16%] Built target robot_interfaces__rosidl_generator_c\n'}
[5.953415] (robot_interfaces) StdoutLine: {'line': b'[ 17%] \x1b[34m\x1b[1mGenerating C introspection for ROS interfaces\x1b[0m\n'}
[5.955068] (robot_interfaces) StdoutLine: {'line': b'[ 20%] \x1b[34m\x1b[1mGenerating C type support dispatch for ROS interfaces\x1b[0m\n'}
[5.955290] (robot_interfaces) StdoutLine: {'line': b'[ 20%] \x1b[34m\x1b[1mGenerating C type support for eProsima Fast-RTPS\x1b[0m\n'}
[5.965470] (robot_gazebo) StdoutLine: {'line': b'-- Found FastRTPS: /opt/ros/humble/include  \n'}
[5.975597] (robot_navigation) StdoutLine: {'line': b'-- Found FastRTPS: /opt/ros/humble/include  \n'}
[6.009829] (-) TimerEvent: {}
[6.033974] (robot_gazebo) StdoutLine: {'line': b"-- Using RMW implementation 'rmw_fastrtps_cpp' as default\n"}
[6.050202] (robot_gazebo) StdoutLine: {'line': b'-- Looking for pthread.h\n'}
[6.065395] (robot_navigation) StdoutLine: {'line': b"-- Using RMW implementation 'rmw_fastrtps_cpp' as default\n"}
[6.088922] (robot_navigation) StdoutLine: {'line': b'-- Looking for pthread.h\n'}
[6.109930] (-) TimerEvent: {}
[6.149028] (robot_gazebo) StdoutLine: {'line': b'-- Looking for pthread.h - found\n'}
[6.149405] (robot_gazebo) StdoutLine: {'line': b'-- Performing Test CMAKE_HAVE_LIBC_PTHREAD\n'}
[6.189691] (robot_navigation) StdoutLine: {'line': b'-- Looking for pthread.h - found\n'}
[6.190049] (robot_navigation) StdoutLine: {'line': b'-- Performing Test CMAKE_HAVE_LIBC_PTHREAD\n'}
[6.210027] (-) TimerEvent: {}
[6.244326] (robot_launch) StdoutLine: {'line': b'running egg_info\n'}
[6.244591] (robot_launch) StdoutLine: {'line': b'creating robot_launch.egg-info\n'}
[6.261100] (robot_launch) StdoutLine: {'line': b'writing robot_launch.egg-info/PKG-INFO\n'}
[6.261528] (robot_launch) StdoutLine: {'line': b'writing dependency_links to robot_launch.egg-info/dependency_links.txt\n'}
[6.261920] (robot_launch) StdoutLine: {'line': b'writing requirements to robot_launch.egg-info/requires.txt\n'}
[6.262139] (robot_launch) StdoutLine: {'line': b'writing top-level names to robot_launch.egg-info/top_level.txt\n'}
[6.262334] (robot_launch) StdoutLine: {'line': b"writing manifest file 'robot_launch.egg-info/SOURCES.txt'\n"}
[6.268128] (robot_gazebo) StdoutLine: {'line': b'-- Performing Test CMAKE_HAVE_LIBC_PTHREAD - Success\n'}
[6.270155] (robot_gazebo) StdoutLine: {'line': b'-- Found Threads: TRUE  \n'}
[6.291379] (robot_navigation) StdoutLine: {'line': b'-- Performing Test CMAKE_HAVE_LIBC_PTHREAD - Success\n'}
[6.293256] (robot_navigation) StdoutLine: {'line': b'-- Found Threads: TRUE  \n'}
[6.298583] (robot_launch) StdoutLine: {'line': b"reading manifest file 'robot_launch.egg-info/SOURCES.txt'\n"}
[6.299275] (robot_launch) StdoutLine: {'line': b"writing manifest file 'robot_launch.egg-info/SOURCES.txt'\n"}
[6.310115] (-) TimerEvent: {}
[6.317285] (robot_launch) StdoutLine: {'line': b'running build_ext\n'}
[6.317533] (robot_launch) StdoutLine: {'line': b'Creating /root/Dojo/Dojo/install/robot_launch/lib/python3.10/site-packages/robot-launch.egg-link (link to .)\n'}
[6.318388] (robot_launch) StdoutLine: {'line': b'\n'}
[6.318625] (robot_launch) StdoutLine: {'line': b'Installed /root/Dojo/Dojo/build/robot_launch\n'}
[6.318774] (robot_launch) StdoutLine: {'line': b'running symlink_data\n'}
[6.319080] (robot_launch) StdoutLine: {'line': b'creating /root/Dojo/Dojo/install/robot_launch/share/ament_index\n'}
[6.319275] (robot_launch) StdoutLine: {'line': b'creating /root/Dojo/Dojo/install/robot_launch/share/ament_index/resource_index\n'}
[6.319400] (robot_launch) StdoutLine: {'line': b'creating /root/Dojo/Dojo/install/robot_launch/share/ament_index/resource_index/packages\n'}
[6.319536] (robot_launch) StdoutLine: {'line': b'symbolically linking /root/Dojo/Dojo/build/robot_launch/resource/robot_launch -> /root/Dojo/Dojo/install/robot_launch/share/ament_index/resource_index/packages\n'}
[6.319872] (robot_launch) StdoutLine: {'line': b'symbolically linking /root/Dojo/Dojo/build/robot_launch/package.xml -> /root/Dojo/Dojo/install/robot_launch/share/robot_launch\n'}
[6.320162] (robot_launch) StdoutLine: {'line': b'creating /root/Dojo/Dojo/install/robot_launch/share/robot_launch/launch\n'}
[6.320296] (robot_launch) StdoutLine: {'line': b'symbolically linking /root/Dojo/Dojo/build/robot_launch/launch/robot_complete.launch.py -> /root/Dojo/Dojo/install/robot_launch/share/robot_launch/launch\n'}
[6.364991] (robot_navigation) StdoutLine: {'line': b'-- Found rclpy: 3.3.17 (/opt/ros/humble/share/rclpy/cmake)\n'}
[6.369177] (robot_navigation) StdoutLine: {'line': b'-- Found sensor_msgs: 4.9.0 (/opt/ros/humble/share/sensor_msgs/cmake)\n'}
[6.375857] (robot_gazebo) StdoutLine: {'line': b'-- Found rclpy: 3.3.17 (/opt/ros/humble/share/rclpy/cmake)\n'}
[6.381315] (robot_gazebo) StdoutLine: {'line': b'-- Found sensor_msgs: 4.9.0 (/opt/ros/humble/share/sensor_msgs/cmake)\n'}
[6.391512] (robot_launch) CommandEnded: {'returncode': 0}
[6.401765] (robot_launch) JobEnded: {'identifier': 'robot_launch', 'rc': 0}
[6.410215] (-) TimerEvent: {}
[6.416107] (robot_navigation) StdoutLine: {'line': b'-- Found nav_msgs: 4.9.0 (/opt/ros/humble/share/nav_msgs/cmake)\n'}
[6.425263] (robot_interfaces) StdoutLine: {'line': b'[ 24%] \x1b[32mBuilding CXX object CMakeFiles/robot_interfaces__rosidl_typesupport_cpp.dir/rosidl_typesupport_cpp/robot_interfaces/srv/set_mode__type_support.cpp.o\x1b[0m\n'}
[6.425586] (robot_interfaces) StdoutLine: {'line': b'[ 24%] \x1b[32mBuilding CXX object CMakeFiles/robot_interfaces__rosidl_typesupport_cpp.dir/rosidl_typesupport_cpp/robot_interfaces/msg/motor_command__type_support.cpp.o\x1b[0m\n'}
[6.425969] (robot_interfaces) StdoutLine: {'line': b'[ 24%] \x1b[32mBuilding CXX object CMakeFiles/robot_interfaces__rosidl_typesupport_cpp.dir/rosidl_typesupport_cpp/robot_interfaces/msg/hardware_status__type_support.cpp.o\x1b[0m\n'}
[6.426945] (robot_interfaces) StdoutLine: {'line': b'[ 25%] \x1b[32mBuilding CXX object CMakeFiles/robot_interfaces__rosidl_typesupport_cpp.dir/rosidl_typesupport_cpp/robot_interfaces/msg/sensor_data__type_support.cpp.o\x1b[0m\n'}
[6.429245] (robot_interfaces) StdoutLine: {'line': b'[ 29%] \x1b[32mBuilding CXX object CMakeFiles/robot_interfaces__rosidl_typesupport_cpp.dir/rosidl_typesupport_cpp/robot_interfaces/srv/calibration__type_support.cpp.o\x1b[0m\n'}
[6.429490] (robot_interfaces) StdoutLine: {'line': b'[ 29%] \x1b[32mBuilding CXX object CMakeFiles/robot_interfaces__rosidl_typesupport_cpp.dir/rosidl_typesupport_cpp/robot_interfaces/msg/robot_state__type_support.cpp.o\x1b[0m\n'}
[6.429646] (robot_interfaces) StdoutLine: {'line': b'[ 29%] \x1b[32mBuilding CXX object CMakeFiles/robot_interfaces__rosidl_typesupport_cpp.dir/rosidl_typesupport_cpp/robot_interfaces/action/navigation__type_support.cpp.o\x1b[0m\n'}
[6.442875] (robot_gazebo) StdoutLine: {'line': b'-- Found nav_msgs: 4.9.0 (/opt/ros/humble/share/nav_msgs/cmake)\n'}
[6.450163] (robot_navigation) StdoutLine: {'line': b'-- Found tf2_ros: 0.25.16 (/opt/ros/humble/share/tf2_ros/cmake)\n'}
[6.479174] (robot_gazebo) StdoutLine: {'line': b'-- Found tf2_ros: 0.25.16 (/opt/ros/humble/share/tf2_ros/cmake)\n'}
[6.510321] (-) TimerEvent: {}
[6.610215] (robot_interfaces) StdoutLine: {'line': b'[ 30%] \x1b[32mBuilding CXX object CMakeFiles/robot_interfaces__rosidl_typesupport_introspection_cpp.dir/rosidl_typesupport_introspection_cpp/robot_interfaces/msg/detail/sensor_data__type_support.cpp.o\x1b[0m\n'}
[6.611774] (-) TimerEvent: {}
[6.612626] (robot_interfaces) StdoutLine: {'line': b'[ 31%] \x1b[32mBuilding CXX object CMakeFiles/robot_interfaces__rosidl_typesupport_introspection_cpp.dir/rosidl_typesupport_introspection_cpp/robot_interfaces/msg/detail/motor_command__type_support.cpp.o\x1b[0m\n'}
[6.622473] (robot_interfaces) StdoutLine: {'line': b'[ 32%] \x1b[32mBuilding CXX object CMakeFiles/robot_interfaces__rosidl_typesupport_introspection_cpp.dir/rosidl_typesupport_introspection_cpp/robot_interfaces/msg/detail/hardware_status__type_support.cpp.o\x1b[0m\n'}
[6.622759] (robot_interfaces) StdoutLine: {'line': b'[ 34%] \x1b[32mBuilding CXX object CMakeFiles/robot_interfaces__rosidl_typesupport_introspection_cpp.dir/rosidl_typesupport_introspection_cpp/robot_interfaces/msg/detail/robot_state__type_support.cpp.o\x1b[0m\n'}
[6.635599] (robot_interfaces) StdoutLine: {'line': b'[ 35%] \x1b[32mBuilding CXX object CMakeFiles/robot_interfaces__rosidl_typesupport_introspection_cpp.dir/rosidl_typesupport_introspection_cpp/robot_interfaces/srv/detail/calibration__type_support.cpp.o\x1b[0m\n'}
[6.657209] (robot_navigation) StdoutLine: {'line': b'-- Found tf2_geometry_msgs: 0.25.16 (/opt/ros/humble/share/tf2_geometry_msgs/cmake)\n'}
[6.711887] (-) TimerEvent: {}
[6.737954] (robot_navigation) StdoutLine: {'line': b'-- Found eigen3_cmake_module: 0.1.1 (/opt/ros/humble/share/eigen3_cmake_module/cmake)\n'}
[6.744842] (robot_navigation) StdoutLine: {'line': b'-- Found Eigen3: TRUE (found version "3.4.0") \n'}
[6.745227] (robot_navigation) StdoutLine: {'line': b'-- Ensuring Eigen3 include directory is part of orocos-kdl CMake target\n'}
[6.760353] (robot_navigation) StdoutLine: {'line': b'-- Found navigation2: 1.1.18 (/opt/ros/humble/share/navigation2/cmake)\n'}
[6.764434] (robot_gazebo) StdoutLine: {'line': b'-- Found tf2_geometry_msgs: 0.25.16 (/opt/ros/humble/share/tf2_geometry_msgs/cmake)\n'}
[6.770650] (robot_navigation) StdoutLine: {'line': b'-- Found nav2_common: 1.1.18 (/opt/ros/humble/share/nav2_common/cmake)\n'}
[6.780841] (robot_navigation) StdoutLine: {'line': b'-- Found nav2_util: 1.1.18 (/opt/ros/humble/share/nav2_util/cmake)\n'}
[6.812158] (-) TimerEvent: {}
[6.858897] (robot_gazebo) StdoutLine: {'line': b'-- Found eigen3_cmake_module: 0.1.1 (/opt/ros/humble/share/eigen3_cmake_module/cmake)\n'}
[6.861860] (robot_gazebo) StdoutLine: {'line': b'-- Found Eigen3: TRUE (found version "3.4.0") \n'}
[6.862256] (robot_gazebo) StdoutLine: {'line': b'-- Ensuring Eigen3 include directory is part of orocos-kdl CMake target\n'}
[6.869459] (robot_gazebo) StdoutLine: {'line': b'-- Found gazebo_ros: 3.9.0 (/opt/ros/humble/share/gazebo_ros/cmake)\n'}
[6.900500] (robot_gazebo) StdoutLine: {'line': b'-- Found PkgConfig: /usr/bin/pkg-config (found version "0.29.2") \n'}
[6.910338] (robot_gazebo) StdoutLine: {'line': b"-- Checking for module 'bullet>=2.82'\n"}
[6.912268] (-) TimerEvent: {}
[6.964165] (robot_gazebo) StdoutLine: {'line': b'--   Found bullet, version 3.05\n'}
[6.964541] (robot_interfaces) StdoutLine: {'line': b'[ 36%] \x1b[32mBuilding CXX object CMakeFiles/robot_interfaces__rosidl_typesupport_introspection_cpp.dir/rosidl_typesupport_introspection_cpp/robot_interfaces/srv/detail/set_mode__type_support.cpp.o\x1b[0m\n'}
[6.994433] (robot_interfaces) StdoutLine: {'line': b'[ 37%] \x1b[32mBuilding CXX object CMakeFiles/robot_interfaces__rosidl_typesupport_introspection_cpp.dir/rosidl_typesupport_introspection_cpp/robot_interfaces/action/detail/navigation__type_support.cpp.o\x1b[0m\n'}
[7.012420] (-) TimerEvent: {}
[7.018908] (robot_navigation) StdoutLine: {'line': b'-- Found nav2_lifecycle_manager: 1.1.18 (/opt/ros/humble/share/nav2_lifecycle_manager/cmake)\n'}
[7.084911] (robot_interfaces) StdoutLine: {'line': b'[ 39%] \x1b[32mBuilding CXX object CMakeFiles/robot_interfaces__rosidl_typesupport_fastrtps_cpp.dir/rosidl_typesupport_fastrtps_cpp/robot_interfaces/msg/detail/dds_fastrtps/sensor_data__type_support.cpp.o\x1b[0m\n'}
[7.087136] (robot_interfaces) StdoutLine: {'line': b'[ 40%] \x1b[32mBuilding CXX object CMakeFiles/robot_interfaces__rosidl_typesupport_fastrtps_cpp.dir/rosidl_typesupport_fastrtps_cpp/robot_interfaces/msg/detail/dds_fastrtps/motor_command__type_support.cpp.o\x1b[0m\n'}
[7.087879] (robot_interfaces) StdoutLine: {'line': b'[ 41%] \x1b[32mBuilding CXX object CMakeFiles/robot_interfaces__rosidl_typesupport_fastrtps_cpp.dir/rosidl_typesupport_fastrtps_cpp/robot_interfaces/msg/detail/dds_fastrtps/hardware_status__type_support.cpp.o\x1b[0m\n'}
[7.096409] (robot_interfaces) StdoutLine: {'line': b'[ 44%] \x1b[32mBuilding CXX object CMakeFiles/robot_interfaces__rosidl_typesupport_fastrtps_cpp.dir/rosidl_typesupport_fastrtps_cpp/robot_interfaces/srv/detail/dds_fastrtps/calibration__type_support.cpp.o\x1b[0m\n'}
[7.097057] (robot_interfaces) StdoutLine: {'line': b'[ 44%] \x1b[32mBuilding CXX object CMakeFiles/robot_interfaces__rosidl_typesupport_fastrtps_cpp.dir/rosidl_typesupport_fastrtps_cpp/robot_interfaces/msg/detail/dds_fastrtps/robot_state__type_support.cpp.o\x1b[0m\n'}
[7.114115] (-) TimerEvent: {}
[7.141128] (robot_navigation) StdoutLine: {'line': b'-- Found nav2_amcl: 1.1.18 (/opt/ros/humble/share/nav2_amcl/cmake)\n'}
[7.214216] (-) TimerEvent: {}
[7.230422] (robot_gazebo) StdoutLine: {'line': b'-- Found fcl: /usr/include (found suitable version "0.7.0", minimum required is "0.5.0") \n'}
[7.251955] (robot_navigation) StdoutLine: {'line': b'-- Found nav2_behavior_tree: 1.1.18 (/opt/ros/humble/share/nav2_behavior_tree/cmake)\n'}
[7.299708] (robot_interfaces) StdoutLine: {'line': b'[ 45%] \x1b[32m\x1b[1mLinking CXX shared library librobot_interfaces__rosidl_typesupport_cpp.so\x1b[0m\n'}
[7.315828] (-) TimerEvent: {}
[7.326679] (robot_navigation) StdoutLine: {'line': b'-- Found nav2_bt_navigator: 1.1.18 (/opt/ros/humble/share/nav2_bt_navigator/cmake)\n'}
[7.354844] (robot_interfaces) StdoutLine: {'line': b'[ 46%] \x1b[32mBuilding CXX object CMakeFiles/robot_interfaces__rosidl_typesupport_c.dir/rosidl_typesupport_c/robot_interfaces/msg/hardware_status__type_support.cpp.o\x1b[0m\n'}
[7.415971] (-) TimerEvent: {}
[7.435896] (robot_interfaces) StdoutLine: {'line': b'[ 48%] \x1b[32mBuilding CXX object CMakeFiles/robot_interfaces__rosidl_typesupport_fastrtps_cpp.dir/rosidl_typesupport_fastrtps_cpp/robot_interfaces/srv/detail/dds_fastrtps/set_mode__type_support.cpp.o\x1b[0m\n'}
[7.449438] (robot_interfaces) StdoutLine: {'line': b'[ 48%] Built target robot_interfaces__rosidl_typesupport_cpp\n'}
[7.457293] (robot_gazebo) StdoutLine: {'line': b'-- Found assimp: /usr/include (found version "5.2.0") \n'}
[7.467179] (robot_interfaces) StdoutLine: {'line': b'[ 49%] \x1b[32mBuilding CXX object CMakeFiles/robot_interfaces__rosidl_typesupport_c.dir/rosidl_typesupport_c/robot_interfaces/msg/sensor_data__type_support.cpp.o\x1b[0m\n'}
[7.481715] (robot_interfaces) StdoutLine: {'line': b'[ 50%] \x1b[32mBuilding CXX object CMakeFiles/robot_interfaces__rosidl_typesupport_fastrtps_cpp.dir/rosidl_typesupport_fastrtps_cpp/robot_interfaces/action/detail/dds_fastrtps/navigation__type_support.cpp.o\x1b[0m\n'}
[7.516104] (-) TimerEvent: {}
[7.542969] (robot_gazebo) StdoutLine: {'line': b'-- Found DART: /usr/include (Required is at least version "6.6") found components: dart \n'}
[7.548392] (robot_interfaces) StdoutLine: {'line': b'[ 51%] \x1b[32mBuilding CXX object CMakeFiles/robot_interfaces__rosidl_typesupport_c.dir/rosidl_typesupport_c/robot_interfaces/msg/motor_command__type_support.cpp.o\x1b[0m\n'}
[7.606182] (robot_navigation) StdoutLine: {'line': b'-- Found nav2_controller: 1.1.18 (/opt/ros/humble/share/nav2_controller/cmake)\n'}
[7.613358] (robot_interfaces) StdoutLine: {'line': b'[ 54%] \x1b[32mBuilding CXX object CMakeFiles/robot_interfaces__rosidl_typesupport_c.dir/rosidl_typesupport_c/robot_interfaces/srv/set_mode__type_support.cpp.o\x1b[0m\n'}
[7.613809] (robot_interfaces) StdoutLine: {'line': b'[ 54%] \x1b[32mBuilding CXX object CMakeFiles/robot_interfaces__rosidl_typesupport_c.dir/rosidl_typesupport_c/robot_interfaces/srv/calibration__type_support.cpp.o\x1b[0m\n'}
[7.616213] (-) TimerEvent: {}
[7.626142] (robot_interfaces) StdoutLine: {'line': b'[ 55%] \x1b[32mBuilding CXX object CMakeFiles/robot_interfaces__rosidl_typesupport_c.dir/rosidl_typesupport_c/robot_interfaces/msg/robot_state__type_support.cpp.o\x1b[0m\n'}
[7.631118] (robot_gazebo) StdoutLine: {'line': b'-- Found Boost: /usr/lib/x86_64-linux-gnu/cmake/Boost-1.74.0/BoostConfig.cmake (found suitable version "1.74.0", minimum required is "1.40.0") found components: thread system filesystem program_options regex iostreams date_time \n'}
[7.639514] (robot_interfaces) StdoutLine: {'line': b'[ 56%] \x1b[32mBuilding CXX object CMakeFiles/robot_interfaces__rosidl_typesupport_c.dir/rosidl_typesupport_c/robot_interfaces/action/navigation__type_support.cpp.o\x1b[0m\n'}
[7.664429] (robot_gazebo) StdoutLine: {'line': b'-- Found Protobuf: /usr/lib/x86_64-linux-gnu/libprotobuf.so (found version "3.12.4") \n'}
[7.694045] (robot_gazebo) StdoutLine: {'line': b'-- Looking for ignition-math6 -- found version 6.15.1\n'}
[7.708441] (robot_gazebo) StdoutLine: {'line': b'-- Searching for dependencies of ignition-math6\n'}
[7.712121] (robot_interfaces) StdoutLine: {'line': b'[ 58%] \x1b[32mBuilding C object CMakeFiles/robot_interfaces__rosidl_typesupport_introspection_c.dir/rosidl_typesupport_introspection_c/robot_interfaces/msg/detail/hardware_status__type_support.c.o\x1b[0m\n'}
[7.712920] (robot_interfaces) StdoutLine: {'line': b'[ 60%] \x1b[32mBuilding C object CMakeFiles/robot_interfaces__rosidl_typesupport_introspection_c.dir/rosidl_typesupport_introspection_c/robot_interfaces/msg/detail/motor_command__type_support.c.o\x1b[0m\n'}
[7.714536] (robot_interfaces) StdoutLine: {'line': b'[ 60%] \x1b[32mBuilding C object CMakeFiles/robot_interfaces__rosidl_typesupport_introspection_c.dir/rosidl_typesupport_introspection_c/robot_interfaces/msg/detail/robot_state__type_support.c.o\x1b[0m\n'}
[7.714936] (robot_gazebo) StdoutLine: {'line': b'-- Looking for OGRE...\n'}
[7.715235] (robot_gazebo) StdoutLine: {'line': b'-- OGRE_PREFIX_WATCH changed.\n'}
[7.716298] (-) TimerEvent: {}
[7.726674] (robot_interfaces) StdoutLine: {'line': b'[ 62%] \x1b[32mBuilding C object CMakeFiles/robot_interfaces__rosidl_typesupport_introspection_c.dir/rosidl_typesupport_introspection_c/robot_interfaces/msg/detail/sensor_data__type_support.c.o\x1b[0m\n'}
[7.728154] (robot_gazebo) StdoutLine: {'line': b"-- Checking for module 'OGRE'\n"}
[7.737239] (robot_navigation) StdoutLine: {'line': b'-- Found nav2_planner: 1.1.18 (/opt/ros/humble/share/nav2_planner/cmake)\n'}
[7.754750] (robot_gazebo) StdoutLine: {'line': b'--   Found OGRE, version 1.9.0\n'}
[7.771751] (robot_interfaces) StdoutLine: {'line': b'[ 63%] \x1b[32mBuilding C object CMakeFiles/robot_interfaces__rosidl_typesupport_introspection_c.dir/rosidl_typesupport_introspection_c/robot_interfaces/srv/detail/calibration__type_support.c.o\x1b[0m\n'}
[7.782597] (robot_interfaces) StdoutLine: {'line': b'[ 64%] \x1b[32m\x1b[1mLinking CXX shared library librobot_interfaces__rosidl_typesupport_c.so\x1b[0m\n'}
[7.791858] (robot_navigation) StdoutLine: {'line': b'-- Found slam_toolbox: 2.6.10 (/opt/ros/humble/share/slam_toolbox/cmake)\n'}
[7.792601] (robot_interfaces) StdoutLine: {'line': b'[ 65%] \x1b[32mBuilding CXX object CMakeFiles/robot_interfaces__rosidl_typesupport_fastrtps_c.dir/rosidl_typesupport_fastrtps_c/robot_interfaces/msg/detail/hardware_status__type_support_c.cpp.o\x1b[0m\n'}
[7.811029] (robot_interfaces) StdoutLine: {'line': b'[ 67%] \x1b[32mBuilding C object CMakeFiles/robot_interfaces__rosidl_typesupport_introspection_c.dir/rosidl_typesupport_introspection_c/robot_interfaces/srv/detail/set_mode__type_support.c.o\x1b[0m\n'}
[7.821925] (-) TimerEvent: {}
[7.846042] (robot_gazebo) StdoutLine: {'line': b'-- Found Ogre Ghadamon (1.9.0)\n'}
[7.860386] (robot_gazebo) StdoutLine: {'line': b'-- Found OGRE: optimized;/usr/lib/x86_64-linux-gnu/libOgreMain.so;debug;/usr/lib/x86_64-linux-gnu/libOgreMain.so\n'}
[7.864205] (robot_interfaces) StdoutLine: {'line': b'[ 68%] \x1b[32mBuilding C object CMakeFiles/robot_interfaces__rosidl_typesupport_introspection_c.dir/rosidl_typesupport_introspection_c/robot_interfaces/action/detail/navigation__type_support.c.o\x1b[0m\n'}
[7.869526] (robot_interfaces) StdoutLine: {'line': b'[ 68%] Built target robot_interfaces__rosidl_typesupport_c\n'}
[7.873798] (robot_interfaces) StdoutLine: {'line': b'[ 69%] \x1b[32mBuilding CXX object CMakeFiles/robot_interfaces__rosidl_typesupport_fastrtps_c.dir/rosidl_typesupport_fastrtps_c/robot_interfaces/msg/detail/sensor_data__type_support_c.cpp.o\x1b[0m\n'}
[7.877363] (robot_gazebo) StdoutLine: {'line': b'-- Looking for OGRE_Paging...\n'}
[7.880265] (robot_interfaces) StdoutLine: {'line': b'[ 70%] \x1b[32mBuilding CXX object CMakeFiles/robot_interfaces__rosidl_typesupport_fastrtps_c.dir/rosidl_typesupport_fastrtps_c/robot_interfaces/msg/detail/motor_command__type_support_c.cpp.o\x1b[0m\n'}
[7.893223] (robot_interfaces) StdoutLine: {'line': b'[ 72%] \x1b[32mBuilding CXX object CMakeFiles/robot_interfaces__rosidl_typesupport_fastrtps_c.dir/rosidl_typesupport_fastrtps_c/robot_interfaces/msg/detail/robot_state__type_support_c.cpp.o\x1b[0m\n'}
[7.893532] (robot_gazebo) StdoutLine: {'line': b'-- Found OGRE_Paging: optimized;/usr/lib/x86_64-linux-gnu/libOgrePaging.so;debug;/usr/lib/x86_64-linux-gnu/libOgrePaging.so\n'}
[7.893715] (robot_gazebo) StdoutLine: {'line': b'-- Looking for OGRE_Terrain...\n'}
[7.898842] (robot_navigation) StdoutLine: {'line': b"-- Setting assimp_DIR to: '/opt/ros/humble/share/rviz_assimp_vendor/cmake/../../../opt/rviz_assimp_vendor/lib/cmake/assimp-4.1'\n"}
[7.911268] (robot_gazebo) StdoutLine: {'line': b'-- Found OGRE_Terrain: optimized;/usr/lib/x86_64-linux-gnu/libOgreTerrain.so;debug;/usr/lib/x86_64-linux-gnu/libOgreTerrain.so\n'}
[7.911579] (robot_gazebo) StdoutLine: {'line': b'-- Looking for OGRE_Property...\n'}
[7.914741] (robot_interfaces) StdoutLine: {'line': b'[ 73%] \x1b[32mBuilding CXX object CMakeFiles/robot_interfaces__rosidl_typesupport_fastrtps_c.dir/rosidl_typesupport_fastrtps_c/robot_interfaces/srv/detail/set_mode__type_support_c.cpp.o\x1b[0m\n'}
[7.915724] (robot_interfaces) StdoutLine: {'line': b'[ 74%] \x1b[32mBuilding CXX object CMakeFiles/robot_interfaces__rosidl_typesupport_fastrtps_c.dir/rosidl_typesupport_fastrtps_c/robot_interfaces/srv/detail/calibration__type_support_c.cpp.o\x1b[0m\n'}
[7.917082] (-) TimerEvent: {}
[7.919498] (robot_navigation) StdoutLine: {'line': b"-- Setting OGRE_DIR to: '/opt/ros/humble/share/rviz_ogre_vendor/cmake/../../../opt/rviz_ogre_vendor/lib/OGRE/cmake'\n"}
[7.925043] (robot_navigation) StdoutLine: {'line': b'-- Found OGRE\n'}
[7.925400] (robot_navigation) StdoutLine: {'line': b'--   static     : OFF\n'}
[7.925652] (robot_navigation) StdoutLine: {'line': b'--   components : HLMS;MeshLodGenerator;Overlay;Paging;Property;RTShaderSystem;Terrain;Volume\n'}
[7.925984] (robot_navigation) StdoutLine: {'line': b'--   plugins    : Plugin_BSPSceneManager;Plugin_OctreeSceneManager;Plugin_PCZSceneManager;Plugin_ParticleFX;RenderSystem_GL;RenderSystem_GL3Plus;Codec_STBI\n'}
[7.926311] (robot_navigation) StdoutLine: {'line': b'--   media      : /opt/ros/humble/opt/rviz_ogre_vendor/share/OGRE/Media\n'}
[7.926555] (robot_navigation) StdoutLine: {'line': b'-- OGRE_LIBRARIES: OgreHLMS;OgreMeshLodGenerator;OgreOverlay;OgrePaging;OgreProperty;OgreRTShaderSystem;OgreTerrain;OgreVolume;OgreMain\n'}
[7.926775] (robot_navigation) StdoutLine: {'line': b'-- OGRE_LIBRARY_DIRS: /opt/ros/humble/opt/rviz_ogre_vendor/lib\n'}
[7.926974] (robot_navigation) StdoutLine: {'line': b'-- OGRE_PLUGINS: Plugin_BSPSceneManager;Plugin_OctreeSceneManager;Plugin_PCZSceneManager;Plugin_ParticleFX;RenderSystem_GL;RenderSystem_GL3Plus;Codec_STBI\n'}
[7.927213] (robot_navigation) StdoutLine: {'line': b'-- OGRE_PLUGIN_DIR: /opt/ros/humble/opt/rviz_ogre_vendor/lib/OGRE\n'}
[7.927410] (robot_navigation) StdoutLine: {'line': b'-- rviz_ogre_vendor::OgreOverlay for IMPORTED_LOCATION_RELEASE: /opt/ros/humble/opt/rviz_ogre_vendor/lib/libOgreOverlay.so\n'}
[7.927615] (robot_navigation) StdoutLine: {'line': b'-- rviz_ogre_vendor::OgreOverlay for IMPORTED_LOCATION_DEBUG: /opt/ros/humble/opt/rviz_ogre_vendor/lib/libOgreOverlay.so\n'}
[7.927853] (robot_navigation) StdoutLine: {'line': b'-- rviz_ogre_vendor::OgreMain for IMPORTED_LOCATION_RELEASE: /opt/ros/humble/opt/rviz_ogre_vendor/lib/libOgreMain.so\n'}
[7.928034] (robot_navigation) StdoutLine: {'line': b'-- rviz_ogre_vendor::OgreMain for IMPORTED_LOCATION_DEBUG: /opt/ros/humble/opt/rviz_ogre_vendor/lib/libOgreMain.so\n'}
[7.935161] (robot_gazebo) StdoutLine: {'line': b'-- Found OGRE_Property: optimized;/usr/lib/x86_64-linux-gnu/libOgreProperty.so;debug;/usr/lib/x86_64-linux-gnu/libOgreProperty.so\n'}
[7.935446] (robot_gazebo) StdoutLine: {'line': b'-- Looking for OGRE_RTShaderSystem...\n'}
[7.941345] (robot_interfaces) StdoutLine: {'line': b'[ 75%] \x1b[32mBuilding CXX object CMakeFiles/robot_interfaces__rosidl_typesupport_fastrtps_c.dir/rosidl_typesupport_fastrtps_c/robot_interfaces/action/detail/navigation__type_support_c.cpp.o\x1b[0m\n'}
[7.950148] (robot_gazebo) StdoutLine: {'line': b'-- Found OGRE_RTShaderSystem: optimized;/usr/lib/x86_64-linux-gnu/libOgreRTShaderSystem.so;debug;/usr/lib/x86_64-linux-gnu/libOgreRTShaderSystem.so\n'}
[7.950562] (robot_gazebo) StdoutLine: {'line': b'-- Looking for OGRE_Volume...\n'}
[7.961114] (robot_gazebo) StdoutLine: {'line': b'-- Found OGRE_Volume: optimized;/usr/lib/x86_64-linux-gnu/libOgreVolume.so;debug;/usr/lib/x86_64-linux-gnu/libOgreVolume.so\n'}
[7.961448] (robot_gazebo) StdoutLine: {'line': b'-- Looking for OGRE_Overlay...\n'}
[7.969190] (robot_navigation) StdoutLine: {'line': b'-- Found ZLIB: /usr/lib/x86_64-linux-gnu/libz.so (found version "1.2.11") \n'}
[7.975133] (robot_gazebo) StdoutLine: {'line': b'-- Found OGRE_Overlay: optimized;/usr/lib/x86_64-linux-gnu/libOgreOverlay.so;debug;/usr/lib/x86_64-linux-gnu/libOgreOverlay.so\n'}
[7.975453] (robot_navigation) StdoutLine: {'line': b'-- Found OpenGL: /usr/lib/x86_64-linux-gnu/libOpenGL.so   \n'}
[8.017202] (-) TimerEvent: {}
[8.046890] (robot_interfaces) StdoutLine: {'line': b'[ 77%] \x1b[32m\x1b[1mLinking C shared library librobot_interfaces__rosidl_typesupport_introspection_c.so\x1b[0m\n'}
[8.117341] (-) TimerEvent: {}
[8.151589] (robot_interfaces) StdoutLine: {'line': b'[ 77%] Built target robot_interfaces__rosidl_typesupport_introspection_c\n'}
[8.217476] (-) TimerEvent: {}
[8.220603] (robot_navigation) StdoutLine: {'line': b'-- Found X11: /usr/include   \n'}
[8.221179] (robot_navigation) StdoutLine: {'line': b'-- Looking for XOpenDisplay in /usr/lib/x86_64-linux-gnu/libX11.so;/usr/lib/x86_64-linux-gnu/libXext.so\n'}
[8.226124] (robot_gazebo) StdoutLine: {'line': b'-- Looking for ignition-math6 -- found version 6.15.1\n'}
[8.236180] (robot_gazebo) StdoutLine: {'line': b'-- Looking for ignition-transport8 -- found version 8.2.1\n'}
[8.237520] (robot_gazebo) StdoutLine: {'line': b'-- Searching for dependencies of ignition-transport8\n'}
[8.287573] (robot_gazebo) StdoutLine: {'line': b'-- Found Protobuf: /usr/lib/x86_64-linux-gnu/libprotobuf.so (found suitable version "3.12.4", minimum required is "3") \n'}
[8.292362] (robot_interfaces) StdoutLine: {'line': b'[ 78%] \x1b[32m\x1b[1mLinking CXX shared library librobot_interfaces__rosidl_typesupport_introspection_cpp.so\x1b[0m\n'}
[8.317618] (-) TimerEvent: {}
[8.322129] (robot_gazebo) StdoutLine: {'line': b'-- Config-file not installed for ZeroMQ -- checking for pkg-config\n'}
[8.332168] (robot_gazebo) StdoutLine: {'line': b"-- Checking for module 'libzmq >= 4'\n"}
[8.365131] (robot_navigation) StdoutLine: {'line': b'-- Looking for XOpenDisplay in /usr/lib/x86_64-linux-gnu/libX11.so;/usr/lib/x86_64-linux-gnu/libXext.so - found\n'}
[8.365436] (robot_navigation) StdoutLine: {'line': b'-- Looking for gethostbyname\n'}
[8.366095] (robot_gazebo) StdoutLine: {'line': b'--   Found libzmq , version 4.3.4\n'}
[8.417739] (-) TimerEvent: {}
[8.477297] (robot_gazebo) StdoutLine: {'line': b'-- Found ZeroMQ: TRUE (Required is at least version "4") \n'}
[8.485248] (robot_gazebo) StdoutLine: {'line': b"-- Checking for module 'uuid'\n"}
[8.500887] (robot_interfaces) StdoutLine: {'line': b'[ 78%] Built target robot_interfaces__rosidl_typesupport_introspection_cpp\n'}
[8.511698] (robot_navigation) StdoutLine: {'line': b'-- Looking for gethostbyname - found\n'}
[8.512017] (robot_navigation) StdoutLine: {'line': b'-- Looking for connect\n'}
[8.512942] (robot_gazebo) StdoutLine: {'line': b'--   Found uuid, version 2.37.2\n'}
[8.517875] (-) TimerEvent: {}
[8.567078] (robot_gazebo) StdoutLine: {'line': b'-- Found UUID: TRUE  \n'}
[8.572147] (robot_gazebo) StdoutLine: {'line': b'-- Looking for ignition-msgs5 -- found version 5.8.1\n'}
[8.572759] (robot_gazebo) StdoutLine: {'line': b'-- Searching for dependencies of ignition-msgs5\n'}
[8.596919] (robot_navigation) StdoutLine: {'line': b'-- Looking for connect - found\n'}
[8.597187] (robot_navigation) StdoutLine: {'line': b'-- Looking for remove\n'}
[8.603271] (robot_gazebo) StdoutLine: {'line': b'-- Looking for ignition-math6 -- found version 6.15.1\n'}
[8.609524] (robot_gazebo) StdoutLine: {'line': b"-- Checking for module 'tinyxml2'\n"}
[8.615483] (robot_interfaces) StdoutLine: {'line': b'[ 79%] \x1b[32m\x1b[1mLinking CXX shared library librobot_interfaces__rosidl_typesupport_fastrtps_cpp.so\x1b[0m\n'}
[8.617954] (-) TimerEvent: {}
[8.627465] (robot_gazebo) StdoutLine: {'line': b'--   Found tinyxml2, version 9.0.0\n'}
[8.671697] (robot_navigation) StdoutLine: {'line': b'-- Looking for remove - found\n'}
[8.671921] (robot_navigation) StdoutLine: {'line': b'-- Looking for shmat\n'}
[8.677025] (robot_gazebo) StdoutLine: {'line': b'-- Looking for ignition-msgs5 -- found version 5.8.1\n'}
[8.681855] (robot_gazebo) StdoutLine: {'line': b'-- Looking for ignition-common3 -- found version 3.14.0\n'}
[8.682567] (robot_gazebo) StdoutLine: {'line': b'-- Searching for dependencies of ignition-common3\n'}
[8.682945] (robot_gazebo) StdoutLine: {'line': b'-- Looking for dlfcn.h - found\n'}
[8.683858] (robot_gazebo) StdoutLine: {'line': b'-- Looking for libdl - found\n'}
[8.685538] (robot_gazebo) StdoutLine: {'line': b'-- Found DL: TRUE  \n'}
[8.699742] (robot_gazebo) StdoutLine: {'line': b'-- Found tinyobjloader: /usr/lib/x86_64-linux-gnu/cmake/tinyobjloader/tinyobjloader-config.cmake (found version "2.0.0") \n'}
[8.700049] (robot_interfaces) StdoutLine: {'line': b'[ 79%] Built target robot_interfaces__rosidl_typesupport_fastrtps_cpp\n'}
[8.700413] (robot_gazebo) StdoutLine: {'line': b'-- Searching for <ignition-common3> component [graphics]\n'}
[8.704827] (robot_gazebo) StdoutLine: {'line': b'-- Looking for ignition-common3-graphics -- found version 3.14.0\n'}
[8.705422] (robot_gazebo) StdoutLine: {'line': b'-- Searching for dependencies of ignition-common3-graphics\n'}
[8.705851] (robot_gazebo) StdoutLine: {'line': b'-- Looking for ignition-math6 -- found version 6.15.1\n'}
[8.710441] (robot_gazebo) StdoutLine: {'line': b'-- Looking for ignition-fuel_tools4 -- found version 4.4.0\n'}
[8.710931] (robot_gazebo) StdoutLine: {'line': b'-- Searching for dependencies of ignition-fuel_tools4\n'}
[8.718063] (-) TimerEvent: {}
[8.723419] (robot_interfaces) StdoutLine: {'line': b'[ 81%] \x1b[32m\x1b[1mLinking CXX shared library librobot_interfaces__rosidl_typesupport_fastrtps_c.so\x1b[0m\n'}
[8.745681] (robot_navigation) StdoutLine: {'line': b'-- Looking for shmat - found\n'}
[8.745957] (robot_navigation) StdoutLine: {'line': b'-- Looking for IceConnectionNumber in ICE\n'}
[8.806040] (robot_interfaces) StdoutLine: {'line': b'[ 81%] Built target robot_interfaces__rosidl_typesupport_fastrtps_c\n'}
[8.816326] (robot_gazebo) StdoutLine: {'line': b'-- Found CURL: /usr/lib/x86_64-linux-gnu/libcurl.so (found version "7.81.0")  \n'}
[8.818091] (-) TimerEvent: {}
[8.820311] (robot_navigation) StdoutLine: {'line': b'-- Looking for IceConnectionNumber in ICE - found\n'}
[8.828530] (robot_interfaces) StdoutLine: {'line': b'[ 81%] Built target robot_interfaces\n'}
[8.828733] (robot_gazebo) StdoutLine: {'line': b"-- Checking for module 'jsoncpp'\n"}
[8.844455] (robot_gazebo) StdoutLine: {'line': b'--   Found jsoncpp, version 1.9.5\n'}
[8.851845] (robot_interfaces) StdoutLine: {'line': b'[ 82%] \x1b[34m\x1b[1mGenerating Python code for ROS interfaces\x1b[0m\n'}
[8.887528] (robot_gazebo) StdoutLine: {'line': b'-- Found JSONCPP: TRUE  \n'}
[8.893289] (robot_gazebo) StdoutLine: {'line': b"-- Checking for module 'libzip'\n"}
[8.909291] (robot_gazebo) StdoutLine: {'line': b'--   Found libzip, version 1.7.3\n'}
[8.918183] (-) TimerEvent: {}
[8.925634] (robot_navigation) StdoutLine: {'line': b'-- library: /usr/lib/x86_64-linux-gnu/libcurl.so\n'}
[8.950378] (robot_gazebo) StdoutLine: {'line': b'-- Found ZIP: TRUE  \n'}
[8.950773] (robot_gazebo) StdoutLine: {'line': b'-- Looking for ignition-common3 -- found version 3.14.0\n'}
[8.951168] (robot_gazebo) StdoutLine: {'line': b'-- Looking for ignition-math6 -- found version 6.15.1\n'}
[8.951574] (robot_gazebo) StdoutLine: {'line': b'-- Looking for ignition-msgs5 -- found version 5.8.1\n'}
[8.957125] (robot_gazebo) StdoutLine: {'line': b'-- Gazebo version: 11.10\n'}
[8.957534] (robot_gazebo) StdoutLine: {'line': b"-- Checking for module 'tbb'\n"}
[8.975389] (robot_gazebo) StdoutLine: {'line': b'--   Found tbb, version 2021.5.0\n'}
[9.003268] (robot_navigation) StdoutLine: {'line': b'-- Found robot_localization: 3.5.4 (/opt/ros/humble/share/robot_localization/cmake)\n'}
[9.018293] (-) TimerEvent: {}
[9.023506] (robot_gazebo) StdoutLine: {'line': b'-- Found gazebo_ros2_control: 0.4.10 (/opt/ros/humble/share/gazebo_ros2_control/cmake)\n'}
[9.118383] (-) TimerEvent: {}
[9.179258] (robot_gazebo) StdoutLine: {'line': b'-- Found gazebo_plugins: 3.9.0 (/opt/ros/humble/share/gazebo_plugins/cmake)\n'}
[9.207596] (robot_gazebo) StdoutLine: {'line': b'-- Found ros2_control: 2.52.0 (/opt/ros/humble/share/ros2_control/cmake)\n'}
[9.210368] (robot_gazebo) StdoutLine: {'line': b'-- Found ros2_controllers: 2.50.0 (/opt/ros/humble/share/ros2_controllers/cmake)\n'}
[9.213685] (robot_gazebo) StdoutLine: {'line': b'-- Found std_srvs: 4.9.0 (/opt/ros/humble/share/std_srvs/cmake)\n'}
[9.218454] (-) TimerEvent: {}
[9.222276] (robot_gazebo) StdoutLine: {'line': b'-- Found robot_description: 1.0.0 (/root/Dojo/Dojo/install/robot_description/share/robot_description/cmake)\n'}
[9.222748] (robot_gazebo) StdoutLine: {'line': b'-- Found robot_control: 1.0.0 (/root/Dojo/Dojo/install/robot_control/share/robot_control/cmake)\n'}
[9.318550] (-) TimerEvent: {}
[9.418805] (-) TimerEvent: {}
[9.519095] (-) TimerEvent: {}
[9.619373] (-) TimerEvent: {}
[9.719678] (-) TimerEvent: {}
[9.819941] (-) TimerEvent: {}
[9.920218] (-) TimerEvent: {}
[10.020501] (-) TimerEvent: {}
[10.120819] (-) TimerEvent: {}
[10.213525] (robot_navigation) StdoutLine: {'line': b'-- Found Python3: /usr/bin/python3 (found version "3.10.12") found components: Interpreter Development Development.Module Development.Embed \n'}
[10.220911] (-) TimerEvent: {}
[10.288600] (robot_navigation) StdoutLine: {'line': b'-- Configuring done\n'}
[10.298524] (robot_navigation) StdoutLine: {'line': b'-- Generating done\n'}
[10.301658] (robot_navigation) StdoutLine: {'line': b'-- Build files have been written to: /root/Dojo/Dojo/build/robot_navigation\n'}
[10.319141] (robot_navigation) CommandEnded: {'returncode': 0}
[10.319814] (robot_navigation) JobProgress: {'identifier': 'robot_navigation', 'progress': 'build'}
[10.320589] (robot_navigation) Command: {'cmd': ['/usr/bin/cmake', '--build', '/root/Dojo/Dojo/build/robot_navigation', '--', '-j16', '-l16'], 'cwd': '/root/Dojo/Dojo/build/robot_navigation', 'env': OrderedDict([('HOSTNAME', 'gareth-joel-HP-Pavilion-Gaming-Laptop-15-ec2xxx'), ('SHLVL', '1'), ('LD_LIBRARY_PATH', '/usr/lib/x86_64-linux-gnu/gazebo-11/plugins:/opt/ros/humble/opt/rviz_ogre_vendor/lib:/opt/ros/humble/lib/x86_64-linux-gnu:/opt/ros/humble/lib'), ('HOME', '/root'), ('OLDPWD', '/root/Dojo'), ('ROS_PYTHON_VERSION', '3'), ('COLCON_PREFIX_PATH', '/root/Dojo/install'), ('ROS_DISTRO', 'humble'), ('_', '/usr/bin/colcon'), ('ROS_VERSION', '2'), ('TERM', 'xterm'), ('ROS_LOCALHOST_ONLY', '0'), ('QT_X11_NO_MITSHM', '1'), ('PATH', '/opt/ros/humble/bin:/usr/local/sbin:/usr/local/bin:/usr/sbin:/usr/bin:/sbin:/bin'), ('DISPLAY', ':0'), ('LANG', 'C.UTF-8'), ('LS_COLORS', 'rs=0:di=01;34:ln=01;36:mh=00:pi=40;33:so=01;35:do=01;35:bd=40;33;01:cd=40;33;01:or=40;31;01:mi=00:su=37;41:sg=30;43:ca=30;41:tw=30;42:ow=34;42:st=37;44:ex=01;32:*.tar=01;31:*.tgz=01;31:*.arc=01;31:*.arj=01;31:*.taz=01;31:*.lha=01;31:*.lz4=01;31:*.lzh=01;31:*.lzma=01;31:*.tlz=01;31:*.txz=01;31:*.tzo=01;31:*.t7z=01;31:*.zip=01;31:*.z=01;31:*.dz=01;31:*.gz=01;31:*.lrz=01;31:*.lz=01;31:*.lzo=01;31:*.xz=01;31:*.zst=01;31:*.tzst=01;31:*.bz2=01;31:*.bz=01;31:*.tbz=01;31:*.tbz2=01;31:*.tz=01;31:*.deb=01;31:*.rpm=01;31:*.jar=01;31:*.war=01;31:*.ear=01;31:*.sar=01;31:*.rar=01;31:*.alz=01;31:*.ace=01;31:*.zoo=01;31:*.cpio=01;31:*.7z=01;31:*.rz=01;31:*.cab=01;31:*.wim=01;31:*.swm=01;31:*.dwm=01;31:*.esd=01;31:*.jpg=01;35:*.jpeg=01;35:*.mjpg=01;35:*.mjpeg=01;35:*.gif=01;35:*.bmp=01;35:*.pbm=01;35:*.pgm=01;35:*.ppm=01;35:*.tga=01;35:*.xbm=01;35:*.xpm=01;35:*.tif=01;35:*.tiff=01;35:*.png=01;35:*.svg=01;35:*.svgz=01;35:*.mng=01;35:*.pcx=01;35:*.mov=01;35:*.mpg=01;35:*.mpeg=01;35:*.m2v=01;35:*.mkv=01;35:*.webm=01;35:*.webp=01;35:*.ogm=01;35:*.mp4=01;35:*.m4v=01;35:*.mp4v=01;35:*.vob=01;35:*.qt=01;35:*.nuv=01;35:*.wmv=01;35:*.asf=01;35:*.rm=01;35:*.rmvb=01;35:*.flc=01;35:*.avi=01;35:*.fli=01;35:*.flv=01;35:*.gl=01;35:*.dl=01;35:*.xcf=01;35:*.xwd=01;35:*.yuv=01;35:*.cgm=01;35:*.emf=01;35:*.ogv=01;35:*.ogx=01;35:*.aac=00;36:*.au=00;36:*.flac=00;36:*.m4a=00;36:*.mid=00;36:*.midi=00;36:*.mka=00;36:*.mp3=00;36:*.mpc=00;36:*.ogg=00;36:*.ra=00;36:*.wav=00;36:*.oga=00;36:*.opus=00;36:*.spx=00;36:*.xspf=00;36:'), ('ROS_DOMAIN_ID', '7'), ('AMENT_PREFIX_PATH', '/root/Dojo/Dojo/install/robot_description:/root/Dojo/Dojo/install/robot_control:/root/Dojo/install/robot_hardware:/opt/ros/humble'), ('PWD', '/root/Dojo/Dojo/build/robot_navigation'), ('LC_ALL', 'C.UTF-8'), ('PYTHONPATH', '/root/Dojo/Dojo/install/robot_description/lib/python3.10/site-packages:/root/Dojo/build/robot_hardware:/root/Dojo/install/robot_hardware/lib/python3.10/site-packages:/opt/ros/humble/lib/python3.10/site-packages:/opt/ros/humble/local/lib/python3.10/dist-packages'), ('COLCON', '1'), ('CMAKE_PREFIX_PATH', '/root/Dojo/Dojo/install/robot_description:/root/Dojo/Dojo/install/robot_control:/root/Dojo/install/robot_perception:/root/Dojo/install/robot_hardware:/opt/ros/humble')]), 'shell': False}
[10.321823] (-) TimerEvent: {}
[10.373534] (robot_navigation) CommandEnded: {'returncode': 0}
[10.374185] (robot_navigation) JobProgress: {'identifier': 'robot_navigation', 'progress': 'install'}
[10.374459] (robot_navigation) Command: {'cmd': ['/usr/bin/cmake', '--install', '/root/Dojo/Dojo/build/robot_navigation'], 'cwd': '/root/Dojo/Dojo/build/robot_navigation', 'env': OrderedDict([('HOSTNAME', 'gareth-joel-HP-Pavilion-Gaming-Laptop-15-ec2xxx'), ('SHLVL', '1'), ('LD_LIBRARY_PATH', '/usr/lib/x86_64-linux-gnu/gazebo-11/plugins:/opt/ros/humble/opt/rviz_ogre_vendor/lib:/opt/ros/humble/lib/x86_64-linux-gnu:/opt/ros/humble/lib'), ('HOME', '/root'), ('OLDPWD', '/root/Dojo'), ('ROS_PYTHON_VERSION', '3'), ('COLCON_PREFIX_PATH', '/root/Dojo/install'), ('ROS_DISTRO', 'humble'), ('_', '/usr/bin/colcon'), ('ROS_VERSION', '2'), ('TERM', 'xterm'), ('ROS_LOCALHOST_ONLY', '0'), ('QT_X11_NO_MITSHM', '1'), ('PATH', '/opt/ros/humble/bin:/usr/local/sbin:/usr/local/bin:/usr/sbin:/usr/bin:/sbin:/bin'), ('DISPLAY', ':0'), ('LANG', 'C.UTF-8'), ('LS_COLORS', 'rs=0:di=01;34:ln=01;36:mh=00:pi=40;33:so=01;35:do=01;35:bd=40;33;01:cd=40;33;01:or=40;31;01:mi=00:su=37;41:sg=30;43:ca=30;41:tw=30;42:ow=34;42:st=37;44:ex=01;32:*.tar=01;31:*.tgz=01;31:*.arc=01;31:*.arj=01;31:*.taz=01;31:*.lha=01;31:*.lz4=01;31:*.lzh=01;31:*.lzma=01;31:*.tlz=01;31:*.txz=01;31:*.tzo=01;31:*.t7z=01;31:*.zip=01;31:*.z=01;31:*.dz=01;31:*.gz=01;31:*.lrz=01;31:*.lz=01;31:*.lzo=01;31:*.xz=01;31:*.zst=01;31:*.tzst=01;31:*.bz2=01;31:*.bz=01;31:*.tbz=01;31:*.tbz2=01;31:*.tz=01;31:*.deb=01;31:*.rpm=01;31:*.jar=01;31:*.war=01;31:*.ear=01;31:*.sar=01;31:*.rar=01;31:*.alz=01;31:*.ace=01;31:*.zoo=01;31:*.cpio=01;31:*.7z=01;31:*.rz=01;31:*.cab=01;31:*.wim=01;31:*.swm=01;31:*.dwm=01;31:*.esd=01;31:*.jpg=01;35:*.jpeg=01;35:*.mjpg=01;35:*.mjpeg=01;35:*.gif=01;35:*.bmp=01;35:*.pbm=01;35:*.pgm=01;35:*.ppm=01;35:*.tga=01;35:*.xbm=01;35:*.xpm=01;35:*.tif=01;35:*.tiff=01;35:*.png=01;35:*.svg=01;35:*.svgz=01;35:*.mng=01;35:*.pcx=01;35:*.mov=01;35:*.mpg=01;35:*.mpeg=01;35:*.m2v=01;35:*.mkv=01;35:*.webm=01;35:*.webp=01;35:*.ogm=01;35:*.mp4=01;35:*.m4v=01;35:*.mp4v=01;35:*.vob=01;35:*.qt=01;35:*.nuv=01;35:*.wmv=01;35:*.asf=01;35:*.rm=01;35:*.rmvb=01;35:*.flc=01;35:*.avi=01;35:*.fli=01;35:*.flv=01;35:*.gl=01;35:*.dl=01;35:*.xcf=01;35:*.xwd=01;35:*.yuv=01;35:*.cgm=01;35:*.emf=01;35:*.ogv=01;35:*.ogx=01;35:*.aac=00;36:*.au=00;36:*.flac=00;36:*.m4a=00;36:*.mid=00;36:*.midi=00;36:*.mka=00;36:*.mp3=00;36:*.mpc=00;36:*.ogg=00;36:*.ra=00;36:*.wav=00;36:*.oga=00;36:*.opus=00;36:*.spx=00;36:*.xspf=00;36:'), ('ROS_DOMAIN_ID', '7'), ('AMENT_PREFIX_PATH', '/root/Dojo/Dojo/install/robot_description:/root/Dojo/Dojo/install/robot_control:/root/Dojo/install/robot_hardware:/opt/ros/humble'), ('PWD', '/root/Dojo/Dojo/build/robot_navigation'), ('LC_ALL', 'C.UTF-8'), ('PYTHONPATH', '/root/Dojo/Dojo/install/robot_description/lib/python3.10/site-packages:/root/Dojo/build/robot_hardware:/root/Dojo/install/robot_hardware/lib/python3.10/site-packages:/opt/ros/humble/lib/python3.10/site-packages:/opt/ros/humble/local/lib/python3.10/dist-packages'), ('COLCON', '1'), ('CMAKE_PREFIX_PATH', '/root/Dojo/Dojo/install/robot_description:/root/Dojo/Dojo/install/robot_control:/root/Dojo/install/robot_perception:/root/Dojo/install/robot_hardware:/opt/ros/humble')]), 'shell': False}
[10.382804] (robot_navigation) StdoutLine: {'line': b'-- Install configuration: "Release"\n'}
[10.383251] (robot_navigation) StdoutLine: {'line': b'-- Execute custom install script\n'}
[10.383884] (robot_navigation) StdoutLine: {'line': b'-- Symlinking: /root/Dojo/Dojo/install/robot_navigation/share/robot_navigation/launch/localization.launch.py\n'}
[10.394444] (robot_navigation) StdoutLine: {'line': b'-- Symlinking: /root/Dojo/Dojo/install/robot_navigation/share/robot_navigation/launch/map_server.launch.py\n'}
[10.396850] (robot_gazebo) StdoutLine: {'line': b'-- Found Python3: /usr/bin/python3 (found version "3.10.12") found components: Interpreter Development Development.Module Development.Embed \n'}
[10.404729] (robot_navigation) StdoutLine: {'line': b'-- Symlinking: /root/Dojo/Dojo/install/robot_navigation/share/robot_navigation/launch/nav2.launch.py\n'}
[10.414171] (robot_navigation) StdoutLine: {'line': b'-- Symlinking: /root/Dojo/Dojo/install/robot_navigation/share/robot_navigation/launch/navigation.launch.py\n'}
[10.421917] (-) TimerEvent: {}
[10.425384] (robot_navigation) StdoutLine: {'line': b'-- Symlinking: /root/Dojo/Dojo/install/robot_navigation/share/robot_navigation/config/bt_navigator_params.yaml\n'}
[10.435248] (robot_navigation) StdoutLine: {'line': b'-- Symlinking: /root/Dojo/Dojo/install/robot_navigation/share/robot_navigation/config/controller_params.yaml\n'}
[10.445081] (robot_navigation) StdoutLine: {'line': b'-- Symlinking: /root/Dojo/Dojo/install/robot_navigation/share/robot_navigation/config/costmap_common_params.yaml\n'}
[10.455894] (robot_navigation) StdoutLine: {'line': b'-- Symlinking: /root/Dojo/Dojo/install/robot_navigation/share/robot_navigation/config/global_costmap_params.yaml\n'}
[10.465894] (robot_navigation) StdoutLine: {'line': b'-- Symlinking: /root/Dojo/Dojo/install/robot_navigation/share/robot_navigation/config/local_costmap_params.yaml\n'}
[10.472258] (robot_gazebo) StdoutLine: {'line': b'-- Configuring done\n'}
[10.476047] (robot_navigation) StdoutLine: {'line': b'-- Symlinking: /root/Dojo/Dojo/install/robot_navigation/share/robot_navigation/config/localization_params.yaml\n'}
[10.482110] (robot_gazebo) StdoutLine: {'line': b'-- Generating done\n'}
[10.485806] (robot_navigation) StdoutLine: {'line': b'-- Symlinking: /root/Dojo/Dojo/install/robot_navigation/share/robot_navigation/config/map_server_params.yaml\n'}
[10.486690] (robot_gazebo) StdoutLine: {'line': b'-- Build files have been written to: /root/Dojo/Dojo/build/robot_gazebo\n'}
[10.496149] (robot_navigation) StdoutLine: {'line': b'-- Symlinking: /root/Dojo/Dojo/install/robot_navigation/share/robot_navigation/config/nav2_params.yaml\n'}
[10.503770] (robot_gazebo) CommandEnded: {'returncode': 0}
[10.504522] (robot_gazebo) JobProgress: {'identifier': 'robot_gazebo', 'progress': 'build'}
[10.505152] (robot_gazebo) Command: {'cmd': ['/usr/bin/cmake', '--build', '/root/Dojo/Dojo/build/robot_gazebo', '--', '-j16', '-l16'], 'cwd': '/root/Dojo/Dojo/build/robot_gazebo', 'env': OrderedDict([('HOSTNAME', 'gareth-joel-HP-Pavilion-Gaming-Laptop-15-ec2xxx'), ('SHLVL', '1'), ('LD_LIBRARY_PATH', '/usr/lib/x86_64-linux-gnu/gazebo-11/plugins:/opt/ros/humble/opt/rviz_ogre_vendor/lib:/opt/ros/humble/lib/x86_64-linux-gnu:/opt/ros/humble/lib'), ('HOME', '/root'), ('OLDPWD', '/root/Dojo'), ('ROS_PYTHON_VERSION', '3'), ('COLCON_PREFIX_PATH', '/root/Dojo/install'), ('ROS_DISTRO', 'humble'), ('_', '/usr/bin/colcon'), ('ROS_VERSION', '2'), ('TERM', 'xterm'), ('ROS_LOCALHOST_ONLY', '0'), ('QT_X11_NO_MITSHM', '1'), ('PATH', '/opt/ros/humble/bin:/usr/local/sbin:/usr/local/bin:/usr/sbin:/usr/bin:/sbin:/bin'), ('DISPLAY', ':0'), ('LANG', 'C.UTF-8'), ('LS_COLORS', 'rs=0:di=01;34:ln=01;36:mh=00:pi=40;33:so=01;35:do=01;35:bd=40;33;01:cd=40;33;01:or=40;31;01:mi=00:su=37;41:sg=30;43:ca=30;41:tw=30;42:ow=34;42:st=37;44:ex=01;32:*.tar=01;31:*.tgz=01;31:*.arc=01;31:*.arj=01;31:*.taz=01;31:*.lha=01;31:*.lz4=01;31:*.lzh=01;31:*.lzma=01;31:*.tlz=01;31:*.txz=01;31:*.tzo=01;31:*.t7z=01;31:*.zip=01;31:*.z=01;31:*.dz=01;31:*.gz=01;31:*.lrz=01;31:*.lz=01;31:*.lzo=01;31:*.xz=01;31:*.zst=01;31:*.tzst=01;31:*.bz2=01;31:*.bz=01;31:*.tbz=01;31:*.tbz2=01;31:*.tz=01;31:*.deb=01;31:*.rpm=01;31:*.jar=01;31:*.war=01;31:*.ear=01;31:*.sar=01;31:*.rar=01;31:*.alz=01;31:*.ace=01;31:*.zoo=01;31:*.cpio=01;31:*.7z=01;31:*.rz=01;31:*.cab=01;31:*.wim=01;31:*.swm=01;31:*.dwm=01;31:*.esd=01;31:*.jpg=01;35:*.jpeg=01;35:*.mjpg=01;35:*.mjpeg=01;35:*.gif=01;35:*.bmp=01;35:*.pbm=01;35:*.pgm=01;35:*.ppm=01;35:*.tga=01;35:*.xbm=01;35:*.xpm=01;35:*.tif=01;35:*.tiff=01;35:*.png=01;35:*.svg=01;35:*.svgz=01;35:*.mng=01;35:*.pcx=01;35:*.mov=01;35:*.mpg=01;35:*.mpeg=01;35:*.m2v=01;35:*.mkv=01;35:*.webm=01;35:*.webp=01;35:*.ogm=01;35:*.mp4=01;35:*.m4v=01;35:*.mp4v=01;35:*.vob=01;35:*.qt=01;35:*.nuv=01;35:*.wmv=01;35:*.asf=01;35:*.rm=01;35:*.rmvb=01;35:*.flc=01;35:*.avi=01;35:*.fli=01;35:*.flv=01;35:*.gl=01;35:*.dl=01;35:*.xcf=01;35:*.xwd=01;35:*.yuv=01;35:*.cgm=01;35:*.emf=01;35:*.ogv=01;35:*.ogx=01;35:*.aac=00;36:*.au=00;36:*.flac=00;36:*.m4a=00;36:*.mid=00;36:*.midi=00;36:*.mka=00;36:*.mp3=00;36:*.mpc=00;36:*.ogg=00;36:*.ra=00;36:*.wav=00;36:*.oga=00;36:*.opus=00;36:*.spx=00;36:*.xspf=00;36:'), ('ROS_DOMAIN_ID', '7'), ('AMENT_PREFIX_PATH', '/root/Dojo/Dojo/install/robot_description:/root/Dojo/Dojo/install/robot_control:/root/Dojo/install/robot_hardware:/opt/ros/humble'), ('PWD', '/root/Dojo/Dojo/build/robot_gazebo'), ('LC_ALL', 'C.UTF-8'), ('PYTHONPATH', '/root/Dojo/Dojo/install/robot_description/lib/python3.10/site-packages:/root/Dojo/build/robot_hardware:/root/Dojo/install/robot_hardware/lib/python3.10/site-packages:/opt/ros/humble/lib/python3.10/site-packages:/opt/ros/humble/local/lib/python3.10/dist-packages'), ('COLCON', '1'), ('CMAKE_PREFIX_PATH', '/root/Dojo/Dojo/install/robot_description:/root/Dojo/Dojo/install/robot_control:/root/Dojo/install/robot_perception:/root/Dojo/install/robot_hardware:/opt/ros/humble')]), 'shell': False}
[10.506202] (robot_navigation) StdoutLine: {'line': b'-- Symlinking: /root/Dojo/Dojo/install/robot_navigation/share/robot_navigation/config/planner_params.yaml\n'}
[10.514672] (robot_navigation) StdoutLine: {'line': b'-- Symlinking: /root/Dojo/Dojo/install/robot_navigation/share/robot_navigation/package.xml\n'}
[10.522012] (-) TimerEvent: {}
[10.524522] (robot_navigation) StdoutLine: {'line': b'-- Symlinking: /root/Dojo/Dojo/install/robot_navigation/share/robot_navigation/setup.py\n'}
[10.534170] (robot_navigation) StdoutLine: {'line': b'-- Symlinking: /root/Dojo/Dojo/install/robot_navigation/share/robot_navigation/setup.cfg\n'}
[10.543596] (robot_navigation) StdoutLine: {'line': b'-- Up-to-date symlink: /root/Dojo/Dojo/install/robot_navigation/share/robot_navigation/launch/localization.launch.py\n'}
[10.543788] (robot_navigation) StdoutLine: {'line': b'-- Up-to-date symlink: /root/Dojo/Dojo/install/robot_navigation/share/robot_navigation/launch/map_server.launch.py\n'}
[10.543964] (robot_navigation) StdoutLine: {'line': b'-- Up-to-date symlink: /root/Dojo/Dojo/install/robot_navigation/share/robot_navigation/launch/nav2.launch.py\n'}
[10.544079] (robot_navigation) StdoutLine: {'line': b'-- Up-to-date symlink: /root/Dojo/Dojo/install/robot_navigation/share/robot_navigation/launch/navigation.launch.py\n'}
[10.544232] (robot_navigation) StdoutLine: {'line': b'-- Symlinking: /root/Dojo/Dojo/install/robot_navigation/share/ament_index/resource_index/package_run_dependencies/robot_navigation\n'}
[10.552842] (robot_navigation) StdoutLine: {'line': b'-- Symlinking: /root/Dojo/Dojo/install/robot_navigation/share/ament_index/resource_index/parent_prefix_path/robot_navigation\n'}
[10.555038] (robot_gazebo) CommandEnded: {'returncode': 0}
[10.555627] (robot_gazebo) JobProgress: {'identifier': 'robot_gazebo', 'progress': 'install'}
[10.556577] (robot_gazebo) Command: {'cmd': ['/usr/bin/cmake', '--install', '/root/Dojo/Dojo/build/robot_gazebo'], 'cwd': '/root/Dojo/Dojo/build/robot_gazebo', 'env': OrderedDict([('HOSTNAME', 'gareth-joel-HP-Pavilion-Gaming-Laptop-15-ec2xxx'), ('SHLVL', '1'), ('LD_LIBRARY_PATH', '/usr/lib/x86_64-linux-gnu/gazebo-11/plugins:/opt/ros/humble/opt/rviz_ogre_vendor/lib:/opt/ros/humble/lib/x86_64-linux-gnu:/opt/ros/humble/lib'), ('HOME', '/root'), ('OLDPWD', '/root/Dojo'), ('ROS_PYTHON_VERSION', '3'), ('COLCON_PREFIX_PATH', '/root/Dojo/install'), ('ROS_DISTRO', 'humble'), ('_', '/usr/bin/colcon'), ('ROS_VERSION', '2'), ('TERM', 'xterm'), ('ROS_LOCALHOST_ONLY', '0'), ('QT_X11_NO_MITSHM', '1'), ('PATH', '/opt/ros/humble/bin:/usr/local/sbin:/usr/local/bin:/usr/sbin:/usr/bin:/sbin:/bin'), ('DISPLAY', ':0'), ('LANG', 'C.UTF-8'), ('LS_COLORS', 'rs=0:di=01;34:ln=01;36:mh=00:pi=40;33:so=01;35:do=01;35:bd=40;33;01:cd=40;33;01:or=40;31;01:mi=00:su=37;41:sg=30;43:ca=30;41:tw=30;42:ow=34;42:st=37;44:ex=01;32:*.tar=01;31:*.tgz=01;31:*.arc=01;31:*.arj=01;31:*.taz=01;31:*.lha=01;31:*.lz4=01;31:*.lzh=01;31:*.lzma=01;31:*.tlz=01;31:*.txz=01;31:*.tzo=01;31:*.t7z=01;31:*.zip=01;31:*.z=01;31:*.dz=01;31:*.gz=01;31:*.lrz=01;31:*.lz=01;31:*.lzo=01;31:*.xz=01;31:*.zst=01;31:*.tzst=01;31:*.bz2=01;31:*.bz=01;31:*.tbz=01;31:*.tbz2=01;31:*.tz=01;31:*.deb=01;31:*.rpm=01;31:*.jar=01;31:*.war=01;31:*.ear=01;31:*.sar=01;31:*.rar=01;31:*.alz=01;31:*.ace=01;31:*.zoo=01;31:*.cpio=01;31:*.7z=01;31:*.rz=01;31:*.cab=01;31:*.wim=01;31:*.swm=01;31:*.dwm=01;31:*.esd=01;31:*.jpg=01;35:*.jpeg=01;35:*.mjpg=01;35:*.mjpeg=01;35:*.gif=01;35:*.bmp=01;35:*.pbm=01;35:*.pgm=01;35:*.ppm=01;35:*.tga=01;35:*.xbm=01;35:*.xpm=01;35:*.tif=01;35:*.tiff=01;35:*.png=01;35:*.svg=01;35:*.svgz=01;35:*.mng=01;35:*.pcx=01;35:*.mov=01;35:*.mpg=01;35:*.mpeg=01;35:*.m2v=01;35:*.mkv=01;35:*.webm=01;35:*.webp=01;35:*.ogm=01;35:*.mp4=01;35:*.m4v=01;35:*.mp4v=01;35:*.vob=01;35:*.qt=01;35:*.nuv=01;35:*.wmv=01;35:*.asf=01;35:*.rm=01;35:*.rmvb=01;35:*.flc=01;35:*.avi=01;35:*.fli=01;35:*.flv=01;35:*.gl=01;35:*.dl=01;35:*.xcf=01;35:*.xwd=01;35:*.yuv=01;35:*.cgm=01;35:*.emf=01;35:*.ogv=01;35:*.ogx=01;35:*.aac=00;36:*.au=00;36:*.flac=00;36:*.m4a=00;36:*.mid=00;36:*.midi=00;36:*.mka=00;36:*.mp3=00;36:*.mpc=00;36:*.ogg=00;36:*.ra=00;36:*.wav=00;36:*.oga=00;36:*.opus=00;36:*.spx=00;36:*.xspf=00;36:'), ('ROS_DOMAIN_ID', '7'), ('AMENT_PREFIX_PATH', '/root/Dojo/Dojo/install/robot_description:/root/Dojo/Dojo/install/robot_control:/root/Dojo/install/robot_hardware:/opt/ros/humble'), ('PWD', '/root/Dojo/Dojo/build/robot_gazebo'), ('LC_ALL', 'C.UTF-8'), ('PYTHONPATH', '/root/Dojo/Dojo/install/robot_description/lib/python3.10/site-packages:/root/Dojo/build/robot_hardware:/root/Dojo/install/robot_hardware/lib/python3.10/site-packages:/opt/ros/humble/lib/python3.10/site-packages:/opt/ros/humble/local/lib/python3.10/dist-packages'), ('COLCON', '1'), ('CMAKE_PREFIX_PATH', '/root/Dojo/Dojo/install/robot_description:/root/Dojo/Dojo/install/robot_control:/root/Dojo/install/robot_perception:/root/Dojo/install/robot_hardware:/opt/ros/humble')]), 'shell': False}
[10.562556] (robot_navigation) StdoutLine: {'line': b'-- Symlinking: /root/Dojo/Dojo/install/robot_navigation/share/robot_navigation/environment/ament_prefix_path.sh\n'}
[10.563076] (robot_gazebo) StdoutLine: {'line': b'-- Install configuration: "Release"\n'}
[10.563653] (robot_gazebo) StdoutLine: {'line': b'-- Execute custom install script\n'}
[10.564210] (robot_gazebo) StdoutLine: {'line': b'-- Symlinking: /root/Dojo/Dojo/install/robot_gazebo/share/robot_gazebo/launch/gazebo.launch.py\n'}
[10.572636] (robot_navigation) StdoutLine: {'line': b'-- Symlinking: /root/Dojo/Dojo/install/robot_navigation/share/robot_navigation/environment/ament_prefix_path.dsv\n'}
[10.573082] (robot_gazebo) StdoutLine: {'line': b'-- Symlinking: /root/Dojo/Dojo/install/robot_gazebo/share/robot_gazebo/launch/simulation.launch.py\n'}
[10.581437] (robot_gazebo) StdoutLine: {'line': b'-- Symlinking: /root/Dojo/Dojo/install/robot_gazebo/share/robot_gazebo/launch/unified_simulation.launch.py\n'}
[10.581645] (robot_navigation) StdoutLine: {'line': b'-- Symlinking: /root/Dojo/Dojo/install/robot_navigation/share/robot_navigation/environment/path.sh\n'}
[10.590910] (robot_navigation) StdoutLine: {'line': b'-- Symlinking: /root/Dojo/Dojo/install/robot_navigation/share/robot_navigation/environment/path.dsv\n'}
[10.591173] (robot_gazebo) StdoutLine: {'line': b'-- Symlinking: /root/Dojo/Dojo/install/robot_gazebo/share/robot_gazebo/config/diff_drive_controller.yaml\n'}
[10.599594] (robot_gazebo) StdoutLine: {'line': b'-- Symlinking: /root/Dojo/Dojo/install/robot_gazebo/share/robot_gazebo/config/ekf_config.yaml\n'}
[10.599796] (robot_navigation) StdoutLine: {'line': b'-- Symlinking: /root/Dojo/Dojo/install/robot_navigation/share/robot_navigation/local_setup.bash\n'}
[10.608968] (robot_gazebo) StdoutLine: {'line': b'-- Symlinking: /root/Dojo/Dojo/install/robot_gazebo/share/robot_gazebo/config/gazebo_controllers.yaml\n'}
[10.609169] (robot_navigation) StdoutLine: {'line': b'-- Symlinking: /root/Dojo/Dojo/install/robot_navigation/share/robot_navigation/local_setup.sh\n'}
[10.617978] (robot_gazebo) StdoutLine: {'line': b'-- Symlinking: /root/Dojo/Dojo/install/robot_gazebo/share/robot_gazebo/config/ros2_control.yaml\n'}
[10.618266] (robot_navigation) StdoutLine: {'line': b'-- Symlinking: /root/Dojo/Dojo/install/robot_navigation/share/robot_navigation/local_setup.zsh\n'}
[10.622117] (-) TimerEvent: {}
[10.627732] (robot_gazebo) StdoutLine: {'line': b'-- Symlinking: /root/Dojo/Dojo/install/robot_gazebo/share/robot_gazebo/config/slam_config.yaml\n'}
[10.627939] (robot_navigation) StdoutLine: {'line': b'-- Symlinking: /root/Dojo/Dojo/install/robot_navigation/share/robot_navigation/local_setup.dsv\n'}
[10.636846] (robot_navigation) StdoutLine: {'line': b'-- Symlinking: /root/Dojo/Dojo/install/robot_navigation/share/robot_navigation/package.dsv\n'}
[10.637850] (robot_gazebo) StdoutLine: {'line': b'-- Symlinking: /root/Dojo/Dojo/install/robot_gazebo/share/robot_gazebo/worlds/agriculture.world\n'}
[10.646431] (robot_gazebo) StdoutLine: {'line': b'-- Symlinking: /root/Dojo/Dojo/install/robot_gazebo/share/robot_gazebo/worlds/azcar.world\n'}
[10.646661] (robot_navigation) StdoutLine: {'line': b'-- Symlinking: /root/Dojo/Dojo/install/robot_navigation/share/ament_index/resource_index/packages/robot_navigation\n'}
[10.656014] (robot_gazebo) StdoutLine: {'line': b'-- Symlinking: /root/Dojo/Dojo/install/robot_gazebo/share/robot_gazebo/worlds/barrels.world\n'}
[10.656239] (robot_navigation) StdoutLine: {'line': b'-- Symlinking: /root/Dojo/Dojo/install/robot_navigation/share/robot_navigation/cmake/ament_cmake_export_include_directories-extras.cmake\n'}
[10.664715] (robot_gazebo) StdoutLine: {'line': b'-- Symlinking: /root/Dojo/Dojo/install/robot_gazebo/share/robot_gazebo/worlds/canyonview_field.world\n'}
[10.664929] (robot_navigation) StdoutLine: {'line': b'-- Symlinking: /root/Dojo/Dojo/install/robot_navigation/share/robot_navigation/cmake/ament_cmake_export_dependencies-extras.cmake\n'}
[10.674083] (robot_gazebo) StdoutLine: {'line': b'-- Symlinking: /root/Dojo/Dojo/install/robot_gazebo/share/robot_gazebo/worlds/city_osm_roundabout.world\n'}
[10.674312] (robot_navigation) StdoutLine: {'line': b'-- Symlinking: /root/Dojo/Dojo/install/robot_navigation/share/robot_navigation/cmake/robot_navigationConfig.cmake\n'}
[10.683116] (robot_gazebo) StdoutLine: {'line': b'-- Symlinking: /root/Dojo/Dojo/install/robot_gazebo/share/robot_gazebo/worlds/city_osm_roundabout_combined.world\n'}
[10.683359] (robot_navigation) StdoutLine: {'line': b'-- Symlinking: /root/Dojo/Dojo/install/robot_navigation/share/robot_navigation/cmake/robot_navigationConfig-version.cmake\n'}
[10.692943] (robot_gazebo) StdoutLine: {'line': b'-- Symlinking: /root/Dojo/Dojo/install/robot_gazebo/share/robot_gazebo/worlds/cyberzoo.world\n'}
[10.693191] (robot_navigation) StdoutLine: {'line': b'-- Up-to-date symlink: /root/Dojo/Dojo/install/robot_navigation/share/robot_navigation/package.xml\n'}
[10.693341] (robot_navigation) StdoutLine: {'line': b'-- Up-to-date: /robot_navigation\n'}
[10.693469] (robot_navigation) StdoutLine: {'line': b'-- Up-to-date: /robot_navigation/__init__.py\n'}
[10.695939] (robot_navigation) CommandEnded: {'returncode': 0}
[10.702515] (robot_gazebo) StdoutLine: {'line': b'-- Symlinking: /root/Dojo/Dojo/install/robot_gazebo/share/robot_gazebo/worlds/cyberzoo2019_orange_poles.world\n'}
[10.707781] (robot_navigation) JobEnded: {'identifier': 'robot_navigation', 'rc': 0}
[10.708390] (robot_bringup) JobStarted: {'identifier': 'robot_bringup'}
[10.712633] (robot_gazebo) StdoutLine: {'line': b'-- Symlinking: /root/Dojo/Dojo/install/robot_gazebo/share/robot_gazebo/worlds/cyberzoo2019_orange_poles_panels.world\n'}
[10.718688] (robot_bringup) JobProgress: {'identifier': 'robot_bringup', 'progress': 'cmake'}
[10.719732] (robot_bringup) Command: {'cmd': ['/usr/bin/cmake', '/root/Dojo/Dojo/src/robot_bringup', '-DCMAKE_BUILD_TYPE=Release', '-DBUILD_TESTING=OFF', '-DAMENT_CMAKE_SYMLINK_INSTALL=1', '-DCMAKE_INSTALL_PREFIX=/root/Dojo/Dojo/install/robot_bringup'], 'cwd': '/root/Dojo/Dojo/build/robot_bringup', 'env': OrderedDict([('HOSTNAME', 'gareth-joel-HP-Pavilion-Gaming-Laptop-15-ec2xxx'), ('SHLVL', '1'), ('LD_LIBRARY_PATH', '/usr/lib/x86_64-linux-gnu/gazebo-11/plugins:/opt/ros/humble/opt/rviz_ogre_vendor/lib:/opt/ros/humble/lib/x86_64-linux-gnu:/opt/ros/humble/lib'), ('HOME', '/root'), ('OLDPWD', '/root/Dojo'), ('ROS_PYTHON_VERSION', '3'), ('COLCON_PREFIX_PATH', '/root/Dojo/install'), ('ROS_DISTRO', 'humble'), ('_', '/usr/bin/colcon'), ('ROS_VERSION', '2'), ('TERM', 'xterm'), ('ROS_LOCALHOST_ONLY', '0'), ('QT_X11_NO_MITSHM', '1'), ('PATH', '/opt/ros/humble/bin:/usr/local/sbin:/usr/local/bin:/usr/sbin:/usr/bin:/sbin:/bin'), ('DISPLAY', ':0'), ('LANG', 'C.UTF-8'), ('LS_COLORS', 'rs=0:di=01;34:ln=01;36:mh=00:pi=40;33:so=01;35:do=01;35:bd=40;33;01:cd=40;33;01:or=40;31;01:mi=00:su=37;41:sg=30;43:ca=30;41:tw=30;42:ow=34;42:st=37;44:ex=01;32:*.tar=01;31:*.tgz=01;31:*.arc=01;31:*.arj=01;31:*.taz=01;31:*.lha=01;31:*.lz4=01;31:*.lzh=01;31:*.lzma=01;31:*.tlz=01;31:*.txz=01;31:*.tzo=01;31:*.t7z=01;31:*.zip=01;31:*.z=01;31:*.dz=01;31:*.gz=01;31:*.lrz=01;31:*.lz=01;31:*.lzo=01;31:*.xz=01;31:*.zst=01;31:*.tzst=01;31:*.bz2=01;31:*.bz=01;31:*.tbz=01;31:*.tbz2=01;31:*.tz=01;31:*.deb=01;31:*.rpm=01;31:*.jar=01;31:*.war=01;31:*.ear=01;31:*.sar=01;31:*.rar=01;31:*.alz=01;31:*.ace=01;31:*.zoo=01;31:*.cpio=01;31:*.7z=01;31:*.rz=01;31:*.cab=01;31:*.wim=01;31:*.swm=01;31:*.dwm=01;31:*.esd=01;31:*.jpg=01;35:*.jpeg=01;35:*.mjpg=01;35:*.mjpeg=01;35:*.gif=01;35:*.bmp=01;35:*.pbm=01;35:*.pgm=01;35:*.ppm=01;35:*.tga=01;35:*.xbm=01;35:*.xpm=01;35:*.tif=01;35:*.tiff=01;35:*.png=01;35:*.svg=01;35:*.svgz=01;35:*.mng=01;35:*.pcx=01;35:*.mov=01;35:*.mpg=01;35:*.mpeg=01;35:*.m2v=01;35:*.mkv=01;35:*.webm=01;35:*.webp=01;35:*.ogm=01;35:*.mp4=01;35:*.m4v=01;35:*.mp4v=01;35:*.vob=01;35:*.qt=01;35:*.nuv=01;35:*.wmv=01;35:*.asf=01;35:*.rm=01;35:*.rmvb=01;35:*.flc=01;35:*.avi=01;35:*.fli=01;35:*.flv=01;35:*.gl=01;35:*.dl=01;35:*.xcf=01;35:*.xwd=01;35:*.yuv=01;35:*.cgm=01;35:*.emf=01;35:*.ogv=01;35:*.ogx=01;35:*.aac=00;36:*.au=00;36:*.flac=00;36:*.m4a=00;36:*.mid=00;36:*.midi=00;36:*.mka=00;36:*.mp3=00;36:*.mpc=00;36:*.ogg=00;36:*.ra=00;36:*.wav=00;36:*.oga=00;36:*.opus=00;36:*.spx=00;36:*.xspf=00;36:'), ('ROS_DOMAIN_ID', '7'), ('AMENT_PREFIX_PATH', '/root/Dojo/Dojo/install/robot_navigation:/root/Dojo/Dojo/install/robot_hardware:/root/Dojo/Dojo/install/robot_description:/root/Dojo/Dojo/install/robot_control:/root/Dojo/install/robot_hardware:/opt/ros/humble'), ('PWD', '/root/Dojo/Dojo/build/robot_bringup'), ('LC_ALL', 'C.UTF-8'), ('PYTHONPATH', '/root/Dojo/Dojo/build/robot_hardware:/root/Dojo/Dojo/install/robot_hardware/lib/python3.10/site-packages:/root/Dojo/Dojo/install/robot_description/lib/python3.10/site-packages:/root/Dojo/build/robot_hardware:/root/Dojo/install/robot_hardware/lib/python3.10/site-packages:/opt/ros/humble/lib/python3.10/site-packages:/opt/ros/humble/local/lib/python3.10/dist-packages'), ('COLCON', '1'), ('CMAKE_PREFIX_PATH', '/root/Dojo/Dojo/install/robot_navigation:/root/Dojo/Dojo/install/robot_perception:/root/Dojo/Dojo/install/robot_description:/root/Dojo/Dojo/install/robot_control:/root/Dojo/install/robot_perception:/root/Dojo/install/robot_hardware:/opt/ros/humble')]), 'shell': False}
[10.722192] (-) TimerEvent: {}
[10.722765] (robot_gazebo) StdoutLine: {'line': b'-- Symlinking: /root/Dojo/Dojo/install/robot_gazebo/share/robot_gazebo/worlds/cyberzoo2019_orange_poles_panels_mats.world\n'}
[10.731810] (robot_gazebo) StdoutLine: {'line': b'-- Symlinking: /root/Dojo/Dojo/install/robot_gazebo/share/robot_gazebo/worlds/cyberzoo2019_ralphthesis2020.world\n'}
[10.742260] (robot_gazebo) StdoutLine: {'line': b'-- Symlinking: /root/Dojo/Dojo/install/robot_gazebo/share/robot_gazebo/worlds/cyberzoo_4_panels.world\n'}
[10.751903] (robot_gazebo) StdoutLine: {'line': b'-- Symlinking: /root/Dojo/Dojo/install/robot_gazebo/share/robot_gazebo/worlds/cyberzoo_orange_poles.world\n'}
[10.768147] (robot_gazebo) StdoutLine: {'line': b'-- Symlinking: /root/Dojo/Dojo/install/robot_gazebo/share/robot_gazebo/worlds/cyberzoo_panel.world\n'}
[10.776420] (robot_gazebo) StdoutLine: {'line': b'-- Symlinking: /root/Dojo/Dojo/install/robot_gazebo/share/robot_gazebo/worlds/demo_world.world\n'}
[10.782326] (robot_bringup) StdoutLine: {'line': b'-- The C compiler identification is GNU 11.4.0\n'}
[10.785427] (robot_gazebo) StdoutLine: {'line': b'-- Symlinking: /root/Dojo/Dojo/install/robot_gazebo/share/robot_gazebo/worlds/dojo_world.world\n'}
[10.785702] (robot_interfaces) StdoutLine: {'line': b'[ 82%] Built target robot_interfaces__py\n'}
[10.795172] (robot_gazebo) StdoutLine: {'line': b'-- Symlinking: /root/Dojo/Dojo/install/robot_gazebo/share/robot_gazebo/worlds/drone_race_track_2018_actual.world\n'}
[10.805836] (robot_gazebo) StdoutLine: {'line': b'-- Symlinking: /root/Dojo/Dojo/install/robot_gazebo/share/robot_gazebo/worlds/drone_race_track_2018_actual_with_gatepapers.world\n'}
[10.808439] (robot_interfaces) StdoutLine: {'line': b'[ 87%] \x1b[32mBuilding C object CMakeFiles/robot_interfaces__rosidl_generator_py.dir/rosidl_generator_py/robot_interfaces/srv/_calibration_s.c.o\x1b[0m\n'}
[10.808689] (robot_interfaces) StdoutLine: {'line': b'[ 87%] \x1b[32mBuilding C object CMakeFiles/robot_interfaces__rosidl_generator_py.dir/rosidl_generator_py/robot_interfaces/msg/_motor_command_s.c.o\x1b[0m\n'}
[10.808810] (robot_interfaces) StdoutLine: {'line': b'[ 87%] \x1b[32mBuilding C object CMakeFiles/robot_interfaces__rosidl_generator_py.dir/rosidl_generator_py/robot_interfaces/msg/_sensor_data_s.c.o\x1b[0m\n'}
[10.808957] (robot_interfaces) StdoutLine: {'line': b'[ 87%] \x1b[32mBuilding C object CMakeFiles/robot_interfaces__rosidl_generator_py.dir/rosidl_generator_py/robot_interfaces/msg/_robot_state_s.c.o\x1b[0m\n'}
[10.809047] (robot_interfaces) StdoutLine: {'line': b'[ 88%] \x1b[32mBuilding C object CMakeFiles/robot_interfaces__rosidl_generator_py.dir/rosidl_generator_py/robot_interfaces/msg/_hardware_status_s.c.o\x1b[0m\n'}
[10.809134] (robot_interfaces) StdoutLine: {'line': b'[ 89%] \x1b[32mBuilding C object CMakeFiles/robot_interfaces__rosidl_generator_py.dir/rosidl_generator_py/robot_interfaces/srv/_set_mode_s.c.o\x1b[0m\n'}
[10.809517] (robot_interfaces) StdoutLine: {'line': b'[ 91%] \x1b[32mBuilding C object CMakeFiles/robot_interfaces__rosidl_generator_py.dir/rosidl_generator_py/robot_interfaces/action/_navigation_s.c.o\x1b[0m\n'}
[10.817025] (robot_gazebo) StdoutLine: {'line': b'-- Symlinking: /root/Dojo/Dojo/install/robot_gazebo/share/robot_gazebo/worlds/empty.world\n'}
[10.822306] (-) TimerEvent: {}
[10.828303] (robot_gazebo) StdoutLine: {'line': b'-- Symlinking: /root/Dojo/Dojo/install/robot_gazebo/share/robot_gazebo/worlds/empty_aerial_manipulation.world\n'}
[10.842661] (robot_gazebo) StdoutLine: {'line': b'-- Symlinking: /root/Dojo/Dojo/install/robot_gazebo/share/robot_gazebo/worlds/fetchit_challenge_arena_montreal2019.world\n'}
[10.847803] (robot_bringup) StdoutLine: {'line': b'-- The CXX compiler identification is GNU 11.4.0\n'}
[10.857259] (robot_gazebo) StdoutLine: {'line': b'-- Symlinking: /root/Dojo/Dojo/install/robot_gazebo/share/robot_gazebo/worlds/fetchit_challenge_arena_montreal2019_highlights.world\n'}
[10.858706] (robot_bringup) StdoutLine: {'line': b'-- Detecting C compiler ABI info\n'}
[10.869187] (robot_gazebo) StdoutLine: {'line': b'-- Symlinking: /root/Dojo/Dojo/install/robot_gazebo/share/robot_gazebo/worlds/fetchit_challenge_arena_montreal2019_onlylights.world\n'}
[10.884083] (robot_gazebo) StdoutLine: {'line': b'-- Symlinking: /root/Dojo/Dojo/install/robot_gazebo/share/robot_gazebo/worlds/fetchit_challenge_assembly.world\n'}
[10.896368] (robot_gazebo) StdoutLine: {'line': b'-- Symlinking: /root/Dojo/Dojo/install/robot_gazebo/share/robot_gazebo/worlds/fetchit_challenge_atrezzo.world\n'}
[10.909873] (robot_gazebo) StdoutLine: {'line': b'-- Symlinking: /root/Dojo/Dojo/install/robot_gazebo/share/robot_gazebo/worlds/fetchit_challenge_simple.world\n'}
[10.922390] (robot_gazebo) StdoutLine: {'line': b'-- Symlinking: /root/Dojo/Dojo/install/robot_gazebo/share/robot_gazebo/worlds/fetchit_challenge_simple_highlights.world\n'}
[10.922746] (-) TimerEvent: {}
[10.938011] (robot_gazebo) StdoutLine: {'line': b'-- Symlinking: /root/Dojo/Dojo/install/robot_gazebo/share/robot_gazebo/worlds/fetchit_challenge_tests.world\n'}
[10.953524] (robot_gazebo) StdoutLine: {'line': b'-- Symlinking: /root/Dojo/Dojo/install/robot_gazebo/share/robot_gazebo/worlds/fetchit_challenge_tests_lowlights.world\n'}
[10.956738] (robot_bringup) StdoutLine: {'line': b'-- Detecting C compiler ABI info - done\n'}
[10.966256] (robot_gazebo) StdoutLine: {'line': b'-- Symlinking: /root/Dojo/Dojo/install/robot_gazebo/share/robot_gazebo/worlds/hemicyl.world\n'}
[10.969124] (robot_bringup) StdoutLine: {'line': b'-- Check for working C compiler: /usr/bin/cc - skipped\n'}
[10.969567] (robot_bringup) StdoutLine: {'line': b'-- Detecting C compile features\n'}
[10.970214] (robot_bringup) StdoutLine: {'line': b'-- Detecting C compile features - done\n'}
[10.975382] (robot_bringup) StdoutLine: {'line': b'-- Detecting CXX compiler ABI info\n'}
[10.979108] (robot_gazebo) StdoutLine: {'line': b'-- Symlinking: /root/Dojo/Dojo/install/robot_gazebo/share/robot_gazebo/worlds/house.world\n'}
[10.991729] (robot_gazebo) StdoutLine: {'line': b'-- Symlinking: /root/Dojo/Dojo/install/robot_gazebo/share/robot_gazebo/worlds/inspection.world\n'}
[11.002390] (robot_gazebo) StdoutLine: {'line': b'-- Symlinking: /root/Dojo/Dojo/install/robot_gazebo/share/robot_gazebo/worlds/neighborhood.world\n'}
[11.013042] (robot_gazebo) StdoutLine: {'line': b'-- Symlinking: /root/Dojo/Dojo/install/robot_gazebo/share/robot_gazebo/worlds/office_cpr.world\n'}
[11.022854] (-) TimerEvent: {}
[11.023482] (robot_gazebo) StdoutLine: {'line': b'-- Symlinking: /root/Dojo/Dojo/install/robot_gazebo/share/robot_gazebo/worlds/office_cpr_construction.world\n'}
[11.032790] (robot_gazebo) StdoutLine: {'line': b'-- Symlinking: /root/Dojo/Dojo/install/robot_gazebo/share/robot_gazebo/worlds/office_earthquake.world\n'}
[11.043349] (robot_gazebo) StdoutLine: {'line': b'-- Symlinking: /root/Dojo/Dojo/install/robot_gazebo/share/robot_gazebo/worlds/office_env_large.world\n'}
[11.053584] (robot_gazebo) StdoutLine: {'line': b'-- Symlinking: /root/Dojo/Dojo/install/robot_gazebo/share/robot_gazebo/worlds/office_small.world\n'}
[11.063305] (robot_gazebo) StdoutLine: {'line': b'-- Symlinking: /root/Dojo/Dojo/install/robot_gazebo/share/robot_gazebo/worlds/outdoor.world\n'}
[11.065195] (robot_bringup) StdoutLine: {'line': b'-- Detecting CXX compiler ABI info - done\n'}
[11.071912] (robot_bringup) StdoutLine: {'line': b'-- Check for working CXX compiler: /usr/bin/c++ - skipped\n'}
[11.072140] (robot_bringup) StdoutLine: {'line': b'-- Detecting CXX compile features\n'}
[11.072545] (robot_bringup) StdoutLine: {'line': b'-- Detecting CXX compile features - done\n'}
[11.073511] (robot_gazebo) StdoutLine: {'line': b'-- Symlinking: /root/Dojo/Dojo/install/robot_gazebo/share/robot_gazebo/worlds/powerplant.world\n'}
[11.076921] (robot_bringup) StdoutLine: {'line': b'-- Found ament_cmake: 1.3.12 (/opt/ros/humble/share/ament_cmake/cmake)\n'}
[11.082673] (robot_gazebo) StdoutLine: {'line': b'-- Symlinking: /root/Dojo/Dojo/install/robot_gazebo/share/robot_gazebo/worlds/rubble.world\n'}
[11.083739] (robot_interfaces) StdoutLine: {'line': b'[ 92%] \x1b[32m\x1b[1mLinking C shared library rosidl_generator_py/robot_interfaces/librobot_interfaces__rosidl_generator_py.so\x1b[0m\n'}
[11.092388] (robot_gazebo) StdoutLine: {'line': b'-- Symlinking: /root/Dojo/Dojo/install/robot_gazebo/share/robot_gazebo/worlds/simple_env_1.world\n'}
[11.101441] (robot_gazebo) StdoutLine: {'line': b'-- Symlinking: /root/Dojo/Dojo/install/robot_gazebo/share/robot_gazebo/worlds/simple_env_2.world\n'}
[11.111701] (robot_gazebo) StdoutLine: {'line': b'-- Symlinking: /root/Dojo/Dojo/install/robot_gazebo/share/robot_gazebo/worlds/simple_env_3.world\n'}
[11.121506] (robot_gazebo) StdoutLine: {'line': b'-- Symlinking: /root/Dojo/Dojo/install/robot_gazebo/share/robot_gazebo/worlds/skidpan.world\n'}
[11.122922] (-) TimerEvent: {}
[11.130517] (robot_gazebo) StdoutLine: {'line': b'-- Symlinking: /root/Dojo/Dojo/install/robot_gazebo/share/robot_gazebo/worlds/small_city.world\n'}
[11.131966] (robot_interfaces) StdoutLine: {'line': b'[ 92%] Built target robot_interfaces__rosidl_generator_py\n'}
[11.140977] (robot_gazebo) StdoutLine: {'line': b'-- Symlinking: /root/Dojo/Dojo/install/robot_gazebo/share/robot_gazebo/worlds/test_city.world\n'}
[11.151620] (robot_gazebo) StdoutLine: {'line': b'-- Symlinking: /root/Dojo/Dojo/install/robot_gazebo/share/robot_gazebo/worlds/test_zone.world\n'}
[11.152942] (robot_interfaces) StdoutLine: {'line': b'[ 93%] \x1b[32mBuilding C object CMakeFiles/robot_interfaces__rosidl_typesupport_c__pyext.dir/rosidl_generator_py/robot_interfaces/_robot_interfaces_s.ep.rosidl_typesupport_c.c.o\x1b[0m\n'}
[11.153528] (robot_interfaces) StdoutLine: {'line': b'[ 94%] \x1b[32mBuilding C object CMakeFiles/robot_interfaces__rosidl_typesupport_fastrtps_c__pyext.dir/rosidl_generator_py/robot_interfaces/_robot_interfaces_s.ep.rosidl_typesupport_fastrtps_c.c.o\x1b[0m\n'}
[11.153784] (robot_interfaces) StdoutLine: {'line': b'[ 96%] \x1b[32mBuilding C object CMakeFiles/robot_interfaces__rosidl_typesupport_introspection_c__pyext.dir/rosidl_generator_py/robot_interfaces/_robot_interfaces_s.ep.rosidl_typesupport_introspection_c.c.o\x1b[0m\n'}
[11.161985] (robot_gazebo) StdoutLine: {'line': b'-- Symlinking: /root/Dojo/Dojo/install/robot_gazebo/share/robot_gazebo/worlds/wall_aerial_manipulation.world\n'}
[11.172411] (robot_gazebo) StdoutLine: {'line': b'-- Symlinking: /root/Dojo/Dojo/install/robot_gazebo/share/robot_gazebo/worlds/warehouse.world\n'}
[11.181929] (robot_gazebo) StdoutLine: {'line': b'-- Symlinking: /root/Dojo/Dojo/install/robot_gazebo/share/robot_gazebo/worlds/waypoint.world\n'}
[11.192933] (robot_gazebo) StdoutLine: {'line': b'-- Symlinking: /root/Dojo/Dojo/install/robot_gazebo/share/robot_gazebo/worlds/workshop_example.world\n'}
[11.203207] (robot_gazebo) StdoutLine: {'line': b'-- Symlinking: /root/Dojo/Dojo/install/robot_gazebo/share/robot_gazebo/worlds/yosemite.world\n'}
[11.214701] (robot_gazebo) StdoutLine: {'line': b'-- Symlinking: /root/Dojo/Dojo/install/robot_gazebo/lib/robot_gazebo/spawn_robot.py\n'}
[11.223019] (-) TimerEvent: {}
[11.225785] (robot_gazebo) StdoutLine: {'line': b'-- Symlinking: /root/Dojo/Dojo/install/robot_gazebo/share/robot_gazebo/package.xml\n'}
[11.236182] (robot_gazebo) StdoutLine: {'line': b'-- Symlinking: /root/Dojo/Dojo/install/robot_gazebo/share/robot_gazebo/setup.py\n'}
[11.247116] (robot_gazebo) StdoutLine: {'line': b'-- Symlinking: /root/Dojo/Dojo/install/robot_gazebo/share/robot_gazebo/setup.cfg\n'}
[11.258826] (robot_gazebo) StdoutLine: {'line': b'-- Symlinking: /root/Dojo/Dojo/install/robot_gazebo/share/ament_index/resource_index/package_run_dependencies/robot_gazebo\n'}
[11.270184] (robot_gazebo) StdoutLine: {'line': b'-- Symlinking: /root/Dojo/Dojo/install/robot_gazebo/share/ament_index/resource_index/parent_prefix_path/robot_gazebo\n'}
[11.280940] (robot_gazebo) StdoutLine: {'line': b'-- Symlinking: /root/Dojo/Dojo/install/robot_gazebo/share/robot_gazebo/environment/ament_prefix_path.sh\n'}
[11.292376] (robot_gazebo) StdoutLine: {'line': b'-- Symlinking: /root/Dojo/Dojo/install/robot_gazebo/share/robot_gazebo/environment/ament_prefix_path.dsv\n'}
[11.302184] (robot_gazebo) StdoutLine: {'line': b'-- Symlinking: /root/Dojo/Dojo/install/robot_gazebo/share/robot_gazebo/environment/path.sh\n'}
[11.312580] (robot_gazebo) StdoutLine: {'line': b'-- Symlinking: /root/Dojo/Dojo/install/robot_gazebo/share/robot_gazebo/environment/path.dsv\n'}
[11.323105] (-) TimerEvent: {}
[11.323604] (robot_gazebo) StdoutLine: {'line': b'-- Symlinking: /root/Dojo/Dojo/install/robot_gazebo/share/robot_gazebo/local_setup.bash\n'}
[11.336957] (robot_gazebo) StdoutLine: {'line': b'-- Symlinking: /root/Dojo/Dojo/install/robot_gazebo/share/robot_gazebo/local_setup.sh\n'}
[11.349444] (robot_gazebo) StdoutLine: {'line': b'-- Symlinking: /root/Dojo/Dojo/install/robot_gazebo/share/robot_gazebo/local_setup.zsh\n'}
[11.362261] (robot_gazebo) StdoutLine: {'line': b'-- Symlinking: /root/Dojo/Dojo/install/robot_gazebo/share/robot_gazebo/local_setup.dsv\n'}
[11.375579] (robot_gazebo) StdoutLine: {'line': b'-- Symlinking: /root/Dojo/Dojo/install/robot_gazebo/share/robot_gazebo/package.dsv\n'}
[11.386588] (robot_gazebo) StdoutLine: {'line': b'-- Symlinking: /root/Dojo/Dojo/install/robot_gazebo/share/ament_index/resource_index/packages/robot_gazebo\n'}
[11.397415] (robot_gazebo) StdoutLine: {'line': b'-- Symlinking: /root/Dojo/Dojo/install/robot_gazebo/share/robot_gazebo/cmake/robot_gazebo-extras.cmake\n'}
[11.408923] (robot_gazebo) StdoutLine: {'line': b'-- Symlinking: /root/Dojo/Dojo/install/robot_gazebo/share/robot_gazebo/cmake/ament_cmake_export_include_directories-extras.cmake\n'}
[11.419493] (robot_gazebo) StdoutLine: {'line': b'-- Symlinking: /root/Dojo/Dojo/install/robot_gazebo/share/robot_gazebo/cmake/ament_cmake_export_dependencies-extras.cmake\n'}
[11.423206] (-) TimerEvent: {}
[11.430572] (robot_gazebo) StdoutLine: {'line': b'-- Symlinking: /root/Dojo/Dojo/install/robot_gazebo/share/robot_gazebo/cmake/robot_gazeboConfig.cmake\n'}
[11.439889] (robot_interfaces) StdoutLine: {'line': b'[ 97%] \x1b[32m\x1b[1mLinking C shared library rosidl_generator_py/robot_interfaces/robot_interfaces_s__rosidl_typesupport_c.cpython-310-x86_64-linux-gnu.so\x1b[0m\n'}
[11.440970] (robot_interfaces) StdoutLine: {'line': b'[ 98%] \x1b[32m\x1b[1mLinking C shared library rosidl_generator_py/robot_interfaces/robot_interfaces_s__rosidl_typesupport_introspection_c.cpython-310-x86_64-linux-gnu.so\x1b[0m\n'}
[11.441244] (robot_gazebo) StdoutLine: {'line': b'-- Symlinking: /root/Dojo/Dojo/install/robot_gazebo/share/robot_gazebo/cmake/robot_gazeboConfig-version.cmake\n'}
[11.450529] (robot_gazebo) StdoutLine: {'line': b'-- Up-to-date symlink: /root/Dojo/Dojo/install/robot_gazebo/share/robot_gazebo/package.xml\n'}
[11.450798] (robot_gazebo) StdoutLine: {'line': b'-- Up-to-date: /robot_gazebo\n'}
[11.450943] (robot_gazebo) StdoutLine: {'line': b'-- Up-to-date: /robot_gazebo/__init__.py\n'}
[11.451078] (robot_gazebo) StdoutLine: {'line': b'-- Up-to-date: /robot_gazebo/cmd_vel_relay.py\n'}
[11.451856] (robot_interfaces) StdoutLine: {'line': b'[100%] \x1b[32m\x1b[1mLinking C shared library rosidl_generator_py/robot_interfaces/robot_interfaces_s__rosidl_typesupport_fastrtps_c.cpython-310-x86_64-linux-gnu.so\x1b[0m\n'}
[11.453653] (robot_gazebo) CommandEnded: {'returncode': 0}
[11.466560] (robot_gazebo) JobEnded: {'identifier': 'robot_gazebo', 'rc': 0}
[11.495736] (robot_interfaces) StdoutLine: {'line': b'[100%] Built target robot_interfaces__rosidl_typesupport_introspection_c__pyext\n'}
[11.495974] (robot_interfaces) StdoutLine: {'line': b'[100%] Built target robot_interfaces__rosidl_typesupport_c__pyext\n'}
[11.507352] (robot_interfaces) StdoutLine: {'line': b'[100%] Built target robot_interfaces__rosidl_typesupport_fastrtps_c__pyext\n'}
[11.521853] (robot_interfaces) CommandEnded: {'returncode': 0}
[11.522515] (robot_interfaces) JobProgress: {'identifier': 'robot_interfaces', 'progress': 'install'}
[11.522951] (robot_interfaces) Command: {'cmd': ['/usr/bin/cmake', '--install', '/root/Dojo/Dojo/build/robot_interfaces'], 'cwd': '/root/Dojo/Dojo/build/robot_interfaces', 'env': OrderedDict([('HOSTNAME', 'gareth-joel-HP-Pavilion-Gaming-Laptop-15-ec2xxx'), ('SHLVL', '1'), ('LD_LIBRARY_PATH', '/usr/lib/x86_64-linux-gnu/gazebo-11/plugins:/opt/ros/humble/opt/rviz_ogre_vendor/lib:/opt/ros/humble/lib/x86_64-linux-gnu:/opt/ros/humble/lib'), ('HOME', '/root'), ('OLDPWD', '/root/Dojo'), ('ROS_PYTHON_VERSION', '3'), ('COLCON_PREFIX_PATH', '/root/Dojo/install'), ('ROS_DISTRO', 'humble'), ('_', '/usr/bin/colcon'), ('ROS_VERSION', '2'), ('TERM', 'xterm'), ('ROS_LOCALHOST_ONLY', '0'), ('QT_X11_NO_MITSHM', '1'), ('PATH', '/opt/ros/humble/bin:/usr/local/sbin:/usr/local/bin:/usr/sbin:/usr/bin:/sbin:/bin'), ('DISPLAY', ':0'), ('LANG', 'C.UTF-8'), ('LS_COLORS', 'rs=0:di=01;34:ln=01;36:mh=00:pi=40;33:so=01;35:do=01;35:bd=40;33;01:cd=40;33;01:or=40;31;01:mi=00:su=37;41:sg=30;43:ca=30;41:tw=30;42:ow=34;42:st=37;44:ex=01;32:*.tar=01;31:*.tgz=01;31:*.arc=01;31:*.arj=01;31:*.taz=01;31:*.lha=01;31:*.lz4=01;31:*.lzh=01;31:*.lzma=01;31:*.tlz=01;31:*.txz=01;31:*.tzo=01;31:*.t7z=01;31:*.zip=01;31:*.z=01;31:*.dz=01;31:*.gz=01;31:*.lrz=01;31:*.lz=01;31:*.lzo=01;31:*.xz=01;31:*.zst=01;31:*.tzst=01;31:*.bz2=01;31:*.bz=01;31:*.tbz=01;31:*.tbz2=01;31:*.tz=01;31:*.deb=01;31:*.rpm=01;31:*.jar=01;31:*.war=01;31:*.ear=01;31:*.sar=01;31:*.rar=01;31:*.alz=01;31:*.ace=01;31:*.zoo=01;31:*.cpio=01;31:*.7z=01;31:*.rz=01;31:*.cab=01;31:*.wim=01;31:*.swm=01;31:*.dwm=01;31:*.esd=01;31:*.jpg=01;35:*.jpeg=01;35:*.mjpg=01;35:*.mjpeg=01;35:*.gif=01;35:*.bmp=01;35:*.pbm=01;35:*.pgm=01;35:*.ppm=01;35:*.tga=01;35:*.xbm=01;35:*.xpm=01;35:*.tif=01;35:*.tiff=01;35:*.png=01;35:*.svg=01;35:*.svgz=01;35:*.mng=01;35:*.pcx=01;35:*.mov=01;35:*.mpg=01;35:*.mpeg=01;35:*.m2v=01;35:*.mkv=01;35:*.webm=01;35:*.webp=01;35:*.ogm=01;35:*.mp4=01;35:*.m4v=01;35:*.mp4v=01;35:*.vob=01;35:*.qt=01;35:*.nuv=01;35:*.wmv=01;35:*.asf=01;35:*.rm=01;35:*.rmvb=01;35:*.flc=01;35:*.avi=01;35:*.fli=01;35:*.flv=01;35:*.gl=01;35:*.dl=01;35:*.xcf=01;35:*.xwd=01;35:*.yuv=01;35:*.cgm=01;35:*.emf=01;35:*.ogv=01;35:*.ogx=01;35:*.aac=00;36:*.au=00;36:*.flac=00;36:*.m4a=00;36:*.mid=00;36:*.midi=00;36:*.mka=00;36:*.mp3=00;36:*.mpc=00;36:*.ogg=00;36:*.ra=00;36:*.wav=00;36:*.oga=00;36:*.opus=00;36:*.spx=00;36:*.xspf=00;36:'), ('ROS_DOMAIN_ID', '7'), ('AMENT_PREFIX_PATH', '/root/Dojo/install/robot_hardware:/opt/ros/humble'), ('PWD', '/root/Dojo/Dojo/build/robot_interfaces'), ('LC_ALL', 'C.UTF-8'), ('PYTHONPATH', '/root/Dojo/build/robot_hardware:/root/Dojo/install/robot_hardware/lib/python3.10/site-packages:/opt/ros/humble/lib/python3.10/site-packages:/opt/ros/humble/local/lib/python3.10/dist-packages'), ('COLCON', '1'), ('CMAKE_PREFIX_PATH', '/root/Dojo/install/robot_perception:/root/Dojo/install/robot_hardware:/opt/ros/humble')]), 'shell': False}
[11.523855] (-) TimerEvent: {}
[11.531125] (robot_interfaces) StdoutLine: {'line': b'-- Install configuration: "Release"\n'}
[11.531909] (robot_interfaces) StdoutLine: {'line': b'-- Execute custom install script\n'}
[11.532368] (robot_interfaces) StdoutLine: {'line': b'-- Symlinking: /root/Dojo/Dojo/install/robot_interfaces/share/ament_index/resource_index/rosidl_interfaces/robot_interfaces\n'}
[11.543959] (robot_interfaces) StdoutLine: {'line': b'-- Symlinking: /root/Dojo/Dojo/install/robot_interfaces/include/robot_interfaces/robot_interfaces/action/detail/navigation__functions.h\n'}
[11.553187] (robot_interfaces) StdoutLine: {'line': b'-- Symlinking: /root/Dojo/Dojo/install/robot_interfaces/include/robot_interfaces/robot_interfaces/action/detail/navigation__struct.h\n'}
[11.562904] (robot_interfaces) StdoutLine: {'line': b'-- Symlinking: /root/Dojo/Dojo/install/robot_interfaces/include/robot_interfaces/robot_interfaces/action/detail/navigation__type_support.h\n'}
[11.573097] (robot_interfaces) StdoutLine: {'line': b'-- Symlinking: /root/Dojo/Dojo/install/robot_interfaces/include/robot_interfaces/robot_interfaces/action/navigation.h\n'}
[11.582167] (robot_interfaces) StdoutLine: {'line': b'-- Symlinking: /root/Dojo/Dojo/install/robot_interfaces/include/robot_interfaces/robot_interfaces/msg/detail/hardware_status__functions.h\n'}
[11.592201] (robot_interfaces) StdoutLine: {'line': b'-- Symlinking: /root/Dojo/Dojo/install/robot_interfaces/include/robot_interfaces/robot_interfaces/msg/detail/hardware_status__struct.h\n'}
[11.601407] (robot_interfaces) StdoutLine: {'line': b'-- Symlinking: /root/Dojo/Dojo/install/robot_interfaces/include/robot_interfaces/robot_interfaces/msg/detail/hardware_status__type_support.h\n'}
[11.612034] (robot_interfaces) StdoutLine: {'line': b'-- Symlinking: /root/Dojo/Dojo/install/robot_interfaces/include/robot_interfaces/robot_interfaces/msg/detail/motor_command__functions.h\n'}
[11.622295] (robot_interfaces) StdoutLine: {'line': b'-- Symlinking: /root/Dojo/Dojo/install/robot_interfaces/include/robot_interfaces/robot_interfaces/msg/detail/motor_command__struct.h\n'}
[11.623929] (-) TimerEvent: {}
[11.631254] (robot_interfaces) StdoutLine: {'line': b'-- Symlinking: /root/Dojo/Dojo/install/robot_interfaces/include/robot_interfaces/robot_interfaces/msg/detail/motor_command__type_support.h\n'}
[11.641465] (robot_interfaces) StdoutLine: {'line': b'-- Symlinking: /root/Dojo/Dojo/install/robot_interfaces/include/robot_interfaces/robot_interfaces/msg/detail/robot_state__functions.h\n'}
[11.650397] (robot_interfaces) StdoutLine: {'line': b'-- Symlinking: /root/Dojo/Dojo/install/robot_interfaces/include/robot_interfaces/robot_interfaces/msg/detail/robot_state__struct.h\n'}
[11.660414] (robot_interfaces) StdoutLine: {'line': b'-- Symlinking: /root/Dojo/Dojo/install/robot_interfaces/include/robot_interfaces/robot_interfaces/msg/detail/robot_state__type_support.h\n'}
[11.669674] (robot_interfaces) StdoutLine: {'line': b'-- Symlinking: /root/Dojo/Dojo/install/robot_interfaces/include/robot_interfaces/robot_interfaces/msg/detail/sensor_data__functions.h\n'}
[11.679296] (robot_interfaces) StdoutLine: {'line': b'-- Symlinking: /root/Dojo/Dojo/install/robot_interfaces/include/robot_interfaces/robot_interfaces/msg/detail/sensor_data__struct.h\n'}
[11.688711] (robot_interfaces) StdoutLine: {'line': b'-- Symlinking: /root/Dojo/Dojo/install/robot_interfaces/include/robot_interfaces/robot_interfaces/msg/detail/sensor_data__type_support.h\n'}
[11.697418] (robot_interfaces) StdoutLine: {'line': b'-- Symlinking: /root/Dojo/Dojo/install/robot_interfaces/include/robot_interfaces/robot_interfaces/msg/hardware_status.h\n'}
[11.707434] (robot_interfaces) StdoutLine: {'line': b'-- Symlinking: /root/Dojo/Dojo/install/robot_interfaces/include/robot_interfaces/robot_interfaces/msg/motor_command.h\n'}
[11.716650] (robot_interfaces) StdoutLine: {'line': b'-- Symlinking: /root/Dojo/Dojo/install/robot_interfaces/include/robot_interfaces/robot_interfaces/msg/robot_state.h\n'}
[11.724022] (-) TimerEvent: {}
[11.726595] (robot_interfaces) StdoutLine: {'line': b'-- Symlinking: /root/Dojo/Dojo/install/robot_interfaces/include/robot_interfaces/robot_interfaces/msg/rosidl_generator_c__visibility_control.h\n'}
[11.735800] (robot_interfaces) StdoutLine: {'line': b'-- Symlinking: /root/Dojo/Dojo/install/robot_interfaces/include/robot_interfaces/robot_interfaces/msg/sensor_data.h\n'}
[11.745675] (robot_interfaces) StdoutLine: {'line': b'-- Symlinking: /root/Dojo/Dojo/install/robot_interfaces/include/robot_interfaces/robot_interfaces/srv/calibration.h\n'}
[11.755671] (robot_interfaces) StdoutLine: {'line': b'-- Symlinking: /root/Dojo/Dojo/install/robot_interfaces/include/robot_interfaces/robot_interfaces/srv/detail/calibration__functions.h\n'}
[11.765114] (robot_interfaces) StdoutLine: {'line': b'-- Symlinking: /root/Dojo/Dojo/install/robot_interfaces/include/robot_interfaces/robot_interfaces/srv/detail/calibration__struct.h\n'}
[11.775085] (robot_interfaces) StdoutLine: {'line': b'-- Symlinking: /root/Dojo/Dojo/install/robot_interfaces/include/robot_interfaces/robot_interfaces/srv/detail/calibration__type_support.h\n'}
[11.778467] (robot_bringup) StdoutLine: {'line': b'-- Found Python3: /usr/bin/python3 (found version "3.10.12") found components: Interpreter \n'}
[11.783819] (robot_interfaces) StdoutLine: {'line': b'-- Symlinking: /root/Dojo/Dojo/install/robot_interfaces/include/robot_interfaces/robot_interfaces/srv/detail/set_mode__functions.h\n'}
[11.793314] (robot_interfaces) StdoutLine: {'line': b'-- Symlinking: /root/Dojo/Dojo/install/robot_interfaces/include/robot_interfaces/robot_interfaces/srv/detail/set_mode__struct.h\n'}
[11.802322] (robot_interfaces) StdoutLine: {'line': b'-- Symlinking: /root/Dojo/Dojo/install/robot_interfaces/include/robot_interfaces/robot_interfaces/srv/detail/set_mode__type_support.h\n'}
[11.811787] (robot_interfaces) StdoutLine: {'line': b'-- Symlinking: /root/Dojo/Dojo/install/robot_interfaces/include/robot_interfaces/robot_interfaces/srv/set_mode.h\n'}
[11.822063] (robot_interfaces) StdoutLine: {'line': b'-- Symlinking: /root/Dojo/Dojo/install/robot_interfaces/share/robot_interfaces/environment/library_path.sh\n'}
[11.824082] (-) TimerEvent: {}
[11.831772] (robot_interfaces) StdoutLine: {'line': b'-- Symlinking: /root/Dojo/Dojo/install/robot_interfaces/share/robot_interfaces/environment/library_path.dsv\n'}
[11.842365] (robot_interfaces) StdoutLine: {'line': b'-- Symlinking: /root/Dojo/Dojo/install/robot_interfaces/include/robot_interfaces/robot_interfaces/action/detail/navigation__rosidl_typesupport_fastrtps_c.h\n'}
[11.843008] (robot_bringup) StdoutLine: {'line': b'-- Override CMake install command with custom implementation using symlinks instead of copying resources\n'}
[11.850822] (robot_interfaces) StdoutLine: {'line': b'-- Symlinking: /root/Dojo/Dojo/install/robot_interfaces/include/robot_interfaces/robot_interfaces/msg/detail/hardware_status__rosidl_typesupport_fastrtps_c.h\n'}
[11.860032] (robot_interfaces) StdoutLine: {'line': b'-- Symlinking: /root/Dojo/Dojo/install/robot_interfaces/include/robot_interfaces/robot_interfaces/msg/detail/motor_command__rosidl_typesupport_fastrtps_c.h\n'}
[11.869241] (robot_interfaces) StdoutLine: {'line': b'-- Symlinking: /root/Dojo/Dojo/install/robot_interfaces/include/robot_interfaces/robot_interfaces/msg/detail/robot_state__rosidl_typesupport_fastrtps_c.h\n'}
[11.878687] (robot_interfaces) StdoutLine: {'line': b'-- Symlinking: /root/Dojo/Dojo/install/robot_interfaces/include/robot_interfaces/robot_interfaces/msg/detail/sensor_data__rosidl_typesupport_fastrtps_c.h\n'}
[11.888155] (robot_interfaces) StdoutLine: {'line': b'-- Symlinking: /root/Dojo/Dojo/install/robot_interfaces/include/robot_interfaces/robot_interfaces/msg/rosidl_typesupport_fastrtps_c__visibility_control.h\n'}
[11.897341] (robot_interfaces) StdoutLine: {'line': b'-- Symlinking: /root/Dojo/Dojo/install/robot_interfaces/include/robot_interfaces/robot_interfaces/srv/detail/calibration__rosidl_typesupport_fastrtps_c.h\n'}
[11.906970] (robot_interfaces) StdoutLine: {'line': b'-- Symlinking: /root/Dojo/Dojo/install/robot_interfaces/include/robot_interfaces/robot_interfaces/srv/detail/set_mode__rosidl_typesupport_fastrtps_c.h\n'}
[11.916932] (robot_interfaces) StdoutLine: {'line': b'-- Symlinking: /root/Dojo/Dojo/install/robot_interfaces/include/robot_interfaces/robot_interfaces/action/detail/navigation__builder.hpp\n'}
[11.924189] (-) TimerEvent: {}
[11.927167] (robot_interfaces) StdoutLine: {'line': b'-- Symlinking: /root/Dojo/Dojo/install/robot_interfaces/include/robot_interfaces/robot_interfaces/action/detail/navigation__struct.hpp\n'}
[11.936468] (robot_interfaces) StdoutLine: {'line': b'-- Symlinking: /root/Dojo/Dojo/install/robot_interfaces/include/robot_interfaces/robot_interfaces/action/detail/navigation__traits.hpp\n'}
[11.946489] (robot_interfaces) StdoutLine: {'line': b'-- Symlinking: /root/Dojo/Dojo/install/robot_interfaces/include/robot_interfaces/robot_interfaces/action/detail/navigation__type_support.hpp\n'}
[11.951532] (robot_bringup) StdoutLine: {'line': b'-- Configuring done\n'}
[11.954620] (robot_bringup) StdoutLine: {'line': b'-- Generating done\n'}
[11.956163] (robot_bringup) StdoutLine: {'line': b'-- Build files have been written to: /root/Dojo/Dojo/build/robot_bringup\n'}
[11.956323] (robot_interfaces) StdoutLine: {'line': b'-- Symlinking: /root/Dojo/Dojo/install/robot_interfaces/include/robot_interfaces/robot_interfaces/action/navigation.hpp\n'}
[11.961429] (robot_bringup) CommandEnded: {'returncode': 0}
[11.961903] (robot_bringup) JobProgress: {'identifier': 'robot_bringup', 'progress': 'build'}
[11.962300] (robot_bringup) Command: {'cmd': ['/usr/bin/cmake', '--build', '/root/Dojo/Dojo/build/robot_bringup', '--', '-j16', '-l16'], 'cwd': '/root/Dojo/Dojo/build/robot_bringup', 'env': OrderedDict([('HOSTNAME', 'gareth-joel-HP-Pavilion-Gaming-Laptop-15-ec2xxx'), ('SHLVL', '1'), ('LD_LIBRARY_PATH', '/usr/lib/x86_64-linux-gnu/gazebo-11/plugins:/opt/ros/humble/opt/rviz_ogre_vendor/lib:/opt/ros/humble/lib/x86_64-linux-gnu:/opt/ros/humble/lib'), ('HOME', '/root'), ('OLDPWD', '/root/Dojo'), ('ROS_PYTHON_VERSION', '3'), ('COLCON_PREFIX_PATH', '/root/Dojo/install'), ('ROS_DISTRO', 'humble'), ('_', '/usr/bin/colcon'), ('ROS_VERSION', '2'), ('TERM', 'xterm'), ('ROS_LOCALHOST_ONLY', '0'), ('QT_X11_NO_MITSHM', '1'), ('PATH', '/opt/ros/humble/bin:/usr/local/sbin:/usr/local/bin:/usr/sbin:/usr/bin:/sbin:/bin'), ('DISPLAY', ':0'), ('LANG', 'C.UTF-8'), ('LS_COLORS', 'rs=0:di=01;34:ln=01;36:mh=00:pi=40;33:so=01;35:do=01;35:bd=40;33;01:cd=40;33;01:or=40;31;01:mi=00:su=37;41:sg=30;43:ca=30;41:tw=30;42:ow=34;42:st=37;44:ex=01;32:*.tar=01;31:*.tgz=01;31:*.arc=01;31:*.arj=01;31:*.taz=01;31:*.lha=01;31:*.lz4=01;31:*.lzh=01;31:*.lzma=01;31:*.tlz=01;31:*.txz=01;31:*.tzo=01;31:*.t7z=01;31:*.zip=01;31:*.z=01;31:*.dz=01;31:*.gz=01;31:*.lrz=01;31:*.lz=01;31:*.lzo=01;31:*.xz=01;31:*.zst=01;31:*.tzst=01;31:*.bz2=01;31:*.bz=01;31:*.tbz=01;31:*.tbz2=01;31:*.tz=01;31:*.deb=01;31:*.rpm=01;31:*.jar=01;31:*.war=01;31:*.ear=01;31:*.sar=01;31:*.rar=01;31:*.alz=01;31:*.ace=01;31:*.zoo=01;31:*.cpio=01;31:*.7z=01;31:*.rz=01;31:*.cab=01;31:*.wim=01;31:*.swm=01;31:*.dwm=01;31:*.esd=01;31:*.jpg=01;35:*.jpeg=01;35:*.mjpg=01;35:*.mjpeg=01;35:*.gif=01;35:*.bmp=01;35:*.pbm=01;35:*.pgm=01;35:*.ppm=01;35:*.tga=01;35:*.xbm=01;35:*.xpm=01;35:*.tif=01;35:*.tiff=01;35:*.png=01;35:*.svg=01;35:*.svgz=01;35:*.mng=01;35:*.pcx=01;35:*.mov=01;35:*.mpg=01;35:*.mpeg=01;35:*.m2v=01;35:*.mkv=01;35:*.webm=01;35:*.webp=01;35:*.ogm=01;35:*.mp4=01;35:*.m4v=01;35:*.mp4v=01;35:*.vob=01;35:*.qt=01;35:*.nuv=01;35:*.wmv=01;35:*.asf=01;35:*.rm=01;35:*.rmvb=01;35:*.flc=01;35:*.avi=01;35:*.fli=01;35:*.flv=01;35:*.gl=01;35:*.dl=01;35:*.xcf=01;35:*.xwd=01;35:*.yuv=01;35:*.cgm=01;35:*.emf=01;35:*.ogv=01;35:*.ogx=01;35:*.aac=00;36:*.au=00;36:*.flac=00;36:*.m4a=00;36:*.mid=00;36:*.midi=00;36:*.mka=00;36:*.mp3=00;36:*.mpc=00;36:*.ogg=00;36:*.ra=00;36:*.wav=00;36:*.oga=00;36:*.opus=00;36:*.spx=00;36:*.xspf=00;36:'), ('ROS_DOMAIN_ID', '7'), ('AMENT_PREFIX_PATH', '/root/Dojo/Dojo/install/robot_navigation:/root/Dojo/Dojo/install/robot_hardware:/root/Dojo/Dojo/install/robot_description:/root/Dojo/Dojo/install/robot_control:/root/Dojo/install/robot_hardware:/opt/ros/humble'), ('PWD', '/root/Dojo/Dojo/build/robot_bringup'), ('LC_ALL', 'C.UTF-8'), ('PYTHONPATH', '/root/Dojo/Dojo/build/robot_hardware:/root/Dojo/Dojo/install/robot_hardware/lib/python3.10/site-packages:/root/Dojo/Dojo/install/robot_description/lib/python3.10/site-packages:/root/Dojo/build/robot_hardware:/root/Dojo/install/robot_hardware/lib/python3.10/site-packages:/opt/ros/humble/lib/python3.10/site-packages:/opt/ros/humble/local/lib/python3.10/dist-packages'), ('COLCON', '1'), ('CMAKE_PREFIX_PATH', '/root/Dojo/Dojo/install/robot_navigation:/root/Dojo/Dojo/install/robot_perception:/root/Dojo/Dojo/install/robot_description:/root/Dojo/Dojo/install/robot_control:/root/Dojo/install/robot_perception:/root/Dojo/install/robot_hardware:/opt/ros/humble')]), 'shell': False}
[11.966027] (robot_interfaces) StdoutLine: {'line': b'-- Symlinking: /root/Dojo/Dojo/install/robot_interfaces/include/robot_interfaces/robot_interfaces/msg/detail/hardware_status__builder.hpp\n'}
[11.975194] (robot_interfaces) StdoutLine: {'line': b'-- Symlinking: /root/Dojo/Dojo/install/robot_interfaces/include/robot_interfaces/robot_interfaces/msg/detail/hardware_status__struct.hpp\n'}
[11.984346] (robot_interfaces) StdoutLine: {'line': b'-- Symlinking: /root/Dojo/Dojo/install/robot_interfaces/include/robot_interfaces/robot_interfaces/msg/detail/hardware_status__traits.hpp\n'}
[11.993892] (robot_interfaces) StdoutLine: {'line': b'-- Symlinking: /root/Dojo/Dojo/install/robot_interfaces/include/robot_interfaces/robot_interfaces/msg/detail/hardware_status__type_support.hpp\n'}
[12.001641] (robot_bringup) CommandEnded: {'returncode': 0}
[12.002347] (robot_bringup) JobProgress: {'identifier': 'robot_bringup', 'progress': 'install'}
[12.002749] (robot_interfaces) StdoutLine: {'line': b'-- Symlinking: /root/Dojo/Dojo/install/robot_interfaces/include/robot_interfaces/robot_interfaces/msg/detail/motor_command__builder.hpp\n'}
[12.003645] (robot_bringup) Command: {'cmd': ['/usr/bin/cmake', '--install', '/root/Dojo/Dojo/build/robot_bringup'], 'cwd': '/root/Dojo/Dojo/build/robot_bringup', 'env': OrderedDict([('HOSTNAME', 'gareth-joel-HP-Pavilion-Gaming-Laptop-15-ec2xxx'), ('SHLVL', '1'), ('LD_LIBRARY_PATH', '/usr/lib/x86_64-linux-gnu/gazebo-11/plugins:/opt/ros/humble/opt/rviz_ogre_vendor/lib:/opt/ros/humble/lib/x86_64-linux-gnu:/opt/ros/humble/lib'), ('HOME', '/root'), ('OLDPWD', '/root/Dojo'), ('ROS_PYTHON_VERSION', '3'), ('COLCON_PREFIX_PATH', '/root/Dojo/install'), ('ROS_DISTRO', 'humble'), ('_', '/usr/bin/colcon'), ('ROS_VERSION', '2'), ('TERM', 'xterm'), ('ROS_LOCALHOST_ONLY', '0'), ('QT_X11_NO_MITSHM', '1'), ('PATH', '/opt/ros/humble/bin:/usr/local/sbin:/usr/local/bin:/usr/sbin:/usr/bin:/sbin:/bin'), ('DISPLAY', ':0'), ('LANG', 'C.UTF-8'), ('LS_COLORS', 'rs=0:di=01;34:ln=01;36:mh=00:pi=40;33:so=01;35:do=01;35:bd=40;33;01:cd=40;33;01:or=40;31;01:mi=00:su=37;41:sg=30;43:ca=30;41:tw=30;42:ow=34;42:st=37;44:ex=01;32:*.tar=01;31:*.tgz=01;31:*.arc=01;31:*.arj=01;31:*.taz=01;31:*.lha=01;31:*.lz4=01;31:*.lzh=01;31:*.lzma=01;31:*.tlz=01;31:*.txz=01;31:*.tzo=01;31:*.t7z=01;31:*.zip=01;31:*.z=01;31:*.dz=01;31:*.gz=01;31:*.lrz=01;31:*.lz=01;31:*.lzo=01;31:*.xz=01;31:*.zst=01;31:*.tzst=01;31:*.bz2=01;31:*.bz=01;31:*.tbz=01;31:*.tbz2=01;31:*.tz=01;31:*.deb=01;31:*.rpm=01;31:*.jar=01;31:*.war=01;31:*.ear=01;31:*.sar=01;31:*.rar=01;31:*.alz=01;31:*.ace=01;31:*.zoo=01;31:*.cpio=01;31:*.7z=01;31:*.rz=01;31:*.cab=01;31:*.wim=01;31:*.swm=01;31:*.dwm=01;31:*.esd=01;31:*.jpg=01;35:*.jpeg=01;35:*.mjpg=01;35:*.mjpeg=01;35:*.gif=01;35:*.bmp=01;35:*.pbm=01;35:*.pgm=01;35:*.ppm=01;35:*.tga=01;35:*.xbm=01;35:*.xpm=01;35:*.tif=01;35:*.tiff=01;35:*.png=01;35:*.svg=01;35:*.svgz=01;35:*.mng=01;35:*.pcx=01;35:*.mov=01;35:*.mpg=01;35:*.mpeg=01;35:*.m2v=01;35:*.mkv=01;35:*.webm=01;35:*.webp=01;35:*.ogm=01;35:*.mp4=01;35:*.m4v=01;35:*.mp4v=01;35:*.vob=01;35:*.qt=01;35:*.nuv=01;35:*.wmv=01;35:*.asf=01;35:*.rm=01;35:*.rmvb=01;35:*.flc=01;35:*.avi=01;35:*.fli=01;35:*.flv=01;35:*.gl=01;35:*.dl=01;35:*.xcf=01;35:*.xwd=01;35:*.yuv=01;35:*.cgm=01;35:*.emf=01;35:*.ogv=01;35:*.ogx=01;35:*.aac=00;36:*.au=00;36:*.flac=00;36:*.m4a=00;36:*.mid=00;36:*.midi=00;36:*.mka=00;36:*.mp3=00;36:*.mpc=00;36:*.ogg=00;36:*.ra=00;36:*.wav=00;36:*.oga=00;36:*.opus=00;36:*.spx=00;36:*.xspf=00;36:'), ('ROS_DOMAIN_ID', '7'), ('AMENT_PREFIX_PATH', '/root/Dojo/Dojo/install/robot_navigation:/root/Dojo/Dojo/install/robot_hardware:/root/Dojo/Dojo/install/robot_description:/root/Dojo/Dojo/install/robot_control:/root/Dojo/install/robot_hardware:/opt/ros/humble'), ('PWD', '/root/Dojo/Dojo/build/robot_bringup'), ('LC_ALL', 'C.UTF-8'), ('PYTHONPATH', '/root/Dojo/Dojo/build/robot_hardware:/root/Dojo/Dojo/install/robot_hardware/lib/python3.10/site-packages:/root/Dojo/Dojo/install/robot_description/lib/python3.10/site-packages:/root/Dojo/build/robot_hardware:/root/Dojo/install/robot_hardware/lib/python3.10/site-packages:/opt/ros/humble/lib/python3.10/site-packages:/opt/ros/humble/local/lib/python3.10/dist-packages'), ('COLCON', '1'), ('CMAKE_PREFIX_PATH', '/root/Dojo/Dojo/install/robot_navigation:/root/Dojo/Dojo/install/robot_perception:/root/Dojo/Dojo/install/robot_description:/root/Dojo/Dojo/install/robot_control:/root/Dojo/install/robot_perception:/root/Dojo/install/robot_hardware:/opt/ros/humble')]), 'shell': False}
[12.010448] (robot_bringup) StdoutLine: {'line': b'-- Install configuration: "Release"\n'}
[12.010898] (robot_bringup) StdoutLine: {'line': b'-- Execute custom install script\n'}
[12.011330] (robot_interfaces) StdoutLine: {'line': b'-- Symlinking: /root/Dojo/Dojo/install/robot_interfaces/include/robot_interfaces/robot_interfaces/msg/detail/motor_command__struct.hpp\n'}
[12.011477] (robot_bringup) StdoutLine: {'line': b'-- Symlinking: /root/Dojo/Dojo/install/robot_bringup/share/robot_bringup/launch/bringup.launch.py\n'}
[12.020043] (robot_bringup) StdoutLine: {'line': b'-- Symlinking: /root/Dojo/Dojo/install/robot_bringup/share/robot_bringup/launch/bringup.launch.py.backup\n'}
[12.020327] (robot_interfaces) StdoutLine: {'line': b'-- Symlinking: /root/Dojo/Dojo/install/robot_interfaces/include/robot_interfaces/robot_interfaces/msg/detail/motor_command__traits.hpp\n'}
[12.024284] (-) TimerEvent: {}
[12.029204] (robot_bringup) StdoutLine: {'line': b'-- Symlinking: /root/Dojo/Dojo/install/robot_bringup/share/robot_bringup/launch/rviz.launch.py\n'}
[12.029368] (robot_interfaces) StdoutLine: {'line': b'-- Symlinking: /root/Dojo/Dojo/install/robot_interfaces/include/robot_interfaces/robot_interfaces/msg/detail/motor_command__type_support.hpp\n'}
[12.038136] (robot_interfaces) StdoutLine: {'line': b'-- Symlinking: /root/Dojo/Dojo/install/robot_interfaces/include/robot_interfaces/robot_interfaces/msg/detail/robot_state__builder.hpp\n'}
[12.038343] (robot_bringup) StdoutLine: {'line': b'-- Symlinking: /root/Dojo/Dojo/install/robot_bringup/share/ament_index/resource_index/package_run_dependencies/robot_bringup\n'}
[12.047302] (robot_bringup) StdoutLine: {'line': b'-- Symlinking: /root/Dojo/Dojo/install/robot_bringup/share/ament_index/resource_index/parent_prefix_path/robot_bringup\n'}
[12.047444] (robot_interfaces) StdoutLine: {'line': b'-- Symlinking: /root/Dojo/Dojo/install/robot_interfaces/include/robot_interfaces/robot_interfaces/msg/detail/robot_state__struct.hpp\n'}
[12.056670] (robot_bringup) StdoutLine: {'line': b'-- Symlinking: /root/Dojo/Dojo/install/robot_bringup/share/robot_bringup/environment/ament_prefix_path.sh\n'}
[12.056843] (robot_interfaces) StdoutLine: {'line': b'-- Symlinking: /root/Dojo/Dojo/install/robot_interfaces/include/robot_interfaces/robot_interfaces/msg/detail/robot_state__traits.hpp\n'}
[12.065367] (robot_interfaces) StdoutLine: {'line': b'-- Symlinking: /root/Dojo/Dojo/install/robot_interfaces/include/robot_interfaces/robot_interfaces/msg/detail/robot_state__type_support.hpp\n'}
[12.065541] (robot_bringup) StdoutLine: {'line': b'-- Symlinking: /root/Dojo/Dojo/install/robot_bringup/share/robot_bringup/environment/ament_prefix_path.dsv\n'}
[12.074672] (robot_bringup) StdoutLine: {'line': b'-- Symlinking: /root/Dojo/Dojo/install/robot_bringup/share/robot_bringup/environment/path.sh\n'}
[12.074872] (robot_interfaces) StdoutLine: {'line': b'-- Symlinking: /root/Dojo/Dojo/install/robot_interfaces/include/robot_interfaces/robot_interfaces/msg/detail/sensor_data__builder.hpp\n'}
[12.082883] (robot_interfaces) StdoutLine: {'line': b'-- Symlinking: /root/Dojo/Dojo/install/robot_interfaces/include/robot_interfaces/robot_interfaces/msg/detail/sensor_data__struct.hpp\n'}
[12.083067] (robot_bringup) StdoutLine: {'line': b'-- Symlinking: /root/Dojo/Dojo/install/robot_bringup/share/robot_bringup/environment/path.dsv\n'}
[12.092195] (robot_interfaces) StdoutLine: {'line': b'-- Symlinking: /root/Dojo/Dojo/install/robot_interfaces/include/robot_interfaces/robot_interfaces/msg/detail/sensor_data__traits.hpp\n'}
[12.092408] (robot_bringup) StdoutLine: {'line': b'-- Symlinking: /root/Dojo/Dojo/install/robot_bringup/share/robot_bringup/local_setup.bash\n'}
[12.100312] (robot_interfaces) StdoutLine: {'line': b'-- Symlinking: /root/Dojo/Dojo/install/robot_interfaces/include/robot_interfaces/robot_interfaces/msg/detail/sensor_data__type_support.hpp\n'}
[12.100516] (robot_bringup) StdoutLine: {'line': b'-- Symlinking: /root/Dojo/Dojo/install/robot_bringup/share/robot_bringup/local_setup.sh\n'}
[12.109156] (robot_interfaces) StdoutLine: {'line': b'-- Symlinking: /root/Dojo/Dojo/install/robot_interfaces/include/robot_interfaces/robot_interfaces/msg/hardware_status.hpp\n'}
[12.109329] (robot_bringup) StdoutLine: {'line': b'-- Symlinking: /root/Dojo/Dojo/install/robot_bringup/share/robot_bringup/local_setup.zsh\n'}
[12.117570] (robot_interfaces) StdoutLine: {'line': b'-- Symlinking: /root/Dojo/Dojo/install/robot_interfaces/include/robot_interfaces/robot_interfaces/msg/motor_command.hpp\n'}
[12.117768] (robot_bringup) StdoutLine: {'line': b'-- Symlinking: /root/Dojo/Dojo/install/robot_bringup/share/robot_bringup/local_setup.dsv\n'}
[12.124379] (-) TimerEvent: {}
[12.126632] (robot_interfaces) StdoutLine: {'line': b'-- Symlinking: /root/Dojo/Dojo/install/robot_interfaces/include/robot_interfaces/robot_interfaces/msg/robot_state.hpp\n'}
[12.126826] (robot_bringup) StdoutLine: {'line': b'-- Symlinking: /root/Dojo/Dojo/install/robot_bringup/share/robot_bringup/package.dsv\n'}
[12.135455] (robot_interfaces) StdoutLine: {'line': b'-- Symlinking: /root/Dojo/Dojo/install/robot_interfaces/include/robot_interfaces/robot_interfaces/msg/rosidl_generator_cpp__visibility_control.hpp\n'}
[12.135667] (robot_bringup) StdoutLine: {'line': b'-- Symlinking: /root/Dojo/Dojo/install/robot_bringup/share/ament_index/resource_index/packages/robot_bringup\n'}
[12.144531] (robot_interfaces) StdoutLine: {'line': b'-- Symlinking: /root/Dojo/Dojo/install/robot_interfaces/include/robot_interfaces/robot_interfaces/msg/sensor_data.hpp\n'}
[12.144734] (robot_bringup) StdoutLine: {'line': b'-- Symlinking: /root/Dojo/Dojo/install/robot_bringup/share/robot_bringup/cmake/robot_bringupConfig.cmake\n'}
[12.154120] (robot_bringup) StdoutLine: {'line': b'-- Symlinking: /root/Dojo/Dojo/install/robot_bringup/share/robot_bringup/cmake/robot_bringupConfig-version.cmake\n'}
[12.154301] (robot_interfaces) StdoutLine: {'line': b'-- Symlinking: /root/Dojo/Dojo/install/robot_interfaces/include/robot_interfaces/robot_interfaces/srv/calibration.hpp\n'}
[12.162837] (robot_interfaces) StdoutLine: {'line': b'-- Symlinking: /root/Dojo/Dojo/install/robot_interfaces/include/robot_interfaces/robot_interfaces/srv/detail/calibration__builder.hpp\n'}
[12.163022] (robot_bringup) StdoutLine: {'line': b'-- Symlinking: /root/Dojo/Dojo/install/robot_bringup/share/robot_bringup/package.xml\n'}
[12.172325] (robot_interfaces) StdoutLine: {'line': b'-- Symlinking: /root/Dojo/Dojo/install/robot_interfaces/include/robot_interfaces/robot_interfaces/srv/detail/calibration__struct.hpp\n'}
[12.174221] (robot_bringup) CommandEnded: {'returncode': 0}
[12.181172] (robot_interfaces) StdoutLine: {'line': b'-- Symlinking: /root/Dojo/Dojo/install/robot_interfaces/include/robot_interfaces/robot_interfaces/srv/detail/calibration__traits.hpp\n'}
[12.184703] (robot_bringup) JobEnded: {'identifier': 'robot_bringup', 'rc': 0}
[12.191504] (robot_interfaces) StdoutLine: {'line': b'-- Symlinking: /root/Dojo/Dojo/install/robot_interfaces/include/robot_interfaces/robot_interfaces/srv/detail/calibration__type_support.hpp\n'}
[12.200198] (robot_interfaces) StdoutLine: {'line': b'-- Symlinking: /root/Dojo/Dojo/install/robot_interfaces/include/robot_interfaces/robot_interfaces/srv/detail/set_mode__builder.hpp\n'}
[12.209525] (robot_interfaces) StdoutLine: {'line': b'-- Symlinking: /root/Dojo/Dojo/install/robot_interfaces/include/robot_interfaces/robot_interfaces/srv/detail/set_mode__struct.hpp\n'}
[12.218317] (robot_interfaces) StdoutLine: {'line': b'-- Symlinking: /root/Dojo/Dojo/install/robot_interfaces/include/robot_interfaces/robot_interfaces/srv/detail/set_mode__traits.hpp\n'}
[12.224479] (-) TimerEvent: {}
[12.228380] (robot_interfaces) StdoutLine: {'line': b'-- Symlinking: /root/Dojo/Dojo/install/robot_interfaces/include/robot_interfaces/robot_interfaces/srv/detail/set_mode__type_support.hpp\n'}
[12.238198] (robot_interfaces) StdoutLine: {'line': b'-- Symlinking: /root/Dojo/Dojo/install/robot_interfaces/include/robot_interfaces/robot_interfaces/srv/set_mode.hpp\n'}
[12.248074] (robot_interfaces) StdoutLine: {'line': b'-- Symlinking: /root/Dojo/Dojo/install/robot_interfaces/include/robot_interfaces/robot_interfaces/action/detail/navigation__rosidl_typesupport_fastrtps_cpp.hpp\n'}
[12.257727] (robot_interfaces) StdoutLine: {'line': b'-- Symlinking: /root/Dojo/Dojo/install/robot_interfaces/include/robot_interfaces/robot_interfaces/msg/detail/hardware_status__rosidl_typesupport_fastrtps_cpp.hpp\n'}
[12.266814] (robot_interfaces) StdoutLine: {'line': b'-- Symlinking: /root/Dojo/Dojo/install/robot_interfaces/include/robot_interfaces/robot_interfaces/msg/detail/motor_command__rosidl_typesupport_fastrtps_cpp.hpp\n'}
[12.277968] (robot_interfaces) StdoutLine: {'line': b'-- Symlinking: /root/Dojo/Dojo/install/robot_interfaces/include/robot_interfaces/robot_interfaces/msg/detail/robot_state__rosidl_typesupport_fastrtps_cpp.hpp\n'}
[12.287166] (robot_interfaces) StdoutLine: {'line': b'-- Symlinking: /root/Dojo/Dojo/install/robot_interfaces/include/robot_interfaces/robot_interfaces/msg/detail/sensor_data__rosidl_typesupport_fastrtps_cpp.hpp\n'}
[12.296000] (robot_interfaces) StdoutLine: {'line': b'-- Symlinking: /root/Dojo/Dojo/install/robot_interfaces/include/robot_interfaces/robot_interfaces/msg/rosidl_typesupport_fastrtps_cpp__visibility_control.h\n'}
[12.305206] (robot_interfaces) StdoutLine: {'line': b'-- Symlinking: /root/Dojo/Dojo/install/robot_interfaces/include/robot_interfaces/robot_interfaces/srv/detail/calibration__rosidl_typesupport_fastrtps_cpp.hpp\n'}
[12.314105] (robot_interfaces) StdoutLine: {'line': b'-- Symlinking: /root/Dojo/Dojo/install/robot_interfaces/include/robot_interfaces/robot_interfaces/srv/detail/set_mode__rosidl_typesupport_fastrtps_cpp.hpp\n'}
[12.323729] (robot_interfaces) StdoutLine: {'line': b'-- Symlinking: /root/Dojo/Dojo/install/robot_interfaces/include/robot_interfaces/robot_interfaces/action/detail/navigation__rosidl_typesupport_introspection_c.h\n'}
[12.324540] (-) TimerEvent: {}
[12.332093] (robot_interfaces) StdoutLine: {'line': b'-- Symlinking: /root/Dojo/Dojo/install/robot_interfaces/include/robot_interfaces/robot_interfaces/msg/detail/hardware_status__rosidl_typesupport_introspection_c.h\n'}
[12.341116] (robot_interfaces) StdoutLine: {'line': b'-- Symlinking: /root/Dojo/Dojo/install/robot_interfaces/include/robot_interfaces/robot_interfaces/msg/detail/motor_command__rosidl_typesupport_introspection_c.h\n'}
[12.349424] (robot_interfaces) StdoutLine: {'line': b'-- Symlinking: /root/Dojo/Dojo/install/robot_interfaces/include/robot_interfaces/robot_interfaces/msg/detail/robot_state__rosidl_typesupport_introspection_c.h\n'}
[12.358836] (robot_interfaces) StdoutLine: {'line': b'-- Symlinking: /root/Dojo/Dojo/install/robot_interfaces/include/robot_interfaces/robot_interfaces/msg/detail/sensor_data__rosidl_typesupport_introspection_c.h\n'}
[12.367260] (robot_interfaces) StdoutLine: {'line': b'-- Symlinking: /root/Dojo/Dojo/install/robot_interfaces/include/robot_interfaces/robot_interfaces/msg/rosidl_typesupport_introspection_c__visibility_control.h\n'}
[12.376284] (robot_interfaces) StdoutLine: {'line': b'-- Symlinking: /root/Dojo/Dojo/install/robot_interfaces/include/robot_interfaces/robot_interfaces/srv/detail/calibration__rosidl_typesupport_introspection_c.h\n'}
[12.384599] (robot_interfaces) StdoutLine: {'line': b'-- Symlinking: /root/Dojo/Dojo/install/robot_interfaces/include/robot_interfaces/robot_interfaces/srv/detail/set_mode__rosidl_typesupport_introspection_c.h\n'}
[12.394160] (robot_interfaces) StdoutLine: {'line': b'-- Symlinking: /root/Dojo/Dojo/install/robot_interfaces/include/robot_interfaces/robot_interfaces/action/detail/navigation__rosidl_typesupport_introspection_cpp.hpp\n'}
[12.402421] (robot_interfaces) StdoutLine: {'line': b'-- Symlinking: /root/Dojo/Dojo/install/robot_interfaces/include/robot_interfaces/robot_interfaces/msg/detail/hardware_status__rosidl_typesupport_introspection_cpp.hpp\n'}
[12.411979] (robot_interfaces) StdoutLine: {'line': b'-- Symlinking: /root/Dojo/Dojo/install/robot_interfaces/include/robot_interfaces/robot_interfaces/msg/detail/motor_command__rosidl_typesupport_introspection_cpp.hpp\n'}
[12.421326] (robot_interfaces) StdoutLine: {'line': b'-- Symlinking: /root/Dojo/Dojo/install/robot_interfaces/include/robot_interfaces/robot_interfaces/msg/detail/robot_state__rosidl_typesupport_introspection_cpp.hpp\n'}
[12.424620] (-) TimerEvent: {}
[12.429827] (robot_interfaces) StdoutLine: {'line': b'-- Symlinking: /root/Dojo/Dojo/install/robot_interfaces/include/robot_interfaces/robot_interfaces/msg/detail/sensor_data__rosidl_typesupport_introspection_cpp.hpp\n'}
[12.439487] (robot_interfaces) StdoutLine: {'line': b'-- Symlinking: /root/Dojo/Dojo/install/robot_interfaces/include/robot_interfaces/robot_interfaces/srv/detail/calibration__rosidl_typesupport_introspection_cpp.hpp\n'}
[12.448203] (robot_interfaces) StdoutLine: {'line': b'-- Symlinking: /root/Dojo/Dojo/install/robot_interfaces/include/robot_interfaces/robot_interfaces/srv/detail/set_mode__rosidl_typesupport_introspection_cpp.hpp\n'}
[12.458074] (robot_interfaces) StdoutLine: {'line': b'-- Symlinking: /root/Dojo/Dojo/install/robot_interfaces/share/robot_interfaces/environment/pythonpath.sh\n'}
[12.467764] (robot_interfaces) StdoutLine: {'line': b'-- Symlinking: /root/Dojo/Dojo/install/robot_interfaces/share/robot_interfaces/environment/pythonpath.dsv\n'}
[12.478323] (robot_interfaces) StdoutLine: {'line': b'-- Symlinking: /root/Dojo/Dojo/install/robot_interfaces/local/lib/python3.10/dist-packages/robot_interfaces-1.0.0-py3.10.egg-info/PKG-INFO\n'}
[12.487630] (robot_interfaces) StdoutLine: {'line': b'-- Symlinking: /root/Dojo/Dojo/install/robot_interfaces/local/lib/python3.10/dist-packages/robot_interfaces-1.0.0-py3.10.egg-info/SOURCES.txt\n'}
[12.496538] (robot_interfaces) StdoutLine: {'line': b'-- Symlinking: /root/Dojo/Dojo/install/robot_interfaces/local/lib/python3.10/dist-packages/robot_interfaces-1.0.0-py3.10.egg-info/dependency_links.txt\n'}
[12.506667] (robot_interfaces) StdoutLine: {'line': b'-- Symlinking: /root/Dojo/Dojo/install/robot_interfaces/local/lib/python3.10/dist-packages/robot_interfaces-1.0.0-py3.10.egg-info/top_level.txt\n'}
[12.516193] (robot_interfaces) StdoutLine: {'line': b'-- Symlinking: /root/Dojo/Dojo/install/robot_interfaces/local/lib/python3.10/dist-packages/robot_interfaces/__init__.py\n'}
[12.524726] (-) TimerEvent: {}
[12.526261] (robot_interfaces) StdoutLine: {'line': b'-- Symlinking: /root/Dojo/Dojo/install/robot_interfaces/local/lib/python3.10/dist-packages/robot_interfaces/_robot_interfaces_s.ep.rosidl_typesupport_c.c\n'}
[12.534978] (robot_interfaces) StdoutLine: {'line': b'-- Symlinking: /root/Dojo/Dojo/install/robot_interfaces/local/lib/python3.10/dist-packages/robot_interfaces/_robot_interfaces_s.ep.rosidl_typesupport_fastrtps_c.c\n'}
[12.544826] (robot_interfaces) StdoutLine: {'line': b'-- Symlinking: /root/Dojo/Dojo/install/robot_interfaces/local/lib/python3.10/dist-packages/robot_interfaces/_robot_interfaces_s.ep.rosidl_typesupport_introspection_c.c\n'}
[12.553812] (robot_interfaces) StdoutLine: {'line': b'-- Symlinking: /root/Dojo/Dojo/install/robot_interfaces/local/lib/python3.10/dist-packages/robot_interfaces/action/__init__.py\n'}
[12.563115] (robot_interfaces) StdoutLine: {'line': b'-- Symlinking: /root/Dojo/Dojo/install/robot_interfaces/local/lib/python3.10/dist-packages/robot_interfaces/action/_navigation.py\n'}
[12.573503] (robot_interfaces) StdoutLine: {'line': b'-- Symlinking: /root/Dojo/Dojo/install/robot_interfaces/local/lib/python3.10/dist-packages/robot_interfaces/action/_navigation_s.c\n'}
[12.582115] (robot_interfaces) StdoutLine: {'line': b'-- Symlinking: /root/Dojo/Dojo/install/robot_interfaces/local/lib/python3.10/dist-packages/robot_interfaces/librobot_interfaces__rosidl_generator_py.so\n'}
[12.591533] (robot_interfaces) StdoutLine: {'line': b'-- Symlinking: /root/Dojo/Dojo/install/robot_interfaces/local/lib/python3.10/dist-packages/robot_interfaces/msg/__init__.py\n'}
[12.599729] (robot_interfaces) StdoutLine: {'line': b'-- Symlinking: /root/Dojo/Dojo/install/robot_interfaces/local/lib/python3.10/dist-packages/robot_interfaces/msg/_hardware_status.py\n'}
[12.608548] (robot_interfaces) StdoutLine: {'line': b'-- Symlinking: /root/Dojo/Dojo/install/robot_interfaces/local/lib/python3.10/dist-packages/robot_interfaces/msg/_hardware_status_s.c\n'}
[12.616694] (robot_interfaces) StdoutLine: {'line': b'-- Symlinking: /root/Dojo/Dojo/install/robot_interfaces/local/lib/python3.10/dist-packages/robot_interfaces/msg/_motor_command.py\n'}
[12.624819] (-) TimerEvent: {}
[12.625966] (robot_interfaces) StdoutLine: {'line': b'-- Symlinking: /root/Dojo/Dojo/install/robot_interfaces/local/lib/python3.10/dist-packages/robot_interfaces/msg/_motor_command_s.c\n'}
[12.634500] (robot_interfaces) StdoutLine: {'line': b'-- Symlinking: /root/Dojo/Dojo/install/robot_interfaces/local/lib/python3.10/dist-packages/robot_interfaces/msg/_robot_state.py\n'}
[12.643608] (robot_interfaces) StdoutLine: {'line': b'-- Symlinking: /root/Dojo/Dojo/install/robot_interfaces/local/lib/python3.10/dist-packages/robot_interfaces/msg/_robot_state_s.c\n'}
[12.652348] (robot_interfaces) StdoutLine: {'line': b'-- Symlinking: /root/Dojo/Dojo/install/robot_interfaces/local/lib/python3.10/dist-packages/robot_interfaces/msg/_sensor_data.py\n'}
[12.661717] (robot_interfaces) StdoutLine: {'line': b'-- Symlinking: /root/Dojo/Dojo/install/robot_interfaces/local/lib/python3.10/dist-packages/robot_interfaces/msg/_sensor_data_s.c\n'}
[12.670881] (robot_interfaces) StdoutLine: {'line': b'-- Symlinking: /root/Dojo/Dojo/install/robot_interfaces/local/lib/python3.10/dist-packages/robot_interfaces/robot_interfaces_s__rosidl_typesupport_c.cpython-310-x86_64-linux-gnu.so\n'}
[12.679907] (robot_interfaces) StdoutLine: {'line': b'-- Symlinking: /root/Dojo/Dojo/install/robot_interfaces/local/lib/python3.10/dist-packages/robot_interfaces/robot_interfaces_s__rosidl_typesupport_fastrtps_c.cpython-310-x86_64-linux-gnu.so\n'}
[12.689107] (robot_interfaces) StdoutLine: {'line': b'-- Symlinking: /root/Dojo/Dojo/install/robot_interfaces/local/lib/python3.10/dist-packages/robot_interfaces/robot_interfaces_s__rosidl_typesupport_introspection_c.cpython-310-x86_64-linux-gnu.so\n'}
[12.698175] (robot_interfaces) StdoutLine: {'line': b'-- Symlinking: /root/Dojo/Dojo/install/robot_interfaces/local/lib/python3.10/dist-packages/robot_interfaces/srv/__init__.py\n'}
[12.707629] (robot_interfaces) StdoutLine: {'line': b'-- Symlinking: /root/Dojo/Dojo/install/robot_interfaces/local/lib/python3.10/dist-packages/robot_interfaces/srv/_calibration.py\n'}
[12.716275] (robot_interfaces) StdoutLine: {'line': b'-- Symlinking: /root/Dojo/Dojo/install/robot_interfaces/local/lib/python3.10/dist-packages/robot_interfaces/srv/_calibration_s.c\n'}
[12.724918] (-) TimerEvent: {}
[12.726426] (robot_interfaces) StdoutLine: {'line': b'-- Symlinking: /root/Dojo/Dojo/install/robot_interfaces/local/lib/python3.10/dist-packages/robot_interfaces/srv/_set_mode.py\n'}
[12.735355] (robot_interfaces) StdoutLine: {'line': b'-- Symlinking: /root/Dojo/Dojo/install/robot_interfaces/local/lib/python3.10/dist-packages/robot_interfaces/srv/_set_mode_s.c\n'}
[12.745374] (robot_interfaces) StdoutLine: {'line': b'-- Up-to-date symlink: /root/Dojo/Dojo/install/robot_interfaces/local/lib/python3.10/dist-packages/robot_interfaces/robot_interfaces_s__rosidl_typesupport_fastrtps_c.cpython-310-x86_64-linux-gnu.so\n'}
[12.745660] (robot_interfaces) StdoutLine: {'line': b'-- Up-to-date symlink: /root/Dojo/Dojo/install/robot_interfaces/local/lib/python3.10/dist-packages/robot_interfaces/robot_interfaces_s__rosidl_typesupport_introspection_c.cpython-310-x86_64-linux-gnu.so\n'}
[12.745915] (robot_interfaces) StdoutLine: {'line': b'-- Up-to-date symlink: /root/Dojo/Dojo/install/robot_interfaces/local/lib/python3.10/dist-packages/robot_interfaces/robot_interfaces_s__rosidl_typesupport_c.cpython-310-x86_64-linux-gnu.so\n'}
[12.746164] (robot_interfaces) StdoutLine: {'line': b'-- Symlinking: /root/Dojo/Dojo/install/robot_interfaces/share/robot_interfaces/msg/HardwareStatus.idl\n'}
[12.755417] (robot_interfaces) StdoutLine: {'line': b'-- Symlinking: /root/Dojo/Dojo/install/robot_interfaces/share/robot_interfaces/msg/SensorData.idl\n'}
[12.764294] (robot_interfaces) StdoutLine: {'line': b'-- Symlinking: /root/Dojo/Dojo/install/robot_interfaces/share/robot_interfaces/msg/MotorCommand.idl\n'}
[12.773458] (robot_interfaces) StdoutLine: {'line': b'-- Symlinking: /root/Dojo/Dojo/install/robot_interfaces/share/robot_interfaces/msg/RobotState.idl\n'}
[12.782080] (robot_interfaces) StdoutLine: {'line': b'-- Symlinking: /root/Dojo/Dojo/install/robot_interfaces/share/robot_interfaces/srv/Calibration.idl\n'}
[12.791517] (robot_interfaces) StdoutLine: {'line': b'-- Symlinking: /root/Dojo/Dojo/install/robot_interfaces/share/robot_interfaces/srv/SetMode.idl\n'}
[12.799992] (robot_interfaces) StdoutLine: {'line': b'-- Symlinking: /root/Dojo/Dojo/install/robot_interfaces/share/robot_interfaces/action/Navigation.idl\n'}
[12.809359] (robot_interfaces) StdoutLine: {'line': b'-- Symlinking: /root/Dojo/Dojo/install/robot_interfaces/share/robot_interfaces/msg/HardwareStatus.msg\n'}
[12.817623] (robot_interfaces) StdoutLine: {'line': b'-- Symlinking: /root/Dojo/Dojo/install/robot_interfaces/share/robot_interfaces/msg/SensorData.msg\n'}
[12.825033] (-) TimerEvent: {}
[12.828783] (robot_interfaces) StdoutLine: {'line': b'-- Symlinking: /root/Dojo/Dojo/install/robot_interfaces/share/robot_interfaces/msg/MotorCommand.msg\n'}
[12.838957] (robot_interfaces) StdoutLine: {'line': b'-- Symlinking: /root/Dojo/Dojo/install/robot_interfaces/share/robot_interfaces/msg/RobotState.msg\n'}
[12.849311] (robot_interfaces) StdoutLine: {'line': b'-- Symlinking: /root/Dojo/Dojo/install/robot_interfaces/share/robot_interfaces/srv/Calibration.srv\n'}
[12.860599] (robot_interfaces) StdoutLine: {'line': b'-- Symlinking: /root/Dojo/Dojo/install/robot_interfaces/share/robot_interfaces/srv/Calibration_Request.msg\n'}
[12.869560] (robot_interfaces) StdoutLine: {'line': b'-- Symlinking: /root/Dojo/Dojo/install/robot_interfaces/share/robot_interfaces/srv/Calibration_Response.msg\n'}
[12.878968] (robot_interfaces) StdoutLine: {'line': b'-- Symlinking: /root/Dojo/Dojo/install/robot_interfaces/share/robot_interfaces/srv/SetMode.srv\n'}
[12.888592] (robot_interfaces) StdoutLine: {'line': b'-- Symlinking: /root/Dojo/Dojo/install/robot_interfaces/share/robot_interfaces/srv/SetMode_Request.msg\n'}
[12.897148] (robot_interfaces) StdoutLine: {'line': b'-- Symlinking: /root/Dojo/Dojo/install/robot_interfaces/share/robot_interfaces/srv/SetMode_Response.msg\n'}
[12.907017] (robot_interfaces) StdoutLine: {'line': b'-- Symlinking: /root/Dojo/Dojo/install/robot_interfaces/share/robot_interfaces/action/Navigation.action\n'}
[12.915529] (robot_interfaces) StdoutLine: {'line': b'-- Symlinking: /root/Dojo/Dojo/install/robot_interfaces/share/ament_index/resource_index/package_run_dependencies/robot_interfaces\n'}
[12.925108] (-) TimerEvent: {}
[12.925449] (robot_interfaces) StdoutLine: {'line': b'-- Symlinking: /root/Dojo/Dojo/install/robot_interfaces/share/ament_index/resource_index/parent_prefix_path/robot_interfaces\n'}
[12.933828] (robot_interfaces) StdoutLine: {'line': b'-- Symlinking: /root/Dojo/Dojo/install/robot_interfaces/share/robot_interfaces/environment/ament_prefix_path.sh\n'}
[12.943235] (robot_interfaces) StdoutLine: {'line': b'-- Symlinking: /root/Dojo/Dojo/install/robot_interfaces/share/robot_interfaces/environment/ament_prefix_path.dsv\n'}
[12.952114] (robot_interfaces) StdoutLine: {'line': b'-- Symlinking: /root/Dojo/Dojo/install/robot_interfaces/share/robot_interfaces/environment/path.sh\n'}
[12.961898] (robot_interfaces) StdoutLine: {'line': b'-- Symlinking: /root/Dojo/Dojo/install/robot_interfaces/share/robot_interfaces/environment/path.dsv\n'}
[12.971401] (robot_interfaces) StdoutLine: {'line': b'-- Symlinking: /root/Dojo/Dojo/install/robot_interfaces/share/robot_interfaces/local_setup.bash\n'}
[12.980936] (robot_interfaces) StdoutLine: {'line': b'-- Symlinking: /root/Dojo/Dojo/install/robot_interfaces/share/robot_interfaces/local_setup.sh\n'}
[12.990812] (robot_interfaces) StdoutLine: {'line': b'-- Symlinking: /root/Dojo/Dojo/install/robot_interfaces/share/robot_interfaces/local_setup.zsh\n'}
[12.999516] (robot_interfaces) StdoutLine: {'line': b'-- Symlinking: /root/Dojo/Dojo/install/robot_interfaces/share/robot_interfaces/local_setup.dsv\n'}
[13.009105] (robot_interfaces) StdoutLine: {'line': b'-- Symlinking: /root/Dojo/Dojo/install/robot_interfaces/share/robot_interfaces/package.dsv\n'}
[13.018217] (robot_interfaces) StdoutLine: {'line': b'-- Symlinking: /root/Dojo/Dojo/install/robot_interfaces/share/ament_index/resource_index/packages/robot_interfaces\n'}
[13.025201] (-) TimerEvent: {}
[13.027983] (robot_interfaces) StdoutLine: {'line': b'-- Symlinking: /root/Dojo/Dojo/install/robot_interfaces/share/robot_interfaces/cmake/rosidl_cmake-extras.cmake\n'}
[13.037282] (robot_interfaces) StdoutLine: {'line': b'-- Symlinking: /root/Dojo/Dojo/install/robot_interfaces/share/robot_interfaces/cmake/ament_cmake_export_dependencies-extras.cmake\n'}
[13.045882] (robot_interfaces) StdoutLine: {'line': b'-- Symlinking: /root/Dojo/Dojo/install/robot_interfaces/share/robot_interfaces/cmake/ament_cmake_export_include_directories-extras.cmake\n'}
[13.055932] (robot_interfaces) StdoutLine: {'line': b'-- Symlinking: /root/Dojo/Dojo/install/robot_interfaces/share/robot_interfaces/cmake/ament_cmake_export_libraries-extras.cmake\n'}
[13.064762] (robot_interfaces) StdoutLine: {'line': b'-- Symlinking: /root/Dojo/Dojo/install/robot_interfaces/share/robot_interfaces/cmake/ament_cmake_export_targets-extras.cmake\n'}
[13.075270] (robot_interfaces) StdoutLine: {'line': b'-- Symlinking: /root/Dojo/Dojo/install/robot_interfaces/share/robot_interfaces/cmake/rosidl_cmake_export_typesupport_targets-extras.cmake\n'}
[13.084661] (robot_interfaces) StdoutLine: {'line': b'-- Symlinking: /root/Dojo/Dojo/install/robot_interfaces/share/robot_interfaces/cmake/rosidl_cmake_export_typesupport_libraries-extras.cmake\n'}
[13.094199] (robot_interfaces) StdoutLine: {'line': b'-- Symlinking: /root/Dojo/Dojo/install/robot_interfaces/share/robot_interfaces/cmake/robot_interfacesConfig.cmake\n'}
[13.103428] (robot_interfaces) StdoutLine: {'line': b'-- Symlinking: /root/Dojo/Dojo/install/robot_interfaces/share/robot_interfaces/cmake/robot_interfacesConfig-version.cmake\n'}
[13.113080] (robot_interfaces) StdoutLine: {'line': b'-- Symlinking: /root/Dojo/Dojo/install/robot_interfaces/share/robot_interfaces/package.xml\n'}
[13.122625] (robot_interfaces) StdoutLine: {'line': b'-- Installing: /root/Dojo/Dojo/install/robot_interfaces/lib/librobot_interfaces__rosidl_generator_c.so\n'}
[13.123249] (robot_interfaces) StdoutLine: {'line': b'-- Set runtime path of "/root/Dojo/Dojo/install/robot_interfaces/lib/librobot_interfaces__rosidl_generator_c.so" to ""\n'}
[13.123439] (robot_interfaces) StdoutLine: {'line': b'-- Installing: /root/Dojo/Dojo/install/robot_interfaces/lib/librobot_interfaces__rosidl_typesupport_fastrtps_c.so\n'}
[13.123866] (robot_interfaces) StdoutLine: {'line': b'-- Set runtime path of "/root/Dojo/Dojo/install/robot_interfaces/lib/librobot_interfaces__rosidl_typesupport_fastrtps_c.so" to ""\n'}
[13.124006] (robot_interfaces) StdoutLine: {'line': b'-- Installing: /root/Dojo/Dojo/install/robot_interfaces/lib/librobot_interfaces__rosidl_typesupport_fastrtps_cpp.so\n'}
[13.124517] (robot_interfaces) StdoutLine: {'line': b'-- Set runtime path of "/root/Dojo/Dojo/install/robot_interfaces/lib/librobot_interfaces__rosidl_typesupport_fastrtps_cpp.so" to ""\n'}
[13.124634] (robot_interfaces) StdoutLine: {'line': b'-- Installing: /root/Dojo/Dojo/install/robot_interfaces/lib/librobot_interfaces__rosidl_typesupport_introspection_c.so\n'}
[13.125082] (robot_interfaces) StdoutLine: {'line': b'-- Set runtime path of "/root/Dojo/Dojo/install/robot_interfaces/lib/librobot_interfaces__rosidl_typesupport_introspection_c.so" to ""\n'}
[13.125185] (robot_interfaces) StdoutLine: {'line': b'-- Installing: /root/Dojo/Dojo/install/robot_interfaces/lib/librobot_interfaces__rosidl_typesupport_c.so\n'}
[13.125247] (-) TimerEvent: {}
[13.125582] (robot_interfaces) StdoutLine: {'line': b'-- Set runtime path of "/root/Dojo/Dojo/install/robot_interfaces/lib/librobot_interfaces__rosidl_typesupport_c.so" to ""\n'}
[13.125711] (robot_interfaces) StdoutLine: {'line': b'-- Installing: /root/Dojo/Dojo/install/robot_interfaces/lib/librobot_interfaces__rosidl_typesupport_introspection_cpp.so\n'}
[13.126240] (robot_interfaces) StdoutLine: {'line': b'-- Set runtime path of "/root/Dojo/Dojo/install/robot_interfaces/lib/librobot_interfaces__rosidl_typesupport_introspection_cpp.so" to ""\n'}
[13.126345] (robot_interfaces) StdoutLine: {'line': b'-- Installing: /root/Dojo/Dojo/install/robot_interfaces/lib/librobot_interfaces__rosidl_typesupport_cpp.so\n'}
[13.126764] (robot_interfaces) StdoutLine: {'line': b'-- Set runtime path of "/root/Dojo/Dojo/install/robot_interfaces/lib/librobot_interfaces__rosidl_typesupport_cpp.so" to ""\n'}
[13.173410] (robot_interfaces) StdoutLine: {'line': b"Listing '/root/Dojo/Dojo/install/robot_interfaces/local/lib/python3.10/dist-packages/robot_interfaces'...\n"}
[13.173586] (robot_interfaces) StdoutLine: {'line': b"Compiling '/root/Dojo/Dojo/install/robot_interfaces/local/lib/python3.10/dist-packages/robot_interfaces/__init__.py'...\n"}
[13.173681] (robot_interfaces) StdoutLine: {'line': b"Listing '/root/Dojo/Dojo/install/robot_interfaces/local/lib/python3.10/dist-packages/robot_interfaces/action'...\n"}
[13.173752] (robot_interfaces) StdoutLine: {'line': b"Compiling '/root/Dojo/Dojo/install/robot_interfaces/local/lib/python3.10/dist-packages/robot_interfaces/action/__init__.py'...\n"}
[13.173818] (robot_interfaces) StdoutLine: {'line': b"Compiling '/root/Dojo/Dojo/install/robot_interfaces/local/lib/python3.10/dist-packages/robot_interfaces/action/_navigation.py'...\n"}
[13.173880] (robot_interfaces) StdoutLine: {'line': b"Listing '/root/Dojo/Dojo/install/robot_interfaces/local/lib/python3.10/dist-packages/robot_interfaces/msg'...\n"}
[13.173940] (robot_interfaces) StdoutLine: {'line': b"Compiling '/root/Dojo/Dojo/install/robot_interfaces/local/lib/python3.10/dist-packages/robot_interfaces/msg/__init__.py'...\n"}
[13.173997] (robot_interfaces) StdoutLine: {'line': b"Compiling '/root/Dojo/Dojo/install/robot_interfaces/local/lib/python3.10/dist-packages/robot_interfaces/msg/_hardware_status.py'...\n"}
[13.174063] (robot_interfaces) StdoutLine: {'line': b"Compiling '/root/Dojo/Dojo/install/robot_interfaces/local/lib/python3.10/dist-packages/robot_interfaces/msg/_motor_command.py'...\n"}
[13.174112] (robot_interfaces) StdoutLine: {'line': b"Compiling '/root/Dojo/Dojo/install/robot_interfaces/local/lib/python3.10/dist-packages/robot_interfaces/msg/_robot_state.py'...\n"}
[13.174158] (robot_interfaces) StdoutLine: {'line': b"Compiling '/root/Dojo/Dojo/install/robot_interfaces/local/lib/python3.10/dist-packages/robot_interfaces/msg/_sensor_data.py'...\n"}
[13.174203] (robot_interfaces) StdoutLine: {'line': b"Listing '/root/Dojo/Dojo/install/robot_interfaces/local/lib/python3.10/dist-packages/robot_interfaces/srv'...\n"}
[13.174326] (robot_interfaces) StdoutLine: {'line': b"Compiling '/root/Dojo/Dojo/install/robot_interfaces/local/lib/python3.10/dist-packages/robot_interfaces/srv/__init__.py'...\n"}
[13.174404] (robot_interfaces) StdoutLine: {'line': b"Compiling '/root/Dojo/Dojo/install/robot_interfaces/local/lib/python3.10/dist-packages/robot_interfaces/srv/_calibration.py'...\n"}
[13.174467] (robot_interfaces) StdoutLine: {'line': b"Compiling '/root/Dojo/Dojo/install/robot_interfaces/local/lib/python3.10/dist-packages/robot_interfaces/srv/_set_mode.py'...\n"}
[13.178541] (robot_interfaces) StdoutLine: {'line': b'-- Installing: /root/Dojo/Dojo/install/robot_interfaces/lib/librobot_interfaces__rosidl_generator_py.so\n'}
[13.179283] (robot_interfaces) StdoutLine: {'line': b'-- Set runtime path of "/root/Dojo/Dojo/install/robot_interfaces/lib/librobot_interfaces__rosidl_generator_py.so" to ""\n'}
[13.179438] (robot_interfaces) StdoutLine: {'line': b'-- Installing: /root/Dojo/Dojo/install/robot_interfaces/share/robot_interfaces/cmake/export_robot_interfaces__rosidl_generator_cExport.cmake\n'}
[13.179659] (robot_interfaces) StdoutLine: {'line': b'-- Installing: /root/Dojo/Dojo/install/robot_interfaces/share/robot_interfaces/cmake/export_robot_interfaces__rosidl_generator_cExport-release.cmake\n'}
[13.179874] (robot_interfaces) StdoutLine: {'line': b'-- Installing: /root/Dojo/Dojo/install/robot_interfaces/share/robot_interfaces/cmake/export_robot_interfaces__rosidl_typesupport_fastrtps_cExport.cmake\n'}
[13.180105] (robot_interfaces) StdoutLine: {'line': b'-- Installing: /root/Dojo/Dojo/install/robot_interfaces/share/robot_interfaces/cmake/export_robot_interfaces__rosidl_typesupport_fastrtps_cExport-release.cmake\n'}
[13.180330] (robot_interfaces) StdoutLine: {'line': b'-- Installing: /root/Dojo/Dojo/install/robot_interfaces/share/robot_interfaces/cmake/export_robot_interfaces__rosidl_generator_cppExport.cmake\n'}
[13.180506] (robot_interfaces) StdoutLine: {'line': b'-- Installing: /root/Dojo/Dojo/install/robot_interfaces/share/robot_interfaces/cmake/export_robot_interfaces__rosidl_typesupport_fastrtps_cppExport.cmake\n'}
[13.180705] (robot_interfaces) StdoutLine: {'line': b'-- Installing: /root/Dojo/Dojo/install/robot_interfaces/share/robot_interfaces/cmake/export_robot_interfaces__rosidl_typesupport_fastrtps_cppExport-release.cmake\n'}
[13.180940] (robot_interfaces) StdoutLine: {'line': b'-- Installing: /root/Dojo/Dojo/install/robot_interfaces/share/robot_interfaces/cmake/robot_interfaces__rosidl_typesupport_introspection_cExport.cmake\n'}
[13.181178] (robot_interfaces) StdoutLine: {'line': b'-- Installing: /root/Dojo/Dojo/install/robot_interfaces/share/robot_interfaces/cmake/robot_interfaces__rosidl_typesupport_introspection_cExport-release.cmake\n'}
[13.181355] (robot_interfaces) StdoutLine: {'line': b'-- Installing: /root/Dojo/Dojo/install/robot_interfaces/share/robot_interfaces/cmake/robot_interfaces__rosidl_typesupport_cExport.cmake\n'}
[13.181562] (robot_interfaces) StdoutLine: {'line': b'-- Installing: /root/Dojo/Dojo/install/robot_interfaces/share/robot_interfaces/cmake/robot_interfaces__rosidl_typesupport_cExport-release.cmake\n'}
[13.181767] (robot_interfaces) StdoutLine: {'line': b'-- Installing: /root/Dojo/Dojo/install/robot_interfaces/share/robot_interfaces/cmake/robot_interfaces__rosidl_typesupport_introspection_cppExport.cmake\n'}
[13.181929] (robot_interfaces) StdoutLine: {'line': b'-- Installing: /root/Dojo/Dojo/install/robot_interfaces/share/robot_interfaces/cmake/robot_interfaces__rosidl_typesupport_introspection_cppExport-release.cmake\n'}
[13.182106] (robot_interfaces) StdoutLine: {'line': b'-- Installing: /root/Dojo/Dojo/install/robot_interfaces/share/robot_interfaces/cmake/robot_interfaces__rosidl_typesupport_cppExport.cmake\n'}
[13.182279] (robot_interfaces) StdoutLine: {'line': b'-- Installing: /root/Dojo/Dojo/install/robot_interfaces/share/robot_interfaces/cmake/robot_interfaces__rosidl_typesupport_cppExport-release.cmake\n'}
[13.182440] (robot_interfaces) StdoutLine: {'line': b'-- Installing: /root/Dojo/Dojo/install/robot_interfaces/share/robot_interfaces/cmake/export_robot_interfaces__rosidl_generator_pyExport.cmake\n'}
[13.182623] (robot_interfaces) StdoutLine: {'line': b'-- Installing: /root/Dojo/Dojo/install/robot_interfaces/share/robot_interfaces/cmake/export_robot_interfaces__rosidl_generator_pyExport-release.cmake\n'}
[13.185554] (robot_interfaces) CommandEnded: {'returncode': 0}
[13.200571] (robot_interfaces) JobEnded: {'identifier': 'robot_interfaces', 'rc': 0}
[13.201091] (-) EventReactorShutdown: {}
