[0.100s] DEBUG:colcon:Command line arguments: ['/usr/bin/colcon', 'build', '--symlink-install', '--event-handlers', 'console_direct+', '--cmake-args', '-DCMAKE_BUILD_TYPE=Release', '-DBUILD_TESTING=OFF']
[0.100s] DEBUG:colcon:Parsed command line arguments: Namespace(log_base=None, log_level=None, verb_name='build', build_base='build', install_base='install', merge_install=False, symlink_install=True, test_result_base=None, continue_on_error=False, executor='parallel', parallel_workers=16, event_handlers=['console_direct+'], ignore_user_meta=False, metas=['./colcon.meta'], base_paths=['.'], packages_ignore=None, packages_ignore_regex=None, paths=None, packages_up_to=None, packages_up_to_regex=None, packages_above=None, packages_above_and_dependencies=None, packages_above_depth=None, packages_select_by_dep=None, packages_skip_by_dep=None, packages_skip_up_to=None, packages_select_build_failed=False, packages_skip_build_finished=False, packages_select_test_failures=False, packages_skip_test_passed=False, packages_select=None, packages_skip=None, packages_select_regex=None, packages_skip_regex=None, packages_start=None, packages_end=None, cmake_args=['-DCMAKE_BUILD_TYPE=Release', '-DBUILD_TESTING=OFF'], cmake_target=None, cmake_target_skip_unavailable=False, cmake_clean_cache=False, cmake_clean_first=False, cmake_force_configure=False, ament_cmake_args=None, catkin_cmake_args=None, catkin_skip_building_tests=False, mixin_files=None, mixin=None, verb_parser=<colcon_mixin.mixin.mixin_argument.MixinArgumentDecorator object at 0x7b59600ddba0>, verb_extension=<colcon_core.verb.build.BuildVerb object at 0x7b596025b1f0>, main=<bound method BuildVerb.main of <colcon_core.verb.build.BuildVerb object at 0x7b596025b1f0>>, mixin_verb=('build',))
[0.304s] Level 1:colcon.colcon_core.package_discovery:discover_packages(colcon_meta) check parameters
[0.304s] INFO:colcon.colcon_metadata.package_discovery.colcon_meta:Using configuration from '/root/.colcon/metadata/default/Gazebo.meta'
[0.305s] INFO:colcon.colcon_metadata.package_discovery.colcon_meta:Using configuration from '/root/.colcon/metadata/default/fastdds.meta'
[0.305s] INFO:colcon.colcon_metadata.package_discovery.colcon_meta:Using configuration from '/root/.colcon/metadata/default/fastrtps.meta'
[0.305s] Level 1:colcon.colcon_core.package_discovery:discover_packages(recursive) check parameters
[0.305s] Level 1:colcon.colcon_core.package_discovery:discover_packages(ignore) check parameters
[0.305s] Level 1:colcon.colcon_core.package_discovery:discover_packages(path) check parameters
[0.305s] Level 1:colcon.colcon_core.package_discovery:discover_packages(colcon_meta) discover
[0.305s] Level 1:colcon.colcon_core.package_discovery:discover_packages(recursive) discover
[0.305s] INFO:colcon.colcon_core.package_discovery:Crawling recursively for packages in '/root/Dojo/Dojo'
[0.305s] Level 1:colcon.colcon_core.package_identification:_identify(.) by extensions ['ignore', 'ignore_ament_install']
[0.305s] Level 1:colcon.colcon_core.package_identification:_identify(.) by extension 'ignore'
[0.305s] Level 1:colcon.colcon_core.package_identification:_identify(.) by extension 'ignore_ament_install'
[0.305s] Level 1:colcon.colcon_core.package_identification:_identify(.) by extensions ['colcon_pkg']
[0.305s] Level 1:colcon.colcon_core.package_identification:_identify(.) by extension 'colcon_pkg'
[0.306s] Level 1:colcon.colcon_core.package_identification:_identify(.) by extensions ['colcon_meta']
[0.306s] Level 1:colcon.colcon_core.package_identification:_identify(.) by extension 'colcon_meta'
[0.306s] Level 1:colcon.colcon_core.package_identification:_identify(.) by extensions ['ros']
[0.306s] Level 1:colcon.colcon_core.package_identification:_identify(.) by extension 'ros'
[0.316s] Level 1:colcon.colcon_core.package_identification:_identify(.) by extensions ['cmake', 'python']
[0.316s] Level 1:colcon.colcon_core.package_identification:_identify(.) by extension 'cmake'
[0.316s] Level 1:colcon.colcon_core.package_identification:_identify(.) by extension 'python'
[0.316s] Level 1:colcon.colcon_core.package_identification:_identify(.) by extensions ['python_setup_py']
[0.316s] Level 1:colcon.colcon_core.package_identification:_identify(.) by extension 'python_setup_py'
[0.316s] Level 1:colcon.colcon_core.package_identification:_identify(backup_packages) by extensions ['ignore', 'ignore_ament_install']
[0.317s] Level 1:colcon.colcon_core.package_identification:_identify(backup_packages) by extension 'ignore'
[0.317s] Level 1:colcon.colcon_core.package_identification:_identify(backup_packages) by extension 'ignore_ament_install'
[0.317s] Level 1:colcon.colcon_core.package_identification:_identify(backup_packages) by extensions ['colcon_pkg']
[0.317s] Level 1:colcon.colcon_core.package_identification:_identify(backup_packages) by extension 'colcon_pkg'
[0.317s] Level 1:colcon.colcon_core.package_identification:_identify(backup_packages) by extensions ['colcon_meta']
[0.317s] Level 1:colcon.colcon_core.package_identification:_identify(backup_packages) by extension 'colcon_meta'
[0.317s] Level 1:colcon.colcon_core.package_identification:_identify(backup_packages) by extensions ['ros']
[0.317s] Level 1:colcon.colcon_core.package_identification:_identify(backup_packages) by extension 'ros'
[0.317s] Level 1:colcon.colcon_core.package_identification:_identify(backup_packages) by extensions ['cmake', 'python']
[0.317s] Level 1:colcon.colcon_core.package_identification:_identify(backup_packages) by extension 'cmake'
[0.317s] Level 1:colcon.colcon_core.package_identification:_identify(backup_packages) by extension 'python'
[0.317s] Level 1:colcon.colcon_core.package_identification:_identify(backup_packages) by extensions ['python_setup_py']
[0.317s] Level 1:colcon.colcon_core.package_identification:_identify(backup_packages) by extension 'python_setup_py'
[0.317s] Level 1:colcon.colcon_core.package_identification:_identify(backup_packages/arduino_bridge) by extensions ['ignore', 'ignore_ament_install']
[0.317s] Level 1:colcon.colcon_core.package_identification:_identify(backup_packages/arduino_bridge) by extension 'ignore'
[0.317s] Level 1:colcon.colcon_core.package_identification:_identify(backup_packages/arduino_bridge) by extension 'ignore_ament_install'
[0.317s] Level 1:colcon.colcon_core.package_identification:_identify(backup_packages/arduino_bridge) by extensions ['colcon_pkg']
[0.317s] Level 1:colcon.colcon_core.package_identification:_identify(backup_packages/arduino_bridge) by extension 'colcon_pkg'
[0.317s] Level 1:colcon.colcon_core.package_identification:_identify(backup_packages/arduino_bridge) by extensions ['colcon_meta']
[0.317s] Level 1:colcon.colcon_core.package_identification:_identify(backup_packages/arduino_bridge) by extension 'colcon_meta'
[0.317s] Level 1:colcon.colcon_core.package_identification:_identify(backup_packages/arduino_bridge) by extensions ['ros']
[0.317s] Level 1:colcon.colcon_core.package_identification:_identify(backup_packages/arduino_bridge) by extension 'ros'
[0.319s] DEBUG:colcon.colcon_core.package_identification:Package 'backup_packages/arduino_bridge' with type 'ros.ament_python' and name 'arduino_bridge'
[0.319s] Level 1:colcon.colcon_core.package_identification:_identify(backup_packages/camera_ws) by extensions ['ignore', 'ignore_ament_install']
[0.320s] Level 1:colcon.colcon_core.package_identification:_identify(backup_packages/camera_ws) by extension 'ignore'
[0.320s] Level 1:colcon.colcon_core.package_identification:_identify(backup_packages/camera_ws) by extension 'ignore_ament_install'
[0.320s] Level 1:colcon.colcon_core.package_identification:_identify(backup_packages/camera_ws) by extensions ['colcon_pkg']
[0.320s] Level 1:colcon.colcon_core.package_identification:_identify(backup_packages/camera_ws) by extension 'colcon_pkg'
[0.320s] Level 1:colcon.colcon_core.package_identification:_identify(backup_packages/camera_ws) by extensions ['colcon_meta']
[0.320s] Level 1:colcon.colcon_core.package_identification:_identify(backup_packages/camera_ws) by extension 'colcon_meta'
[0.320s] Level 1:colcon.colcon_core.package_identification:_identify(backup_packages/camera_ws) by extensions ['ros']
[0.320s] Level 1:colcon.colcon_core.package_identification:_identify(backup_packages/camera_ws) by extension 'ros'
[0.320s] Level 1:colcon.colcon_core.package_identification:_identify(backup_packages/camera_ws) by extensions ['cmake', 'python']
[0.320s] Level 1:colcon.colcon_core.package_identification:_identify(backup_packages/camera_ws) by extension 'cmake'
[0.320s] Level 1:colcon.colcon_core.package_identification:_identify(backup_packages/camera_ws) by extension 'python'
[0.320s] Level 1:colcon.colcon_core.package_identification:_identify(backup_packages/camera_ws) by extensions ['python_setup_py']
[0.320s] Level 1:colcon.colcon_core.package_identification:_identify(backup_packages/camera_ws) by extension 'python_setup_py'
[0.320s] Level 1:colcon.colcon_core.package_identification:_identify(backup_packages/camera_ws/build) by extensions ['ignore', 'ignore_ament_install']
[0.320s] Level 1:colcon.colcon_core.package_identification:_identify(backup_packages/camera_ws/build) by extension 'ignore'
[0.320s] Level 1:colcon.colcon_core.package_identification:_identify(backup_packages/camera_ws/build) ignored
[0.320s] Level 1:colcon.colcon_core.package_identification:_identify(backup_packages/camera_ws/install) by extensions ['ignore', 'ignore_ament_install']
[0.320s] Level 1:colcon.colcon_core.package_identification:_identify(backup_packages/camera_ws/install) by extension 'ignore'
[0.320s] Level 1:colcon.colcon_core.package_identification:_identify(backup_packages/camera_ws/install) ignored
[0.320s] Level 1:colcon.colcon_core.package_identification:_identify(backup_packages/camera_ws/log) by extensions ['ignore', 'ignore_ament_install']
[0.320s] Level 1:colcon.colcon_core.package_identification:_identify(backup_packages/camera_ws/log) by extension 'ignore'
[0.321s] Level 1:colcon.colcon_core.package_identification:_identify(backup_packages/camera_ws/log) ignored
[0.321s] Level 1:colcon.colcon_core.package_identification:_identify(backup_packages/camera_ws/src) by extensions ['ignore', 'ignore_ament_install']
[0.321s] Level 1:colcon.colcon_core.package_identification:_identify(backup_packages/camera_ws/src) by extension 'ignore'
[0.321s] Level 1:colcon.colcon_core.package_identification:_identify(backup_packages/camera_ws/src) by extension 'ignore_ament_install'
[0.321s] Level 1:colcon.colcon_core.package_identification:_identify(backup_packages/camera_ws/src) by extensions ['colcon_pkg']
[0.321s] Level 1:colcon.colcon_core.package_identification:_identify(backup_packages/camera_ws/src) by extension 'colcon_pkg'
[0.321s] Level 1:colcon.colcon_core.package_identification:_identify(backup_packages/camera_ws/src) by extensions ['colcon_meta']
[0.321s] Level 1:colcon.colcon_core.package_identification:_identify(backup_packages/camera_ws/src) by extension 'colcon_meta'
[0.321s] Level 1:colcon.colcon_core.package_identification:_identify(backup_packages/camera_ws/src) by extensions ['ros']
[0.321s] Level 1:colcon.colcon_core.package_identification:_identify(backup_packages/camera_ws/src) by extension 'ros'
[0.321s] Level 1:colcon.colcon_core.package_identification:_identify(backup_packages/camera_ws/src) by extensions ['cmake', 'python']
[0.321s] Level 1:colcon.colcon_core.package_identification:_identify(backup_packages/camera_ws/src) by extension 'cmake'
[0.321s] Level 1:colcon.colcon_core.package_identification:_identify(backup_packages/camera_ws/src) by extension 'python'
[0.321s] Level 1:colcon.colcon_core.package_identification:_identify(backup_packages/camera_ws/src) by extensions ['python_setup_py']
[0.321s] Level 1:colcon.colcon_core.package_identification:_identify(backup_packages/camera_ws/src) by extension 'python_setup_py'
[0.321s] Level 1:colcon.colcon_core.package_identification:_identify(backup_packages/camera_ws/src/camera_ros) by extensions ['ignore', 'ignore_ament_install']
[0.321s] Level 1:colcon.colcon_core.package_identification:_identify(backup_packages/camera_ws/src/camera_ros) by extension 'ignore'
[0.321s] Level 1:colcon.colcon_core.package_identification:_identify(backup_packages/camera_ws/src/camera_ros) by extension 'ignore_ament_install'
[0.321s] Level 1:colcon.colcon_core.package_identification:_identify(backup_packages/camera_ws/src/camera_ros) by extensions ['colcon_pkg']
[0.321s] Level 1:colcon.colcon_core.package_identification:_identify(backup_packages/camera_ws/src/camera_ros) by extension 'colcon_pkg'
[0.321s] Level 1:colcon.colcon_core.package_identification:_identify(backup_packages/camera_ws/src/camera_ros) by extensions ['colcon_meta']
[0.321s] Level 1:colcon.colcon_core.package_identification:_identify(backup_packages/camera_ws/src/camera_ros) by extension 'colcon_meta'
[0.321s] Level 1:colcon.colcon_core.package_identification:_identify(backup_packages/camera_ws/src/camera_ros) by extensions ['ros']
[0.321s] Level 1:colcon.colcon_core.package_identification:_identify(backup_packages/camera_ws/src/camera_ros) by extension 'ros'
[0.321s] Level 1:colcon.colcon_core.package_identification:_identify(backup_packages/camera_ws/src/camera_ros) by extensions ['cmake', 'python']
[0.321s] Level 1:colcon.colcon_core.package_identification:_identify(backup_packages/camera_ws/src/camera_ros) by extension 'cmake'
[0.321s] Level 1:colcon.colcon_core.package_identification:_identify(backup_packages/camera_ws/src/camera_ros) by extension 'python'
[0.322s] Level 1:colcon.colcon_core.package_identification:_identify(backup_packages/camera_ws/src/camera_ros) by extensions ['python_setup_py']
[0.322s] Level 1:colcon.colcon_core.package_identification:_identify(backup_packages/camera_ws/src/camera_ros) by extension 'python_setup_py'
[0.322s] Level 1:colcon.colcon_core.package_identification:_identify(backup_packages/camera_ws/src/libcamera) by extensions ['ignore', 'ignore_ament_install']
[0.322s] Level 1:colcon.colcon_core.package_identification:_identify(backup_packages/camera_ws/src/libcamera) by extension 'ignore'
[0.322s] Level 1:colcon.colcon_core.package_identification:_identify(backup_packages/camera_ws/src/libcamera) by extension 'ignore_ament_install'
[0.322s] Level 1:colcon.colcon_core.package_identification:_identify(backup_packages/camera_ws/src/libcamera) by extensions ['colcon_pkg']
[0.322s] Level 1:colcon.colcon_core.package_identification:_identify(backup_packages/camera_ws/src/libcamera) by extension 'colcon_pkg'
[0.322s] Level 1:colcon.colcon_core.package_identification:_identify(backup_packages/camera_ws/src/libcamera) by extensions ['colcon_meta']
[0.322s] Level 1:colcon.colcon_core.package_identification:_identify(backup_packages/camera_ws/src/libcamera) by extension 'colcon_meta'
[0.322s] Level 1:colcon.colcon_core.package_identification:_identify(backup_packages/camera_ws/src/libcamera) by extensions ['ros']
[0.322s] Level 1:colcon.colcon_core.package_identification:_identify(backup_packages/camera_ws/src/libcamera) by extension 'ros'
[0.322s] Level 1:colcon.colcon_core.package_identification:_identify(backup_packages/camera_ws/src/libcamera) by extensions ['cmake', 'python']
[0.322s] Level 1:colcon.colcon_core.package_identification:_identify(backup_packages/camera_ws/src/libcamera) by extension 'cmake'
[0.322s] Level 1:colcon.colcon_core.package_identification:_identify(backup_packages/camera_ws/src/libcamera) by extension 'python'
[0.322s] Level 1:colcon.colcon_core.package_identification:_identify(backup_packages/camera_ws/src/libcamera) by extensions ['python_setup_py']
[0.322s] Level 1:colcon.colcon_core.package_identification:_identify(backup_packages/camera_ws/src/libcamera) by extension 'python_setup_py'
[0.322s] Level 1:colcon.colcon_core.package_identification:_identify(backup_packages/camera_ws/src/nv21_converter_pkg) by extensions ['ignore', 'ignore_ament_install']
[0.322s] Level 1:colcon.colcon_core.package_identification:_identify(backup_packages/camera_ws/src/nv21_converter_pkg) by extension 'ignore'
[0.322s] Level 1:colcon.colcon_core.package_identification:_identify(backup_packages/camera_ws/src/nv21_converter_pkg) by extension 'ignore_ament_install'
[0.322s] Level 1:colcon.colcon_core.package_identification:_identify(backup_packages/camera_ws/src/nv21_converter_pkg) by extensions ['colcon_pkg']
[0.322s] Level 1:colcon.colcon_core.package_identification:_identify(backup_packages/camera_ws/src/nv21_converter_pkg) by extension 'colcon_pkg'
[0.322s] Level 1:colcon.colcon_core.package_identification:_identify(backup_packages/camera_ws/src/nv21_converter_pkg) by extensions ['colcon_meta']
[0.322s] Level 1:colcon.colcon_core.package_identification:_identify(backup_packages/camera_ws/src/nv21_converter_pkg) by extension 'colcon_meta'
[0.322s] Level 1:colcon.colcon_core.package_identification:_identify(backup_packages/camera_ws/src/nv21_converter_pkg) by extensions ['ros']
[0.322s] Level 1:colcon.colcon_core.package_identification:_identify(backup_packages/camera_ws/src/nv21_converter_pkg) by extension 'ros'
[0.323s] DEBUG:colcon.colcon_core.package_identification:Package 'backup_packages/camera_ws/src/nv21_converter_pkg' with type 'ros.ament_python' and name 'nv21_converter_pkg'
[0.323s] Level 1:colcon.colcon_core.package_identification:_identify(backup_packages/robot_sensors) by extensions ['ignore', 'ignore_ament_install']
[0.323s] Level 1:colcon.colcon_core.package_identification:_identify(backup_packages/robot_sensors) by extension 'ignore'
[0.323s] Level 1:colcon.colcon_core.package_identification:_identify(backup_packages/robot_sensors) by extension 'ignore_ament_install'
[0.323s] Level 1:colcon.colcon_core.package_identification:_identify(backup_packages/robot_sensors) by extensions ['colcon_pkg']
[0.323s] Level 1:colcon.colcon_core.package_identification:_identify(backup_packages/robot_sensors) by extension 'colcon_pkg'
[0.323s] Level 1:colcon.colcon_core.package_identification:_identify(backup_packages/robot_sensors) by extensions ['colcon_meta']
[0.323s] Level 1:colcon.colcon_core.package_identification:_identify(backup_packages/robot_sensors) by extension 'colcon_meta'
[0.323s] Level 1:colcon.colcon_core.package_identification:_identify(backup_packages/robot_sensors) by extensions ['ros']
[0.323s] Level 1:colcon.colcon_core.package_identification:_identify(backup_packages/robot_sensors) by extension 'ros'
[0.324s] DEBUG:colcon.colcon_core.package_identification:Package 'backup_packages/robot_sensors' with type 'ros.ament_python' and name 'robot_sensors'
[0.325s] Level 1:colcon.colcon_core.package_identification:_identify(backup_packages/ros2arduino_bridge) by extensions ['ignore', 'ignore_ament_install']
[0.325s] Level 1:colcon.colcon_core.package_identification:_identify(backup_packages/ros2arduino_bridge) by extension 'ignore'
[0.325s] Level 1:colcon.colcon_core.package_identification:_identify(backup_packages/ros2arduino_bridge) by extension 'ignore_ament_install'
[0.325s] Level 1:colcon.colcon_core.package_identification:_identify(backup_packages/ros2arduino_bridge) by extensions ['colcon_pkg']
[0.325s] Level 1:colcon.colcon_core.package_identification:_identify(backup_packages/ros2arduino_bridge) by extension 'colcon_pkg'
[0.325s] Level 1:colcon.colcon_core.package_identification:_identify(backup_packages/ros2arduino_bridge) by extensions ['colcon_meta']
[0.325s] Level 1:colcon.colcon_core.package_identification:_identify(backup_packages/ros2arduino_bridge) by extension 'colcon_meta'
[0.325s] Level 1:colcon.colcon_core.package_identification:_identify(backup_packages/ros2arduino_bridge) by extensions ['ros']
[0.325s] Level 1:colcon.colcon_core.package_identification:_identify(backup_packages/ros2arduino_bridge) by extension 'ros'
[0.325s] DEBUG:colcon.colcon_core.package_identification:Package 'backup_packages/ros2arduino_bridge' with type 'ros.ament_python' and name 'ros2arduino_bridge'
[0.326s] Level 1:colcon.colcon_core.package_identification:_identify(backup_packages/vision_system) by extensions ['ignore', 'ignore_ament_install']
[0.326s] Level 1:colcon.colcon_core.package_identification:_identify(backup_packages/vision_system) by extension 'ignore'
[0.326s] Level 1:colcon.colcon_core.package_identification:_identify(backup_packages/vision_system) by extension 'ignore_ament_install'
[0.326s] Level 1:colcon.colcon_core.package_identification:_identify(backup_packages/vision_system) by extensions ['colcon_pkg']
[0.326s] Level 1:colcon.colcon_core.package_identification:_identify(backup_packages/vision_system) by extension 'colcon_pkg'
[0.326s] Level 1:colcon.colcon_core.package_identification:_identify(backup_packages/vision_system) by extensions ['colcon_meta']
[0.326s] Level 1:colcon.colcon_core.package_identification:_identify(backup_packages/vision_system) by extension 'colcon_meta'
[0.326s] Level 1:colcon.colcon_core.package_identification:_identify(backup_packages/vision_system) by extensions ['ros']
[0.326s] Level 1:colcon.colcon_core.package_identification:_identify(backup_packages/vision_system) by extension 'ros'
[0.327s] DEBUG:colcon.colcon_core.package_identification:Package 'backup_packages/vision_system' with type 'ros.ament_python' and name 'vision_system'
[0.327s] Level 1:colcon.colcon_core.package_identification:_identify(backup_redundant_launch_files) by extensions ['ignore', 'ignore_ament_install']
[0.327s] Level 1:colcon.colcon_core.package_identification:_identify(backup_redundant_launch_files) by extension 'ignore'
[0.327s] Level 1:colcon.colcon_core.package_identification:_identify(backup_redundant_launch_files) by extension 'ignore_ament_install'
[0.327s] Level 1:colcon.colcon_core.package_identification:_identify(backup_redundant_launch_files) by extensions ['colcon_pkg']
[0.327s] Level 1:colcon.colcon_core.package_identification:_identify(backup_redundant_launch_files) by extension 'colcon_pkg'
[0.327s] Level 1:colcon.colcon_core.package_identification:_identify(backup_redundant_launch_files) by extensions ['colcon_meta']
[0.327s] Level 1:colcon.colcon_core.package_identification:_identify(backup_redundant_launch_files) by extension 'colcon_meta'
[0.327s] Level 1:colcon.colcon_core.package_identification:_identify(backup_redundant_launch_files) by extensions ['ros']
[0.327s] Level 1:colcon.colcon_core.package_identification:_identify(backup_redundant_launch_files) by extension 'ros'
[0.327s] Level 1:colcon.colcon_core.package_identification:_identify(backup_redundant_launch_files) by extensions ['cmake', 'python']
[0.327s] Level 1:colcon.colcon_core.package_identification:_identify(backup_redundant_launch_files) by extension 'cmake'
[0.327s] Level 1:colcon.colcon_core.package_identification:_identify(backup_redundant_launch_files) by extension 'python'
[0.327s] Level 1:colcon.colcon_core.package_identification:_identify(backup_redundant_launch_files) by extensions ['python_setup_py']
[0.327s] Level 1:colcon.colcon_core.package_identification:_identify(backup_redundant_launch_files) by extension 'python_setup_py'
[0.327s] Level 1:colcon.colcon_core.package_identification:_identify(build) by extensions ['ignore', 'ignore_ament_install']
[0.327s] Level 1:colcon.colcon_core.package_identification:_identify(build) by extension 'ignore'
[0.327s] Level 1:colcon.colcon_core.package_identification:_identify(build) ignored
[0.327s] Level 1:colcon.colcon_core.package_identification:_identify(firmware) by extensions ['ignore', 'ignore_ament_install']
[0.327s] Level 1:colcon.colcon_core.package_identification:_identify(firmware) by extension 'ignore'
[0.327s] Level 1:colcon.colcon_core.package_identification:_identify(firmware) by extension 'ignore_ament_install'
[0.328s] Level 1:colcon.colcon_core.package_identification:_identify(firmware) by extensions ['colcon_pkg']
[0.328s] Level 1:colcon.colcon_core.package_identification:_identify(firmware) by extension 'colcon_pkg'
[0.328s] Level 1:colcon.colcon_core.package_identification:_identify(firmware) by extensions ['colcon_meta']
[0.328s] Level 1:colcon.colcon_core.package_identification:_identify(firmware) by extension 'colcon_meta'
[0.328s] Level 1:colcon.colcon_core.package_identification:_identify(firmware) by extensions ['ros']
[0.328s] Level 1:colcon.colcon_core.package_identification:_identify(firmware) by extension 'ros'
[0.328s] Level 1:colcon.colcon_core.package_identification:_identify(firmware) by extensions ['cmake', 'python']
[0.328s] Level 1:colcon.colcon_core.package_identification:_identify(firmware) by extension 'cmake'
[0.328s] Level 1:colcon.colcon_core.package_identification:_identify(firmware) by extension 'python'
[0.328s] Level 1:colcon.colcon_core.package_identification:_identify(firmware) by extensions ['python_setup_py']
[0.328s] Level 1:colcon.colcon_core.package_identification:_identify(firmware) by extension 'python_setup_py'
[0.328s] Level 1:colcon.colcon_core.package_identification:_identify(firmware/arduino) by extensions ['ignore', 'ignore_ament_install']
[0.328s] Level 1:colcon.colcon_core.package_identification:_identify(firmware/arduino) by extension 'ignore'
[0.328s] Level 1:colcon.colcon_core.package_identification:_identify(firmware/arduino) by extension 'ignore_ament_install'
[0.328s] Level 1:colcon.colcon_core.package_identification:_identify(firmware/arduino) by extensions ['colcon_pkg']
[0.328s] Level 1:colcon.colcon_core.package_identification:_identify(firmware/arduino) by extension 'colcon_pkg'
[0.328s] Level 1:colcon.colcon_core.package_identification:_identify(firmware/arduino) by extensions ['colcon_meta']
[0.328s] Level 1:colcon.colcon_core.package_identification:_identify(firmware/arduino) by extension 'colcon_meta'
[0.328s] Level 1:colcon.colcon_core.package_identification:_identify(firmware/arduino) by extensions ['ros']
[0.328s] Level 1:colcon.colcon_core.package_identification:_identify(firmware/arduino) by extension 'ros'
[0.328s] Level 1:colcon.colcon_core.package_identification:_identify(firmware/arduino) by extensions ['cmake', 'python']
[0.328s] Level 1:colcon.colcon_core.package_identification:_identify(firmware/arduino) by extension 'cmake'
[0.328s] Level 1:colcon.colcon_core.package_identification:_identify(firmware/arduino) by extension 'python'
[0.328s] Level 1:colcon.colcon_core.package_identification:_identify(firmware/arduino) by extensions ['python_setup_py']
[0.328s] Level 1:colcon.colcon_core.package_identification:_identify(firmware/arduino) by extension 'python_setup_py'
[0.328s] Level 1:colcon.colcon_core.package_identification:_identify(firmware/arduino/ros2_motor_controller) by extensions ['ignore', 'ignore_ament_install']
[0.328s] Level 1:colcon.colcon_core.package_identification:_identify(firmware/arduino/ros2_motor_controller) by extension 'ignore'
[0.329s] Level 1:colcon.colcon_core.package_identification:_identify(firmware/arduino/ros2_motor_controller) by extension 'ignore_ament_install'
[0.329s] Level 1:colcon.colcon_core.package_identification:_identify(firmware/arduino/ros2_motor_controller) by extensions ['colcon_pkg']
[0.329s] Level 1:colcon.colcon_core.package_identification:_identify(firmware/arduino/ros2_motor_controller) by extension 'colcon_pkg'
[0.329s] Level 1:colcon.colcon_core.package_identification:_identify(firmware/arduino/ros2_motor_controller) by extensions ['colcon_meta']
[0.329s] Level 1:colcon.colcon_core.package_identification:_identify(firmware/arduino/ros2_motor_controller) by extension 'colcon_meta'
[0.329s] Level 1:colcon.colcon_core.package_identification:_identify(firmware/arduino/ros2_motor_controller) by extensions ['ros']
[0.329s] Level 1:colcon.colcon_core.package_identification:_identify(firmware/arduino/ros2_motor_controller) by extension 'ros'
[0.329s] Level 1:colcon.colcon_core.package_identification:_identify(firmware/arduino/ros2_motor_controller) by extensions ['cmake', 'python']
[0.329s] Level 1:colcon.colcon_core.package_identification:_identify(firmware/arduino/ros2_motor_controller) by extension 'cmake'
[0.329s] Level 1:colcon.colcon_core.package_identification:_identify(firmware/arduino/ros2_motor_controller) by extension 'python'
[0.329s] Level 1:colcon.colcon_core.package_identification:_identify(firmware/arduino/ros2_motor_controller) by extensions ['python_setup_py']
[0.329s] Level 1:colcon.colcon_core.package_identification:_identify(firmware/arduino/ros2_motor_controller) by extension 'python_setup_py'
[0.329s] Level 1:colcon.colcon_core.package_identification:_identify(install) by extensions ['ignore', 'ignore_ament_install']
[0.329s] Level 1:colcon.colcon_core.package_identification:_identify(install) by extension 'ignore'
[0.329s] Level 1:colcon.colcon_core.package_identification:_identify(install) ignored
[0.329s] Level 1:colcon.colcon_core.package_identification:_identify(log) by extensions ['ignore', 'ignore_ament_install']
[0.329s] Level 1:colcon.colcon_core.package_identification:_identify(log) by extension 'ignore'
[0.329s] Level 1:colcon.colcon_core.package_identification:_identify(log) ignored
[0.329s] Level 1:colcon.colcon_core.package_identification:_identify(scripts) by extensions ['ignore', 'ignore_ament_install']
[0.329s] Level 1:colcon.colcon_core.package_identification:_identify(scripts) by extension 'ignore'
[0.329s] Level 1:colcon.colcon_core.package_identification:_identify(scripts) by extension 'ignore_ament_install'
[0.329s] Level 1:colcon.colcon_core.package_identification:_identify(scripts) by extensions ['colcon_pkg']
[0.329s] Level 1:colcon.colcon_core.package_identification:_identify(scripts) by extension 'colcon_pkg'
[0.330s] Level 1:colcon.colcon_core.package_identification:_identify(scripts) by extensions ['colcon_meta']
[0.330s] Level 1:colcon.colcon_core.package_identification:_identify(scripts) by extension 'colcon_meta'
[0.330s] Level 1:colcon.colcon_core.package_identification:_identify(scripts) by extensions ['ros']
[0.330s] Level 1:colcon.colcon_core.package_identification:_identify(scripts) by extension 'ros'
[0.330s] Level 1:colcon.colcon_core.package_identification:_identify(scripts) by extensions ['cmake', 'python']
[0.330s] Level 1:colcon.colcon_core.package_identification:_identify(scripts) by extension 'cmake'
[0.330s] Level 1:colcon.colcon_core.package_identification:_identify(scripts) by extension 'python'
[0.330s] Level 1:colcon.colcon_core.package_identification:_identify(scripts) by extensions ['python_setup_py']
[0.330s] Level 1:colcon.colcon_core.package_identification:_identify(scripts) by extension 'python_setup_py'
[0.330s] Level 1:colcon.colcon_core.package_identification:_identify(src) by extensions ['ignore', 'ignore_ament_install']
[0.330s] Level 1:colcon.colcon_core.package_identification:_identify(src) by extension 'ignore'
[0.330s] Level 1:colcon.colcon_core.package_identification:_identify(src) by extension 'ignore_ament_install'
[0.330s] Level 1:colcon.colcon_core.package_identification:_identify(src) by extensions ['colcon_pkg']
[0.330s] Level 1:colcon.colcon_core.package_identification:_identify(src) by extension 'colcon_pkg'
[0.330s] Level 1:colcon.colcon_core.package_identification:_identify(src) by extensions ['colcon_meta']
[0.330s] Level 1:colcon.colcon_core.package_identification:_identify(src) by extension 'colcon_meta'
[0.330s] Level 1:colcon.colcon_core.package_identification:_identify(src) by extensions ['ros']
[0.330s] Level 1:colcon.colcon_core.package_identification:_identify(src) by extension 'ros'
[0.330s] Level 1:colcon.colcon_core.package_identification:_identify(src) by extensions ['cmake', 'python']
[0.330s] Level 1:colcon.colcon_core.package_identification:_identify(src) by extension 'cmake'
[0.330s] Level 1:colcon.colcon_core.package_identification:_identify(src) by extension 'python'
[0.330s] Level 1:colcon.colcon_core.package_identification:_identify(src) by extensions ['python_setup_py']
[0.330s] Level 1:colcon.colcon_core.package_identification:_identify(src) by extension 'python_setup_py'
[0.330s] Level 1:colcon.colcon_core.package_identification:_identify(src/robot_bringup) by extensions ['ignore', 'ignore_ament_install']
[0.330s] Level 1:colcon.colcon_core.package_identification:_identify(src/robot_bringup) by extension 'ignore'
[0.330s] Level 1:colcon.colcon_core.package_identification:_identify(src/robot_bringup) by extension 'ignore_ament_install'
[0.330s] Level 1:colcon.colcon_core.package_identification:_identify(src/robot_bringup) by extensions ['colcon_pkg']
[0.330s] Level 1:colcon.colcon_core.package_identification:_identify(src/robot_bringup) by extension 'colcon_pkg'
[0.330s] Level 1:colcon.colcon_core.package_identification:_identify(src/robot_bringup) by extensions ['colcon_meta']
[0.331s] Level 1:colcon.colcon_core.package_identification:_identify(src/robot_bringup) by extension 'colcon_meta'
[0.331s] Level 1:colcon.colcon_core.package_identification:_identify(src/robot_bringup) by extensions ['ros']
[0.331s] Level 1:colcon.colcon_core.package_identification:_identify(src/robot_bringup) by extension 'ros'
[0.331s] DEBUG:colcon.colcon_core.package_identification:Package 'src/robot_bringup' with type 'ros.ament_cmake' and name 'robot_bringup'
[0.331s] Level 1:colcon.colcon_core.package_identification:_identify(src/robot_control) by extensions ['ignore', 'ignore_ament_install']
[0.331s] Level 1:colcon.colcon_core.package_identification:_identify(src/robot_control) by extension 'ignore'
[0.331s] Level 1:colcon.colcon_core.package_identification:_identify(src/robot_control) by extension 'ignore_ament_install'
[0.331s] Level 1:colcon.colcon_core.package_identification:_identify(src/robot_control) by extensions ['colcon_pkg']
[0.331s] Level 1:colcon.colcon_core.package_identification:_identify(src/robot_control) by extension 'colcon_pkg'
[0.331s] Level 1:colcon.colcon_core.package_identification:_identify(src/robot_control) by extensions ['colcon_meta']
[0.331s] Level 1:colcon.colcon_core.package_identification:_identify(src/robot_control) by extension 'colcon_meta'
[0.331s] Level 1:colcon.colcon_core.package_identification:_identify(src/robot_control) by extensions ['ros']
[0.331s] Level 1:colcon.colcon_core.package_identification:_identify(src/robot_control) by extension 'ros'
[0.333s] DEBUG:colcon.colcon_core.package_identification:Package 'src/robot_control' with type 'ros.ament_cmake' and name 'robot_control'
[0.333s] Level 1:colcon.colcon_core.package_identification:_identify(src/robot_description) by extensions ['ignore', 'ignore_ament_install']
[0.333s] Level 1:colcon.colcon_core.package_identification:_identify(src/robot_description) by extension 'ignore'
[0.333s] Level 1:colcon.colcon_core.package_identification:_identify(src/robot_description) by extension 'ignore_ament_install'
[0.333s] Level 1:colcon.colcon_core.package_identification:_identify(src/robot_description) by extensions ['colcon_pkg']
[0.333s] Level 1:colcon.colcon_core.package_identification:_identify(src/robot_description) by extension 'colcon_pkg'
[0.333s] Level 1:colcon.colcon_core.package_identification:_identify(src/robot_description) by extensions ['colcon_meta']
[0.333s] Level 1:colcon.colcon_core.package_identification:_identify(src/robot_description) by extension 'colcon_meta'
[0.333s] Level 1:colcon.colcon_core.package_identification:_identify(src/robot_description) by extensions ['ros']
[0.333s] Level 1:colcon.colcon_core.package_identification:_identify(src/robot_description) by extension 'ros'
[0.334s] DEBUG:colcon.colcon_core.package_identification:Package 'src/robot_description' with type 'ros.ament_cmake' and name 'robot_description'
[0.334s] Level 1:colcon.colcon_core.package_identification:_identify(src/robot_gazebo) by extensions ['ignore', 'ignore_ament_install']
[0.334s] Level 1:colcon.colcon_core.package_identification:_identify(src/robot_gazebo) by extension 'ignore'
[0.334s] Level 1:colcon.colcon_core.package_identification:_identify(src/robot_gazebo) by extension 'ignore_ament_install'
[0.334s] Level 1:colcon.colcon_core.package_identification:_identify(src/robot_gazebo) by extensions ['colcon_pkg']
[0.334s] Level 1:colcon.colcon_core.package_identification:_identify(src/robot_gazebo) by extension 'colcon_pkg'
[0.334s] Level 1:colcon.colcon_core.package_identification:_identify(src/robot_gazebo) by extensions ['colcon_meta']
[0.334s] Level 1:colcon.colcon_core.package_identification:_identify(src/robot_gazebo) by extension 'colcon_meta'
[0.334s] Level 1:colcon.colcon_core.package_identification:_identify(src/robot_gazebo) by extensions ['ros']
[0.334s] Level 1:colcon.colcon_core.package_identification:_identify(src/robot_gazebo) by extension 'ros'
[0.336s] DEBUG:colcon.colcon_core.package_identification:Package 'src/robot_gazebo' with type 'ros.ament_cmake' and name 'robot_gazebo'
[0.336s] Level 1:colcon.colcon_core.package_identification:_identify(src/robot_hardware) by extensions ['ignore', 'ignore_ament_install']
[0.336s] Level 1:colcon.colcon_core.package_identification:_identify(src/robot_hardware) by extension 'ignore'
[0.336s] Level 1:colcon.colcon_core.package_identification:_identify(src/robot_hardware) by extension 'ignore_ament_install'
[0.336s] Level 1:colcon.colcon_core.package_identification:_identify(src/robot_hardware) by extensions ['colcon_pkg']
[0.336s] Level 1:colcon.colcon_core.package_identification:_identify(src/robot_hardware) by extension 'colcon_pkg'
[0.336s] Level 1:colcon.colcon_core.package_identification:_identify(src/robot_hardware) by extensions ['colcon_meta']
[0.336s] Level 1:colcon.colcon_core.package_identification:_identify(src/robot_hardware) by extension 'colcon_meta'
[0.336s] Level 1:colcon.colcon_core.package_identification:_identify(src/robot_hardware) by extensions ['ros']
[0.337s] Level 1:colcon.colcon_core.package_identification:_identify(src/robot_hardware) by extension 'ros'
[0.337s] DEBUG:colcon.colcon_core.package_identification:Package 'src/robot_hardware' with type 'ros.ament_python' and name 'robot_hardware'
[0.337s] Level 1:colcon.colcon_core.package_identification:_identify(src/robot_interfaces) by extensions ['ignore', 'ignore_ament_install']
[0.337s] Level 1:colcon.colcon_core.package_identification:_identify(src/robot_interfaces) by extension 'ignore'
[0.337s] Level 1:colcon.colcon_core.package_identification:_identify(src/robot_interfaces) by extension 'ignore_ament_install'
[0.337s] Level 1:colcon.colcon_core.package_identification:_identify(src/robot_interfaces) by extensions ['colcon_pkg']
[0.338s] Level 1:colcon.colcon_core.package_identification:_identify(src/robot_interfaces) by extension 'colcon_pkg'
[0.338s] Level 1:colcon.colcon_core.package_identification:_identify(src/robot_interfaces) by extensions ['colcon_meta']
[0.338s] Level 1:colcon.colcon_core.package_identification:_identify(src/robot_interfaces) by extension 'colcon_meta'
[0.338s] Level 1:colcon.colcon_core.package_identification:_identify(src/robot_interfaces) by extensions ['ros']
[0.338s] Level 1:colcon.colcon_core.package_identification:_identify(src/robot_interfaces) by extension 'ros'
[0.338s] DEBUG:colcon.colcon_core.package_identification:Package 'src/robot_interfaces' with type 'ros.ament_cmake' and name 'robot_interfaces'
[0.338s] Level 1:colcon.colcon_core.package_identification:_identify(src/robot_launch) by extensions ['ignore', 'ignore_ament_install']
[0.338s] Level 1:colcon.colcon_core.package_identification:_identify(src/robot_launch) by extension 'ignore'
[0.338s] Level 1:colcon.colcon_core.package_identification:_identify(src/robot_launch) by extension 'ignore_ament_install'
[0.338s] Level 1:colcon.colcon_core.package_identification:_identify(src/robot_launch) by extensions ['colcon_pkg']
[0.338s] Level 1:colcon.colcon_core.package_identification:_identify(src/robot_launch) by extension 'colcon_pkg'
[0.338s] Level 1:colcon.colcon_core.package_identification:_identify(src/robot_launch) by extensions ['colcon_meta']
[0.338s] Level 1:colcon.colcon_core.package_identification:_identify(src/robot_launch) by extension 'colcon_meta'
[0.338s] Level 1:colcon.colcon_core.package_identification:_identify(src/robot_launch) by extensions ['ros']
[0.338s] Level 1:colcon.colcon_core.package_identification:_identify(src/robot_launch) by extension 'ros'
[0.339s] DEBUG:colcon.colcon_core.package_identification:Package 'src/robot_launch' with type 'ros.ament_python' and name 'robot_launch'
[0.339s] Level 1:colcon.colcon_core.package_identification:_identify(src/robot_navigation) by extensions ['ignore', 'ignore_ament_install']
[0.339s] Level 1:colcon.colcon_core.package_identification:_identify(src/robot_navigation) by extension 'ignore'
[0.339s] Level 1:colcon.colcon_core.package_identification:_identify(src/robot_navigation) by extension 'ignore_ament_install'
[0.339s] Level 1:colcon.colcon_core.package_identification:_identify(src/robot_navigation) by extensions ['colcon_pkg']
[0.339s] Level 1:colcon.colcon_core.package_identification:_identify(src/robot_navigation) by extension 'colcon_pkg'
[0.339s] Level 1:colcon.colcon_core.package_identification:_identify(src/robot_navigation) by extensions ['colcon_meta']
[0.339s] Level 1:colcon.colcon_core.package_identification:_identify(src/robot_navigation) by extension 'colcon_meta'
[0.339s] Level 1:colcon.colcon_core.package_identification:_identify(src/robot_navigation) by extensions ['ros']
[0.339s] Level 1:colcon.colcon_core.package_identification:_identify(src/robot_navigation) by extension 'ros'
[0.342s] DEBUG:colcon.colcon_core.package_identification:Package 'src/robot_navigation' with type 'ros.ament_cmake' and name 'robot_navigation'
[0.342s] Level 1:colcon.colcon_core.package_identification:_identify(src/robot_perception) by extensions ['ignore', 'ignore_ament_install']
[0.342s] Level 1:colcon.colcon_core.package_identification:_identify(src/robot_perception) by extension 'ignore'
[0.343s] Level 1:colcon.colcon_core.package_identification:_identify(src/robot_perception) by extension 'ignore_ament_install'
[0.343s] Level 1:colcon.colcon_core.package_identification:_identify(src/robot_perception) by extensions ['colcon_pkg']
[0.343s] Level 1:colcon.colcon_core.package_identification:_identify(src/robot_perception) by extension 'colcon_pkg'
[0.343s] Level 1:colcon.colcon_core.package_identification:_identify(src/robot_perception) by extensions ['colcon_meta']
[0.343s] Level 1:colcon.colcon_core.package_identification:_identify(src/robot_perception) by extension 'colcon_meta'
[0.343s] Level 1:colcon.colcon_core.package_identification:_identify(src/robot_perception) by extensions ['ros']
[0.343s] Level 1:colcon.colcon_core.package_identification:_identify(src/robot_perception) by extension 'ros'
[0.346s] WARNING:colcon.colcon_core.package_identification:ROS package 'robot_perception' in 'src/robot_perception' has more than one build type
[0.346s] Level 1:colcon.colcon_core.package_identification:_identify(src/robot_perception) by extensions ['cmake', 'python']
[0.346s] Level 1:colcon.colcon_core.package_identification:_identify(src/robot_perception) by extension 'cmake'
[0.347s] Level 1:colcon.colcon_core.package_identification:_identify(src/robot_perception) by extension 'python'
[0.347s] DEBUG:colcon.colcon_core.package_identification:Python package in 'src/robot_perception' passes arguments to the setup() function which requires a different identification extension than 'python'
[0.347s] DEBUG:colcon.colcon_core.package_identification:Package 'src/robot_perception' with type 'cmake' and name 'robot_perception'
[0.347s] Level 1:colcon.colcon_core.package_discovery:discover_packages(recursive) using defaults
[0.347s] Level 1:colcon.colcon_core.package_discovery:discover_packages(ignore) discover
[0.347s] Level 1:colcon.colcon_core.package_discovery:discover_packages(ignore) using defaults
[0.347s] Level 1:colcon.colcon_core.package_discovery:discover_packages(path) discover
[0.348s] Level 1:colcon.colcon_core.package_discovery:discover_packages(path) using defaults
[0.368s] Level 5:colcon.colcon_core.verb:set package 'arduino_bridge' build argument 'cmake_args' from command line to '['-DCMAKE_BUILD_TYPE=Release', '-DBUILD_TESTING=OFF']'
[0.368s] Level 5:colcon.colcon_core.verb:set package 'arduino_bridge' build argument 'cmake_target' from command line to 'None'
[0.369s] Level 5:colcon.colcon_core.verb:set package 'arduino_bridge' build argument 'cmake_target_skip_unavailable' from command line to 'False'
[0.369s] Level 5:colcon.colcon_core.verb:set package 'arduino_bridge' build argument 'cmake_clean_cache' from command line to 'False'
[0.369s] Level 5:colcon.colcon_core.verb:set package 'arduino_bridge' build argument 'cmake_clean_first' from command line to 'False'
[0.369s] Level 5:colcon.colcon_core.verb:set package 'arduino_bridge' build argument 'cmake_force_configure' from command line to 'False'
[0.369s] Level 5:colcon.colcon_core.verb:set package 'arduino_bridge' build argument 'ament_cmake_args' from command line to 'None'
[0.369s] Level 5:colcon.colcon_core.verb:set package 'arduino_bridge' build argument 'catkin_cmake_args' from command line to 'None'
[0.369s] Level 5:colcon.colcon_core.verb:set package 'arduino_bridge' build argument 'catkin_skip_building_tests' from command line to 'False'
[0.369s] DEBUG:colcon.colcon_core.verb:Building package 'arduino_bridge' with the following arguments: {'ament_cmake_args': None, 'build_base': '/root/Dojo/Dojo/build/arduino_bridge', 'catkin_cmake_args': None, 'catkin_skip_building_tests': False, 'cmake_args': ['-DCMAKE_BUILD_TYPE=Release', '-DBUILD_TESTING=OFF'], 'cmake_clean_cache': False, 'cmake_clean_first': False, 'cmake_force_configure': False, 'cmake_target': None, 'cmake_target_skip_unavailable': False, 'install_base': '/root/Dojo/Dojo/install/arduino_bridge', 'merge_install': False, 'path': '/root/Dojo/Dojo/backup_packages/arduino_bridge', 'symlink_install': True, 'test_result_base': None}
[0.369s] Level 5:colcon.colcon_core.verb:set package 'nv21_converter_pkg' build argument 'cmake_args' from command line to '['-DCMAKE_BUILD_TYPE=Release', '-DBUILD_TESTING=OFF']'
[0.369s] Level 5:colcon.colcon_core.verb:set package 'nv21_converter_pkg' build argument 'cmake_target' from command line to 'None'
[0.369s] Level 5:colcon.colcon_core.verb:set package 'nv21_converter_pkg' build argument 'cmake_target_skip_unavailable' from command line to 'False'
[0.369s] Level 5:colcon.colcon_core.verb:set package 'nv21_converter_pkg' build argument 'cmake_clean_cache' from command line to 'False'
[0.369s] Level 5:colcon.colcon_core.verb:set package 'nv21_converter_pkg' build argument 'cmake_clean_first' from command line to 'False'
[0.369s] Level 5:colcon.colcon_core.verb:set package 'nv21_converter_pkg' build argument 'cmake_force_configure' from command line to 'False'
[0.369s] Level 5:colcon.colcon_core.verb:set package 'nv21_converter_pkg' build argument 'ament_cmake_args' from command line to 'None'
[0.369s] Level 5:colcon.colcon_core.verb:set package 'nv21_converter_pkg' build argument 'catkin_cmake_args' from command line to 'None'
[0.369s] Level 5:colcon.colcon_core.verb:set package 'nv21_converter_pkg' build argument 'catkin_skip_building_tests' from command line to 'False'
[0.369s] DEBUG:colcon.colcon_core.verb:Building package 'nv21_converter_pkg' with the following arguments: {'ament_cmake_args': None, 'build_base': '/root/Dojo/Dojo/build/nv21_converter_pkg', 'catkin_cmake_args': None, 'catkin_skip_building_tests': False, 'cmake_args': ['-DCMAKE_BUILD_TYPE=Release', '-DBUILD_TESTING=OFF'], 'cmake_clean_cache': False, 'cmake_clean_first': False, 'cmake_force_configure': False, 'cmake_target': None, 'cmake_target_skip_unavailable': False, 'install_base': '/root/Dojo/Dojo/install/nv21_converter_pkg', 'merge_install': False, 'path': '/root/Dojo/Dojo/backup_packages/camera_ws/src/nv21_converter_pkg', 'symlink_install': True, 'test_result_base': None}
[0.369s] Level 5:colcon.colcon_core.verb:set package 'robot_control' build argument 'cmake_args' from command line to '['-DCMAKE_BUILD_TYPE=Release', '-DBUILD_TESTING=OFF']'
[0.369s] Level 5:colcon.colcon_core.verb:set package 'robot_control' build argument 'cmake_target' from command line to 'None'
[0.369s] Level 5:colcon.colcon_core.verb:set package 'robot_control' build argument 'cmake_target_skip_unavailable' from command line to 'False'
[0.370s] Level 5:colcon.colcon_core.verb:set package 'robot_control' build argument 'cmake_clean_cache' from command line to 'False'
[0.370s] Level 5:colcon.colcon_core.verb:set package 'robot_control' build argument 'cmake_clean_first' from command line to 'False'
[0.370s] Level 5:colcon.colcon_core.verb:set package 'robot_control' build argument 'cmake_force_configure' from command line to 'False'
[0.370s] Level 5:colcon.colcon_core.verb:set package 'robot_control' build argument 'ament_cmake_args' from command line to 'None'
[0.370s] Level 5:colcon.colcon_core.verb:set package 'robot_control' build argument 'catkin_cmake_args' from command line to 'None'
[0.370s] Level 5:colcon.colcon_core.verb:set package 'robot_control' build argument 'catkin_skip_building_tests' from command line to 'False'
[0.370s] DEBUG:colcon.colcon_core.verb:Building package 'robot_control' with the following arguments: {'ament_cmake_args': None, 'build_base': '/root/Dojo/Dojo/build/robot_control', 'catkin_cmake_args': None, 'catkin_skip_building_tests': False, 'cmake_args': ['-DCMAKE_BUILD_TYPE=Release', '-DBUILD_TESTING=OFF'], 'cmake_clean_cache': False, 'cmake_clean_first': False, 'cmake_force_configure': False, 'cmake_target': None, 'cmake_target_skip_unavailable': False, 'install_base': '/root/Dojo/Dojo/install/robot_control', 'merge_install': False, 'path': '/root/Dojo/Dojo/src/robot_control', 'symlink_install': True, 'test_result_base': None}
[0.370s] Level 5:colcon.colcon_core.verb:set package 'robot_description' build argument 'cmake_args' from command line to '['-DCMAKE_BUILD_TYPE=Release', '-DBUILD_TESTING=OFF']'
[0.370s] Level 5:colcon.colcon_core.verb:set package 'robot_description' build argument 'cmake_target' from command line to 'None'
[0.370s] Level 5:colcon.colcon_core.verb:set package 'robot_description' build argument 'cmake_target_skip_unavailable' from command line to 'False'
[0.370s] Level 5:colcon.colcon_core.verb:set package 'robot_description' build argument 'cmake_clean_cache' from command line to 'False'
[0.370s] Level 5:colcon.colcon_core.verb:set package 'robot_description' build argument 'cmake_clean_first' from command line to 'False'
[0.370s] Level 5:colcon.colcon_core.verb:set package 'robot_description' build argument 'cmake_force_configure' from command line to 'False'
[0.370s] Level 5:colcon.colcon_core.verb:set package 'robot_description' build argument 'ament_cmake_args' from command line to 'None'
[0.370s] Level 5:colcon.colcon_core.verb:set package 'robot_description' build argument 'catkin_cmake_args' from command line to 'None'
[0.370s] Level 5:colcon.colcon_core.verb:set package 'robot_description' build argument 'catkin_skip_building_tests' from command line to 'False'
[0.370s] DEBUG:colcon.colcon_core.verb:Building package 'robot_description' with the following arguments: {'ament_cmake_args': None, 'build_base': '/root/Dojo/Dojo/build/robot_description', 'catkin_cmake_args': None, 'catkin_skip_building_tests': False, 'cmake_args': ['-DCMAKE_BUILD_TYPE=Release', '-DBUILD_TESTING=OFF'], 'cmake_clean_cache': False, 'cmake_clean_first': False, 'cmake_force_configure': False, 'cmake_target': None, 'cmake_target_skip_unavailable': False, 'install_base': '/root/Dojo/Dojo/install/robot_description', 'merge_install': False, 'path': '/root/Dojo/Dojo/src/robot_description', 'symlink_install': True, 'test_result_base': None}
[0.370s] Level 5:colcon.colcon_core.verb:set package 'robot_hardware' build argument 'cmake_args' from command line to '['-DCMAKE_BUILD_TYPE=Release', '-DBUILD_TESTING=OFF']'
[0.370s] Level 5:colcon.colcon_core.verb:set package 'robot_hardware' build argument 'cmake_target' from command line to 'None'
[0.370s] Level 5:colcon.colcon_core.verb:set package 'robot_hardware' build argument 'cmake_target_skip_unavailable' from command line to 'False'
[0.370s] Level 5:colcon.colcon_core.verb:set package 'robot_hardware' build argument 'cmake_clean_cache' from command line to 'False'
[0.370s] Level 5:colcon.colcon_core.verb:set package 'robot_hardware' build argument 'cmake_clean_first' from command line to 'False'
[0.370s] Level 5:colcon.colcon_core.verb:set package 'robot_hardware' build argument 'cmake_force_configure' from command line to 'False'
[0.370s] Level 5:colcon.colcon_core.verb:set package 'robot_hardware' build argument 'ament_cmake_args' from command line to 'None'
[0.370s] Level 5:colcon.colcon_core.verb:set package 'robot_hardware' build argument 'catkin_cmake_args' from command line to 'None'
[0.370s] Level 5:colcon.colcon_core.verb:set package 'robot_hardware' build argument 'catkin_skip_building_tests' from command line to 'False'
[0.370s] DEBUG:colcon.colcon_core.verb:Building package 'robot_hardware' with the following arguments: {'ament_cmake_args': None, 'build_base': '/root/Dojo/Dojo/build/robot_hardware', 'catkin_cmake_args': None, 'catkin_skip_building_tests': False, 'cmake_args': ['-DCMAKE_BUILD_TYPE=Release', '-DBUILD_TESTING=OFF'], 'cmake_clean_cache': False, 'cmake_clean_first': False, 'cmake_force_configure': False, 'cmake_target': None, 'cmake_target_skip_unavailable': False, 'install_base': '/root/Dojo/Dojo/install/robot_hardware', 'merge_install': False, 'path': '/root/Dojo/Dojo/src/robot_hardware', 'symlink_install': True, 'test_result_base': None}
[0.371s] Level 5:colcon.colcon_core.verb:set package 'robot_interfaces' build argument 'cmake_args' from command line to '['-DCMAKE_BUILD_TYPE=Release', '-DBUILD_TESTING=OFF']'
[0.371s] Level 5:colcon.colcon_core.verb:set package 'robot_interfaces' build argument 'cmake_target' from command line to 'None'
[0.371s] Level 5:colcon.colcon_core.verb:set package 'robot_interfaces' build argument 'cmake_target_skip_unavailable' from command line to 'False'
[0.371s] Level 5:colcon.colcon_core.verb:set package 'robot_interfaces' build argument 'cmake_clean_cache' from command line to 'False'
[0.371s] Level 5:colcon.colcon_core.verb:set package 'robot_interfaces' build argument 'cmake_clean_first' from command line to 'False'
[0.371s] Level 5:colcon.colcon_core.verb:set package 'robot_interfaces' build argument 'cmake_force_configure' from command line to 'False'
[0.371s] Level 5:colcon.colcon_core.verb:set package 'robot_interfaces' build argument 'ament_cmake_args' from command line to 'None'
[0.371s] Level 5:colcon.colcon_core.verb:set package 'robot_interfaces' build argument 'catkin_cmake_args' from command line to 'None'
[0.371s] Level 5:colcon.colcon_core.verb:set package 'robot_interfaces' build argument 'catkin_skip_building_tests' from command line to 'False'
[0.371s] DEBUG:colcon.colcon_core.verb:Building package 'robot_interfaces' with the following arguments: {'ament_cmake_args': None, 'build_base': '/root/Dojo/Dojo/build/robot_interfaces', 'catkin_cmake_args': None, 'catkin_skip_building_tests': False, 'cmake_args': ['-DCMAKE_BUILD_TYPE=Release', '-DBUILD_TESTING=OFF'], 'cmake_clean_cache': False, 'cmake_clean_first': False, 'cmake_force_configure': False, 'cmake_target': None, 'cmake_target_skip_unavailable': False, 'install_base': '/root/Dojo/Dojo/install/robot_interfaces', 'merge_install': False, 'path': '/root/Dojo/Dojo/src/robot_interfaces', 'symlink_install': True, 'test_result_base': None}
[0.371s] Level 5:colcon.colcon_core.verb:set package 'robot_perception' build argument 'cmake_args' from command line to '['-DCMAKE_BUILD_TYPE=Release', '-DBUILD_TESTING=OFF']'
[0.371s] Level 5:colcon.colcon_core.verb:set package 'robot_perception' build argument 'cmake_target' from command line to 'None'
[0.371s] Level 5:colcon.colcon_core.verb:set package 'robot_perception' build argument 'cmake_target_skip_unavailable' from command line to 'False'
[0.371s] Level 5:colcon.colcon_core.verb:set package 'robot_perception' build argument 'cmake_clean_cache' from command line to 'False'
[0.371s] Level 5:colcon.colcon_core.verb:set package 'robot_perception' build argument 'cmake_clean_first' from command line to 'False'
[0.371s] Level 5:colcon.colcon_core.verb:set package 'robot_perception' build argument 'cmake_force_configure' from command line to 'False'
[0.371s] Level 5:colcon.colcon_core.verb:set package 'robot_perception' build argument 'ament_cmake_args' from command line to 'None'
[0.371s] Level 5:colcon.colcon_core.verb:set package 'robot_perception' build argument 'catkin_cmake_args' from command line to 'None'
[0.371s] Level 5:colcon.colcon_core.verb:set package 'robot_perception' build argument 'catkin_skip_building_tests' from command line to 'False'
[0.371s] DEBUG:colcon.colcon_core.verb:Building package 'robot_perception' with the following arguments: {'ament_cmake_args': None, 'build_base': '/root/Dojo/Dojo/build/robot_perception', 'catkin_cmake_args': None, 'catkin_skip_building_tests': False, 'cmake_args': ['-DCMAKE_BUILD_TYPE=Release', '-DBUILD_TESTING=OFF'], 'cmake_clean_cache': False, 'cmake_clean_first': False, 'cmake_force_configure': False, 'cmake_target': None, 'cmake_target_skip_unavailable': False, 'install_base': '/root/Dojo/Dojo/install/robot_perception', 'merge_install': False, 'path': '/root/Dojo/Dojo/src/robot_perception', 'symlink_install': True, 'test_result_base': None}
[0.372s] Level 5:colcon.colcon_core.verb:set package 'robot_sensors' build argument 'cmake_args' from command line to '['-DCMAKE_BUILD_TYPE=Release', '-DBUILD_TESTING=OFF']'
[0.372s] Level 5:colcon.colcon_core.verb:set package 'robot_sensors' build argument 'cmake_target' from command line to 'None'
[0.372s] Level 5:colcon.colcon_core.verb:set package 'robot_sensors' build argument 'cmake_target_skip_unavailable' from command line to 'False'
[0.372s] Level 5:colcon.colcon_core.verb:set package 'robot_sensors' build argument 'cmake_clean_cache' from command line to 'False'
[0.372s] Level 5:colcon.colcon_core.verb:set package 'robot_sensors' build argument 'cmake_clean_first' from command line to 'False'
[0.372s] Level 5:colcon.colcon_core.verb:set package 'robot_sensors' build argument 'cmake_force_configure' from command line to 'False'
[0.372s] Level 5:colcon.colcon_core.verb:set package 'robot_sensors' build argument 'ament_cmake_args' from command line to 'None'
[0.372s] Level 5:colcon.colcon_core.verb:set package 'robot_sensors' build argument 'catkin_cmake_args' from command line to 'None'
[0.372s] Level 5:colcon.colcon_core.verb:set package 'robot_sensors' build argument 'catkin_skip_building_tests' from command line to 'False'
[0.372s] DEBUG:colcon.colcon_core.verb:Building package 'robot_sensors' with the following arguments: {'ament_cmake_args': None, 'build_base': '/root/Dojo/Dojo/build/robot_sensors', 'catkin_cmake_args': None, 'catkin_skip_building_tests': False, 'cmake_args': ['-DCMAKE_BUILD_TYPE=Release', '-DBUILD_TESTING=OFF'], 'cmake_clean_cache': False, 'cmake_clean_first': False, 'cmake_force_configure': False, 'cmake_target': None, 'cmake_target_skip_unavailable': False, 'install_base': '/root/Dojo/Dojo/install/robot_sensors', 'merge_install': False, 'path': '/root/Dojo/Dojo/backup_packages/robot_sensors', 'symlink_install': True, 'test_result_base': None}
[0.372s] Level 5:colcon.colcon_core.verb:set package 'ros2arduino_bridge' build argument 'cmake_args' from command line to '['-DCMAKE_BUILD_TYPE=Release', '-DBUILD_TESTING=OFF']'
[0.372s] Level 5:colcon.colcon_core.verb:set package 'ros2arduino_bridge' build argument 'cmake_target' from command line to 'None'
[0.372s] Level 5:colcon.colcon_core.verb:set package 'ros2arduino_bridge' build argument 'cmake_target_skip_unavailable' from command line to 'False'
[0.372s] Level 5:colcon.colcon_core.verb:set package 'ros2arduino_bridge' build argument 'cmake_clean_cache' from command line to 'False'
[0.372s] Level 5:colcon.colcon_core.verb:set package 'ros2arduino_bridge' build argument 'cmake_clean_first' from command line to 'False'
[0.372s] Level 5:colcon.colcon_core.verb:set package 'ros2arduino_bridge' build argument 'cmake_force_configure' from command line to 'False'
[0.372s] Level 5:colcon.colcon_core.verb:set package 'ros2arduino_bridge' build argument 'ament_cmake_args' from command line to 'None'
[0.372s] Level 5:colcon.colcon_core.verb:set package 'ros2arduino_bridge' build argument 'catkin_cmake_args' from command line to 'None'
[0.372s] Level 5:colcon.colcon_core.verb:set package 'ros2arduino_bridge' build argument 'catkin_skip_building_tests' from command line to 'False'
[0.372s] DEBUG:colcon.colcon_core.verb:Building package 'ros2arduino_bridge' with the following arguments: {'ament_cmake_args': None, 'build_base': '/root/Dojo/Dojo/build/ros2arduino_bridge', 'catkin_cmake_args': None, 'catkin_skip_building_tests': False, 'cmake_args': ['-DCMAKE_BUILD_TYPE=Release', '-DBUILD_TESTING=OFF'], 'cmake_clean_cache': False, 'cmake_clean_first': False, 'cmake_force_configure': False, 'cmake_target': None, 'cmake_target_skip_unavailable': False, 'install_base': '/root/Dojo/Dojo/install/ros2arduino_bridge', 'merge_install': False, 'path': '/root/Dojo/Dojo/backup_packages/ros2arduino_bridge', 'symlink_install': True, 'test_result_base': None}
[0.372s] Level 5:colcon.colcon_core.verb:set package 'vision_system' build argument 'cmake_args' from command line to '['-DCMAKE_BUILD_TYPE=Release', '-DBUILD_TESTING=OFF']'
[0.372s] Level 5:colcon.colcon_core.verb:set package 'vision_system' build argument 'cmake_target' from command line to 'None'
[0.372s] Level 5:colcon.colcon_core.verb:set package 'vision_system' build argument 'cmake_target_skip_unavailable' from command line to 'False'
[0.372s] Level 5:colcon.colcon_core.verb:set package 'vision_system' build argument 'cmake_clean_cache' from command line to 'False'
[0.373s] Level 5:colcon.colcon_core.verb:set package 'vision_system' build argument 'cmake_clean_first' from command line to 'False'
[0.373s] Level 5:colcon.colcon_core.verb:set package 'vision_system' build argument 'cmake_force_configure' from command line to 'False'
[0.373s] Level 5:colcon.colcon_core.verb:set package 'vision_system' build argument 'ament_cmake_args' from command line to 'None'
[0.373s] Level 5:colcon.colcon_core.verb:set package 'vision_system' build argument 'catkin_cmake_args' from command line to 'None'
[0.373s] Level 5:colcon.colcon_core.verb:set package 'vision_system' build argument 'catkin_skip_building_tests' from command line to 'False'
[0.373s] DEBUG:colcon.colcon_core.verb:Building package 'vision_system' with the following arguments: {'ament_cmake_args': None, 'build_base': '/root/Dojo/Dojo/build/vision_system', 'catkin_cmake_args': None, 'catkin_skip_building_tests': False, 'cmake_args': ['-DCMAKE_BUILD_TYPE=Release', '-DBUILD_TESTING=OFF'], 'cmake_clean_cache': False, 'cmake_clean_first': False, 'cmake_force_configure': False, 'cmake_target': None, 'cmake_target_skip_unavailable': False, 'install_base': '/root/Dojo/Dojo/install/vision_system', 'merge_install': False, 'path': '/root/Dojo/Dojo/backup_packages/vision_system', 'symlink_install': True, 'test_result_base': None}
[0.373s] Level 5:colcon.colcon_core.verb:set package 'robot_gazebo' build argument 'cmake_args' from command line to '['-DCMAKE_BUILD_TYPE=Release', '-DBUILD_TESTING=OFF']'
[0.373s] Level 5:colcon.colcon_core.verb:set package 'robot_gazebo' build argument 'cmake_target' from command line to 'None'
[0.373s] Level 5:colcon.colcon_core.verb:set package 'robot_gazebo' build argument 'cmake_target_skip_unavailable' from command line to 'False'
[0.373s] Level 5:colcon.colcon_core.verb:set package 'robot_gazebo' build argument 'cmake_clean_cache' from command line to 'False'
[0.373s] Level 5:colcon.colcon_core.verb:set package 'robot_gazebo' build argument 'cmake_clean_first' from command line to 'False'
[0.373s] Level 5:colcon.colcon_core.verb:set package 'robot_gazebo' build argument 'cmake_force_configure' from command line to 'False'
[0.373s] Level 5:colcon.colcon_core.verb:set package 'robot_gazebo' build argument 'ament_cmake_args' from command line to 'None'
[0.373s] Level 5:colcon.colcon_core.verb:set package 'robot_gazebo' build argument 'catkin_cmake_args' from command line to 'None'
[0.373s] Level 5:colcon.colcon_core.verb:set package 'robot_gazebo' build argument 'catkin_skip_building_tests' from command line to 'False'
[0.373s] DEBUG:colcon.colcon_core.verb:Building package 'robot_gazebo' with the following arguments: {'ament_cmake_args': None, 'build_base': '/root/Dojo/Dojo/build/robot_gazebo', 'catkin_cmake_args': None, 'catkin_skip_building_tests': False, 'cmake_args': ['-DCMAKE_BUILD_TYPE=Release', '-DBUILD_TESTING=OFF'], 'cmake_clean_cache': False, 'cmake_clean_first': False, 'cmake_force_configure': False, 'cmake_target': None, 'cmake_target_skip_unavailable': False, 'install_base': '/root/Dojo/Dojo/install/robot_gazebo', 'merge_install': False, 'path': '/root/Dojo/Dojo/src/robot_gazebo', 'symlink_install': True, 'test_result_base': None}
[0.373s] Level 5:colcon.colcon_core.verb:set package 'robot_launch' build argument 'cmake_args' from command line to '['-DCMAKE_BUILD_TYPE=Release', '-DBUILD_TESTING=OFF']'
[0.373s] Level 5:colcon.colcon_core.verb:set package 'robot_launch' build argument 'cmake_target' from command line to 'None'
[0.373s] Level 5:colcon.colcon_core.verb:set package 'robot_launch' build argument 'cmake_target_skip_unavailable' from command line to 'False'
[0.373s] Level 5:colcon.colcon_core.verb:set package 'robot_launch' build argument 'cmake_clean_cache' from command line to 'False'
[0.373s] Level 5:colcon.colcon_core.verb:set package 'robot_launch' build argument 'cmake_clean_first' from command line to 'False'
[0.373s] Level 5:colcon.colcon_core.verb:set package 'robot_launch' build argument 'cmake_force_configure' from command line to 'False'
[0.373s] Level 5:colcon.colcon_core.verb:set package 'robot_launch' build argument 'ament_cmake_args' from command line to 'None'
[0.373s] Level 5:colcon.colcon_core.verb:set package 'robot_launch' build argument 'catkin_cmake_args' from command line to 'None'
[0.373s] Level 5:colcon.colcon_core.verb:set package 'robot_launch' build argument 'catkin_skip_building_tests' from command line to 'False'
[0.373s] DEBUG:colcon.colcon_core.verb:Building package 'robot_launch' with the following arguments: {'ament_cmake_args': None, 'build_base': '/root/Dojo/Dojo/build/robot_launch', 'catkin_cmake_args': None, 'catkin_skip_building_tests': False, 'cmake_args': ['-DCMAKE_BUILD_TYPE=Release', '-DBUILD_TESTING=OFF'], 'cmake_clean_cache': False, 'cmake_clean_first': False, 'cmake_force_configure': False, 'cmake_target': None, 'cmake_target_skip_unavailable': False, 'install_base': '/root/Dojo/Dojo/install/robot_launch', 'merge_install': False, 'path': '/root/Dojo/Dojo/src/robot_launch', 'symlink_install': True, 'test_result_base': None}
[0.374s] Level 5:colcon.colcon_core.verb:set package 'robot_navigation' build argument 'cmake_args' from command line to '['-DCMAKE_BUILD_TYPE=Release', '-DBUILD_TESTING=OFF']'
[0.374s] Level 5:colcon.colcon_core.verb:set package 'robot_navigation' build argument 'cmake_target' from command line to 'None'
[0.374s] Level 5:colcon.colcon_core.verb:set package 'robot_navigation' build argument 'cmake_target_skip_unavailable' from command line to 'False'
[0.374s] Level 5:colcon.colcon_core.verb:set package 'robot_navigation' build argument 'cmake_clean_cache' from command line to 'False'
[0.374s] Level 5:colcon.colcon_core.verb:set package 'robot_navigation' build argument 'cmake_clean_first' from command line to 'False'
[0.374s] Level 5:colcon.colcon_core.verb:set package 'robot_navigation' build argument 'cmake_force_configure' from command line to 'False'
[0.374s] Level 5:colcon.colcon_core.verb:set package 'robot_navigation' build argument 'ament_cmake_args' from command line to 'None'
[0.374s] Level 5:colcon.colcon_core.verb:set package 'robot_navigation' build argument 'catkin_cmake_args' from command line to 'None'
[0.374s] Level 5:colcon.colcon_core.verb:set package 'robot_navigation' build argument 'catkin_skip_building_tests' from command line to 'False'
[0.374s] DEBUG:colcon.colcon_core.verb:Building package 'robot_navigation' with the following arguments: {'ament_cmake_args': None, 'build_base': '/root/Dojo/Dojo/build/robot_navigation', 'catkin_cmake_args': None, 'catkin_skip_building_tests': False, 'cmake_args': ['-DCMAKE_BUILD_TYPE=Release', '-DBUILD_TESTING=OFF'], 'cmake_clean_cache': False, 'cmake_clean_first': False, 'cmake_force_configure': False, 'cmake_target': None, 'cmake_target_skip_unavailable': False, 'install_base': '/root/Dojo/Dojo/install/robot_navigation', 'merge_install': False, 'path': '/root/Dojo/Dojo/src/robot_navigation', 'symlink_install': True, 'test_result_base': None}
[0.374s] Level 5:colcon.colcon_core.verb:set package 'robot_bringup' build argument 'cmake_args' from command line to '['-DCMAKE_BUILD_TYPE=Release', '-DBUILD_TESTING=OFF']'
[0.374s] Level 5:colcon.colcon_core.verb:set package 'robot_bringup' build argument 'cmake_target' from command line to 'None'
[0.374s] Level 5:colcon.colcon_core.verb:set package 'robot_bringup' build argument 'cmake_target_skip_unavailable' from command line to 'False'
[0.374s] Level 5:colcon.colcon_core.verb:set package 'robot_bringup' build argument 'cmake_clean_cache' from command line to 'False'
[0.374s] Level 5:colcon.colcon_core.verb:set package 'robot_bringup' build argument 'cmake_clean_first' from command line to 'False'
[0.374s] Level 5:colcon.colcon_core.verb:set package 'robot_bringup' build argument 'cmake_force_configure' from command line to 'False'
[0.374s] Level 5:colcon.colcon_core.verb:set package 'robot_bringup' build argument 'ament_cmake_args' from command line to 'None'
[0.374s] Level 5:colcon.colcon_core.verb:set package 'robot_bringup' build argument 'catkin_cmake_args' from command line to 'None'
[0.374s] Level 5:colcon.colcon_core.verb:set package 'robot_bringup' build argument 'catkin_skip_building_tests' from command line to 'False'
[0.374s] DEBUG:colcon.colcon_core.verb:Building package 'robot_bringup' with the following arguments: {'ament_cmake_args': None, 'build_base': '/root/Dojo/Dojo/build/robot_bringup', 'catkin_cmake_args': None, 'catkin_skip_building_tests': False, 'cmake_args': ['-DCMAKE_BUILD_TYPE=Release', '-DBUILD_TESTING=OFF'], 'cmake_clean_cache': False, 'cmake_clean_first': False, 'cmake_force_configure': False, 'cmake_target': None, 'cmake_target_skip_unavailable': False, 'install_base': '/root/Dojo/Dojo/install/robot_bringup', 'merge_install': False, 'path': '/root/Dojo/Dojo/src/robot_bringup', 'symlink_install': True, 'test_result_base': None}
[0.374s] INFO:colcon.colcon_core.executor:Executing jobs using 'parallel' executor
[0.375s] DEBUG:colcon.colcon_parallel_executor.executor.parallel:run_until_complete
[0.376s] INFO:colcon.colcon_ros.task.ament_cmake.build:Building ROS package in '/root/Dojo/Dojo/src/robot_control' with build type 'ament_cmake'
[0.376s] INFO:colcon.colcon_cmake.task.cmake.build:Building CMake package in '/root/Dojo/Dojo/src/robot_control'
[0.378s] INFO:colcon.colcon_core.plugin_system:Skipping extension 'colcon_core.shell.bat': Not used on non-Windows systems
[0.378s] INFO:colcon.colcon_core.shell:Skip shell extension 'powershell' for command environment: Not usable outside of PowerShell
[0.378s] DEBUG:colcon.colcon_core.shell:Skip shell extension 'dsv' for command environment
[0.383s] INFO:colcon.colcon_ros.task.ament_cmake.build:Building ROS package in '/root/Dojo/Dojo/src/robot_description' with build type 'ament_cmake'
[0.383s] INFO:colcon.colcon_cmake.task.cmake.build:Building CMake package in '/root/Dojo/Dojo/src/robot_description'
[0.383s] INFO:colcon.colcon_core.shell:Skip shell extension 'powershell' for command environment: Not usable outside of PowerShell
[0.383s] DEBUG:colcon.colcon_core.shell:Skip shell extension 'dsv' for command environment
[0.387s] INFO:colcon.colcon_ros.task.ament_python.build:Building ROS package in '/root/Dojo/Dojo/src/robot_hardware' with build type 'ament_python'
[0.387s] Level 1:colcon.colcon_core.shell:create_environment_hook('robot_hardware', 'ament_prefix_path')
[0.387s] INFO:colcon.colcon_core.shell:Creating environment hook '/root/Dojo/Dojo/install/robot_hardware/share/robot_hardware/hook/ament_prefix_path.ps1'
[0.387s] INFO:colcon.colcon_core.shell:Creating environment descriptor '/root/Dojo/Dojo/install/robot_hardware/share/robot_hardware/hook/ament_prefix_path.dsv'
[0.388s] INFO:colcon.colcon_core.shell:Creating environment hook '/root/Dojo/Dojo/install/robot_hardware/share/robot_hardware/hook/ament_prefix_path.sh'
[0.388s] INFO:colcon.colcon_core.shell:Skip shell extension 'powershell' for command environment: Not usable outside of PowerShell
[0.388s] DEBUG:colcon.colcon_core.shell:Skip shell extension 'dsv' for command environment
[0.392s] INFO:colcon.colcon_cmake.task.cmake.build:Building CMake package in '/root/Dojo/Dojo/src/robot_perception'
[0.392s] INFO:colcon.colcon_core.shell:Skip shell extension 'powershell' for command environment: Not usable outside of PowerShell
[0.392s] DEBUG:colcon.colcon_core.shell:Skip shell extension 'dsv' for command environment
[0.396s] INFO:colcon.colcon_ros.task.ament_python.build:Building ROS package in '/root/Dojo/Dojo/backup_packages/arduino_bridge' with build type 'ament_python'
[0.396s] Level 1:colcon.colcon_core.shell:create_environment_hook('arduino_bridge', 'ament_prefix_path')
[0.396s] INFO:colcon.colcon_core.shell:Creating environment hook '/root/Dojo/Dojo/install/arduino_bridge/share/arduino_bridge/hook/ament_prefix_path.ps1'
[0.397s] INFO:colcon.colcon_core.shell:Creating environment descriptor '/root/Dojo/Dojo/install/arduino_bridge/share/arduino_bridge/hook/ament_prefix_path.dsv'
[0.397s] INFO:colcon.colcon_core.shell:Creating environment hook '/root/Dojo/Dojo/install/arduino_bridge/share/arduino_bridge/hook/ament_prefix_path.sh'
[0.398s] INFO:colcon.colcon_core.shell:Skip shell extension 'powershell' for command environment: Not usable outside of PowerShell
[0.398s] DEBUG:colcon.colcon_core.shell:Skip shell extension 'dsv' for command environment
[0.401s] INFO:colcon.colcon_ros.task.ament_python.build:Building ROS package in '/root/Dojo/Dojo/backup_packages/camera_ws/src/nv21_converter_pkg' with build type 'ament_python'
[0.401s] Level 1:colcon.colcon_core.shell:create_environment_hook('nv21_converter_pkg', 'ament_prefix_path')
[0.402s] INFO:colcon.colcon_core.shell:Creating environment hook '/root/Dojo/Dojo/install/nv21_converter_pkg/share/nv21_converter_pkg/hook/ament_prefix_path.ps1'
[0.402s] INFO:colcon.colcon_core.shell:Creating environment descriptor '/root/Dojo/Dojo/install/nv21_converter_pkg/share/nv21_converter_pkg/hook/ament_prefix_path.dsv'
[0.402s] INFO:colcon.colcon_core.shell:Creating environment hook '/root/Dojo/Dojo/install/nv21_converter_pkg/share/nv21_converter_pkg/hook/ament_prefix_path.sh'
[0.403s] INFO:colcon.colcon_core.shell:Skip shell extension 'powershell' for command environment: Not usable outside of PowerShell
[0.403s] DEBUG:colcon.colcon_core.shell:Skip shell extension 'dsv' for command environment
[0.406s] INFO:colcon.colcon_ros.task.ament_cmake.build:Building ROS package in '/root/Dojo/Dojo/src/robot_interfaces' with build type 'ament_cmake'
[0.406s] INFO:colcon.colcon_cmake.task.cmake.build:Building CMake package in '/root/Dojo/Dojo/src/robot_interfaces'
[0.406s] INFO:colcon.colcon_core.shell:Skip shell extension 'powershell' for command environment: Not usable outside of PowerShell
[0.406s] DEBUG:colcon.colcon_core.shell:Skip shell extension 'dsv' for command environment
[0.410s] INFO:colcon.colcon_ros.task.ament_python.build:Building ROS package in '/root/Dojo/Dojo/backup_packages/robot_sensors' with build type 'ament_python'
[0.410s] Level 1:colcon.colcon_core.shell:create_environment_hook('robot_sensors', 'ament_prefix_path')
[0.410s] INFO:colcon.colcon_core.shell:Creating environment hook '/root/Dojo/Dojo/install/robot_sensors/share/robot_sensors/hook/ament_prefix_path.ps1'
[0.411s] INFO:colcon.colcon_core.shell:Creating environment descriptor '/root/Dojo/Dojo/install/robot_sensors/share/robot_sensors/hook/ament_prefix_path.dsv'
[0.411s] INFO:colcon.colcon_core.shell:Creating environment hook '/root/Dojo/Dojo/install/robot_sensors/share/robot_sensors/hook/ament_prefix_path.sh'
[0.412s] INFO:colcon.colcon_core.shell:Skip shell extension 'powershell' for command environment: Not usable outside of PowerShell
[0.412s] DEBUG:colcon.colcon_core.shell:Skip shell extension 'dsv' for command environment
[0.416s] INFO:colcon.colcon_ros.task.ament_python.build:Building ROS package in '/root/Dojo/Dojo/backup_packages/ros2arduino_bridge' with build type 'ament_python'
[0.416s] Level 1:colcon.colcon_core.shell:create_environment_hook('ros2arduino_bridge', 'ament_prefix_path')
[0.416s] INFO:colcon.colcon_core.shell:Creating environment hook '/root/Dojo/Dojo/install/ros2arduino_bridge/share/ros2arduino_bridge/hook/ament_prefix_path.ps1'
[0.417s] INFO:colcon.colcon_core.shell:Creating environment descriptor '/root/Dojo/Dojo/install/ros2arduino_bridge/share/ros2arduino_bridge/hook/ament_prefix_path.dsv'
[0.417s] INFO:colcon.colcon_core.shell:Creating environment hook '/root/Dojo/Dojo/install/ros2arduino_bridge/share/ros2arduino_bridge/hook/ament_prefix_path.sh'
[0.417s] INFO:colcon.colcon_core.shell:Skip shell extension 'powershell' for command environment: Not usable outside of PowerShell
[0.417s] DEBUG:colcon.colcon_core.shell:Skip shell extension 'dsv' for command environment
[0.421s] INFO:colcon.colcon_ros.task.ament_python.build:Building ROS package in '/root/Dojo/Dojo/backup_packages/vision_system' with build type 'ament_python'
[0.421s] Level 1:colcon.colcon_core.shell:create_environment_hook('vision_system', 'ament_prefix_path')
[0.421s] INFO:colcon.colcon_core.shell:Creating environment hook '/root/Dojo/Dojo/install/vision_system/share/vision_system/hook/ament_prefix_path.ps1'
[0.421s] INFO:colcon.colcon_core.shell:Creating environment descriptor '/root/Dojo/Dojo/install/vision_system/share/vision_system/hook/ament_prefix_path.dsv'
[0.422s] INFO:colcon.colcon_core.shell:Creating environment hook '/root/Dojo/Dojo/install/vision_system/share/vision_system/hook/ament_prefix_path.sh'
[0.422s] INFO:colcon.colcon_core.shell:Skip shell extension 'powershell' for command environment: Not usable outside of PowerShell
[0.422s] DEBUG:colcon.colcon_core.shell:Skip shell extension 'dsv' for command environment
[0.430s] DEBUG:colcon.colcon_core.event_handler.log_command:Invoking command in '/root/Dojo/Dojo/build/robot_control': CMAKE_PREFIX_PATH=${CMAKE_PREFIX_PATH}:/root/Dojo/install/robot_hardware:/opt/ros/humble /usr/bin/cmake /root/Dojo/Dojo/src/robot_control -DCMAKE_BUILD_TYPE=Release -DBUILD_TESTING=OFF -DAMENT_CMAKE_SYMLINK_INSTALL=1 -DCMAKE_INSTALL_PREFIX=/root/Dojo/Dojo/install/robot_control
[0.435s] DEBUG:colcon.colcon_core.event_handler.log_command:Invoking command in '/root/Dojo/Dojo/build/robot_description': CMAKE_PREFIX_PATH=${CMAKE_PREFIX_PATH}:/root/Dojo/install/robot_hardware:/opt/ros/humble /usr/bin/cmake /root/Dojo/Dojo/src/robot_description -DCMAKE_BUILD_TYPE=Release -DBUILD_TESTING=OFF -DAMENT_CMAKE_SYMLINK_INSTALL=1 -DCMAKE_INSTALL_PREFIX=/root/Dojo/Dojo/install/robot_description
[0.771s] INFO:colcon.colcon_core.task.python.build:Building Python package in '/root/Dojo/Dojo/src/robot_hardware'
[0.772s] INFO:colcon.colcon_core.shell:Skip shell extension 'powershell' for command environment: Not usable outside of PowerShell
[0.772s] DEBUG:colcon.colcon_core.shell:Skip shell extension 'dsv' for command environment
[0.778s] DEBUG:colcon.colcon_core.event_handler.log_command:Invoking command in '/root/Dojo/Dojo/build/robot_perception': /usr/bin/cmake /root/Dojo/Dojo/src/robot_perception -DCMAKE_BUILD_TYPE=Release -DBUILD_TESTING=OFF -DCMAKE_INSTALL_PREFIX=/root/Dojo/Dojo/install/robot_perception
[1.109s] INFO:colcon.colcon_core.task.python.build:Building Python package in '/root/Dojo/Dojo/backup_packages/arduino_bridge'
[1.110s] INFO:colcon.colcon_core.shell:Skip shell extension 'powershell' for command environment: Not usable outside of PowerShell
[1.110s] DEBUG:colcon.colcon_core.shell:Skip shell extension 'dsv' for command environment
[1.450s] INFO:colcon.colcon_core.task.python.build:Building Python package in '/root/Dojo/Dojo/backup_packages/camera_ws/src/nv21_converter_pkg'
[1.450s] INFO:colcon.colcon_core.shell:Skip shell extension 'powershell' for command environment: Not usable outside of PowerShell
[1.450s] DEBUG:colcon.colcon_core.shell:Skip shell extension 'dsv' for command environment
[1.457s] DEBUG:colcon.colcon_core.event_handler.log_command:Invoking command in '/root/Dojo/Dojo/build/robot_interfaces': CMAKE_PREFIX_PATH=${CMAKE_PREFIX_PATH}:/root/Dojo/install/robot_hardware:/opt/ros/humble /usr/bin/cmake /root/Dojo/Dojo/src/robot_interfaces -DCMAKE_BUILD_TYPE=Release -DBUILD_TESTING=OFF -DAMENT_CMAKE_SYMLINK_INSTALL=1 -DCMAKE_INSTALL_PREFIX=/root/Dojo/Dojo/install/robot_interfaces
[1.800s] INFO:colcon.colcon_core.task.python.build:Building Python package in '/root/Dojo/Dojo/backup_packages/robot_sensors'
[1.800s] INFO:colcon.colcon_core.shell:Skip shell extension 'powershell' for command environment: Not usable outside of PowerShell
[1.800s] DEBUG:colcon.colcon_core.shell:Skip shell extension 'dsv' for command environment
[2.153s] INFO:colcon.colcon_core.task.python.build:Building Python package in '/root/Dojo/Dojo/backup_packages/ros2arduino_bridge'
[2.154s] INFO:colcon.colcon_core.shell:Skip shell extension 'powershell' for command environment: Not usable outside of PowerShell
[2.154s] DEBUG:colcon.colcon_core.shell:Skip shell extension 'dsv' for command environment
[2.517s] INFO:colcon.colcon_core.task.python.build:Building Python package in '/root/Dojo/Dojo/backup_packages/vision_system'
[2.517s] INFO:colcon.colcon_core.shell:Skip shell extension 'powershell' for command environment: Not usable outside of PowerShell
[2.517s] DEBUG:colcon.colcon_core.shell:Skip shell extension 'dsv' for command environment
[2.522s] DEBUG:colcon.colcon_core.event_handler.log_command:Invoked command in '/root/Dojo/Dojo/build/robot_perception' returned '0': /usr/bin/cmake /root/Dojo/Dojo/src/robot_perception -DCMAKE_BUILD_TYPE=Release -DBUILD_TESTING=OFF -DCMAKE_INSTALL_PREFIX=/root/Dojo/Dojo/install/robot_perception
[2.523s] DEBUG:colcon.colcon_core.event_handler.log_command:Invoking command in '/root/Dojo/Dojo/build/robot_perception': /usr/bin/cmake --build /root/Dojo/Dojo/build/robot_perception -- -j16 -l16
[3.169s] DEBUG:colcon.colcon_core.event_handler.log_command:Invoked command in '/root/Dojo/Dojo/build/robot_perception' returned '0': /usr/bin/cmake --build /root/Dojo/Dojo/build/robot_perception -- -j16 -l16
[3.186s] DEBUG:colcon.colcon_core.event_handler.log_command:Invoking command in '/root/Dojo/Dojo/build/robot_perception': /usr/bin/cmake --install /root/Dojo/Dojo/build/robot_perception
[3.304s] Level 1:colcon.colcon_core.environment:create_environment_scripts_only(robot_perception)
[3.304s] DEBUG:colcon.colcon_core.event_handler.log_command:Invoked command in '/root/Dojo/Dojo/build/robot_perception' returned '0': /usr/bin/cmake --install /root/Dojo/Dojo/build/robot_perception
[3.308s] Level 1:colcon.colcon_core.environment:checking '/root/Dojo/Dojo/install/robot_perception' for CMake module files
[3.309s] Level 1:colcon.colcon_core.environment:checking '/root/Dojo/Dojo/install/robot_perception' for CMake config files
[3.309s] Level 1:colcon.colcon_core.shell:create_environment_hook('robot_perception', 'cmake_prefix_path')
[3.310s] INFO:colcon.colcon_core.shell:Creating environment hook '/root/Dojo/Dojo/install/robot_perception/share/robot_perception/hook/cmake_prefix_path.ps1'
[3.310s] INFO:colcon.colcon_core.shell:Creating environment descriptor '/root/Dojo/Dojo/install/robot_perception/share/robot_perception/hook/cmake_prefix_path.dsv'
[3.311s] INFO:colcon.colcon_core.shell:Creating environment hook '/root/Dojo/Dojo/install/robot_perception/share/robot_perception/hook/cmake_prefix_path.sh'
[3.312s] Level 1:colcon.colcon_core.environment:checking '/root/Dojo/Dojo/install/robot_perception/lib'
[3.312s] Level 1:colcon.colcon_core.environment:checking '/root/Dojo/Dojo/install/robot_perception/bin'
[3.312s] Level 1:colcon.colcon_core.environment:checking '/root/Dojo/Dojo/install/robot_perception/lib/pkgconfig/robot_perception.pc'
[3.313s] Level 1:colcon.colcon_core.environment:checking '/root/Dojo/Dojo/install/robot_perception/lib/python3.10/site-packages'
[3.313s] Level 1:colcon.colcon_core.environment:checking '/root/Dojo/Dojo/install/robot_perception/bin'
[3.313s] INFO:colcon.colcon_core.shell:Creating package script '/root/Dojo/Dojo/install/robot_perception/share/robot_perception/package.ps1'
[3.314s] INFO:colcon.colcon_core.shell:Creating package descriptor '/root/Dojo/Dojo/install/robot_perception/share/robot_perception/package.dsv'
[3.315s] INFO:colcon.colcon_core.shell:Creating package script '/root/Dojo/Dojo/install/robot_perception/share/robot_perception/package.sh'
[3.316s] INFO:colcon.colcon_core.shell:Creating package script '/root/Dojo/Dojo/install/robot_perception/share/robot_perception/package.bash'
[3.317s] INFO:colcon.colcon_core.shell:Creating package script '/root/Dojo/Dojo/install/robot_perception/share/robot_perception/package.zsh'
[3.317s] Level 1:colcon.colcon_core.environment:create_file_with_runtime_dependencies(/root/Dojo/Dojo/install/robot_perception/share/colcon-core/packages/robot_perception)
[3.321s] DEBUG:colcon.colcon_core.event_handler.log_command:Invoking command in '/root/Dojo/Dojo/build/ros2arduino_bridge': PYTHONPATH=/root/Dojo/Dojo/build/ros2arduino_bridge/prefix_override:/usr/lib/python3/dist-packages/colcon_core/task/python/colcon_distutils_commands:/root/Dojo/Dojo/install/ros2arduino_bridge/lib/python3.10/site-packages:${PYTHONPATH} /usr/bin/python3 -W ignore:setup.py install is deprecated -W ignore:easy_install command is deprecated setup.py develop --editable --build-directory /root/Dojo/Dojo/build/ros2arduino_bridge/build --no-deps symlink_data
[3.323s] DEBUG:colcon.colcon_core.event_handler.log_command:Invoking command in '/root/Dojo/Dojo/build/robot_sensors': PYTHONPATH=/root/Dojo/Dojo/build/robot_sensors/prefix_override:/usr/lib/python3/dist-packages/colcon_core/task/python/colcon_distutils_commands:/root/Dojo/Dojo/install/robot_sensors/lib/python3.10/site-packages:${PYTHONPATH} /usr/bin/python3 -W ignore:setup.py install is deprecated -W ignore:easy_install command is deprecated setup.py develop --editable --build-directory /root/Dojo/Dojo/build/robot_sensors/build --no-deps symlink_data
[3.327s] DEBUG:colcon.colcon_core.event_handler.log_command:Invoking command in '/root/Dojo/Dojo/build/robot_hardware': PYTHONPATH=/root/Dojo/Dojo/build/robot_hardware/prefix_override:/usr/lib/python3/dist-packages/colcon_core/task/python/colcon_distutils_commands:/root/Dojo/Dojo/install/robot_hardware/lib/python3.10/site-packages:${PYTHONPATH} /usr/bin/python3 -W ignore:setup.py install is deprecated -W ignore:easy_install command is deprecated setup.py develop --editable --build-directory /root/Dojo/Dojo/build/robot_hardware/build --no-deps symlink_data
[3.388s] DEBUG:colcon.colcon_core.event_handler.log_command:Invoking command in '/root/Dojo/Dojo/build/nv21_converter_pkg': PYTHONPATH=/root/Dojo/Dojo/build/nv21_converter_pkg/prefix_override:/usr/lib/python3/dist-packages/colcon_core/task/python/colcon_distutils_commands:/root/Dojo/Dojo/install/nv21_converter_pkg/lib/python3.10/site-packages:${PYTHONPATH} /usr/bin/python3 -W ignore:setup.py install is deprecated -W ignore:easy_install command is deprecated setup.py develop --editable --build-directory /root/Dojo/Dojo/build/nv21_converter_pkg/build --no-deps symlink_data
[3.400s] DEBUG:colcon.colcon_core.event_handler.log_command:Invoking command in '/root/Dojo/Dojo/build/vision_system': PYTHONPATH=/root/Dojo/Dojo/build/vision_system/prefix_override:/usr/lib/python3/dist-packages/colcon_core/task/python/colcon_distutils_commands:/root/Dojo/Dojo/install/vision_system/lib/python3.10/site-packages:${PYTHONPATH} /usr/bin/python3 -W ignore:setup.py install is deprecated -W ignore:easy_install command is deprecated setup.py develop --editable --build-directory /root/Dojo/Dojo/build/vision_system/build --no-deps symlink_data
[3.404s] DEBUG:colcon.colcon_core.event_handler.log_command:Invoking command in '/root/Dojo/Dojo/build/arduino_bridge': PYTHONPATH=/root/Dojo/Dojo/build/arduino_bridge/prefix_override:/usr/lib/python3/dist-packages/colcon_core/task/python/colcon_distutils_commands:/root/Dojo/Dojo/install/arduino_bridge/lib/python3.10/site-packages:${PYTHONPATH} /usr/bin/python3 -W ignore:setup.py install is deprecated -W ignore:easy_install command is deprecated setup.py develop --editable --build-directory /root/Dojo/Dojo/build/arduino_bridge/build --no-deps symlink_data
[4.049s] DEBUG:colcon.colcon_core.event_handler.log_command:Invoked command in '/root/Dojo/Dojo/build/robot_control' returned '0': CMAKE_PREFIX_PATH=${CMAKE_PREFIX_PATH}:/root/Dojo/install/robot_hardware:/opt/ros/humble /usr/bin/cmake /root/Dojo/Dojo/src/robot_control -DCMAKE_BUILD_TYPE=Release -DBUILD_TESTING=OFF -DAMENT_CMAKE_SYMLINK_INSTALL=1 -DCMAKE_INSTALL_PREFIX=/root/Dojo/Dojo/install/robot_control
[4.050s] DEBUG:colcon.colcon_core.event_handler.log_command:Invoking command in '/root/Dojo/Dojo/build/robot_control': CMAKE_PREFIX_PATH=${CMAKE_PREFIX_PATH}:/root/Dojo/install/robot_hardware:/opt/ros/humble /usr/bin/cmake --build /root/Dojo/Dojo/build/robot_control -- -j16 -l16
[4.128s] DEBUG:colcon.colcon_core.event_handler.log_command:Invoked command in '/root/Dojo/Dojo/build/robot_control' returned '0': CMAKE_PREFIX_PATH=${CMAKE_PREFIX_PATH}:/root/Dojo/install/robot_hardware:/opt/ros/humble /usr/bin/cmake --build /root/Dojo/Dojo/build/robot_control -- -j16 -l16
[4.133s] DEBUG:colcon.colcon_core.event_handler.log_command:Invoking command in '/root/Dojo/Dojo/build/robot_control': CMAKE_PREFIX_PATH=${CMAKE_PREFIX_PATH}:/root/Dojo/install/robot_hardware:/opt/ros/humble /usr/bin/cmake --install /root/Dojo/Dojo/build/robot_control
[4.164s] DEBUG:colcon.colcon_core.event_handler.log_command:Invoked command in '/root/Dojo/Dojo/build/robot_description' returned '0': CMAKE_PREFIX_PATH=${CMAKE_PREFIX_PATH}:/root/Dojo/install/robot_hardware:/opt/ros/humble /usr/bin/cmake /root/Dojo/Dojo/src/robot_description -DCMAKE_BUILD_TYPE=Release -DBUILD_TESTING=OFF -DAMENT_CMAKE_SYMLINK_INSTALL=1 -DCMAKE_INSTALL_PREFIX=/root/Dojo/Dojo/install/robot_description
[4.166s] DEBUG:colcon.colcon_core.event_handler.log_command:Invoking command in '/root/Dojo/Dojo/build/robot_description': CMAKE_PREFIX_PATH=${CMAKE_PREFIX_PATH}:/root/Dojo/install/robot_hardware:/opt/ros/humble /usr/bin/cmake --build /root/Dojo/Dojo/build/robot_description -- -j16 -l16
[4.222s] Level 1:colcon.colcon_core.shell:create_environment_hook('ros2arduino_bridge', 'pythonpath_develop')
[4.223s] INFO:colcon.colcon_core.shell:Creating environment hook '/root/Dojo/Dojo/build/ros2arduino_bridge/share/ros2arduino_bridge/hook/pythonpath_develop.ps1'
[4.224s] DEBUG:colcon.colcon_core.event_handler.log_command:Invoked command in '/root/Dojo/Dojo/build/ros2arduino_bridge' returned '0': PYTHONPATH=/root/Dojo/Dojo/build/ros2arduino_bridge/prefix_override:/usr/lib/python3/dist-packages/colcon_core/task/python/colcon_distutils_commands:/root/Dojo/Dojo/install/ros2arduino_bridge/lib/python3.10/site-packages:${PYTHONPATH} /usr/bin/python3 -W ignore:setup.py install is deprecated -W ignore:easy_install command is deprecated setup.py develop --editable --build-directory /root/Dojo/Dojo/build/ros2arduino_bridge/build --no-deps symlink_data
[4.224s] INFO:colcon.colcon_core.shell:Creating environment descriptor '/root/Dojo/Dojo/build/ros2arduino_bridge/share/ros2arduino_bridge/hook/pythonpath_develop.dsv'
[4.224s] INFO:colcon.colcon_core.shell:Creating environment hook '/root/Dojo/Dojo/build/ros2arduino_bridge/share/ros2arduino_bridge/hook/pythonpath_develop.sh'
[4.225s] Level 1:colcon.colcon_core.environment:checking '/root/Dojo/Dojo/install/ros2arduino_bridge' for CMake module files
[4.226s] Level 1:colcon.colcon_core.environment:checking '/root/Dojo/Dojo/install/ros2arduino_bridge' for CMake config files
[4.227s] Level 1:colcon.colcon_core.environment:checking '/root/Dojo/Dojo/install/ros2arduino_bridge/lib'
[4.227s] Level 1:colcon.colcon_core.environment:checking '/root/Dojo/Dojo/install/ros2arduino_bridge/bin'
[4.227s] Level 1:colcon.colcon_core.environment:checking '/root/Dojo/Dojo/install/ros2arduino_bridge/lib/pkgconfig/ros2arduino_bridge.pc'
[4.227s] Level 1:colcon.colcon_core.environment:checking '/root/Dojo/Dojo/install/ros2arduino_bridge/lib/python3.10/site-packages'
[4.227s] Level 1:colcon.colcon_core.shell:create_environment_hook('ros2arduino_bridge', 'pythonpath')
[4.227s] INFO:colcon.colcon_core.shell:Creating environment hook '/root/Dojo/Dojo/install/ros2arduino_bridge/share/ros2arduino_bridge/hook/pythonpath.ps1'
[4.228s] INFO:colcon.colcon_core.shell:Creating environment descriptor '/root/Dojo/Dojo/install/ros2arduino_bridge/share/ros2arduino_bridge/hook/pythonpath.dsv'
[4.228s] INFO:colcon.colcon_core.shell:Creating environment hook '/root/Dojo/Dojo/install/ros2arduino_bridge/share/ros2arduino_bridge/hook/pythonpath.sh'
[4.229s] Level 1:colcon.colcon_core.environment:checking '/root/Dojo/Dojo/install/ros2arduino_bridge/bin'
[4.229s] Level 1:colcon.colcon_core.environment:create_environment_scripts_only(ros2arduino_bridge)
[4.230s] INFO:colcon.colcon_core.shell:Creating package script '/root/Dojo/Dojo/install/ros2arduino_bridge/share/ros2arduino_bridge/package.ps1'
[4.230s] INFO:colcon.colcon_core.shell:Creating package descriptor '/root/Dojo/Dojo/install/ros2arduino_bridge/share/ros2arduino_bridge/package.dsv'
[4.231s] INFO:colcon.colcon_core.shell:Creating package script '/root/Dojo/Dojo/install/ros2arduino_bridge/share/ros2arduino_bridge/package.sh'
[4.232s] INFO:colcon.colcon_core.shell:Creating package script '/root/Dojo/Dojo/install/ros2arduino_bridge/share/ros2arduino_bridge/package.bash'
[4.232s] INFO:colcon.colcon_core.shell:Creating package script '/root/Dojo/Dojo/install/ros2arduino_bridge/share/ros2arduino_bridge/package.zsh'
[4.233s] Level 1:colcon.colcon_core.environment:create_file_with_runtime_dependencies(/root/Dojo/Dojo/install/ros2arduino_bridge/share/colcon-core/packages/ros2arduino_bridge)
[4.240s] DEBUG:colcon.colcon_core.event_handler.log_command:Invoked command in '/root/Dojo/Dojo/build/robot_description' returned '0': CMAKE_PREFIX_PATH=${CMAKE_PREFIX_PATH}:/root/Dojo/install/robot_hardware:/opt/ros/humble /usr/bin/cmake --build /root/Dojo/Dojo/build/robot_description -- -j16 -l16
[4.242s] DEBUG:colcon.colcon_core.event_handler.log_command:Invoking command in '/root/Dojo/Dojo/build/robot_description': CMAKE_PREFIX_PATH=${CMAKE_PREFIX_PATH}:/root/Dojo/install/robot_hardware:/opt/ros/humble /usr/bin/cmake --install /root/Dojo/Dojo/build/robot_description
[4.244s] Level 1:colcon.colcon_core.shell:create_environment_hook('robot_sensors', 'pythonpath_develop')
[4.245s] INFO:colcon.colcon_core.shell:Creating environment hook '/root/Dojo/Dojo/build/robot_sensors/share/robot_sensors/hook/pythonpath_develop.ps1'
[4.246s] DEBUG:colcon.colcon_core.event_handler.log_command:Invoked command in '/root/Dojo/Dojo/build/robot_sensors' returned '0': PYTHONPATH=/root/Dojo/Dojo/build/robot_sensors/prefix_override:/usr/lib/python3/dist-packages/colcon_core/task/python/colcon_distutils_commands:/root/Dojo/Dojo/install/robot_sensors/lib/python3.10/site-packages:${PYTHONPATH} /usr/bin/python3 -W ignore:setup.py install is deprecated -W ignore:easy_install command is deprecated setup.py develop --editable --build-directory /root/Dojo/Dojo/build/robot_sensors/build --no-deps symlink_data
[4.247s] INFO:colcon.colcon_core.shell:Creating environment descriptor '/root/Dojo/Dojo/build/robot_sensors/share/robot_sensors/hook/pythonpath_develop.dsv'
[4.249s] INFO:colcon.colcon_core.shell:Creating environment hook '/root/Dojo/Dojo/build/robot_sensors/share/robot_sensors/hook/pythonpath_develop.sh'
[4.250s] Level 1:colcon.colcon_core.environment:checking '/root/Dojo/Dojo/install/robot_sensors' for CMake module files
[4.251s] Level 1:colcon.colcon_core.environment:checking '/root/Dojo/Dojo/install/robot_sensors' for CMake config files
[4.252s] Level 1:colcon.colcon_core.environment:checking '/root/Dojo/Dojo/install/robot_sensors/lib'
[4.252s] Level 1:colcon.colcon_core.environment:checking '/root/Dojo/Dojo/install/robot_sensors/bin'
[4.252s] Level 1:colcon.colcon_core.environment:checking '/root/Dojo/Dojo/install/robot_sensors/lib/pkgconfig/robot_sensors.pc'
[4.252s] Level 1:colcon.colcon_core.environment:checking '/root/Dojo/Dojo/install/robot_sensors/lib/python3.10/site-packages'
[4.252s] Level 1:colcon.colcon_core.shell:create_environment_hook('robot_sensors', 'pythonpath')
[4.253s] INFO:colcon.colcon_core.shell:Creating environment hook '/root/Dojo/Dojo/install/robot_sensors/share/robot_sensors/hook/pythonpath.ps1'
[4.253s] INFO:colcon.colcon_core.shell:Creating environment descriptor '/root/Dojo/Dojo/install/robot_sensors/share/robot_sensors/hook/pythonpath.dsv'
[4.254s] INFO:colcon.colcon_core.shell:Creating environment hook '/root/Dojo/Dojo/install/robot_sensors/share/robot_sensors/hook/pythonpath.sh'
[4.255s] Level 1:colcon.colcon_core.environment:checking '/root/Dojo/Dojo/install/robot_sensors/bin'
[4.255s] Level 1:colcon.colcon_core.environment:create_environment_scripts_only(robot_sensors)
[4.255s] INFO:colcon.colcon_core.shell:Creating package script '/root/Dojo/Dojo/install/robot_sensors/share/robot_sensors/package.ps1'
[4.256s] INFO:colcon.colcon_core.shell:Creating package descriptor '/root/Dojo/Dojo/install/robot_sensors/share/robot_sensors/package.dsv'
[4.256s] INFO:colcon.colcon_core.shell:Creating package script '/root/Dojo/Dojo/install/robot_sensors/share/robot_sensors/package.sh'
[4.257s] INFO:colcon.colcon_core.shell:Creating package script '/root/Dojo/Dojo/install/robot_sensors/share/robot_sensors/package.bash'
[4.257s] INFO:colcon.colcon_core.shell:Creating package script '/root/Dojo/Dojo/install/robot_sensors/share/robot_sensors/package.zsh'
[4.257s] Level 1:colcon.colcon_core.environment:create_file_with_runtime_dependencies(/root/Dojo/Dojo/install/robot_sensors/share/colcon-core/packages/robot_sensors)
[4.301s] Level 1:colcon.colcon_core.shell:create_environment_hook('robot_hardware', 'pythonpath_develop')
[4.302s] INFO:colcon.colcon_core.shell:Creating environment hook '/root/Dojo/Dojo/build/robot_hardware/share/robot_hardware/hook/pythonpath_develop.ps1'
[4.302s] DEBUG:colcon.colcon_core.event_handler.log_command:Invoked command in '/root/Dojo/Dojo/build/robot_hardware' returned '0': PYTHONPATH=/root/Dojo/Dojo/build/robot_hardware/prefix_override:/usr/lib/python3/dist-packages/colcon_core/task/python/colcon_distutils_commands:/root/Dojo/Dojo/install/robot_hardware/lib/python3.10/site-packages:${PYTHONPATH} /usr/bin/python3 -W ignore:setup.py install is deprecated -W ignore:easy_install command is deprecated setup.py develop --editable --build-directory /root/Dojo/Dojo/build/robot_hardware/build --no-deps symlink_data
[4.303s] INFO:colcon.colcon_core.shell:Creating environment descriptor '/root/Dojo/Dojo/build/robot_hardware/share/robot_hardware/hook/pythonpath_develop.dsv'
[4.303s] INFO:colcon.colcon_core.shell:Creating environment hook '/root/Dojo/Dojo/build/robot_hardware/share/robot_hardware/hook/pythonpath_develop.sh'
[4.304s] Level 1:colcon.colcon_core.environment:checking '/root/Dojo/Dojo/install/robot_hardware' for CMake module files
[4.305s] Level 1:colcon.colcon_core.environment:checking '/root/Dojo/Dojo/install/robot_hardware' for CMake config files
[4.306s] Level 1:colcon.colcon_core.environment:checking '/root/Dojo/Dojo/install/robot_hardware/lib'
[4.306s] Level 1:colcon.colcon_core.environment:checking '/root/Dojo/Dojo/install/robot_hardware/bin'
[4.306s] Level 1:colcon.colcon_core.environment:checking '/root/Dojo/Dojo/install/robot_hardware/lib/pkgconfig/robot_hardware.pc'
[4.306s] Level 1:colcon.colcon_core.environment:checking '/root/Dojo/Dojo/install/robot_hardware/lib/python3.10/site-packages'
[4.306s] Level 1:colcon.colcon_core.shell:create_environment_hook('robot_hardware', 'pythonpath')
[4.306s] INFO:colcon.colcon_core.shell:Creating environment hook '/root/Dojo/Dojo/install/robot_hardware/share/robot_hardware/hook/pythonpath.ps1'
[4.307s] INFO:colcon.colcon_core.shell:Creating environment descriptor '/root/Dojo/Dojo/install/robot_hardware/share/robot_hardware/hook/pythonpath.dsv'
[4.307s] INFO:colcon.colcon_core.shell:Creating environment hook '/root/Dojo/Dojo/install/robot_hardware/share/robot_hardware/hook/pythonpath.sh'
[4.308s] Level 1:colcon.colcon_core.environment:checking '/root/Dojo/Dojo/install/robot_hardware/bin'
[4.308s] Level 1:colcon.colcon_core.environment:create_environment_scripts_only(robot_hardware)
[4.308s] INFO:colcon.colcon_core.shell:Creating package script '/root/Dojo/Dojo/install/robot_hardware/share/robot_hardware/package.ps1'
[4.309s] INFO:colcon.colcon_core.shell:Creating package descriptor '/root/Dojo/Dojo/install/robot_hardware/share/robot_hardware/package.dsv'
[4.310s] INFO:colcon.colcon_core.shell:Creating package script '/root/Dojo/Dojo/install/robot_hardware/share/robot_hardware/package.sh'
[4.310s] INFO:colcon.colcon_core.shell:Creating package script '/root/Dojo/Dojo/install/robot_hardware/share/robot_hardware/package.bash'
[4.311s] INFO:colcon.colcon_core.shell:Creating package script '/root/Dojo/Dojo/install/robot_hardware/share/robot_hardware/package.zsh'
[4.311s] Level 1:colcon.colcon_core.environment:create_file_with_runtime_dependencies(/root/Dojo/Dojo/install/robot_hardware/share/colcon-core/packages/robot_hardware)
[4.328s] Level 1:colcon.colcon_core.shell:create_environment_hook('nv21_converter_pkg', 'pythonpath_develop')
[4.328s] INFO:colcon.colcon_core.shell:Creating environment hook '/root/Dojo/Dojo/build/nv21_converter_pkg/share/nv21_converter_pkg/hook/pythonpath_develop.ps1'
[4.329s] DEBUG:colcon.colcon_core.event_handler.log_command:Invoked command in '/root/Dojo/Dojo/build/nv21_converter_pkg' returned '0': PYTHONPATH=/root/Dojo/Dojo/build/nv21_converter_pkg/prefix_override:/usr/lib/python3/dist-packages/colcon_core/task/python/colcon_distutils_commands:/root/Dojo/Dojo/install/nv21_converter_pkg/lib/python3.10/site-packages:${PYTHONPATH} /usr/bin/python3 -W ignore:setup.py install is deprecated -W ignore:easy_install command is deprecated setup.py develop --editable --build-directory /root/Dojo/Dojo/build/nv21_converter_pkg/build --no-deps symlink_data
[4.330s] INFO:colcon.colcon_core.shell:Creating environment descriptor '/root/Dojo/Dojo/build/nv21_converter_pkg/share/nv21_converter_pkg/hook/pythonpath_develop.dsv'
[4.331s] INFO:colcon.colcon_core.shell:Creating environment hook '/root/Dojo/Dojo/build/nv21_converter_pkg/share/nv21_converter_pkg/hook/pythonpath_develop.sh'
[4.332s] Level 1:colcon.colcon_core.environment:checking '/root/Dojo/Dojo/install/nv21_converter_pkg' for CMake module files
[4.332s] Level 1:colcon.colcon_core.environment:checking '/root/Dojo/Dojo/install/nv21_converter_pkg' for CMake config files
[4.333s] Level 1:colcon.colcon_core.environment:checking '/root/Dojo/Dojo/install/nv21_converter_pkg/lib'
[4.333s] Level 1:colcon.colcon_core.environment:checking '/root/Dojo/Dojo/install/nv21_converter_pkg/bin'
[4.333s] Level 1:colcon.colcon_core.environment:checking '/root/Dojo/Dojo/install/nv21_converter_pkg/lib/pkgconfig/nv21_converter_pkg.pc'
[4.333s] Level 1:colcon.colcon_core.environment:checking '/root/Dojo/Dojo/install/nv21_converter_pkg/lib/python3.10/site-packages'
[4.333s] Level 1:colcon.colcon_core.shell:create_environment_hook('nv21_converter_pkg', 'pythonpath')
[4.334s] INFO:colcon.colcon_core.shell:Creating environment hook '/root/Dojo/Dojo/install/nv21_converter_pkg/share/nv21_converter_pkg/hook/pythonpath.ps1'
[4.334s] INFO:colcon.colcon_core.shell:Creating environment descriptor '/root/Dojo/Dojo/install/nv21_converter_pkg/share/nv21_converter_pkg/hook/pythonpath.dsv'
[4.335s] INFO:colcon.colcon_core.shell:Creating environment hook '/root/Dojo/Dojo/install/nv21_converter_pkg/share/nv21_converter_pkg/hook/pythonpath.sh'
[4.336s] Level 1:colcon.colcon_core.environment:checking '/root/Dojo/Dojo/install/nv21_converter_pkg/bin'
[4.336s] Level 1:colcon.colcon_core.environment:create_environment_scripts_only(nv21_converter_pkg)
[4.336s] INFO:colcon.colcon_core.shell:Creating package script '/root/Dojo/Dojo/install/nv21_converter_pkg/share/nv21_converter_pkg/package.ps1'
[4.337s] INFO:colcon.colcon_core.shell:Creating package descriptor '/root/Dojo/Dojo/install/nv21_converter_pkg/share/nv21_converter_pkg/package.dsv'
[4.337s] INFO:colcon.colcon_core.shell:Creating package script '/root/Dojo/Dojo/install/nv21_converter_pkg/share/nv21_converter_pkg/package.sh'
[4.338s] INFO:colcon.colcon_core.shell:Creating package script '/root/Dojo/Dojo/install/nv21_converter_pkg/share/nv21_converter_pkg/package.bash'
[4.338s] INFO:colcon.colcon_core.shell:Creating package script '/root/Dojo/Dojo/install/nv21_converter_pkg/share/nv21_converter_pkg/package.zsh'
[4.339s] Level 1:colcon.colcon_core.environment:create_file_with_runtime_dependencies(/root/Dojo/Dojo/install/nv21_converter_pkg/share/colcon-core/packages/nv21_converter_pkg)
[4.344s] Level 1:colcon.colcon_core.shell:create_environment_hook('vision_system', 'pythonpath_develop')
[4.345s] INFO:colcon.colcon_core.shell:Creating environment hook '/root/Dojo/Dojo/build/vision_system/share/vision_system/hook/pythonpath_develop.ps1'
[4.345s] DEBUG:colcon.colcon_core.event_handler.log_command:Invoked command in '/root/Dojo/Dojo/build/vision_system' returned '0': PYTHONPATH=/root/Dojo/Dojo/build/vision_system/prefix_override:/usr/lib/python3/dist-packages/colcon_core/task/python/colcon_distutils_commands:/root/Dojo/Dojo/install/vision_system/lib/python3.10/site-packages:${PYTHONPATH} /usr/bin/python3 -W ignore:setup.py install is deprecated -W ignore:easy_install command is deprecated setup.py develop --editable --build-directory /root/Dojo/Dojo/build/vision_system/build --no-deps symlink_data
[4.346s] INFO:colcon.colcon_core.shell:Creating environment descriptor '/root/Dojo/Dojo/build/vision_system/share/vision_system/hook/pythonpath_develop.dsv'
[4.347s] INFO:colcon.colcon_core.shell:Creating environment hook '/root/Dojo/Dojo/build/vision_system/share/vision_system/hook/pythonpath_develop.sh'
[4.348s] Level 1:colcon.colcon_core.environment:checking '/root/Dojo/Dojo/install/vision_system' for CMake module files
[4.348s] Level 1:colcon.colcon_core.environment:checking '/root/Dojo/Dojo/install/vision_system' for CMake config files
[4.349s] Level 1:colcon.colcon_core.environment:checking '/root/Dojo/Dojo/install/vision_system/lib'
[4.349s] Level 1:colcon.colcon_core.environment:checking '/root/Dojo/Dojo/install/vision_system/bin'
[4.349s] Level 1:colcon.colcon_core.environment:checking '/root/Dojo/Dojo/install/vision_system/lib/pkgconfig/vision_system.pc'
[4.349s] Level 1:colcon.colcon_core.environment:checking '/root/Dojo/Dojo/install/vision_system/lib/python3.10/site-packages'
[4.349s] Level 1:colcon.colcon_core.shell:create_environment_hook('vision_system', 'pythonpath')
[4.350s] INFO:colcon.colcon_core.shell:Creating environment hook '/root/Dojo/Dojo/install/vision_system/share/vision_system/hook/pythonpath.ps1'
[4.350s] INFO:colcon.colcon_core.shell:Creating environment descriptor '/root/Dojo/Dojo/install/vision_system/share/vision_system/hook/pythonpath.dsv'
[4.350s] INFO:colcon.colcon_core.shell:Creating environment hook '/root/Dojo/Dojo/install/vision_system/share/vision_system/hook/pythonpath.sh'
[4.351s] Level 1:colcon.colcon_core.environment:checking '/root/Dojo/Dojo/install/vision_system/bin'
[4.351s] Level 1:colcon.colcon_core.environment:create_environment_scripts_only(vision_system)
[4.351s] INFO:colcon.colcon_core.shell:Creating package script '/root/Dojo/Dojo/install/vision_system/share/vision_system/package.ps1'
[4.352s] INFO:colcon.colcon_core.shell:Creating package descriptor '/root/Dojo/Dojo/install/vision_system/share/vision_system/package.dsv'
[4.352s] INFO:colcon.colcon_core.shell:Creating package script '/root/Dojo/Dojo/install/vision_system/share/vision_system/package.sh'
[4.352s] INFO:colcon.colcon_core.shell:Creating package script '/root/Dojo/Dojo/install/vision_system/share/vision_system/package.bash'
[4.353s] INFO:colcon.colcon_core.shell:Creating package script '/root/Dojo/Dojo/install/vision_system/share/vision_system/package.zsh'
[4.353s] Level 1:colcon.colcon_core.environment:create_file_with_runtime_dependencies(/root/Dojo/Dojo/install/vision_system/share/colcon-core/packages/vision_system)
[4.356s] Level 1:colcon.colcon_core.shell:create_environment_hook('arduino_bridge', 'pythonpath_develop')
[4.357s] INFO:colcon.colcon_core.shell:Creating environment hook '/root/Dojo/Dojo/build/arduino_bridge/share/arduino_bridge/hook/pythonpath_develop.ps1'
[4.357s] DEBUG:colcon.colcon_core.event_handler.log_command:Invoked command in '/root/Dojo/Dojo/build/arduino_bridge' returned '0': PYTHONPATH=/root/Dojo/Dojo/build/arduino_bridge/prefix_override:/usr/lib/python3/dist-packages/colcon_core/task/python/colcon_distutils_commands:/root/Dojo/Dojo/install/arduino_bridge/lib/python3.10/site-packages:${PYTHONPATH} /usr/bin/python3 -W ignore:setup.py install is deprecated -W ignore:easy_install command is deprecated setup.py develop --editable --build-directory /root/Dojo/Dojo/build/arduino_bridge/build --no-deps symlink_data
[4.357s] INFO:colcon.colcon_core.shell:Creating environment descriptor '/root/Dojo/Dojo/build/arduino_bridge/share/arduino_bridge/hook/pythonpath_develop.dsv'
[4.358s] INFO:colcon.colcon_core.shell:Creating environment hook '/root/Dojo/Dojo/build/arduino_bridge/share/arduino_bridge/hook/pythonpath_develop.sh'
[4.358s] Level 1:colcon.colcon_core.environment:checking '/root/Dojo/Dojo/install/arduino_bridge' for CMake module files
[4.358s] Level 1:colcon.colcon_core.environment:checking '/root/Dojo/Dojo/install/arduino_bridge' for CMake config files
[4.359s] Level 1:colcon.colcon_core.environment:checking '/root/Dojo/Dojo/install/arduino_bridge/lib'
[4.359s] Level 1:colcon.colcon_core.environment:checking '/root/Dojo/Dojo/install/arduino_bridge/bin'
[4.359s] Level 1:colcon.colcon_core.environment:checking '/root/Dojo/Dojo/install/arduino_bridge/lib/pkgconfig/arduino_bridge.pc'
[4.360s] Level 1:colcon.colcon_core.environment:checking '/root/Dojo/Dojo/install/arduino_bridge/lib/python3.10/site-packages'
[4.360s] Level 1:colcon.colcon_core.shell:create_environment_hook('arduino_bridge', 'pythonpath')
[4.360s] INFO:colcon.colcon_core.shell:Creating environment hook '/root/Dojo/Dojo/install/arduino_bridge/share/arduino_bridge/hook/pythonpath.ps1'
[4.360s] INFO:colcon.colcon_core.shell:Creating environment descriptor '/root/Dojo/Dojo/install/arduino_bridge/share/arduino_bridge/hook/pythonpath.dsv'
[4.361s] INFO:colcon.colcon_core.shell:Creating environment hook '/root/Dojo/Dojo/install/arduino_bridge/share/arduino_bridge/hook/pythonpath.sh'
[4.361s] Level 1:colcon.colcon_core.environment:checking '/root/Dojo/Dojo/install/arduino_bridge/bin'
[4.361s] Level 1:colcon.colcon_core.environment:create_environment_scripts_only(arduino_bridge)
[4.362s] INFO:colcon.colcon_core.shell:Creating package script '/root/Dojo/Dojo/install/arduino_bridge/share/arduino_bridge/package.ps1'
[4.362s] INFO:colcon.colcon_core.shell:Creating package descriptor '/root/Dojo/Dojo/install/arduino_bridge/share/arduino_bridge/package.dsv'
[4.363s] INFO:colcon.colcon_core.shell:Creating package script '/root/Dojo/Dojo/install/arduino_bridge/share/arduino_bridge/package.sh'
[4.363s] INFO:colcon.colcon_core.shell:Creating package script '/root/Dojo/Dojo/install/arduino_bridge/share/arduino_bridge/package.bash'
[4.363s] INFO:colcon.colcon_core.shell:Creating package script '/root/Dojo/Dojo/install/arduino_bridge/share/arduino_bridge/package.zsh'
[4.364s] Level 1:colcon.colcon_core.environment:create_file_with_runtime_dependencies(/root/Dojo/Dojo/install/arduino_bridge/share/colcon-core/packages/arduino_bridge)
[4.417s] Level 1:colcon.colcon_core.environment:create_environment_scripts_only(robot_control)
[4.417s] DEBUG:colcon.colcon_core.event_handler.log_command:Invoked command in '/root/Dojo/Dojo/build/robot_control' returned '0': CMAKE_PREFIX_PATH=${CMAKE_PREFIX_PATH}:/root/Dojo/install/robot_hardware:/opt/ros/humble /usr/bin/cmake --install /root/Dojo/Dojo/build/robot_control
[4.417s] Level 1:colcon.colcon_core.environment:checking '/root/Dojo/Dojo/install/robot_control' for CMake module files
[4.418s] Level 1:colcon.colcon_core.environment:checking '/root/Dojo/Dojo/install/robot_control' for CMake config files
[4.418s] Level 1:colcon.colcon_core.shell:create_environment_hook('robot_control', 'cmake_prefix_path')
[4.418s] INFO:colcon.colcon_core.shell:Creating environment hook '/root/Dojo/Dojo/install/robot_control/share/robot_control/hook/cmake_prefix_path.ps1'
[4.418s] INFO:colcon.colcon_core.shell:Creating environment descriptor '/root/Dojo/Dojo/install/robot_control/share/robot_control/hook/cmake_prefix_path.dsv'
[4.419s] INFO:colcon.colcon_core.shell:Creating environment hook '/root/Dojo/Dojo/install/robot_control/share/robot_control/hook/cmake_prefix_path.sh'
[4.419s] Level 1:colcon.colcon_core.environment:checking '/root/Dojo/Dojo/install/robot_control/bin'
[4.419s] Level 1:colcon.colcon_core.environment:checking '/root/Dojo/Dojo/install/robot_control/lib/pkgconfig/robot_control.pc'
[4.419s] Level 1:colcon.colcon_core.environment:checking '/root/Dojo/Dojo/install/robot_control/lib/python3.10/site-packages'
[4.420s] Level 1:colcon.colcon_core.environment:checking '/root/Dojo/Dojo/install/robot_control/bin'
[4.420s] INFO:colcon.colcon_core.shell:Creating package script '/root/Dojo/Dojo/install/robot_control/share/robot_control/package.ps1'
[4.420s] INFO:colcon.colcon_core.shell:Creating package descriptor '/root/Dojo/Dojo/install/robot_control/share/robot_control/package.dsv'
[4.421s] INFO:colcon.colcon_core.shell:Creating package script '/root/Dojo/Dojo/install/robot_control/share/robot_control/package.sh'
[4.421s] INFO:colcon.colcon_core.shell:Creating package script '/root/Dojo/Dojo/install/robot_control/share/robot_control/package.bash'
[4.421s] INFO:colcon.colcon_core.shell:Creating package script '/root/Dojo/Dojo/install/robot_control/share/robot_control/package.zsh'
[4.422s] Level 1:colcon.colcon_core.environment:create_file_with_runtime_dependencies(/root/Dojo/Dojo/install/robot_control/share/colcon-core/packages/robot_control)
[4.422s] Level 1:colcon.colcon_core.environment:create_environment_scripts_only(robot_control)
[4.422s] Level 1:colcon.colcon_core.environment:checking '/root/Dojo/Dojo/install/robot_control' for CMake module files
[4.423s] Level 1:colcon.colcon_core.environment:checking '/root/Dojo/Dojo/install/robot_control' for CMake config files
[4.423s] Level 1:colcon.colcon_core.shell:create_environment_hook('robot_control', 'cmake_prefix_path')
[4.423s] INFO:colcon.colcon_core.shell:Creating environment hook '/root/Dojo/Dojo/install/robot_control/share/robot_control/hook/cmake_prefix_path.ps1'
[4.423s] INFO:colcon.colcon_core.shell:Creating environment descriptor '/root/Dojo/Dojo/install/robot_control/share/robot_control/hook/cmake_prefix_path.dsv'
[4.424s] INFO:colcon.colcon_core.shell:Creating environment hook '/root/Dojo/Dojo/install/robot_control/share/robot_control/hook/cmake_prefix_path.sh'
[4.424s] Level 1:colcon.colcon_core.environment:checking '/root/Dojo/Dojo/install/robot_control/bin'
[4.424s] Level 1:colcon.colcon_core.environment:checking '/root/Dojo/Dojo/install/robot_control/lib/pkgconfig/robot_control.pc'
[4.425s] Level 1:colcon.colcon_core.environment:checking '/root/Dojo/Dojo/install/robot_control/lib/python3.10/site-packages'
[4.425s] Level 1:colcon.colcon_core.environment:checking '/root/Dojo/Dojo/install/robot_control/bin'
[4.425s] INFO:colcon.colcon_core.shell:Creating package script '/root/Dojo/Dojo/install/robot_control/share/robot_control/package.ps1'
[4.425s] INFO:colcon.colcon_core.shell:Creating package descriptor '/root/Dojo/Dojo/install/robot_control/share/robot_control/package.dsv'
[4.426s] INFO:colcon.colcon_core.shell:Creating package script '/root/Dojo/Dojo/install/robot_control/share/robot_control/package.sh'
[4.426s] INFO:colcon.colcon_core.shell:Creating package script '/root/Dojo/Dojo/install/robot_control/share/robot_control/package.bash'
[4.426s] INFO:colcon.colcon_core.shell:Creating package script '/root/Dojo/Dojo/install/robot_control/share/robot_control/package.zsh'
[4.427s] Level 1:colcon.colcon_core.environment:create_file_with_runtime_dependencies(/root/Dojo/Dojo/install/robot_control/share/colcon-core/packages/robot_control)
[4.566s] DEBUG:colcon.colcon_core.event_handler.log_command:Invoked command in '/root/Dojo/Dojo/build/robot_interfaces' returned '0': CMAKE_PREFIX_PATH=${CMAKE_PREFIX_PATH}:/root/Dojo/install/robot_hardware:/opt/ros/humble /usr/bin/cmake /root/Dojo/Dojo/src/robot_interfaces -DCMAKE_BUILD_TYPE=Release -DBUILD_TESTING=OFF -DAMENT_CMAKE_SYMLINK_INSTALL=1 -DCMAKE_INSTALL_PREFIX=/root/Dojo/Dojo/install/robot_interfaces
[4.568s] DEBUG:colcon.colcon_core.event_handler.log_command:Invoking command in '/root/Dojo/Dojo/build/robot_interfaces': CMAKE_PREFIX_PATH=${CMAKE_PREFIX_PATH}:/root/Dojo/install/robot_hardware:/opt/ros/humble /usr/bin/cmake --build /root/Dojo/Dojo/build/robot_interfaces -- -j16 -l16
[4.608s] Level 1:colcon.colcon_core.environment:create_environment_scripts_only(robot_description)
[4.608s] DEBUG:colcon.colcon_core.event_handler.log_command:Invoked command in '/root/Dojo/Dojo/build/robot_description' returned '0': CMAKE_PREFIX_PATH=${CMAKE_PREFIX_PATH}:/root/Dojo/install/robot_hardware:/opt/ros/humble /usr/bin/cmake --install /root/Dojo/Dojo/build/robot_description
[4.608s] Level 1:colcon.colcon_core.environment:checking '/root/Dojo/Dojo/install/robot_description' for CMake module files
[4.609s] Level 1:colcon.colcon_core.environment:checking '/root/Dojo/Dojo/install/robot_description' for CMake config files
[4.609s] Level 1:colcon.colcon_core.shell:create_environment_hook('robot_description', 'cmake_prefix_path')
[4.610s] INFO:colcon.colcon_core.shell:Creating environment hook '/root/Dojo/Dojo/install/robot_description/share/robot_description/hook/cmake_prefix_path.ps1'
[4.610s] INFO:colcon.colcon_core.shell:Creating environment descriptor '/root/Dojo/Dojo/install/robot_description/share/robot_description/hook/cmake_prefix_path.dsv'
[4.611s] INFO:colcon.colcon_core.shell:Creating environment hook '/root/Dojo/Dojo/install/robot_description/share/robot_description/hook/cmake_prefix_path.sh'
[4.612s] Level 1:colcon.colcon_core.environment:checking '/root/Dojo/Dojo/install/robot_description/lib'
[4.612s] Level 1:colcon.colcon_core.environment:checking '/root/Dojo/Dojo/install/robot_description/bin'
[4.612s] Level 1:colcon.colcon_core.environment:checking '/root/Dojo/Dojo/install/robot_description/lib/pkgconfig/robot_description.pc'
[4.612s] Level 1:colcon.colcon_core.environment:checking '/root/Dojo/Dojo/install/robot_description/lib/python3.10/site-packages'
[4.612s] Level 1:colcon.colcon_core.shell:create_environment_hook('robot_description', 'pythonpath')
[4.612s] INFO:colcon.colcon_core.shell:Creating environment hook '/root/Dojo/Dojo/install/robot_description/share/robot_description/hook/pythonpath.ps1'
[4.613s] INFO:colcon.colcon_core.shell:Creating environment descriptor '/root/Dojo/Dojo/install/robot_description/share/robot_description/hook/pythonpath.dsv'
[4.613s] INFO:colcon.colcon_core.shell:Creating environment hook '/root/Dojo/Dojo/install/robot_description/share/robot_description/hook/pythonpath.sh'
[4.613s] Level 1:colcon.colcon_core.environment:checking '/root/Dojo/Dojo/install/robot_description/bin'
[4.614s] INFO:colcon.colcon_core.shell:Creating package script '/root/Dojo/Dojo/install/robot_description/share/robot_description/package.ps1'
[4.614s] INFO:colcon.colcon_core.shell:Creating package descriptor '/root/Dojo/Dojo/install/robot_description/share/robot_description/package.dsv'
[4.615s] INFO:colcon.colcon_core.shell:Creating package script '/root/Dojo/Dojo/install/robot_description/share/robot_description/package.sh'
[4.615s] INFO:colcon.colcon_core.shell:Creating package script '/root/Dojo/Dojo/install/robot_description/share/robot_description/package.bash'
[4.615s] INFO:colcon.colcon_core.shell:Creating package script '/root/Dojo/Dojo/install/robot_description/share/robot_description/package.zsh'
[4.615s] Level 1:colcon.colcon_core.environment:create_file_with_runtime_dependencies(/root/Dojo/Dojo/install/robot_description/share/colcon-core/packages/robot_description)
[4.616s] Level 1:colcon.colcon_core.environment:create_environment_scripts_only(robot_description)
[4.616s] Level 1:colcon.colcon_core.environment:checking '/root/Dojo/Dojo/install/robot_description' for CMake module files
[4.617s] Level 1:colcon.colcon_core.environment:checking '/root/Dojo/Dojo/install/robot_description' for CMake config files
[4.617s] Level 1:colcon.colcon_core.shell:create_environment_hook('robot_description', 'cmake_prefix_path')
[4.617s] INFO:colcon.colcon_core.shell:Creating environment hook '/root/Dojo/Dojo/install/robot_description/share/robot_description/hook/cmake_prefix_path.ps1'
[4.618s] INFO:colcon.colcon_core.shell:Creating environment descriptor '/root/Dojo/Dojo/install/robot_description/share/robot_description/hook/cmake_prefix_path.dsv'
[4.618s] INFO:colcon.colcon_core.shell:Creating environment hook '/root/Dojo/Dojo/install/robot_description/share/robot_description/hook/cmake_prefix_path.sh'
[4.618s] Level 1:colcon.colcon_core.environment:checking '/root/Dojo/Dojo/install/robot_description/lib'
[4.618s] Level 1:colcon.colcon_core.environment:checking '/root/Dojo/Dojo/install/robot_description/bin'
[4.618s] Level 1:colcon.colcon_core.environment:checking '/root/Dojo/Dojo/install/robot_description/lib/pkgconfig/robot_description.pc'
[4.619s] Level 1:colcon.colcon_core.environment:checking '/root/Dojo/Dojo/install/robot_description/lib/python3.10/site-packages'
[4.619s] Level 1:colcon.colcon_core.shell:create_environment_hook('robot_description', 'pythonpath')
[4.619s] INFO:colcon.colcon_core.shell:Creating environment hook '/root/Dojo/Dojo/install/robot_description/share/robot_description/hook/pythonpath.ps1'
[4.619s] INFO:colcon.colcon_core.shell:Creating environment descriptor '/root/Dojo/Dojo/install/robot_description/share/robot_description/hook/pythonpath.dsv'
[4.620s] INFO:colcon.colcon_core.shell:Creating environment hook '/root/Dojo/Dojo/install/robot_description/share/robot_description/hook/pythonpath.sh'
[4.620s] Level 1:colcon.colcon_core.environment:checking '/root/Dojo/Dojo/install/robot_description/bin'
[4.620s] INFO:colcon.colcon_core.shell:Creating package script '/root/Dojo/Dojo/install/robot_description/share/robot_description/package.ps1'
[4.621s] INFO:colcon.colcon_core.shell:Creating package descriptor '/root/Dojo/Dojo/install/robot_description/share/robot_description/package.dsv'
[4.621s] INFO:colcon.colcon_core.shell:Creating package script '/root/Dojo/Dojo/install/robot_description/share/robot_description/package.sh'
[4.622s] INFO:colcon.colcon_core.shell:Creating package script '/root/Dojo/Dojo/install/robot_description/share/robot_description/package.bash'
[4.623s] INFO:colcon.colcon_core.shell:Creating package script '/root/Dojo/Dojo/install/robot_description/share/robot_description/package.zsh'
[4.623s] Level 1:colcon.colcon_core.environment:create_file_with_runtime_dependencies(/root/Dojo/Dojo/install/robot_description/share/colcon-core/packages/robot_description)
[4.623s] INFO:colcon.colcon_ros.task.ament_cmake.build:Building ROS package in '/root/Dojo/Dojo/src/robot_navigation' with build type 'ament_cmake'
[4.623s] INFO:colcon.colcon_cmake.task.cmake.build:Building CMake package in '/root/Dojo/Dojo/src/robot_navigation'
[4.623s] INFO:colcon.colcon_core.shell:Skip shell extension 'powershell' for command environment: Not usable outside of PowerShell
[4.624s] DEBUG:colcon.colcon_core.shell:Skip shell extension 'dsv' for command environment
[4.628s] INFO:colcon.colcon_ros.task.ament_cmake.build:Building ROS package in '/root/Dojo/Dojo/src/robot_gazebo' with build type 'ament_cmake'
[4.629s] INFO:colcon.colcon_cmake.task.cmake.build:Building CMake package in '/root/Dojo/Dojo/src/robot_gazebo'
[4.629s] INFO:colcon.colcon_core.shell:Skip shell extension 'powershell' for command environment: Not usable outside of PowerShell
[4.629s] DEBUG:colcon.colcon_core.shell:Skip shell extension 'dsv' for command environment
[4.634s] INFO:colcon.colcon_ros.task.ament_python.build:Building ROS package in '/root/Dojo/Dojo/src/robot_launch' with build type 'ament_python'
[4.634s] Level 1:colcon.colcon_core.shell:create_environment_hook('robot_launch', 'ament_prefix_path')
[4.634s] INFO:colcon.colcon_core.shell:Creating environment hook '/root/Dojo/Dojo/install/robot_launch/share/robot_launch/hook/ament_prefix_path.ps1'
[4.635s] INFO:colcon.colcon_core.shell:Creating environment descriptor '/root/Dojo/Dojo/install/robot_launch/share/robot_launch/hook/ament_prefix_path.dsv'
[4.635s] INFO:colcon.colcon_core.shell:Creating environment hook '/root/Dojo/Dojo/install/robot_launch/share/robot_launch/hook/ament_prefix_path.sh'
[4.636s] INFO:colcon.colcon_core.shell:Skip shell extension 'powershell' for command environment: Not usable outside of PowerShell
[4.636s] DEBUG:colcon.colcon_core.shell:Skip shell extension 'dsv' for command environment
[4.644s] DEBUG:colcon.colcon_core.event_handler.log_command:Invoking command in '/root/Dojo/Dojo/build/robot_navigation': AMENT_PREFIX_PATH=/root/Dojo/Dojo/install/robot_description:/root/Dojo/Dojo/install/robot_control:${AMENT_PREFIX_PATH} CMAKE_PREFIX_PATH=/root/Dojo/Dojo/install/robot_description:/root/Dojo/Dojo/install/robot_control:/root/Dojo/install/robot_perception:/root/Dojo/install/robot_hardware:/opt/ros/humble PYTHONPATH=/root/Dojo/Dojo/install/robot_description/lib/python3.10/site-packages:${PYTHONPATH} /usr/bin/cmake /root/Dojo/Dojo/src/robot_navigation -DCMAKE_BUILD_TYPE=Release -DBUILD_TESTING=OFF -DAMENT_CMAKE_SYMLINK_INSTALL=1 -DCMAKE_INSTALL_PREFIX=/root/Dojo/Dojo/install/robot_navigation
[4.648s] DEBUG:colcon.colcon_core.event_handler.log_command:Invoking command in '/root/Dojo/Dojo/build/robot_gazebo': AMENT_PREFIX_PATH=/root/Dojo/Dojo/install/robot_description:/root/Dojo/Dojo/install/robot_control:${AMENT_PREFIX_PATH} CMAKE_PREFIX_PATH=/root/Dojo/Dojo/install/robot_description:/root/Dojo/Dojo/install/robot_control:/root/Dojo/install/robot_perception:/root/Dojo/install/robot_hardware:/opt/ros/humble PYTHONPATH=/root/Dojo/Dojo/install/robot_description/lib/python3.10/site-packages:${PYTHONPATH} /usr/bin/cmake /root/Dojo/Dojo/src/robot_gazebo -DCMAKE_BUILD_TYPE=Release -DBUILD_TESTING=OFF -DAMENT_CMAKE_SYMLINK_INSTALL=1 -DCMAKE_INSTALL_PREFIX=/root/Dojo/Dojo/install/robot_gazebo
[5.071s] INFO:colcon.colcon_core.task.python.build:Building Python package in '/root/Dojo/Dojo/src/robot_launch'
[5.072s] INFO:colcon.colcon_core.shell:Skip shell extension 'powershell' for command environment: Not usable outside of PowerShell
[5.072s] DEBUG:colcon.colcon_core.shell:Skip shell extension 'dsv' for command environment
[5.830s] DEBUG:colcon.colcon_core.event_handler.log_command:Invoking command in '/root/Dojo/Dojo/build/robot_launch': AMENT_PREFIX_PATH=/root/Dojo/Dojo/install/robot_description:/root/Dojo/Dojo/install/robot_control:${AMENT_PREFIX_PATH} CMAKE_PREFIX_PATH=/root/Dojo/Dojo/install/robot_description:/root/Dojo/Dojo/install/robot_control:${CMAKE_PREFIX_PATH} PYTHONPATH=/root/Dojo/Dojo/build/robot_launch/prefix_override:/usr/lib/python3/dist-packages/colcon_core/task/python/colcon_distutils_commands:/root/Dojo/Dojo/install/robot_launch/lib/python3.10/site-packages:/root/Dojo/Dojo/install/robot_description/lib/python3.10/site-packages:${PYTHONPATH} /usr/bin/python3 -W ignore:setup.py install is deprecated -W ignore:easy_install command is deprecated setup.py develop --editable --build-directory /root/Dojo/Dojo/build/robot_launch/build --no-deps symlink_data
[6.767s] Level 1:colcon.colcon_core.shell:create_environment_hook('robot_launch', 'pythonpath_develop')
[6.767s] INFO:colcon.colcon_core.shell:Creating environment hook '/root/Dojo/Dojo/build/robot_launch/share/robot_launch/hook/pythonpath_develop.ps1'
[6.768s] DEBUG:colcon.colcon_core.event_handler.log_command:Invoked command in '/root/Dojo/Dojo/build/robot_launch' returned '0': AMENT_PREFIX_PATH=/root/Dojo/Dojo/install/robot_description:/root/Dojo/Dojo/install/robot_control:${AMENT_PREFIX_PATH} CMAKE_PREFIX_PATH=/root/Dojo/Dojo/install/robot_description:/root/Dojo/Dojo/install/robot_control:${CMAKE_PREFIX_PATH} PYTHONPATH=/root/Dojo/Dojo/build/robot_launch/prefix_override:/usr/lib/python3/dist-packages/colcon_core/task/python/colcon_distutils_commands:/root/Dojo/Dojo/install/robot_launch/lib/python3.10/site-packages:/root/Dojo/Dojo/install/robot_description/lib/python3.10/site-packages:${PYTHONPATH} /usr/bin/python3 -W ignore:setup.py install is deprecated -W ignore:easy_install command is deprecated setup.py develop --editable --build-directory /root/Dojo/Dojo/build/robot_launch/build --no-deps symlink_data
[6.768s] INFO:colcon.colcon_core.shell:Creating environment descriptor '/root/Dojo/Dojo/build/robot_launch/share/robot_launch/hook/pythonpath_develop.dsv'
[6.769s] INFO:colcon.colcon_core.shell:Creating environment hook '/root/Dojo/Dojo/build/robot_launch/share/robot_launch/hook/pythonpath_develop.sh'
[6.769s] Level 1:colcon.colcon_core.environment:checking '/root/Dojo/Dojo/install/robot_launch' for CMake module files
[6.770s] Level 1:colcon.colcon_core.environment:checking '/root/Dojo/Dojo/install/robot_launch' for CMake config files
[6.770s] Level 1:colcon.colcon_core.environment:checking '/root/Dojo/Dojo/install/robot_launch/lib'
[6.770s] Level 1:colcon.colcon_core.environment:checking '/root/Dojo/Dojo/install/robot_launch/bin'
[6.771s] Level 1:colcon.colcon_core.environment:checking '/root/Dojo/Dojo/install/robot_launch/lib/pkgconfig/robot_launch.pc'
[6.771s] Level 1:colcon.colcon_core.environment:checking '/root/Dojo/Dojo/install/robot_launch/lib/python3.10/site-packages'
[6.771s] Level 1:colcon.colcon_core.shell:create_environment_hook('robot_launch', 'pythonpath')
[6.771s] INFO:colcon.colcon_core.shell:Creating environment hook '/root/Dojo/Dojo/install/robot_launch/share/robot_launch/hook/pythonpath.ps1'
[6.772s] INFO:colcon.colcon_core.shell:Creating environment descriptor '/root/Dojo/Dojo/install/robot_launch/share/robot_launch/hook/pythonpath.dsv'
[6.772s] INFO:colcon.colcon_core.shell:Creating environment hook '/root/Dojo/Dojo/install/robot_launch/share/robot_launch/hook/pythonpath.sh'
[6.773s] Level 1:colcon.colcon_core.environment:checking '/root/Dojo/Dojo/install/robot_launch/bin'
[6.773s] Level 1:colcon.colcon_core.environment:create_environment_scripts_only(robot_launch)
[6.773s] INFO:colcon.colcon_core.shell:Creating package script '/root/Dojo/Dojo/install/robot_launch/share/robot_launch/package.ps1'
[6.774s] INFO:colcon.colcon_core.shell:Creating package descriptor '/root/Dojo/Dojo/install/robot_launch/share/robot_launch/package.dsv'
[6.775s] INFO:colcon.colcon_core.shell:Creating package script '/root/Dojo/Dojo/install/robot_launch/share/robot_launch/package.sh'
[6.776s] INFO:colcon.colcon_core.shell:Creating package script '/root/Dojo/Dojo/install/robot_launch/share/robot_launch/package.bash'
[6.776s] INFO:colcon.colcon_core.shell:Creating package script '/root/Dojo/Dojo/install/robot_launch/share/robot_launch/package.zsh'
[6.777s] Level 1:colcon.colcon_core.environment:create_file_with_runtime_dependencies(/root/Dojo/Dojo/install/robot_launch/share/colcon-core/packages/robot_launch)
[10.695s] DEBUG:colcon.colcon_core.event_handler.log_command:Invoked command in '/root/Dojo/Dojo/build/robot_navigation' returned '0': AMENT_PREFIX_PATH=/root/Dojo/Dojo/install/robot_description:/root/Dojo/Dojo/install/robot_control:${AMENT_PREFIX_PATH} CMAKE_PREFIX_PATH=/root/Dojo/Dojo/install/robot_description:/root/Dojo/Dojo/install/robot_control:/root/Dojo/install/robot_perception:/root/Dojo/install/robot_hardware:/opt/ros/humble PYTHONPATH=/root/Dojo/Dojo/install/robot_description/lib/python3.10/site-packages:${PYTHONPATH} /usr/bin/cmake /root/Dojo/Dojo/src/robot_navigation -DCMAKE_BUILD_TYPE=Release -DBUILD_TESTING=OFF -DAMENT_CMAKE_SYMLINK_INSTALL=1 -DCMAKE_INSTALL_PREFIX=/root/Dojo/Dojo/install/robot_navigation
[10.697s] DEBUG:colcon.colcon_core.event_handler.log_command:Invoking command in '/root/Dojo/Dojo/build/robot_navigation': AMENT_PREFIX_PATH=/root/Dojo/Dojo/install/robot_description:/root/Dojo/Dojo/install/robot_control:${AMENT_PREFIX_PATH} CMAKE_PREFIX_PATH=/root/Dojo/Dojo/install/robot_description:/root/Dojo/Dojo/install/robot_control:/root/Dojo/install/robot_perception:/root/Dojo/install/robot_hardware:/opt/ros/humble PYTHONPATH=/root/Dojo/Dojo/install/robot_description/lib/python3.10/site-packages:${PYTHONPATH} /usr/bin/cmake --build /root/Dojo/Dojo/build/robot_navigation -- -j16 -l16
[10.749s] DEBUG:colcon.colcon_core.event_handler.log_command:Invoked command in '/root/Dojo/Dojo/build/robot_navigation' returned '0': AMENT_PREFIX_PATH=/root/Dojo/Dojo/install/robot_description:/root/Dojo/Dojo/install/robot_control:${AMENT_PREFIX_PATH} CMAKE_PREFIX_PATH=/root/Dojo/Dojo/install/robot_description:/root/Dojo/Dojo/install/robot_control:/root/Dojo/install/robot_perception:/root/Dojo/install/robot_hardware:/opt/ros/humble PYTHONPATH=/root/Dojo/Dojo/install/robot_description/lib/python3.10/site-packages:${PYTHONPATH} /usr/bin/cmake --build /root/Dojo/Dojo/build/robot_navigation -- -j16 -l16
[10.750s] DEBUG:colcon.colcon_core.event_handler.log_command:Invoking command in '/root/Dojo/Dojo/build/robot_navigation': AMENT_PREFIX_PATH=/root/Dojo/Dojo/install/robot_description:/root/Dojo/Dojo/install/robot_control:${AMENT_PREFIX_PATH} CMAKE_PREFIX_PATH=/root/Dojo/Dojo/install/robot_description:/root/Dojo/Dojo/install/robot_control:/root/Dojo/install/robot_perception:/root/Dojo/install/robot_hardware:/opt/ros/humble PYTHONPATH=/root/Dojo/Dojo/install/robot_description/lib/python3.10/site-packages:${PYTHONPATH} /usr/bin/cmake --install /root/Dojo/Dojo/build/robot_navigation
[10.879s] DEBUG:colcon.colcon_core.event_handler.log_command:Invoked command in '/root/Dojo/Dojo/build/robot_gazebo' returned '0': AMENT_PREFIX_PATH=/root/Dojo/Dojo/install/robot_description:/root/Dojo/Dojo/install/robot_control:${AMENT_PREFIX_PATH} CMAKE_PREFIX_PATH=/root/Dojo/Dojo/install/robot_description:/root/Dojo/Dojo/install/robot_control:/root/Dojo/install/robot_perception:/root/Dojo/install/robot_hardware:/opt/ros/humble PYTHONPATH=/root/Dojo/Dojo/install/robot_description/lib/python3.10/site-packages:${PYTHONPATH} /usr/bin/cmake /root/Dojo/Dojo/src/robot_gazebo -DCMAKE_BUILD_TYPE=Release -DBUILD_TESTING=OFF -DAMENT_CMAKE_SYMLINK_INSTALL=1 -DCMAKE_INSTALL_PREFIX=/root/Dojo/Dojo/install/robot_gazebo
[10.881s] DEBUG:colcon.colcon_core.event_handler.log_command:Invoking command in '/root/Dojo/Dojo/build/robot_gazebo': AMENT_PREFIX_PATH=/root/Dojo/Dojo/install/robot_description:/root/Dojo/Dojo/install/robot_control:${AMENT_PREFIX_PATH} CMAKE_PREFIX_PATH=/root/Dojo/Dojo/install/robot_description:/root/Dojo/Dojo/install/robot_control:/root/Dojo/install/robot_perception:/root/Dojo/install/robot_hardware:/opt/ros/humble PYTHONPATH=/root/Dojo/Dojo/install/robot_description/lib/python3.10/site-packages:${PYTHONPATH} /usr/bin/cmake --build /root/Dojo/Dojo/build/robot_gazebo -- -j16 -l16
[10.931s] DEBUG:colcon.colcon_core.event_handler.log_command:Invoked command in '/root/Dojo/Dojo/build/robot_gazebo' returned '0': AMENT_PREFIX_PATH=/root/Dojo/Dojo/install/robot_description:/root/Dojo/Dojo/install/robot_control:${AMENT_PREFIX_PATH} CMAKE_PREFIX_PATH=/root/Dojo/Dojo/install/robot_description:/root/Dojo/Dojo/install/robot_control:/root/Dojo/install/robot_perception:/root/Dojo/install/robot_hardware:/opt/ros/humble PYTHONPATH=/root/Dojo/Dojo/install/robot_description/lib/python3.10/site-packages:${PYTHONPATH} /usr/bin/cmake --build /root/Dojo/Dojo/build/robot_gazebo -- -j16 -l16
[10.932s] DEBUG:colcon.colcon_core.event_handler.log_command:Invoking command in '/root/Dojo/Dojo/build/robot_gazebo': AMENT_PREFIX_PATH=/root/Dojo/Dojo/install/robot_description:/root/Dojo/Dojo/install/robot_control:${AMENT_PREFIX_PATH} CMAKE_PREFIX_PATH=/root/Dojo/Dojo/install/robot_description:/root/Dojo/Dojo/install/robot_control:/root/Dojo/install/robot_perception:/root/Dojo/install/robot_hardware:/opt/ros/humble PYTHONPATH=/root/Dojo/Dojo/install/robot_description/lib/python3.10/site-packages:${PYTHONPATH} /usr/bin/cmake --install /root/Dojo/Dojo/build/robot_gazebo
[11.071s] Level 1:colcon.colcon_core.environment:create_environment_scripts_only(robot_navigation)
[11.071s] Level 1:colcon.colcon_core.environment:checking '/root/Dojo/Dojo/install/robot_navigation' for CMake module files
[11.071s] DEBUG:colcon.colcon_core.event_handler.log_command:Invoked command in '/root/Dojo/Dojo/build/robot_navigation' returned '0': AMENT_PREFIX_PATH=/root/Dojo/Dojo/install/robot_description:/root/Dojo/Dojo/install/robot_control:${AMENT_PREFIX_PATH} CMAKE_PREFIX_PATH=/root/Dojo/Dojo/install/robot_description:/root/Dojo/Dojo/install/robot_control:/root/Dojo/install/robot_perception:/root/Dojo/install/robot_hardware:/opt/ros/humble PYTHONPATH=/root/Dojo/Dojo/install/robot_description/lib/python3.10/site-packages:${PYTHONPATH} /usr/bin/cmake --install /root/Dojo/Dojo/build/robot_navigation
[11.072s] Level 1:colcon.colcon_core.environment:checking '/root/Dojo/Dojo/install/robot_navigation' for CMake config files
[11.072s] Level 1:colcon.colcon_core.shell:create_environment_hook('robot_navigation', 'cmake_prefix_path')
[11.072s] INFO:colcon.colcon_core.shell:Creating environment hook '/root/Dojo/Dojo/install/robot_navigation/share/robot_navigation/hook/cmake_prefix_path.ps1'
[11.073s] INFO:colcon.colcon_core.shell:Creating environment descriptor '/root/Dojo/Dojo/install/robot_navigation/share/robot_navigation/hook/cmake_prefix_path.dsv'
[11.073s] INFO:colcon.colcon_core.shell:Creating environment hook '/root/Dojo/Dojo/install/robot_navigation/share/robot_navigation/hook/cmake_prefix_path.sh'
[11.074s] Level 1:colcon.colcon_core.environment:checking '/root/Dojo/Dojo/install/robot_navigation/bin'
[11.074s] Level 1:colcon.colcon_core.environment:checking '/root/Dojo/Dojo/install/robot_navigation/lib/pkgconfig/robot_navigation.pc'
[11.074s] Level 1:colcon.colcon_core.environment:checking '/root/Dojo/Dojo/install/robot_navigation/lib/python3.10/site-packages'
[11.074s] Level 1:colcon.colcon_core.environment:checking '/root/Dojo/Dojo/install/robot_navigation/bin'
[11.074s] INFO:colcon.colcon_core.shell:Creating package script '/root/Dojo/Dojo/install/robot_navigation/share/robot_navigation/package.ps1'
[11.075s] INFO:colcon.colcon_core.shell:Creating package descriptor '/root/Dojo/Dojo/install/robot_navigation/share/robot_navigation/package.dsv'
[11.075s] INFO:colcon.colcon_core.shell:Creating package script '/root/Dojo/Dojo/install/robot_navigation/share/robot_navigation/package.sh'
[11.075s] INFO:colcon.colcon_core.shell:Creating package script '/root/Dojo/Dojo/install/robot_navigation/share/robot_navigation/package.bash'
[11.076s] INFO:colcon.colcon_core.shell:Creating package script '/root/Dojo/Dojo/install/robot_navigation/share/robot_navigation/package.zsh'
[11.076s] Level 1:colcon.colcon_core.environment:create_file_with_runtime_dependencies(/root/Dojo/Dojo/install/robot_navigation/share/colcon-core/packages/robot_navigation)
[11.077s] Level 1:colcon.colcon_core.environment:create_environment_scripts_only(robot_navigation)
[11.077s] Level 1:colcon.colcon_core.environment:checking '/root/Dojo/Dojo/install/robot_navigation' for CMake module files
[11.077s] Level 1:colcon.colcon_core.environment:checking '/root/Dojo/Dojo/install/robot_navigation' for CMake config files
[11.077s] Level 1:colcon.colcon_core.shell:create_environment_hook('robot_navigation', 'cmake_prefix_path')
[11.078s] INFO:colcon.colcon_core.shell:Creating environment hook '/root/Dojo/Dojo/install/robot_navigation/share/robot_navigation/hook/cmake_prefix_path.ps1'
[11.078s] INFO:colcon.colcon_core.shell:Creating environment descriptor '/root/Dojo/Dojo/install/robot_navigation/share/robot_navigation/hook/cmake_prefix_path.dsv'
[11.079s] INFO:colcon.colcon_core.shell:Creating environment hook '/root/Dojo/Dojo/install/robot_navigation/share/robot_navigation/hook/cmake_prefix_path.sh'
[11.080s] Level 1:colcon.colcon_core.environment:checking '/root/Dojo/Dojo/install/robot_navigation/bin'
[11.080s] Level 1:colcon.colcon_core.environment:checking '/root/Dojo/Dojo/install/robot_navigation/lib/pkgconfig/robot_navigation.pc'
[11.080s] Level 1:colcon.colcon_core.environment:checking '/root/Dojo/Dojo/install/robot_navigation/lib/python3.10/site-packages'
[11.080s] Level 1:colcon.colcon_core.environment:checking '/root/Dojo/Dojo/install/robot_navigation/bin'
[11.080s] INFO:colcon.colcon_core.shell:Creating package script '/root/Dojo/Dojo/install/robot_navigation/share/robot_navigation/package.ps1'
[11.081s] INFO:colcon.colcon_core.shell:Creating package descriptor '/root/Dojo/Dojo/install/robot_navigation/share/robot_navigation/package.dsv'
[11.081s] INFO:colcon.colcon_core.shell:Creating package script '/root/Dojo/Dojo/install/robot_navigation/share/robot_navigation/package.sh'
[11.082s] INFO:colcon.colcon_core.shell:Creating package script '/root/Dojo/Dojo/install/robot_navigation/share/robot_navigation/package.bash'
[11.082s] INFO:colcon.colcon_core.shell:Creating package script '/root/Dojo/Dojo/install/robot_navigation/share/robot_navigation/package.zsh'
[11.082s] Level 1:colcon.colcon_core.environment:create_file_with_runtime_dependencies(/root/Dojo/Dojo/install/robot_navigation/share/colcon-core/packages/robot_navigation)
[11.083s] INFO:colcon.colcon_ros.task.ament_cmake.build:Building ROS package in '/root/Dojo/Dojo/src/robot_bringup' with build type 'ament_cmake'
[11.083s] INFO:colcon.colcon_cmake.task.cmake.build:Building CMake package in '/root/Dojo/Dojo/src/robot_bringup'
[11.083s] INFO:colcon.colcon_core.shell:Skip shell extension 'powershell' for command environment: Not usable outside of PowerShell
[11.083s] DEBUG:colcon.colcon_core.shell:Skip shell extension 'dsv' for command environment
[11.096s] DEBUG:colcon.colcon_core.event_handler.log_command:Invoking command in '/root/Dojo/Dojo/build/robot_bringup': AMENT_PREFIX_PATH=/root/Dojo/Dojo/install/robot_navigation:/root/Dojo/Dojo/install/robot_hardware:/root/Dojo/Dojo/install/robot_description:/root/Dojo/Dojo/install/robot_control:${AMENT_PREFIX_PATH} CMAKE_PREFIX_PATH=/root/Dojo/Dojo/install/robot_navigation:/root/Dojo/Dojo/install/robot_perception:/root/Dojo/Dojo/install/robot_description:/root/Dojo/Dojo/install/robot_control:/root/Dojo/install/robot_perception:/root/Dojo/install/robot_hardware:/opt/ros/humble PYTHONPATH=/root/Dojo/Dojo/build/robot_hardware:/root/Dojo/Dojo/install/robot_hardware/lib/python3.10/site-packages:/root/Dojo/Dojo/install/robot_description/lib/python3.10/site-packages:${PYTHONPATH} /usr/bin/cmake /root/Dojo/Dojo/src/robot_bringup -DCMAKE_BUILD_TYPE=Release -DBUILD_TESTING=OFF -DAMENT_CMAKE_SYMLINK_INSTALL=1 -DCMAKE_INSTALL_PREFIX=/root/Dojo/Dojo/install/robot_bringup
[11.829s] Level 1:colcon.colcon_core.environment:create_environment_scripts_only(robot_gazebo)
[11.829s] Level 1:colcon.colcon_core.environment:checking '/root/Dojo/Dojo/install/robot_gazebo' for CMake module files
[11.830s] DEBUG:colcon.colcon_core.event_handler.log_command:Invoked command in '/root/Dojo/Dojo/build/robot_gazebo' returned '0': AMENT_PREFIX_PATH=/root/Dojo/Dojo/install/robot_description:/root/Dojo/Dojo/install/robot_control:${AMENT_PREFIX_PATH} CMAKE_PREFIX_PATH=/root/Dojo/Dojo/install/robot_description:/root/Dojo/Dojo/install/robot_control:/root/Dojo/install/robot_perception:/root/Dojo/install/robot_hardware:/opt/ros/humble PYTHONPATH=/root/Dojo/Dojo/install/robot_description/lib/python3.10/site-packages:${PYTHONPATH} /usr/bin/cmake --install /root/Dojo/Dojo/build/robot_gazebo
[11.830s] Level 1:colcon.colcon_core.environment:checking '/root/Dojo/Dojo/install/robot_gazebo' for CMake config files
[11.831s] Level 1:colcon.colcon_core.shell:create_environment_hook('robot_gazebo', 'cmake_prefix_path')
[11.831s] INFO:colcon.colcon_core.shell:Creating environment hook '/root/Dojo/Dojo/install/robot_gazebo/share/robot_gazebo/hook/cmake_prefix_path.ps1'
[11.831s] INFO:colcon.colcon_core.shell:Creating environment descriptor '/root/Dojo/Dojo/install/robot_gazebo/share/robot_gazebo/hook/cmake_prefix_path.dsv'
[11.832s] INFO:colcon.colcon_core.shell:Creating environment hook '/root/Dojo/Dojo/install/robot_gazebo/share/robot_gazebo/hook/cmake_prefix_path.sh'
[11.832s] Level 1:colcon.colcon_core.environment:checking '/root/Dojo/Dojo/install/robot_gazebo/lib'
[11.832s] Level 1:colcon.colcon_core.environment:checking '/root/Dojo/Dojo/install/robot_gazebo/bin'
[11.832s] Level 1:colcon.colcon_core.environment:checking '/root/Dojo/Dojo/install/robot_gazebo/lib/pkgconfig/robot_gazebo.pc'
[11.833s] Level 1:colcon.colcon_core.environment:checking '/root/Dojo/Dojo/install/robot_gazebo/lib/python3.10/site-packages'
[11.833s] Level 1:colcon.colcon_core.environment:checking '/root/Dojo/Dojo/install/robot_gazebo/bin'
[11.833s] INFO:colcon.colcon_core.shell:Creating package script '/root/Dojo/Dojo/install/robot_gazebo/share/robot_gazebo/package.ps1'
[11.834s] INFO:colcon.colcon_core.shell:Creating package descriptor '/root/Dojo/Dojo/install/robot_gazebo/share/robot_gazebo/package.dsv'
[11.834s] INFO:colcon.colcon_core.shell:Creating package script '/root/Dojo/Dojo/install/robot_gazebo/share/robot_gazebo/package.sh'
[11.834s] INFO:colcon.colcon_core.shell:Creating package script '/root/Dojo/Dojo/install/robot_gazebo/share/robot_gazebo/package.bash'
[11.835s] INFO:colcon.colcon_core.shell:Creating package script '/root/Dojo/Dojo/install/robot_gazebo/share/robot_gazebo/package.zsh'
[11.835s] Level 1:colcon.colcon_core.environment:create_file_with_runtime_dependencies(/root/Dojo/Dojo/install/robot_gazebo/share/colcon-core/packages/robot_gazebo)
[11.836s] Level 1:colcon.colcon_core.environment:create_environment_scripts_only(robot_gazebo)
[11.836s] Level 1:colcon.colcon_core.environment:checking '/root/Dojo/Dojo/install/robot_gazebo' for CMake module files
[11.836s] Level 1:colcon.colcon_core.environment:checking '/root/Dojo/Dojo/install/robot_gazebo' for CMake config files
[11.837s] Level 1:colcon.colcon_core.shell:create_environment_hook('robot_gazebo', 'cmake_prefix_path')
[11.837s] INFO:colcon.colcon_core.shell:Creating environment hook '/root/Dojo/Dojo/install/robot_gazebo/share/robot_gazebo/hook/cmake_prefix_path.ps1'
[11.837s] INFO:colcon.colcon_core.shell:Creating environment descriptor '/root/Dojo/Dojo/install/robot_gazebo/share/robot_gazebo/hook/cmake_prefix_path.dsv'
[11.838s] INFO:colcon.colcon_core.shell:Creating environment hook '/root/Dojo/Dojo/install/robot_gazebo/share/robot_gazebo/hook/cmake_prefix_path.sh'
[11.838s] Level 1:colcon.colcon_core.environment:checking '/root/Dojo/Dojo/install/robot_gazebo/lib'
[11.839s] Level 1:colcon.colcon_core.environment:checking '/root/Dojo/Dojo/install/robot_gazebo/bin'
[11.839s] Level 1:colcon.colcon_core.environment:checking '/root/Dojo/Dojo/install/robot_gazebo/lib/pkgconfig/robot_gazebo.pc'
[11.839s] Level 1:colcon.colcon_core.environment:checking '/root/Dojo/Dojo/install/robot_gazebo/lib/python3.10/site-packages'
[11.839s] Level 1:colcon.colcon_core.environment:checking '/root/Dojo/Dojo/install/robot_gazebo/bin'
[11.839s] INFO:colcon.colcon_core.shell:Creating package script '/root/Dojo/Dojo/install/robot_gazebo/share/robot_gazebo/package.ps1'
[11.840s] INFO:colcon.colcon_core.shell:Creating package descriptor '/root/Dojo/Dojo/install/robot_gazebo/share/robot_gazebo/package.dsv'
[11.840s] INFO:colcon.colcon_core.shell:Creating package script '/root/Dojo/Dojo/install/robot_gazebo/share/robot_gazebo/package.sh'
[11.841s] INFO:colcon.colcon_core.shell:Creating package script '/root/Dojo/Dojo/install/robot_gazebo/share/robot_gazebo/package.bash'
[11.841s] INFO:colcon.colcon_core.shell:Creating package script '/root/Dojo/Dojo/install/robot_gazebo/share/robot_gazebo/package.zsh'
[11.841s] Level 1:colcon.colcon_core.environment:create_file_with_runtime_dependencies(/root/Dojo/Dojo/install/robot_gazebo/share/colcon-core/packages/robot_gazebo)
[11.897s] DEBUG:colcon.colcon_core.event_handler.log_command:Invoked command in '/root/Dojo/Dojo/build/robot_interfaces' returned '0': CMAKE_PREFIX_PATH=${CMAKE_PREFIX_PATH}:/root/Dojo/install/robot_hardware:/opt/ros/humble /usr/bin/cmake --build /root/Dojo/Dojo/build/robot_interfaces -- -j16 -l16
[11.899s] DEBUG:colcon.colcon_core.event_handler.log_command:Invoking command in '/root/Dojo/Dojo/build/robot_interfaces': CMAKE_PREFIX_PATH=${CMAKE_PREFIX_PATH}:/root/Dojo/install/robot_hardware:/opt/ros/humble /usr/bin/cmake --install /root/Dojo/Dojo/build/robot_interfaces
[12.337s] DEBUG:colcon.colcon_core.event_handler.log_command:Invoked command in '/root/Dojo/Dojo/build/robot_bringup' returned '0': AMENT_PREFIX_PATH=/root/Dojo/Dojo/install/robot_navigation:/root/Dojo/Dojo/install/robot_hardware:/root/Dojo/Dojo/install/robot_description:/root/Dojo/Dojo/install/robot_control:${AMENT_PREFIX_PATH} CMAKE_PREFIX_PATH=/root/Dojo/Dojo/install/robot_navigation:/root/Dojo/Dojo/install/robot_perception:/root/Dojo/Dojo/install/robot_description:/root/Dojo/Dojo/install/robot_control:/root/Dojo/install/robot_perception:/root/Dojo/install/robot_hardware:/opt/ros/humble PYTHONPATH=/root/Dojo/Dojo/build/robot_hardware:/root/Dojo/Dojo/install/robot_hardware/lib/python3.10/site-packages:/root/Dojo/Dojo/install/robot_description/lib/python3.10/site-packages:${PYTHONPATH} /usr/bin/cmake /root/Dojo/Dojo/src/robot_bringup -DCMAKE_BUILD_TYPE=Release -DBUILD_TESTING=OFF -DAMENT_CMAKE_SYMLINK_INSTALL=1 -DCMAKE_INSTALL_PREFIX=/root/Dojo/Dojo/install/robot_bringup
[12.338s] DEBUG:colcon.colcon_core.event_handler.log_command:Invoking command in '/root/Dojo/Dojo/build/robot_bringup': AMENT_PREFIX_PATH=/root/Dojo/Dojo/install/robot_navigation:/root/Dojo/Dojo/install/robot_hardware:/root/Dojo/Dojo/install/robot_description:/root/Dojo/Dojo/install/robot_control:${AMENT_PREFIX_PATH} CMAKE_PREFIX_PATH=/root/Dojo/Dojo/install/robot_navigation:/root/Dojo/Dojo/install/robot_perception:/root/Dojo/Dojo/install/robot_description:/root/Dojo/Dojo/install/robot_control:/root/Dojo/install/robot_perception:/root/Dojo/install/robot_hardware:/opt/ros/humble PYTHONPATH=/root/Dojo/Dojo/build/robot_hardware:/root/Dojo/Dojo/install/robot_hardware/lib/python3.10/site-packages:/root/Dojo/Dojo/install/robot_description/lib/python3.10/site-packages:${PYTHONPATH} /usr/bin/cmake --build /root/Dojo/Dojo/build/robot_bringup -- -j16 -l16
[12.377s] DEBUG:colcon.colcon_core.event_handler.log_command:Invoked command in '/root/Dojo/Dojo/build/robot_bringup' returned '0': AMENT_PREFIX_PATH=/root/Dojo/Dojo/install/robot_navigation:/root/Dojo/Dojo/install/robot_hardware:/root/Dojo/Dojo/install/robot_description:/root/Dojo/Dojo/install/robot_control:${AMENT_PREFIX_PATH} CMAKE_PREFIX_PATH=/root/Dojo/Dojo/install/robot_navigation:/root/Dojo/Dojo/install/robot_perception:/root/Dojo/Dojo/install/robot_description:/root/Dojo/Dojo/install/robot_control:/root/Dojo/install/robot_perception:/root/Dojo/install/robot_hardware:/opt/ros/humble PYTHONPATH=/root/Dojo/Dojo/build/robot_hardware:/root/Dojo/Dojo/install/robot_hardware/lib/python3.10/site-packages:/root/Dojo/Dojo/install/robot_description/lib/python3.10/site-packages:${PYTHONPATH} /usr/bin/cmake --build /root/Dojo/Dojo/build/robot_bringup -- -j16 -l16
[12.379s] DEBUG:colcon.colcon_core.event_handler.log_command:Invoking command in '/root/Dojo/Dojo/build/robot_bringup': AMENT_PREFIX_PATH=/root/Dojo/Dojo/install/robot_navigation:/root/Dojo/Dojo/install/robot_hardware:/root/Dojo/Dojo/install/robot_description:/root/Dojo/Dojo/install/robot_control:${AMENT_PREFIX_PATH} CMAKE_PREFIX_PATH=/root/Dojo/Dojo/install/robot_navigation:/root/Dojo/Dojo/install/robot_perception:/root/Dojo/Dojo/install/robot_description:/root/Dojo/Dojo/install/robot_control:/root/Dojo/install/robot_perception:/root/Dojo/install/robot_hardware:/opt/ros/humble PYTHONPATH=/root/Dojo/Dojo/build/robot_hardware:/root/Dojo/Dojo/install/robot_hardware/lib/python3.10/site-packages:/root/Dojo/Dojo/install/robot_description/lib/python3.10/site-packages:${PYTHONPATH} /usr/bin/cmake --install /root/Dojo/Dojo/build/robot_bringup
[12.549s] Level 1:colcon.colcon_core.environment:create_environment_scripts_only(robot_bringup)
[12.550s] Level 1:colcon.colcon_core.environment:checking '/root/Dojo/Dojo/install/robot_bringup' for CMake module files
[12.550s] DEBUG:colcon.colcon_core.event_handler.log_command:Invoked command in '/root/Dojo/Dojo/build/robot_bringup' returned '0': AMENT_PREFIX_PATH=/root/Dojo/Dojo/install/robot_navigation:/root/Dojo/Dojo/install/robot_hardware:/root/Dojo/Dojo/install/robot_description:/root/Dojo/Dojo/install/robot_control:${AMENT_PREFIX_PATH} CMAKE_PREFIX_PATH=/root/Dojo/Dojo/install/robot_navigation:/root/Dojo/Dojo/install/robot_perception:/root/Dojo/Dojo/install/robot_description:/root/Dojo/Dojo/install/robot_control:/root/Dojo/install/robot_perception:/root/Dojo/install/robot_hardware:/opt/ros/humble PYTHONPATH=/root/Dojo/Dojo/build/robot_hardware:/root/Dojo/Dojo/install/robot_hardware/lib/python3.10/site-packages:/root/Dojo/Dojo/install/robot_description/lib/python3.10/site-packages:${PYTHONPATH} /usr/bin/cmake --install /root/Dojo/Dojo/build/robot_bringup
[12.550s] Level 1:colcon.colcon_core.environment:checking '/root/Dojo/Dojo/install/robot_bringup' for CMake config files
[12.551s] Level 1:colcon.colcon_core.shell:create_environment_hook('robot_bringup', 'cmake_prefix_path')
[12.551s] INFO:colcon.colcon_core.shell:Creating environment hook '/root/Dojo/Dojo/install/robot_bringup/share/robot_bringup/hook/cmake_prefix_path.ps1'
[12.551s] INFO:colcon.colcon_core.shell:Creating environment descriptor '/root/Dojo/Dojo/install/robot_bringup/share/robot_bringup/hook/cmake_prefix_path.dsv'
[12.552s] INFO:colcon.colcon_core.shell:Creating environment hook '/root/Dojo/Dojo/install/robot_bringup/share/robot_bringup/hook/cmake_prefix_path.sh'
[12.552s] Level 1:colcon.colcon_core.environment:checking '/root/Dojo/Dojo/install/robot_bringup/bin'
[12.552s] Level 1:colcon.colcon_core.environment:checking '/root/Dojo/Dojo/install/robot_bringup/lib/pkgconfig/robot_bringup.pc'
[12.552s] Level 1:colcon.colcon_core.environment:checking '/root/Dojo/Dojo/install/robot_bringup/lib/python3.10/site-packages'
[12.552s] Level 1:colcon.colcon_core.environment:checking '/root/Dojo/Dojo/install/robot_bringup/bin'
[12.553s] INFO:colcon.colcon_core.shell:Creating package script '/root/Dojo/Dojo/install/robot_bringup/share/robot_bringup/package.ps1'
[12.553s] INFO:colcon.colcon_core.shell:Creating package descriptor '/root/Dojo/Dojo/install/robot_bringup/share/robot_bringup/package.dsv'
[12.553s] INFO:colcon.colcon_core.shell:Creating package script '/root/Dojo/Dojo/install/robot_bringup/share/robot_bringup/package.sh'
[12.554s] INFO:colcon.colcon_core.shell:Creating package script '/root/Dojo/Dojo/install/robot_bringup/share/robot_bringup/package.bash'
[12.554s] INFO:colcon.colcon_core.shell:Creating package script '/root/Dojo/Dojo/install/robot_bringup/share/robot_bringup/package.zsh'
[12.554s] Level 1:colcon.colcon_core.environment:create_file_with_runtime_dependencies(/root/Dojo/Dojo/install/robot_bringup/share/colcon-core/packages/robot_bringup)
[12.555s] Level 1:colcon.colcon_core.environment:create_environment_scripts_only(robot_bringup)
[12.555s] Level 1:colcon.colcon_core.environment:checking '/root/Dojo/Dojo/install/robot_bringup' for CMake module files
[12.555s] Level 1:colcon.colcon_core.environment:checking '/root/Dojo/Dojo/install/robot_bringup' for CMake config files
[12.556s] Level 1:colcon.colcon_core.shell:create_environment_hook('robot_bringup', 'cmake_prefix_path')
[12.556s] INFO:colcon.colcon_core.shell:Creating environment hook '/root/Dojo/Dojo/install/robot_bringup/share/robot_bringup/hook/cmake_prefix_path.ps1'
[12.556s] INFO:colcon.colcon_core.shell:Creating environment descriptor '/root/Dojo/Dojo/install/robot_bringup/share/robot_bringup/hook/cmake_prefix_path.dsv'
[12.556s] INFO:colcon.colcon_core.shell:Creating environment hook '/root/Dojo/Dojo/install/robot_bringup/share/robot_bringup/hook/cmake_prefix_path.sh'
[12.557s] Level 1:colcon.colcon_core.environment:checking '/root/Dojo/Dojo/install/robot_bringup/bin'
[12.557s] Level 1:colcon.colcon_core.environment:checking '/root/Dojo/Dojo/install/robot_bringup/lib/pkgconfig/robot_bringup.pc'
[12.557s] Level 1:colcon.colcon_core.environment:checking '/root/Dojo/Dojo/install/robot_bringup/lib/python3.10/site-packages'
[12.557s] Level 1:colcon.colcon_core.environment:checking '/root/Dojo/Dojo/install/robot_bringup/bin'
[12.558s] INFO:colcon.colcon_core.shell:Creating package script '/root/Dojo/Dojo/install/robot_bringup/share/robot_bringup/package.ps1'
[12.558s] INFO:colcon.colcon_core.shell:Creating package descriptor '/root/Dojo/Dojo/install/robot_bringup/share/robot_bringup/package.dsv'
[12.558s] INFO:colcon.colcon_core.shell:Creating package script '/root/Dojo/Dojo/install/robot_bringup/share/robot_bringup/package.sh'
[12.559s] INFO:colcon.colcon_core.shell:Creating package script '/root/Dojo/Dojo/install/robot_bringup/share/robot_bringup/package.bash'
[12.559s] INFO:colcon.colcon_core.shell:Creating package script '/root/Dojo/Dojo/install/robot_bringup/share/robot_bringup/package.zsh'
[12.560s] Level 1:colcon.colcon_core.environment:create_file_with_runtime_dependencies(/root/Dojo/Dojo/install/robot_bringup/share/colcon-core/packages/robot_bringup)
[13.561s] Level 1:colcon.colcon_core.environment:create_environment_scripts_only(robot_interfaces)
[13.561s] Level 1:colcon.colcon_core.environment:checking '/root/Dojo/Dojo/install/robot_interfaces' for CMake module files
[13.562s] DEBUG:colcon.colcon_core.event_handler.log_command:Invoked command in '/root/Dojo/Dojo/build/robot_interfaces' returned '0': CMAKE_PREFIX_PATH=${CMAKE_PREFIX_PATH}:/root/Dojo/install/robot_hardware:/opt/ros/humble /usr/bin/cmake --install /root/Dojo/Dojo/build/robot_interfaces
[13.562s] Level 1:colcon.colcon_core.environment:checking '/root/Dojo/Dojo/install/robot_interfaces' for CMake config files
[13.564s] Level 1:colcon.colcon_core.shell:create_environment_hook('robot_interfaces', 'cmake_prefix_path')
[13.564s] INFO:colcon.colcon_core.shell:Creating environment hook '/root/Dojo/Dojo/install/robot_interfaces/share/robot_interfaces/hook/cmake_prefix_path.ps1'
[13.564s] INFO:colcon.colcon_core.shell:Creating environment descriptor '/root/Dojo/Dojo/install/robot_interfaces/share/robot_interfaces/hook/cmake_prefix_path.dsv'
[13.565s] INFO:colcon.colcon_core.shell:Creating environment hook '/root/Dojo/Dojo/install/robot_interfaces/share/robot_interfaces/hook/cmake_prefix_path.sh'
[13.565s] Level 1:colcon.colcon_core.environment:checking '/root/Dojo/Dojo/install/robot_interfaces/lib'
[13.565s] Level 1:colcon.colcon_core.shell:create_environment_hook('robot_interfaces', 'ld_library_path_lib')
[13.565s] INFO:colcon.colcon_core.shell:Creating environment hook '/root/Dojo/Dojo/install/robot_interfaces/share/robot_interfaces/hook/ld_library_path_lib.ps1'
[13.566s] INFO:colcon.colcon_core.shell:Creating environment descriptor '/root/Dojo/Dojo/install/robot_interfaces/share/robot_interfaces/hook/ld_library_path_lib.dsv'
[13.566s] INFO:colcon.colcon_core.shell:Creating environment hook '/root/Dojo/Dojo/install/robot_interfaces/share/robot_interfaces/hook/ld_library_path_lib.sh'
[13.566s] Level 1:colcon.colcon_core.environment:checking '/root/Dojo/Dojo/install/robot_interfaces/bin'
[13.566s] Level 1:colcon.colcon_core.environment:checking '/root/Dojo/Dojo/install/robot_interfaces/lib/pkgconfig/robot_interfaces.pc'
[13.567s] Level 1:colcon.colcon_core.environment:checking '/root/Dojo/Dojo/install/robot_interfaces/lib/python3.10/site-packages'
[13.567s] Level 1:colcon.colcon_core.environment:checking '/root/Dojo/Dojo/install/robot_interfaces/bin'
[13.567s] INFO:colcon.colcon_core.shell:Creating package script '/root/Dojo/Dojo/install/robot_interfaces/share/robot_interfaces/package.ps1'
[13.567s] INFO:colcon.colcon_core.shell:Creating package descriptor '/root/Dojo/Dojo/install/robot_interfaces/share/robot_interfaces/package.dsv'
[13.568s] INFO:colcon.colcon_core.shell:Creating package script '/root/Dojo/Dojo/install/robot_interfaces/share/robot_interfaces/package.sh'
[13.568s] INFO:colcon.colcon_core.shell:Creating package script '/root/Dojo/Dojo/install/robot_interfaces/share/robot_interfaces/package.bash'
[13.568s] INFO:colcon.colcon_core.shell:Creating package script '/root/Dojo/Dojo/install/robot_interfaces/share/robot_interfaces/package.zsh'
[13.569s] Level 1:colcon.colcon_core.environment:create_file_with_runtime_dependencies(/root/Dojo/Dojo/install/robot_interfaces/share/colcon-core/packages/robot_interfaces)
[13.569s] Level 1:colcon.colcon_core.environment:create_environment_scripts_only(robot_interfaces)
[13.569s] Level 1:colcon.colcon_core.environment:checking '/root/Dojo/Dojo/install/robot_interfaces' for CMake module files
[13.570s] Level 1:colcon.colcon_core.environment:checking '/root/Dojo/Dojo/install/robot_interfaces' for CMake config files
[13.571s] Level 1:colcon.colcon_core.shell:create_environment_hook('robot_interfaces', 'cmake_prefix_path')
[13.571s] INFO:colcon.colcon_core.shell:Creating environment hook '/root/Dojo/Dojo/install/robot_interfaces/share/robot_interfaces/hook/cmake_prefix_path.ps1'
[13.571s] INFO:colcon.colcon_core.shell:Creating environment descriptor '/root/Dojo/Dojo/install/robot_interfaces/share/robot_interfaces/hook/cmake_prefix_path.dsv'
[13.572s] INFO:colcon.colcon_core.shell:Creating environment hook '/root/Dojo/Dojo/install/robot_interfaces/share/robot_interfaces/hook/cmake_prefix_path.sh'
[13.572s] Level 1:colcon.colcon_core.environment:checking '/root/Dojo/Dojo/install/robot_interfaces/lib'
[13.572s] Level 1:colcon.colcon_core.shell:create_environment_hook('robot_interfaces', 'ld_library_path_lib')
[13.572s] INFO:colcon.colcon_core.shell:Creating environment hook '/root/Dojo/Dojo/install/robot_interfaces/share/robot_interfaces/hook/ld_library_path_lib.ps1'
[13.573s] INFO:colcon.colcon_core.shell:Creating environment descriptor '/root/Dojo/Dojo/install/robot_interfaces/share/robot_interfaces/hook/ld_library_path_lib.dsv'
[13.573s] INFO:colcon.colcon_core.shell:Creating environment hook '/root/Dojo/Dojo/install/robot_interfaces/share/robot_interfaces/hook/ld_library_path_lib.sh'
[13.573s] Level 1:colcon.colcon_core.environment:checking '/root/Dojo/Dojo/install/robot_interfaces/bin'
[13.573s] Level 1:colcon.colcon_core.environment:checking '/root/Dojo/Dojo/install/robot_interfaces/lib/pkgconfig/robot_interfaces.pc'
[13.573s] Level 1:colcon.colcon_core.environment:checking '/root/Dojo/Dojo/install/robot_interfaces/lib/python3.10/site-packages'
[13.574s] Level 1:colcon.colcon_core.environment:checking '/root/Dojo/Dojo/install/robot_interfaces/bin'
[13.574s] INFO:colcon.colcon_core.shell:Creating package script '/root/Dojo/Dojo/install/robot_interfaces/share/robot_interfaces/package.ps1'
[13.574s] INFO:colcon.colcon_core.shell:Creating package descriptor '/root/Dojo/Dojo/install/robot_interfaces/share/robot_interfaces/package.dsv'
[13.575s] INFO:colcon.colcon_core.shell:Creating package script '/root/Dojo/Dojo/install/robot_interfaces/share/robot_interfaces/package.sh'
[13.575s] INFO:colcon.colcon_core.shell:Creating package script '/root/Dojo/Dojo/install/robot_interfaces/share/robot_interfaces/package.bash'
[13.575s] INFO:colcon.colcon_core.shell:Creating package script '/root/Dojo/Dojo/install/robot_interfaces/share/robot_interfaces/package.zsh'
[13.576s] Level 1:colcon.colcon_core.environment:create_file_with_runtime_dependencies(/root/Dojo/Dojo/install/robot_interfaces/share/colcon-core/packages/robot_interfaces)
[13.576s] DEBUG:colcon.colcon_parallel_executor.executor.parallel:closing loop
[13.576s] DEBUG:colcon.colcon_parallel_executor.executor.parallel:loop closed
[13.576s] DEBUG:colcon.colcon_parallel_executor.executor.parallel:run_until_complete finished with '0'
[13.576s] DEBUG:colcon.colcon_core.event_reactor:joining thread
[13.582s] INFO:colcon.colcon_core.plugin_system:Skipping extension 'colcon_notification.desktop_notification.notify_send': Could not find 'notify-send'
[13.582s] INFO:colcon.colcon_core.plugin_system:Skipping extension 'colcon_notification.desktop_notification.terminal_notifier': Not used on non-Darwin systems
[13.582s] INFO:colcon.colcon_core.plugin_system:Skipping extension 'colcon_notification.desktop_notification.win32': Not used on non-Windows systems
[13.582s] INFO:colcon.colcon_notification.desktop_notification:Sending desktop notification using 'notify2'
[13.586s] DEBUG:colcon.colcon_notification.desktop_notification.notify2:Failed to initialize notify2: org.freedesktop.DBus.Error.Spawn.ExecFailed: /usr/bin/dbus-launch terminated abnormally without any error message
[13.586s] DEBUG:colcon.colcon_core.event_reactor:joined thread
[13.587s] INFO:colcon.colcon_core.shell:Creating prefix script '/root/Dojo/Dojo/install/local_setup.ps1'
[13.588s] INFO:colcon.colcon_core.shell:Creating prefix util module '/root/Dojo/Dojo/install/_local_setup_util_ps1.py'
[13.589s] INFO:colcon.colcon_core.shell:Creating prefix chain script '/root/Dojo/Dojo/install/setup.ps1'
[13.590s] INFO:colcon.colcon_core.shell:Creating prefix script '/root/Dojo/Dojo/install/local_setup.sh'
[13.591s] INFO:colcon.colcon_core.shell:Creating prefix util module '/root/Dojo/Dojo/install/_local_setup_util_sh.py'
[13.591s] INFO:colcon.colcon_core.shell:Creating prefix chain script '/root/Dojo/Dojo/install/setup.sh'
[13.592s] INFO:colcon.colcon_core.shell:Creating prefix script '/root/Dojo/Dojo/install/local_setup.bash'
[13.592s] INFO:colcon.colcon_core.shell:Creating prefix chain script '/root/Dojo/Dojo/install/setup.bash'
[13.593s] INFO:colcon.colcon_core.shell:Creating prefix script '/root/Dojo/Dojo/install/local_setup.zsh'
[13.594s] INFO:colcon.colcon_core.shell:Creating prefix chain script '/root/Dojo/Dojo/install/setup.zsh'
