[0.000000] (-) TimerEvent: {}
[0.000563] (arduino_bridge) JobQueued: {'identifier': 'arduino_bridge', 'dependencies': OrderedDict()}
[0.000682] (nv21_converter_pkg) JobQueued: {'identifier': 'nv21_converter_pkg', 'dependencies': OrderedDict()}
[0.000797] (robot_control) JobQueued: {'identifier': 'robot_control', 'dependencies': OrderedDict()}
[0.000872] (robot_description) JobQueued: {'identifier': 'robot_description', 'dependencies': OrderedDict()}
[0.000972] (robot_hardware) JobQueued: {'identifier': 'robot_hardware', 'dependencies': OrderedDict()}
[0.001000] (robot_interfaces) JobQueued: {'identifier': 'robot_interfaces', 'dependencies': OrderedDict()}
[0.001077] (robot_perception) JobQueued: {'identifier': 'robot_perception', 'dependencies': OrderedDict()}
[0.001119] (robot_sensors) JobQueued: {'identifier': 'robot_sensors', 'dependencies': OrderedDict()}
[0.001210] (ros2arduino_bridge) JobQueued: {'identifier': 'ros2arduino_bridge', 'dependencies': OrderedDict()}
[0.001237] (vision_system) JobQueued: {'identifier': 'vision_system', 'dependencies': OrderedDict()}
[0.001257] (robot_gazebo) JobQueued: {'identifier': 'robot_gazebo', 'dependencies': OrderedDict([('robot_control', '/root/Dojo/Dojo/install/robot_control'), ('robot_description', '/root/Dojo/Dojo/install/robot_description')])}
[0.001319] (robot_launch) JobQueued: {'identifier': 'robot_launch', 'dependencies': OrderedDict([('robot_control', '/root/Dojo/Dojo/install/robot_control'), ('robot_description', '/root/Dojo/Dojo/install/robot_description')])}
[0.001388] (robot_navigation) JobQueued: {'identifier': 'robot_navigation', 'dependencies': OrderedDict([('robot_control', '/root/Dojo/Dojo/install/robot_control'), ('robot_description', '/root/Dojo/Dojo/install/robot_description')])}
[0.001416] (robot_bringup) JobQueued: {'identifier': 'robot_bringup', 'dependencies': OrderedDict([('robot_control', '/root/Dojo/Dojo/install/robot_control'), ('robot_description', '/root/Dojo/Dojo/install/robot_description'), ('robot_hardware', '/root/Dojo/Dojo/install/robot_hardware'), ('robot_perception', '/root/Dojo/Dojo/install/robot_perception'), ('robot_navigation', '/root/Dojo/Dojo/install/robot_navigation')])}
[0.001445] (robot_control) JobStarted: {'identifier': 'robot_control'}
[0.007347] (robot_description) JobStarted: {'identifier': 'robot_description'}
[0.010837] (robot_hardware) JobStarted: {'identifier': 'robot_hardware'}
[0.016200] (robot_perception) JobStarted: {'identifier': 'robot_perception'}
[0.020224] (arduino_bridge) JobStarted: {'identifier': 'arduino_bridge'}
[0.025163] (nv21_converter_pkg) JobStarted: {'identifier': 'nv21_converter_pkg'}
[0.030865] (robot_interfaces) JobStarted: {'identifier': 'robot_interfaces'}
[0.035418] (robot_sensors) JobStarted: {'identifier': 'robot_sensors'}
[0.040620] (ros2arduino_bridge) JobStarted: {'identifier': 'ros2arduino_bridge'}
[0.045924] (vision_system) JobStarted: {'identifier': 'vision_system'}
[0.053954] (robot_control) JobProgress: {'identifier': 'robot_control', 'progress': 'cmake'}
[0.054463] (robot_control) JobProgress: {'identifier': 'robot_control', 'progress': 'build'}
[0.055047] (robot_control) Command: {'cmd': ['/usr/bin/cmake', '--build', '/root/Dojo/Dojo/build/robot_control', '--', '-j16', '-l16'], 'cwd': '/root/Dojo/Dojo/build/robot_control', 'env': OrderedDict([('HOSTNAME', 'gareth-joel-HP-Pavilion-Gaming-Laptop-15-ec2xxx'), ('SHLVL', '1'), ('LD_LIBRARY_PATH', '/usr/lib/x86_64-linux-gnu/gazebo-11/plugins:/opt/ros/humble/opt/rviz_ogre_vendor/lib:/opt/ros/humble/lib/x86_64-linux-gnu:/opt/ros/humble/lib'), ('HOME', '/root'), ('OLDPWD', '/root/Dojo'), ('ROS_PYTHON_VERSION', '3'), ('COLCON_PREFIX_PATH', '/root/Dojo/install'), ('ROS_DISTRO', 'humble'), ('_', '/usr/bin/colcon'), ('ROS_VERSION', '2'), ('TERM', 'xterm'), ('ROS_LOCALHOST_ONLY', '0'), ('QT_X11_NO_MITSHM', '1'), ('PATH', '/opt/ros/humble/bin:/usr/local/sbin:/usr/local/bin:/usr/sbin:/usr/bin:/sbin:/bin'), ('DISPLAY', ':0'), ('LANG', 'C.UTF-8'), ('LS_COLORS', 'rs=0:di=01;34:ln=01;36:mh=00:pi=40;33:so=01;35:do=01;35:bd=40;33;01:cd=40;33;01:or=40;31;01:mi=00:su=37;41:sg=30;43:ca=30;41:tw=30;42:ow=34;42:st=37;44:ex=01;32:*.tar=01;31:*.tgz=01;31:*.arc=01;31:*.arj=01;31:*.taz=01;31:*.lha=01;31:*.lz4=01;31:*.lzh=01;31:*.lzma=01;31:*.tlz=01;31:*.txz=01;31:*.tzo=01;31:*.t7z=01;31:*.zip=01;31:*.z=01;31:*.dz=01;31:*.gz=01;31:*.lrz=01;31:*.lz=01;31:*.lzo=01;31:*.xz=01;31:*.zst=01;31:*.tzst=01;31:*.bz2=01;31:*.bz=01;31:*.tbz=01;31:*.tbz2=01;31:*.tz=01;31:*.deb=01;31:*.rpm=01;31:*.jar=01;31:*.war=01;31:*.ear=01;31:*.sar=01;31:*.rar=01;31:*.alz=01;31:*.ace=01;31:*.zoo=01;31:*.cpio=01;31:*.7z=01;31:*.rz=01;31:*.cab=01;31:*.wim=01;31:*.swm=01;31:*.dwm=01;31:*.esd=01;31:*.jpg=01;35:*.jpeg=01;35:*.mjpg=01;35:*.mjpeg=01;35:*.gif=01;35:*.bmp=01;35:*.pbm=01;35:*.pgm=01;35:*.ppm=01;35:*.tga=01;35:*.xbm=01;35:*.xpm=01;35:*.tif=01;35:*.tiff=01;35:*.png=01;35:*.svg=01;35:*.svgz=01;35:*.mng=01;35:*.pcx=01;35:*.mov=01;35:*.mpg=01;35:*.mpeg=01;35:*.m2v=01;35:*.mkv=01;35:*.webm=01;35:*.webp=01;35:*.ogm=01;35:*.mp4=01;35:*.m4v=01;35:*.mp4v=01;35:*.vob=01;35:*.qt=01;35:*.nuv=01;35:*.wmv=01;35:*.asf=01;35:*.rm=01;35:*.rmvb=01;35:*.flc=01;35:*.avi=01;35:*.fli=01;35:*.flv=01;35:*.gl=01;35:*.dl=01;35:*.xcf=01;35:*.xwd=01;35:*.yuv=01;35:*.cgm=01;35:*.emf=01;35:*.ogv=01;35:*.ogx=01;35:*.aac=00;36:*.au=00;36:*.flac=00;36:*.m4a=00;36:*.mid=00;36:*.midi=00;36:*.mka=00;36:*.mp3=00;36:*.mpc=00;36:*.ogg=00;36:*.ra=00;36:*.wav=00;36:*.oga=00;36:*.opus=00;36:*.spx=00;36:*.xspf=00;36:'), ('ROS_DOMAIN_ID', '7'), ('AMENT_PREFIX_PATH', '/root/Dojo/install/robot_hardware:/opt/ros/humble'), ('PWD', '/root/Dojo/Dojo/build/robot_control'), ('LC_ALL', 'C.UTF-8'), ('PYTHONPATH', '/root/Dojo/build/robot_hardware:/root/Dojo/install/robot_hardware/lib/python3.10/site-packages:/opt/ros/humble/lib/python3.10/site-packages:/opt/ros/humble/local/lib/python3.10/dist-packages'), ('COLCON', '1'), ('CMAKE_PREFIX_PATH', '/root/Dojo/install/robot_perception:/root/Dojo/install/robot_hardware:/opt/ros/humble')]), 'shell': False}
[0.057143] (robot_description) JobProgress: {'identifier': 'robot_description', 'progress': 'cmake'}
[0.057858] (robot_description) JobProgress: {'identifier': 'robot_description', 'progress': 'build'}
[0.058235] (robot_description) Command: {'cmd': ['/usr/bin/cmake', '--build', '/root/Dojo/Dojo/build/robot_description', '--', '-j16', '-l16'], 'cwd': '/root/Dojo/Dojo/build/robot_description', 'env': OrderedDict([('HOSTNAME', 'gareth-joel-HP-Pavilion-Gaming-Laptop-15-ec2xxx'), ('SHLVL', '1'), ('LD_LIBRARY_PATH', '/usr/lib/x86_64-linux-gnu/gazebo-11/plugins:/opt/ros/humble/opt/rviz_ogre_vendor/lib:/opt/ros/humble/lib/x86_64-linux-gnu:/opt/ros/humble/lib'), ('HOME', '/root'), ('OLDPWD', '/root/Dojo'), ('ROS_PYTHON_VERSION', '3'), ('COLCON_PREFIX_PATH', '/root/Dojo/install'), ('ROS_DISTRO', 'humble'), ('_', '/usr/bin/colcon'), ('ROS_VERSION', '2'), ('TERM', 'xterm'), ('ROS_LOCALHOST_ONLY', '0'), ('QT_X11_NO_MITSHM', '1'), ('PATH', '/opt/ros/humble/bin:/usr/local/sbin:/usr/local/bin:/usr/sbin:/usr/bin:/sbin:/bin'), ('DISPLAY', ':0'), ('LANG', 'C.UTF-8'), ('LS_COLORS', 'rs=0:di=01;34:ln=01;36:mh=00:pi=40;33:so=01;35:do=01;35:bd=40;33;01:cd=40;33;01:or=40;31;01:mi=00:su=37;41:sg=30;43:ca=30;41:tw=30;42:ow=34;42:st=37;44:ex=01;32:*.tar=01;31:*.tgz=01;31:*.arc=01;31:*.arj=01;31:*.taz=01;31:*.lha=01;31:*.lz4=01;31:*.lzh=01;31:*.lzma=01;31:*.tlz=01;31:*.txz=01;31:*.tzo=01;31:*.t7z=01;31:*.zip=01;31:*.z=01;31:*.dz=01;31:*.gz=01;31:*.lrz=01;31:*.lz=01;31:*.lzo=01;31:*.xz=01;31:*.zst=01;31:*.tzst=01;31:*.bz2=01;31:*.bz=01;31:*.tbz=01;31:*.tbz2=01;31:*.tz=01;31:*.deb=01;31:*.rpm=01;31:*.jar=01;31:*.war=01;31:*.ear=01;31:*.sar=01;31:*.rar=01;31:*.alz=01;31:*.ace=01;31:*.zoo=01;31:*.cpio=01;31:*.7z=01;31:*.rz=01;31:*.cab=01;31:*.wim=01;31:*.swm=01;31:*.dwm=01;31:*.esd=01;31:*.jpg=01;35:*.jpeg=01;35:*.mjpg=01;35:*.mjpeg=01;35:*.gif=01;35:*.bmp=01;35:*.pbm=01;35:*.pgm=01;35:*.ppm=01;35:*.tga=01;35:*.xbm=01;35:*.xpm=01;35:*.tif=01;35:*.tiff=01;35:*.png=01;35:*.svg=01;35:*.svgz=01;35:*.mng=01;35:*.pcx=01;35:*.mov=01;35:*.mpg=01;35:*.mpeg=01;35:*.m2v=01;35:*.mkv=01;35:*.webm=01;35:*.webp=01;35:*.ogm=01;35:*.mp4=01;35:*.m4v=01;35:*.mp4v=01;35:*.vob=01;35:*.qt=01;35:*.nuv=01;35:*.wmv=01;35:*.asf=01;35:*.rm=01;35:*.rmvb=01;35:*.flc=01;35:*.avi=01;35:*.fli=01;35:*.flv=01;35:*.gl=01;35:*.dl=01;35:*.xcf=01;35:*.xwd=01;35:*.yuv=01;35:*.cgm=01;35:*.emf=01;35:*.ogv=01;35:*.ogx=01;35:*.aac=00;36:*.au=00;36:*.flac=00;36:*.m4a=00;36:*.mid=00;36:*.midi=00;36:*.mka=00;36:*.mp3=00;36:*.mpc=00;36:*.ogg=00;36:*.ra=00;36:*.wav=00;36:*.oga=00;36:*.opus=00;36:*.spx=00;36:*.xspf=00;36:'), ('ROS_DOMAIN_ID', '7'), ('AMENT_PREFIX_PATH', '/root/Dojo/install/robot_hardware:/opt/ros/humble'), ('PWD', '/root/Dojo/Dojo/build/robot_description'), ('LC_ALL', 'C.UTF-8'), ('PYTHONPATH', '/root/Dojo/build/robot_hardware:/root/Dojo/install/robot_hardware/lib/python3.10/site-packages:/opt/ros/humble/lib/python3.10/site-packages:/opt/ros/humble/local/lib/python3.10/dist-packages'), ('COLCON', '1'), ('CMAKE_PREFIX_PATH', '/root/Dojo/install/robot_perception:/root/Dojo/install/robot_hardware:/opt/ros/humble')]), 'shell': False}
[0.099798] (-) TimerEvent: {}
[0.200137] (-) TimerEvent: {}
[0.300421] (-) TimerEvent: {}
[0.376481] (robot_perception) JobProgress: {'identifier': 'robot_perception', 'progress': 'cmake'}
[0.376901] (robot_perception) JobProgress: {'identifier': 'robot_perception', 'progress': 'build'}
[0.377073] (robot_perception) Command: {'cmd': ['/usr/bin/cmake', '--build', '/root/Dojo/Dojo/build/robot_perception', '--', '-j16', '-l16'], 'cwd': '/root/Dojo/Dojo/build/robot_perception', 'env': OrderedDict([('HOSTNAME', 'gareth-joel-HP-Pavilion-Gaming-Laptop-15-ec2xxx'), ('SHLVL', '1'), ('LD_LIBRARY_PATH', '/usr/lib/x86_64-linux-gnu/gazebo-11/plugins:/opt/ros/humble/opt/rviz_ogre_vendor/lib:/opt/ros/humble/lib/x86_64-linux-gnu:/opt/ros/humble/lib'), ('HOME', '/root'), ('OLDPWD', '/root/Dojo'), ('ROS_PYTHON_VERSION', '3'), ('COLCON_PREFIX_PATH', '/root/Dojo/install'), ('ROS_DISTRO', 'humble'), ('_', '/usr/bin/colcon'), ('ROS_VERSION', '2'), ('TERM', 'xterm'), ('ROS_LOCALHOST_ONLY', '0'), ('QT_X11_NO_MITSHM', '1'), ('PATH', '/opt/ros/humble/bin:/usr/local/sbin:/usr/local/bin:/usr/sbin:/usr/bin:/sbin:/bin'), ('DISPLAY', ':0'), ('LANG', 'C.UTF-8'), ('LS_COLORS', 'rs=0:di=01;34:ln=01;36:mh=00:pi=40;33:so=01;35:do=01;35:bd=40;33;01:cd=40;33;01:or=40;31;01:mi=00:su=37;41:sg=30;43:ca=30;41:tw=30;42:ow=34;42:st=37;44:ex=01;32:*.tar=01;31:*.tgz=01;31:*.arc=01;31:*.arj=01;31:*.taz=01;31:*.lha=01;31:*.lz4=01;31:*.lzh=01;31:*.lzma=01;31:*.tlz=01;31:*.txz=01;31:*.tzo=01;31:*.t7z=01;31:*.zip=01;31:*.z=01;31:*.dz=01;31:*.gz=01;31:*.lrz=01;31:*.lz=01;31:*.lzo=01;31:*.xz=01;31:*.zst=01;31:*.tzst=01;31:*.bz2=01;31:*.bz=01;31:*.tbz=01;31:*.tbz2=01;31:*.tz=01;31:*.deb=01;31:*.rpm=01;31:*.jar=01;31:*.war=01;31:*.ear=01;31:*.sar=01;31:*.rar=01;31:*.alz=01;31:*.ace=01;31:*.zoo=01;31:*.cpio=01;31:*.7z=01;31:*.rz=01;31:*.cab=01;31:*.wim=01;31:*.swm=01;31:*.dwm=01;31:*.esd=01;31:*.jpg=01;35:*.jpeg=01;35:*.mjpg=01;35:*.mjpeg=01;35:*.gif=01;35:*.bmp=01;35:*.pbm=01;35:*.pgm=01;35:*.ppm=01;35:*.tga=01;35:*.xbm=01;35:*.xpm=01;35:*.tif=01;35:*.tiff=01;35:*.png=01;35:*.svg=01;35:*.svgz=01;35:*.mng=01;35:*.pcx=01;35:*.mov=01;35:*.mpg=01;35:*.mpeg=01;35:*.m2v=01;35:*.mkv=01;35:*.webm=01;35:*.webp=01;35:*.ogm=01;35:*.mp4=01;35:*.m4v=01;35:*.mp4v=01;35:*.vob=01;35:*.qt=01;35:*.nuv=01;35:*.wmv=01;35:*.asf=01;35:*.rm=01;35:*.rmvb=01;35:*.flc=01;35:*.avi=01;35:*.fli=01;35:*.flv=01;35:*.gl=01;35:*.dl=01;35:*.xcf=01;35:*.xwd=01;35:*.yuv=01;35:*.cgm=01;35:*.emf=01;35:*.ogv=01;35:*.ogx=01;35:*.aac=00;36:*.au=00;36:*.flac=00;36:*.m4a=00;36:*.mid=00;36:*.midi=00;36:*.mka=00;36:*.mp3=00;36:*.mpc=00;36:*.ogg=00;36:*.ra=00;36:*.wav=00;36:*.oga=00;36:*.opus=00;36:*.spx=00;36:*.xspf=00;36:'), ('ROS_DOMAIN_ID', '7'), ('AMENT_PREFIX_PATH', '/root/Dojo/install/robot_hardware:/opt/ros/humble'), ('PWD', '/root/Dojo/Dojo/build/robot_perception'), ('LC_ALL', 'C.UTF-8'), ('PYTHONPATH', '/root/Dojo/build/robot_hardware:/root/Dojo/install/robot_hardware/lib/python3.10/site-packages:/opt/ros/humble/lib/python3.10/site-packages:/opt/ros/humble/local/lib/python3.10/dist-packages'), ('COLCON', '1'), ('CMAKE_PREFIX_PATH', '/root/Dojo/install/robot_perception')]), 'shell': False}
[0.400512] (-) TimerEvent: {}
[0.500834] (-) TimerEvent: {}
[0.601158] (-) TimerEvent: {}
[0.701514] (-) TimerEvent: {}
[0.801914] (-) TimerEvent: {}
[0.902291] (-) TimerEvent: {}
[1.002689] (-) TimerEvent: {}
[1.085539] (robot_interfaces) JobProgress: {'identifier': 'robot_interfaces', 'progress': 'cmake'}
[1.086243] (robot_interfaces) JobProgress: {'identifier': 'robot_interfaces', 'progress': 'build'}
[1.086615] (robot_interfaces) Command: {'cmd': ['/usr/bin/cmake', '--build', '/root/Dojo/Dojo/build/robot_interfaces', '--', '-j16', '-l16'], 'cwd': '/root/Dojo/Dojo/build/robot_interfaces', 'env': OrderedDict([('HOSTNAME', 'gareth-joel-HP-Pavilion-Gaming-Laptop-15-ec2xxx'), ('SHLVL', '1'), ('LD_LIBRARY_PATH', '/usr/lib/x86_64-linux-gnu/gazebo-11/plugins:/opt/ros/humble/opt/rviz_ogre_vendor/lib:/opt/ros/humble/lib/x86_64-linux-gnu:/opt/ros/humble/lib'), ('HOME', '/root'), ('OLDPWD', '/root/Dojo'), ('ROS_PYTHON_VERSION', '3'), ('COLCON_PREFIX_PATH', '/root/Dojo/install'), ('ROS_DISTRO', 'humble'), ('_', '/usr/bin/colcon'), ('ROS_VERSION', '2'), ('TERM', 'xterm'), ('ROS_LOCALHOST_ONLY', '0'), ('QT_X11_NO_MITSHM', '1'), ('PATH', '/opt/ros/humble/bin:/usr/local/sbin:/usr/local/bin:/usr/sbin:/usr/bin:/sbin:/bin'), ('DISPLAY', ':0'), ('LANG', 'C.UTF-8'), ('LS_COLORS', 'rs=0:di=01;34:ln=01;36:mh=00:pi=40;33:so=01;35:do=01;35:bd=40;33;01:cd=40;33;01:or=40;31;01:mi=00:su=37;41:sg=30;43:ca=30;41:tw=30;42:ow=34;42:st=37;44:ex=01;32:*.tar=01;31:*.tgz=01;31:*.arc=01;31:*.arj=01;31:*.taz=01;31:*.lha=01;31:*.lz4=01;31:*.lzh=01;31:*.lzma=01;31:*.tlz=01;31:*.txz=01;31:*.tzo=01;31:*.t7z=01;31:*.zip=01;31:*.z=01;31:*.dz=01;31:*.gz=01;31:*.lrz=01;31:*.lz=01;31:*.lzo=01;31:*.xz=01;31:*.zst=01;31:*.tzst=01;31:*.bz2=01;31:*.bz=01;31:*.tbz=01;31:*.tbz2=01;31:*.tz=01;31:*.deb=01;31:*.rpm=01;31:*.jar=01;31:*.war=01;31:*.ear=01;31:*.sar=01;31:*.rar=01;31:*.alz=01;31:*.ace=01;31:*.zoo=01;31:*.cpio=01;31:*.7z=01;31:*.rz=01;31:*.cab=01;31:*.wim=01;31:*.swm=01;31:*.dwm=01;31:*.esd=01;31:*.jpg=01;35:*.jpeg=01;35:*.mjpg=01;35:*.mjpeg=01;35:*.gif=01;35:*.bmp=01;35:*.pbm=01;35:*.pgm=01;35:*.ppm=01;35:*.tga=01;35:*.xbm=01;35:*.xpm=01;35:*.tif=01;35:*.tiff=01;35:*.png=01;35:*.svg=01;35:*.svgz=01;35:*.mng=01;35:*.pcx=01;35:*.mov=01;35:*.mpg=01;35:*.mpeg=01;35:*.m2v=01;35:*.mkv=01;35:*.webm=01;35:*.webp=01;35:*.ogm=01;35:*.mp4=01;35:*.m4v=01;35:*.mp4v=01;35:*.vob=01;35:*.qt=01;35:*.nuv=01;35:*.wmv=01;35:*.asf=01;35:*.rm=01;35:*.rmvb=01;35:*.flc=01;35:*.avi=01;35:*.fli=01;35:*.flv=01;35:*.gl=01;35:*.dl=01;35:*.xcf=01;35:*.xwd=01;35:*.yuv=01;35:*.cgm=01;35:*.emf=01;35:*.ogv=01;35:*.ogx=01;35:*.aac=00;36:*.au=00;36:*.flac=00;36:*.m4a=00;36:*.mid=00;36:*.midi=00;36:*.mka=00;36:*.mp3=00;36:*.mpc=00;36:*.ogg=00;36:*.ra=00;36:*.wav=00;36:*.oga=00;36:*.opus=00;36:*.spx=00;36:*.xspf=00;36:'), ('ROS_DOMAIN_ID', '7'), ('AMENT_PREFIX_PATH', '/root/Dojo/install/robot_hardware:/opt/ros/humble'), ('PWD', '/root/Dojo/Dojo/build/robot_interfaces'), ('LC_ALL', 'C.UTF-8'), ('PYTHONPATH', '/root/Dojo/build/robot_hardware:/root/Dojo/install/robot_hardware/lib/python3.10/site-packages:/opt/ros/humble/lib/python3.10/site-packages:/opt/ros/humble/local/lib/python3.10/dist-packages'), ('COLCON', '1'), ('CMAKE_PREFIX_PATH', '/root/Dojo/install/robot_perception:/root/Dojo/install/robot_hardware:/opt/ros/humble')]), 'shell': False}
[1.102776] (-) TimerEvent: {}
[1.203127] (-) TimerEvent: {}
[1.303466] (-) TimerEvent: {}
[1.403803] (-) TimerEvent: {}
[1.504130] (-) TimerEvent: {}
[1.604446] (-) TimerEvent: {}
[1.704792] (-) TimerEvent: {}
[1.805130] (-) TimerEvent: {}
[1.814999] (robot_control) StdoutLine: {'line': b'-- Found ament_cmake: 1.3.12 (/opt/ros/humble/share/ament_cmake/cmake)\n'}
[1.815627] (robot_control) StdoutLine: {'line': b'-- Found Python3: /usr/bin/python3 (found version "3.10.12") found components: Interpreter \n'}
[1.816562] (robot_control) StdoutLine: {'line': b'-- Override CMake install command with custom implementation using symlinks instead of copying resources\n'}
[1.816767] (robot_control) StdoutLine: {'line': b'-- Found rclcpp: 16.0.15 (/opt/ros/humble/share/rclcpp/cmake)\n'}
[1.817490] (robot_control) StdoutLine: {'line': b'-- Found rosidl_generator_c: 3.1.7 (/opt/ros/humble/share/rosidl_generator_c/cmake)\n'}
[1.817605] (robot_control) StdoutLine: {'line': b'-- Found rosidl_adapter: 3.1.7 (/opt/ros/humble/share/rosidl_adapter/cmake)\n'}
[1.817775] (robot_control) StdoutLine: {'line': b'-- Found rosidl_generator_cpp: 3.1.7 (/opt/ros/humble/share/rosidl_generator_cpp/cmake)\n'}
[1.817867] (robot_control) StdoutLine: {'line': b'-- Using all available rosidl_typesupport_c: rosidl_typesupport_fastrtps_c;rosidl_typesupport_introspection_c\n'}
[1.817951] (robot_control) StdoutLine: {'line': b'-- Using all available rosidl_typesupport_cpp: rosidl_typesupport_fastrtps_cpp;rosidl_typesupport_introspection_cpp\n'}
[1.818032] (robot_control) StdoutLine: {'line': b'-- Found rmw_implementation_cmake: 6.1.2 (/opt/ros/humble/share/rmw_implementation_cmake/cmake)\n'}
[1.818122] (robot_control) StdoutLine: {'line': b'-- Found rmw_fastrtps_cpp: 6.2.8 (/opt/ros/humble/share/rmw_fastrtps_cpp/cmake)\n'}
[1.818204] (robot_control) StdoutLine: {'line': b"-- Using RMW implementation 'rmw_fastrtps_cpp' as default\n"}
[1.818284] (robot_control) StdoutLine: {'line': b'-- Found rclpy: 3.3.17 (/opt/ros/humble/share/rclpy/cmake)\n'}
[1.818361] (robot_control) StdoutLine: {'line': b'-- Found geometry_msgs: 4.9.0 (/opt/ros/humble/share/geometry_msgs/cmake)\n'}
[1.818437] (robot_control) StdoutLine: {'line': b'-- Found sensor_msgs: 4.9.0 (/opt/ros/humble/share/sensor_msgs/cmake)\n'}
[1.818512] (robot_control) StdoutLine: {'line': b'-- Found nav_msgs: 4.9.0 (/opt/ros/humble/share/nav_msgs/cmake)\n'}
[1.818589] (robot_control) StdoutLine: {'line': b'-- Found tf2_ros: 0.25.16 (/opt/ros/humble/share/tf2_ros/cmake)\n'}
[1.818669] (robot_control) StdoutLine: {'line': b'-- Found tf2_geometry_msgs: 0.25.16 (/opt/ros/humble/share/tf2_geometry_msgs/cmake)\n'}
[1.818748] (robot_control) StdoutLine: {'line': b'-- Found eigen3_cmake_module: 0.1.1 (/opt/ros/humble/share/eigen3_cmake_module/cmake)\n'}
[1.818823] (robot_control) StdoutLine: {'line': b'-- Ensuring Eigen3 include directory is part of orocos-kdl CMake target\n'}
[1.818902] (robot_control) StdoutLine: {'line': b'-- Found controller_interface: 2.52.0 (/opt/ros/humble/share/controller_interface/cmake)\n'}
[1.818982] (robot_control) StdoutLine: {'line': b'-- Found controller_manager: 2.52.0 (/opt/ros/humble/share/controller_manager/cmake)\n'}
[1.819062] (robot_control) StdoutLine: {'line': b'-- Found diagnostic_updater: 4.0.6 (/opt/ros/humble/share/diagnostic_updater/cmake)\n'}
[1.819148] (robot_control) StdoutLine: {'line': b'-- Found Python3: /usr/bin/python3 (found version "3.10.12") found components: Interpreter Development Development.Module Development.Embed \n'}
[1.819221] (robot_control) StdoutLine: {'line': b'-- Configuring done\n'}
[1.819300] (robot_control) StdoutLine: {'line': b'-- Generating done\n'}
[1.819379] (robot_control) StdoutLine: {'line': b'-- Build files have been written to: /root/Dojo/Dojo/build/robot_control\n'}
[1.819458] (robot_description) StdoutLine: {'line': b'-- Found ament_cmake: 1.3.12 (/opt/ros/humble/share/ament_cmake/cmake)\n'}
[1.819554] (robot_description) StdoutLine: {'line': b'-- Override CMake install command with custom implementation using symlinks instead of copying resources\n'}
[1.819627] (robot_description) StdoutLine: {'line': b'-- Found rclcpp: 16.0.15 (/opt/ros/humble/share/rclcpp/cmake)\n'}
[1.819702] (robot_description) StdoutLine: {'line': b'-- Found rosidl_generator_c: 3.1.7 (/opt/ros/humble/share/rosidl_generator_c/cmake)\n'}
[1.819780] (robot_description) StdoutLine: {'line': b'-- Found rosidl_adapter: 3.1.7 (/opt/ros/humble/share/rosidl_adapter/cmake)\n'}
[1.819858] (robot_description) StdoutLine: {'line': b'-- Found rosidl_generator_cpp: 3.1.7 (/opt/ros/humble/share/rosidl_generator_cpp/cmake)\n'}
[1.819936] (robot_description) StdoutLine: {'line': b'-- Using all available rosidl_typesupport_c: rosidl_typesupport_fastrtps_c;rosidl_typesupport_introspection_c\n'}
[1.820018] (robot_description) StdoutLine: {'line': b'-- Using all available rosidl_typesupport_cpp: rosidl_typesupport_fastrtps_cpp;rosidl_typesupport_introspection_cpp\n'}
[1.820150] (robot_description) StdoutLine: {'line': b'-- Found rmw_implementation_cmake: 6.1.2 (/opt/ros/humble/share/rmw_implementation_cmake/cmake)\n'}
[1.820256] (robot_description) StdoutLine: {'line': b'-- Found rmw_fastrtps_cpp: 6.2.8 (/opt/ros/humble/share/rmw_fastrtps_cpp/cmake)\n'}
[1.820345] (robot_description) StdoutLine: {'line': b"-- Using RMW implementation 'rmw_fastrtps_cpp' as default\n"}
[1.820444] (robot_description) StdoutLine: {'line': b'-- Found geometry_msgs: 4.9.0 (/opt/ros/humble/share/geometry_msgs/cmake)\n'}
[1.820544] (robot_description) StdoutLine: {'line': b'-- Found sensor_msgs: 4.9.0 (/opt/ros/humble/share/sensor_msgs/cmake)\n'}
[1.820648] (robot_description) StdoutLine: {'line': b'-- Found tf2_ros: 0.25.16 (/opt/ros/humble/share/tf2_ros/cmake)\n'}
[1.820752] (robot_description) StdoutLine: {'line': b'-- Found urdf: 2.6.1 (/opt/ros/humble/share/urdf/cmake)\n'}
[1.820839] (robot_description) StdoutLine: {'line': b'-- Found xacro: 2.1.1 (/opt/ros/humble/share/xacro/cmake)\n'}
[1.820950] (robot_description) StdoutLine: {'line': b'-- Found DART: /usr/include (Required is at least version "6.6") found components: dart \n'}
[1.821035] (robot_description) StdoutLine: {'line': b'-- Found Protobuf: /usr/lib/x86_64-linux-gnu/libprotobuf.so (found version "3.12.4") \n'}
[1.821142] (robot_description) StdoutLine: {'line': b'-- Looking for ignition-math6 -- found version 6.15.1\n'}
[1.821229] (robot_description) StdoutLine: {'line': b'-- Searching for dependencies of ignition-math6\n'}
[1.821316] (robot_description) StdoutLine: {'line': b'-- Looking for OGRE...\n'}
[1.821408] (robot_description) StdoutLine: {'line': b'-- Found Ogre Ghadamon (1.9.0)\n'}
[1.821497] (robot_description) StdoutLine: {'line': b'-- Found OGRE: optimized;/usr/lib/x86_64-linux-gnu/libOgreMain.so;debug;/usr/lib/x86_64-linux-gnu/libOgreMain.so\n'}
[1.821581] (robot_description) StdoutLine: {'line': b'-- Looking for OGRE_Paging...\n'}
[1.821665] (robot_description) StdoutLine: {'line': b'-- Found OGRE_Paging: optimized;/usr/lib/x86_64-linux-gnu/libOgrePaging.so;debug;/usr/lib/x86_64-linux-gnu/libOgrePaging.so\n'}
[1.821752] (robot_description) StdoutLine: {'line': b'-- Looking for OGRE_Terrain...\n'}
[1.821842] (robot_description) StdoutLine: {'line': b'-- Found OGRE_Terrain: optimized;/usr/lib/x86_64-linux-gnu/libOgreTerrain.so;debug;/usr/lib/x86_64-linux-gnu/libOgreTerrain.so\n'}
[1.821927] (robot_description) StdoutLine: {'line': b'-- Looking for OGRE_Property...\n'}
[1.822016] (robot_description) StdoutLine: {'line': b'-- Found OGRE_Property: optimized;/usr/lib/x86_64-linux-gnu/libOgreProperty.so;debug;/usr/lib/x86_64-linux-gnu/libOgreProperty.so\n'}
[1.822115] (robot_description) StdoutLine: {'line': b'-- Looking for OGRE_RTShaderSystem...\n'}
[1.822210] (robot_description) StdoutLine: {'line': b'-- Found OGRE_RTShaderSystem: optimized;/usr/lib/x86_64-linux-gnu/libOgreRTShaderSystem.so;debug;/usr/lib/x86_64-linux-gnu/libOgreRTShaderSystem.so\n'}
[1.822375] (robot_description) StdoutLine: {'line': b'-- Looking for OGRE_Volume...\n'}
[1.822494] (robot_description) StdoutLine: {'line': b'-- Found OGRE_Volume: optimized;/usr/lib/x86_64-linux-gnu/libOgreVolume.so;debug;/usr/lib/x86_64-linux-gnu/libOgreVolume.so\n'}
[1.822601] (robot_description) StdoutLine: {'line': b'-- Looking for OGRE_Overlay...\n'}
[1.822710] (robot_description) StdoutLine: {'line': b'-- Found OGRE_Overlay: optimized;/usr/lib/x86_64-linux-gnu/libOgreOverlay.so;debug;/usr/lib/x86_64-linux-gnu/libOgreOverlay.so\n'}
[1.822813] (robot_description) StdoutLine: {'line': b'-- Looking for ignition-math6 -- found version 6.15.1\n'}
[1.822911] (robot_description) StdoutLine: {'line': b'-- Looking for ignition-transport8 -- found version 8.2.1\n'}
[1.823005] (robot_description) StdoutLine: {'line': b'-- Searching for dependencies of ignition-transport8\n'}
[1.823110] (robot_description) StdoutLine: {'line': b'-- Found Protobuf: /usr/lib/x86_64-linux-gnu/libprotobuf.so (found suitable version "3.12.4", minimum required is "3") \n'}
[1.823217] (robot_description) StdoutLine: {'line': b'-- Config-file not installed for ZeroMQ -- checking for pkg-config\n'}
[1.823314] (robot_description) StdoutLine: {'line': b"-- Checking for module 'libzmq >= 4'\n"}
[1.823416] (robot_description) StdoutLine: {'line': b'--   Found libzmq , version 4.3.4\n'}
[1.823517] (robot_description) StdoutLine: {'line': b"-- Checking for module 'uuid'\n"}
[1.823658] (robot_description) StdoutLine: {'line': b'--   Found uuid, version 2.37.2\n'}
[1.823769] (robot_description) StdoutLine: {'line': b'-- Looking for ignition-msgs5 -- found version 5.8.1\n'}
[1.823876] (robot_description) StdoutLine: {'line': b'-- Searching for dependencies of ignition-msgs5\n'}
[1.823980] (robot_description) StdoutLine: {'line': b'-- Looking for ignition-math6 -- found version 6.15.1\n'}
[1.824081] (robot_description) StdoutLine: {'line': b'-- Looking for ignition-msgs5 -- found version 5.8.1\n'}
[1.824179] (robot_description) StdoutLine: {'line': b'-- Looking for ignition-common3 -- found version 3.14.0\n'}
[1.824286] (robot_description) StdoutLine: {'line': b'-- Searching for dependencies of ignition-common3\n'}
[1.824367] (robot_description) StdoutLine: {'line': b'-- Looking for dlfcn.h - found\n'}
[1.824448] (robot_description) StdoutLine: {'line': b'-- Looking for libdl - found\n'}
[1.824523] (robot_description) StdoutLine: {'line': b'-- Searching for <ignition-common3> component [graphics]\n'}
[1.824614] (robot_description) StdoutLine: {'line': b'-- Looking for ignition-common3-graphics -- found version 3.14.0\n'}
[1.824693] (robot_description) StdoutLine: {'line': b'-- Searching for dependencies of ignition-common3-graphics\n'}
[1.824768] (robot_description) StdoutLine: {'line': b'-- Looking for ignition-math6 -- found version 6.15.1\n'}
[1.824842] (robot_description) StdoutLine: {'line': b'-- Looking for ignition-fuel_tools4 -- found version 4.4.0\n'}
[1.824931] (robot_description) StdoutLine: {'line': b'-- Searching for dependencies of ignition-fuel_tools4\n'}
[1.825017] (robot_description) StdoutLine: {'line': b"-- Checking for module 'jsoncpp'\n"}
[1.825098] (robot_description) StdoutLine: {'line': b'--   Found jsoncpp, version 1.9.5\n'}
[1.825189] (robot_description) StdoutLine: {'line': b"-- Checking for module 'libzip'\n"}
[1.825283] (robot_description) StdoutLine: {'line': b'--   Found libzip, version 1.7.3\n'}
[1.825362] (robot_description) StdoutLine: {'line': b'-- Looking for ignition-common3 -- found version 3.14.0\n'}
[1.825433] (robot_description) StdoutLine: {'line': b'-- Looking for ignition-math6 -- found version 6.15.1\n'}
[1.825538] (robot_description) StdoutLine: {'line': b'-- Looking for ignition-msgs5 -- found version 5.8.1\n'}
[1.825620] (robot_description) StdoutLine: {'line': b'-- Gazebo version: 11.10\n'}
[1.825713] (robot_description) StdoutLine: {'line': b'-- Configuring done\n'}
[1.825804] (robot_description) StdoutLine: {'line': b'-- Generating done\n'}
[1.825886] (robot_description) StdoutLine: {'line': b'-- Build files have been written to: /root/Dojo/Dojo/build/robot_description\n'}
[1.825976] (robot_perception) StdoutLine: {'line': b'Built target ament_cmake_python_copy_robot_perception_setup\n'}
[1.826071] (robot_perception) StdoutLine: {'line': b'Built target ament_cmake_python_copy_robot_perception\n'}
[1.826154] (robot_perception) StdoutLine: {'line': b'running egg_info\n'}
[1.826235] (robot_perception) StdoutLine: {'line': b'writing robot_perception.egg-info/PKG-INFO\n'}
[1.826302] (robot_perception) StdoutLine: {'line': b'writing dependency_links to robot_perception.egg-info/dependency_links.txt\n'}
[1.826419] (robot_perception) StdoutLine: {'line': b'writing top-level names to robot_perception.egg-info/top_level.txt\n'}
[1.826510] (robot_perception) StdoutLine: {'line': b"reading manifest file 'robot_perception.egg-info/SOURCES.txt'\n"}
[1.826603] (robot_perception) StdoutLine: {'line': b"writing manifest file 'robot_perception.egg-info/SOURCES.txt'\n"}
[1.826703] (robot_perception) StdoutLine: {'line': b'Built target ament_cmake_python_build_robot_perception_egg\n'}
[1.826805] (robot_interfaces) StdoutLine: {'line': b'[  1%] Built target robot_interfaces__cpp\n'}
[1.826924] (robot_interfaces) StdoutLine: {'line': b'[  8%] Built target ament_cmake_python_symlink_robot_interfaces\n'}
[1.827018] (robot_interfaces) StdoutLine: {'line': b'[ 12%] Built target robot_interfaces__rosidl_generator_c\n'}
[1.827113] (robot_interfaces) StdoutLine: {'line': b'[ 24%] Built target robot_interfaces__rosidl_typesupport_cpp\n'}
[1.827210] (robot_interfaces) StdoutLine: {'line': b'[ 36%] Built target robot_interfaces__rosidl_typesupport_introspection_cpp\n'}
[1.827299] (robot_interfaces) StdoutLine: {'line': b'[ 46%] Built target robot_interfaces__rosidl_typesupport_fastrtps_cpp\n'}
[1.827381] (robot_interfaces) StdoutLine: {'line': b'[ 58%] Built target robot_interfaces__rosidl_typesupport_introspection_c\n'}
[1.827472] (robot_interfaces) StdoutLine: {'line': b'[ 78%] Built target robot_interfaces__rosidl_typesupport_c\n'}
[1.827563] (robot_interfaces) StdoutLine: {'line': b'[ 81%] Built target robot_interfaces__rosidl_typesupport_fastrtps_c\n'}
[1.827653] (robot_interfaces) StdoutLine: {'line': b'[ 81%] Built target robot_interfaces\n'}
[1.827741] (robot_interfaces) StdoutLine: {'line': b'[ 82%] Built target robot_interfaces__py\n'}
[1.827830] (robot_interfaces) StdoutLine: {'line': b'[ 92%] Built target robot_interfaces__rosidl_generator_py\n'}
[1.827905] (robot_interfaces) StdoutLine: {'line': b'[ 97%] Built target robot_interfaces__rosidl_typesupport_fastrtps_c__pyext\n'}
[1.827996] (robot_interfaces) StdoutLine: {'line': b'[ 97%] Built target robot_interfaces__rosidl_typesupport_introspection_c__pyext\n'}
[1.828087] (robot_interfaces) StdoutLine: {'line': b'[100%] Built target robot_interfaces__rosidl_typesupport_c__pyext\n'}
[1.828185] (robot_interfaces) StdoutLine: {'line': b'running egg_info\n'}
[1.828268] (robot_interfaces) StdoutLine: {'line': b'writing robot_interfaces.egg-info/PKG-INFO\n'}
[1.828363] (robot_interfaces) StdoutLine: {'line': b'writing dependency_links to robot_interfaces.egg-info/dependency_links.txt\n'}
[1.828450] (robot_interfaces) StdoutLine: {'line': b'writing top-level names to robot_interfaces.egg-info/top_level.txt\n'}
[1.828523] (robot_interfaces) StdoutLine: {'line': b"reading manifest file 'robot_interfaces.egg-info/SOURCES.txt'\n"}
[1.828646] (robot_interfaces) StdoutLine: {'line': b"writing manifest file 'robot_interfaces.egg-info/SOURCES.txt'\n"}
[1.828757] (robot_interfaces) StdoutLine: {'line': b'[100%] Built target ament_cmake_python_build_robot_interfaces_egg\n'}
[1.905234] (-) TimerEvent: {}
[2.005559] (-) TimerEvent: {}
[2.105892] (-) TimerEvent: {}
[2.134632] (robot_control) CommandEnded: {'returncode': 0}
[2.135329] (robot_control) JobProgress: {'identifier': 'robot_control', 'progress': 'install'}
[2.143530] (robot_control) Command: {'cmd': ['/usr/bin/cmake', '--install', '/root/Dojo/Dojo/build/robot_control'], 'cwd': '/root/Dojo/Dojo/build/robot_control', 'env': OrderedDict([('HOSTNAME', 'gareth-joel-HP-Pavilion-Gaming-Laptop-15-ec2xxx'), ('SHLVL', '1'), ('LD_LIBRARY_PATH', '/usr/lib/x86_64-linux-gnu/gazebo-11/plugins:/opt/ros/humble/opt/rviz_ogre_vendor/lib:/opt/ros/humble/lib/x86_64-linux-gnu:/opt/ros/humble/lib'), ('HOME', '/root'), ('OLDPWD', '/root/Dojo'), ('ROS_PYTHON_VERSION', '3'), ('COLCON_PREFIX_PATH', '/root/Dojo/install'), ('ROS_DISTRO', 'humble'), ('_', '/usr/bin/colcon'), ('ROS_VERSION', '2'), ('TERM', 'xterm'), ('ROS_LOCALHOST_ONLY', '0'), ('QT_X11_NO_MITSHM', '1'), ('PATH', '/opt/ros/humble/bin:/usr/local/sbin:/usr/local/bin:/usr/sbin:/usr/bin:/sbin:/bin'), ('DISPLAY', ':0'), ('LANG', 'C.UTF-8'), ('LS_COLORS', 'rs=0:di=01;34:ln=01;36:mh=00:pi=40;33:so=01;35:do=01;35:bd=40;33;01:cd=40;33;01:or=40;31;01:mi=00:su=37;41:sg=30;43:ca=30;41:tw=30;42:ow=34;42:st=37;44:ex=01;32:*.tar=01;31:*.tgz=01;31:*.arc=01;31:*.arj=01;31:*.taz=01;31:*.lha=01;31:*.lz4=01;31:*.lzh=01;31:*.lzma=01;31:*.tlz=01;31:*.txz=01;31:*.tzo=01;31:*.t7z=01;31:*.zip=01;31:*.z=01;31:*.dz=01;31:*.gz=01;31:*.lrz=01;31:*.lz=01;31:*.lzo=01;31:*.xz=01;31:*.zst=01;31:*.tzst=01;31:*.bz2=01;31:*.bz=01;31:*.tbz=01;31:*.tbz2=01;31:*.tz=01;31:*.deb=01;31:*.rpm=01;31:*.jar=01;31:*.war=01;31:*.ear=01;31:*.sar=01;31:*.rar=01;31:*.alz=01;31:*.ace=01;31:*.zoo=01;31:*.cpio=01;31:*.7z=01;31:*.rz=01;31:*.cab=01;31:*.wim=01;31:*.swm=01;31:*.dwm=01;31:*.esd=01;31:*.jpg=01;35:*.jpeg=01;35:*.mjpg=01;35:*.mjpeg=01;35:*.gif=01;35:*.bmp=01;35:*.pbm=01;35:*.pgm=01;35:*.ppm=01;35:*.tga=01;35:*.xbm=01;35:*.xpm=01;35:*.tif=01;35:*.tiff=01;35:*.png=01;35:*.svg=01;35:*.svgz=01;35:*.mng=01;35:*.pcx=01;35:*.mov=01;35:*.mpg=01;35:*.mpeg=01;35:*.m2v=01;35:*.mkv=01;35:*.webm=01;35:*.webp=01;35:*.ogm=01;35:*.mp4=01;35:*.m4v=01;35:*.mp4v=01;35:*.vob=01;35:*.qt=01;35:*.nuv=01;35:*.wmv=01;35:*.asf=01;35:*.rm=01;35:*.rmvb=01;35:*.flc=01;35:*.avi=01;35:*.fli=01;35:*.flv=01;35:*.gl=01;35:*.dl=01;35:*.xcf=01;35:*.xwd=01;35:*.yuv=01;35:*.cgm=01;35:*.emf=01;35:*.ogv=01;35:*.ogx=01;35:*.aac=00;36:*.au=00;36:*.flac=00;36:*.m4a=00;36:*.mid=00;36:*.midi=00;36:*.mka=00;36:*.mp3=00;36:*.mpc=00;36:*.ogg=00;36:*.ra=00;36:*.wav=00;36:*.oga=00;36:*.opus=00;36:*.spx=00;36:*.xspf=00;36:'), ('ROS_DOMAIN_ID', '7'), ('AMENT_PREFIX_PATH', '/root/Dojo/install/robot_hardware:/opt/ros/humble'), ('PWD', '/root/Dojo/Dojo/build/robot_control'), ('LC_ALL', 'C.UTF-8'), ('PYTHONPATH', '/root/Dojo/build/robot_hardware:/root/Dojo/install/robot_hardware/lib/python3.10/site-packages:/opt/ros/humble/lib/python3.10/site-packages:/opt/ros/humble/local/lib/python3.10/dist-packages'), ('COLCON', '1'), ('CMAKE_PREFIX_PATH', '/root/Dojo/install/robot_perception:/root/Dojo/install/robot_hardware:/opt/ros/humble')]), 'shell': False}
[2.144549] (robot_interfaces) CommandEnded: {'returncode': 0}
[2.145011] (robot_interfaces) JobProgress: {'identifier': 'robot_interfaces', 'progress': 'install'}
[2.145180] (robot_interfaces) Command: {'cmd': ['/usr/bin/cmake', '--install', '/root/Dojo/Dojo/build/robot_interfaces'], 'cwd': '/root/Dojo/Dojo/build/robot_interfaces', 'env': OrderedDict([('HOSTNAME', 'gareth-joel-HP-Pavilion-Gaming-Laptop-15-ec2xxx'), ('SHLVL', '1'), ('LD_LIBRARY_PATH', '/usr/lib/x86_64-linux-gnu/gazebo-11/plugins:/opt/ros/humble/opt/rviz_ogre_vendor/lib:/opt/ros/humble/lib/x86_64-linux-gnu:/opt/ros/humble/lib'), ('HOME', '/root'), ('OLDPWD', '/root/Dojo'), ('ROS_PYTHON_VERSION', '3'), ('COLCON_PREFIX_PATH', '/root/Dojo/install'), ('ROS_DISTRO', 'humble'), ('_', '/usr/bin/colcon'), ('ROS_VERSION', '2'), ('TERM', 'xterm'), ('ROS_LOCALHOST_ONLY', '0'), ('QT_X11_NO_MITSHM', '1'), ('PATH', '/opt/ros/humble/bin:/usr/local/sbin:/usr/local/bin:/usr/sbin:/usr/bin:/sbin:/bin'), ('DISPLAY', ':0'), ('LANG', 'C.UTF-8'), ('LS_COLORS', 'rs=0:di=01;34:ln=01;36:mh=00:pi=40;33:so=01;35:do=01;35:bd=40;33;01:cd=40;33;01:or=40;31;01:mi=00:su=37;41:sg=30;43:ca=30;41:tw=30;42:ow=34;42:st=37;44:ex=01;32:*.tar=01;31:*.tgz=01;31:*.arc=01;31:*.arj=01;31:*.taz=01;31:*.lha=01;31:*.lz4=01;31:*.lzh=01;31:*.lzma=01;31:*.tlz=01;31:*.txz=01;31:*.tzo=01;31:*.t7z=01;31:*.zip=01;31:*.z=01;31:*.dz=01;31:*.gz=01;31:*.lrz=01;31:*.lz=01;31:*.lzo=01;31:*.xz=01;31:*.zst=01;31:*.tzst=01;31:*.bz2=01;31:*.bz=01;31:*.tbz=01;31:*.tbz2=01;31:*.tz=01;31:*.deb=01;31:*.rpm=01;31:*.jar=01;31:*.war=01;31:*.ear=01;31:*.sar=01;31:*.rar=01;31:*.alz=01;31:*.ace=01;31:*.zoo=01;31:*.cpio=01;31:*.7z=01;31:*.rz=01;31:*.cab=01;31:*.wim=01;31:*.swm=01;31:*.dwm=01;31:*.esd=01;31:*.jpg=01;35:*.jpeg=01;35:*.mjpg=01;35:*.mjpeg=01;35:*.gif=01;35:*.bmp=01;35:*.pbm=01;35:*.pgm=01;35:*.ppm=01;35:*.tga=01;35:*.xbm=01;35:*.xpm=01;35:*.tif=01;35:*.tiff=01;35:*.png=01;35:*.svg=01;35:*.svgz=01;35:*.mng=01;35:*.pcx=01;35:*.mov=01;35:*.mpg=01;35:*.mpeg=01;35:*.m2v=01;35:*.mkv=01;35:*.webm=01;35:*.webp=01;35:*.ogm=01;35:*.mp4=01;35:*.m4v=01;35:*.mp4v=01;35:*.vob=01;35:*.qt=01;35:*.nuv=01;35:*.wmv=01;35:*.asf=01;35:*.rm=01;35:*.rmvb=01;35:*.flc=01;35:*.avi=01;35:*.fli=01;35:*.flv=01;35:*.gl=01;35:*.dl=01;35:*.xcf=01;35:*.xwd=01;35:*.yuv=01;35:*.cgm=01;35:*.emf=01;35:*.ogv=01;35:*.ogx=01;35:*.aac=00;36:*.au=00;36:*.flac=00;36:*.m4a=00;36:*.mid=00;36:*.midi=00;36:*.mka=00;36:*.mp3=00;36:*.mpc=00;36:*.ogg=00;36:*.ra=00;36:*.wav=00;36:*.oga=00;36:*.opus=00;36:*.spx=00;36:*.xspf=00;36:'), ('ROS_DOMAIN_ID', '7'), ('AMENT_PREFIX_PATH', '/root/Dojo/install/robot_hardware:/opt/ros/humble'), ('PWD', '/root/Dojo/Dojo/build/robot_interfaces'), ('LC_ALL', 'C.UTF-8'), ('PYTHONPATH', '/root/Dojo/build/robot_hardware:/root/Dojo/install/robot_hardware/lib/python3.10/site-packages:/opt/ros/humble/lib/python3.10/site-packages:/opt/ros/humble/local/lib/python3.10/dist-packages'), ('COLCON', '1'), ('CMAKE_PREFIX_PATH', '/root/Dojo/install/robot_perception:/root/Dojo/install/robot_hardware:/opt/ros/humble')]), 'shell': False}
[2.146033] (robot_perception) CommandEnded: {'returncode': 0}
[2.146402] (robot_perception) JobProgress: {'identifier': 'robot_perception', 'progress': 'install'}
[2.146524] (robot_perception) Command: {'cmd': ['/usr/bin/cmake', '--install', '/root/Dojo/Dojo/build/robot_perception'], 'cwd': '/root/Dojo/Dojo/build/robot_perception', 'env': OrderedDict([('HOSTNAME', 'gareth-joel-HP-Pavilion-Gaming-Laptop-15-ec2xxx'), ('SHLVL', '1'), ('LD_LIBRARY_PATH', '/usr/lib/x86_64-linux-gnu/gazebo-11/plugins:/opt/ros/humble/opt/rviz_ogre_vendor/lib:/opt/ros/humble/lib/x86_64-linux-gnu:/opt/ros/humble/lib'), ('HOME', '/root'), ('OLDPWD', '/root/Dojo'), ('ROS_PYTHON_VERSION', '3'), ('COLCON_PREFIX_PATH', '/root/Dojo/install'), ('ROS_DISTRO', 'humble'), ('_', '/usr/bin/colcon'), ('ROS_VERSION', '2'), ('TERM', 'xterm'), ('ROS_LOCALHOST_ONLY', '0'), ('QT_X11_NO_MITSHM', '1'), ('PATH', '/opt/ros/humble/bin:/usr/local/sbin:/usr/local/bin:/usr/sbin:/usr/bin:/sbin:/bin'), ('DISPLAY', ':0'), ('LANG', 'C.UTF-8'), ('LS_COLORS', 'rs=0:di=01;34:ln=01;36:mh=00:pi=40;33:so=01;35:do=01;35:bd=40;33;01:cd=40;33;01:or=40;31;01:mi=00:su=37;41:sg=30;43:ca=30;41:tw=30;42:ow=34;42:st=37;44:ex=01;32:*.tar=01;31:*.tgz=01;31:*.arc=01;31:*.arj=01;31:*.taz=01;31:*.lha=01;31:*.lz4=01;31:*.lzh=01;31:*.lzma=01;31:*.tlz=01;31:*.txz=01;31:*.tzo=01;31:*.t7z=01;31:*.zip=01;31:*.z=01;31:*.dz=01;31:*.gz=01;31:*.lrz=01;31:*.lz=01;31:*.lzo=01;31:*.xz=01;31:*.zst=01;31:*.tzst=01;31:*.bz2=01;31:*.bz=01;31:*.tbz=01;31:*.tbz2=01;31:*.tz=01;31:*.deb=01;31:*.rpm=01;31:*.jar=01;31:*.war=01;31:*.ear=01;31:*.sar=01;31:*.rar=01;31:*.alz=01;31:*.ace=01;31:*.zoo=01;31:*.cpio=01;31:*.7z=01;31:*.rz=01;31:*.cab=01;31:*.wim=01;31:*.swm=01;31:*.dwm=01;31:*.esd=01;31:*.jpg=01;35:*.jpeg=01;35:*.mjpg=01;35:*.mjpeg=01;35:*.gif=01;35:*.bmp=01;35:*.pbm=01;35:*.pgm=01;35:*.ppm=01;35:*.tga=01;35:*.xbm=01;35:*.xpm=01;35:*.tif=01;35:*.tiff=01;35:*.png=01;35:*.svg=01;35:*.svgz=01;35:*.mng=01;35:*.pcx=01;35:*.mov=01;35:*.mpg=01;35:*.mpeg=01;35:*.m2v=01;35:*.mkv=01;35:*.webm=01;35:*.webp=01;35:*.ogm=01;35:*.mp4=01;35:*.m4v=01;35:*.mp4v=01;35:*.vob=01;35:*.qt=01;35:*.nuv=01;35:*.wmv=01;35:*.asf=01;35:*.rm=01;35:*.rmvb=01;35:*.flc=01;35:*.avi=01;35:*.fli=01;35:*.flv=01;35:*.gl=01;35:*.dl=01;35:*.xcf=01;35:*.xwd=01;35:*.yuv=01;35:*.cgm=01;35:*.emf=01;35:*.ogv=01;35:*.ogx=01;35:*.aac=00;36:*.au=00;36:*.flac=00;36:*.m4a=00;36:*.mid=00;36:*.midi=00;36:*.mka=00;36:*.mp3=00;36:*.mpc=00;36:*.ogg=00;36:*.ra=00;36:*.wav=00;36:*.oga=00;36:*.opus=00;36:*.spx=00;36:*.xspf=00;36:'), ('ROS_DOMAIN_ID', '7'), ('AMENT_PREFIX_PATH', '/root/Dojo/install/robot_hardware:/opt/ros/humble'), ('PWD', '/root/Dojo/Dojo/build/robot_perception'), ('LC_ALL', 'C.UTF-8'), ('PYTHONPATH', '/root/Dojo/build/robot_hardware:/root/Dojo/install/robot_hardware/lib/python3.10/site-packages:/opt/ros/humble/lib/python3.10/site-packages:/opt/ros/humble/local/lib/python3.10/dist-packages'), ('COLCON', '1'), ('CMAKE_PREFIX_PATH', '/root/Dojo/install/robot_perception')]), 'shell': False}
[2.147330] (robot_description) CommandEnded: {'returncode': 0}
[2.147746] (robot_description) JobProgress: {'identifier': 'robot_description', 'progress': 'install'}
[2.148234] (robot_description) Command: {'cmd': ['/usr/bin/cmake', '--install', '/root/Dojo/Dojo/build/robot_description'], 'cwd': '/root/Dojo/Dojo/build/robot_description', 'env': OrderedDict([('HOSTNAME', 'gareth-joel-HP-Pavilion-Gaming-Laptop-15-ec2xxx'), ('SHLVL', '1'), ('LD_LIBRARY_PATH', '/usr/lib/x86_64-linux-gnu/gazebo-11/plugins:/opt/ros/humble/opt/rviz_ogre_vendor/lib:/opt/ros/humble/lib/x86_64-linux-gnu:/opt/ros/humble/lib'), ('HOME', '/root'), ('OLDPWD', '/root/Dojo'), ('ROS_PYTHON_VERSION', '3'), ('COLCON_PREFIX_PATH', '/root/Dojo/install'), ('ROS_DISTRO', 'humble'), ('_', '/usr/bin/colcon'), ('ROS_VERSION', '2'), ('TERM', 'xterm'), ('ROS_LOCALHOST_ONLY', '0'), ('QT_X11_NO_MITSHM', '1'), ('PATH', '/opt/ros/humble/bin:/usr/local/sbin:/usr/local/bin:/usr/sbin:/usr/bin:/sbin:/bin'), ('DISPLAY', ':0'), ('LANG', 'C.UTF-8'), ('LS_COLORS', 'rs=0:di=01;34:ln=01;36:mh=00:pi=40;33:so=01;35:do=01;35:bd=40;33;01:cd=40;33;01:or=40;31;01:mi=00:su=37;41:sg=30;43:ca=30;41:tw=30;42:ow=34;42:st=37;44:ex=01;32:*.tar=01;31:*.tgz=01;31:*.arc=01;31:*.arj=01;31:*.taz=01;31:*.lha=01;31:*.lz4=01;31:*.lzh=01;31:*.lzma=01;31:*.tlz=01;31:*.txz=01;31:*.tzo=01;31:*.t7z=01;31:*.zip=01;31:*.z=01;31:*.dz=01;31:*.gz=01;31:*.lrz=01;31:*.lz=01;31:*.lzo=01;31:*.xz=01;31:*.zst=01;31:*.tzst=01;31:*.bz2=01;31:*.bz=01;31:*.tbz=01;31:*.tbz2=01;31:*.tz=01;31:*.deb=01;31:*.rpm=01;31:*.jar=01;31:*.war=01;31:*.ear=01;31:*.sar=01;31:*.rar=01;31:*.alz=01;31:*.ace=01;31:*.zoo=01;31:*.cpio=01;31:*.7z=01;31:*.rz=01;31:*.cab=01;31:*.wim=01;31:*.swm=01;31:*.dwm=01;31:*.esd=01;31:*.jpg=01;35:*.jpeg=01;35:*.mjpg=01;35:*.mjpeg=01;35:*.gif=01;35:*.bmp=01;35:*.pbm=01;35:*.pgm=01;35:*.ppm=01;35:*.tga=01;35:*.xbm=01;35:*.xpm=01;35:*.tif=01;35:*.tiff=01;35:*.png=01;35:*.svg=01;35:*.svgz=01;35:*.mng=01;35:*.pcx=01;35:*.mov=01;35:*.mpg=01;35:*.mpeg=01;35:*.m2v=01;35:*.mkv=01;35:*.webm=01;35:*.webp=01;35:*.ogm=01;35:*.mp4=01;35:*.m4v=01;35:*.mp4v=01;35:*.vob=01;35:*.qt=01;35:*.nuv=01;35:*.wmv=01;35:*.asf=01;35:*.rm=01;35:*.rmvb=01;35:*.flc=01;35:*.avi=01;35:*.fli=01;35:*.flv=01;35:*.gl=01;35:*.dl=01;35:*.xcf=01;35:*.xwd=01;35:*.yuv=01;35:*.cgm=01;35:*.emf=01;35:*.ogv=01;35:*.ogx=01;35:*.aac=00;36:*.au=00;36:*.flac=00;36:*.m4a=00;36:*.mid=00;36:*.midi=00;36:*.mka=00;36:*.mp3=00;36:*.mpc=00;36:*.ogg=00;36:*.ra=00;36:*.wav=00;36:*.oga=00;36:*.opus=00;36:*.spx=00;36:*.xspf=00;36:'), ('ROS_DOMAIN_ID', '7'), ('AMENT_PREFIX_PATH', '/root/Dojo/install/robot_hardware:/opt/ros/humble'), ('PWD', '/root/Dojo/Dojo/build/robot_description'), ('LC_ALL', 'C.UTF-8'), ('PYTHONPATH', '/root/Dojo/build/robot_hardware:/root/Dojo/install/robot_hardware/lib/python3.10/site-packages:/opt/ros/humble/lib/python3.10/site-packages:/opt/ros/humble/local/lib/python3.10/dist-packages'), ('COLCON', '1'), ('CMAKE_PREFIX_PATH', '/root/Dojo/install/robot_perception:/root/Dojo/install/robot_hardware:/opt/ros/humble')]), 'shell': False}
[2.151762] (robot_control) StdoutLine: {'line': b'-- Install configuration: "Release"\n'}
[2.152312] (robot_control) StdoutLine: {'line': b'-- Execute custom install script\n'}
[2.152959] (robot_control) StdoutLine: {'line': b'-- Up-to-date symlink: /root/Dojo/Dojo/install/robot_control/share/robot_control/launch/control.launch.py\n'}
[2.154406] (robot_control) StdoutLine: {'line': b'-- Up-to-date symlink: /root/Dojo/Dojo/install/robot_control/share/robot_control/launch/robot_control.launch.py\n'}
[2.154918] (robot_control) StdoutLine: {'line': b'-- Up-to-date symlink: /root/Dojo/Dojo/install/robot_control/share/robot_control/config/arduino.yaml\n'}
[2.155467] (robot_control) StdoutLine: {'line': b'-- Up-to-date symlink: /root/Dojo/Dojo/install/robot_control/share/robot_control/config/controllers.yaml\n'}
[2.155658] (robot_control) StdoutLine: {'line': b'-- Up-to-date symlink: /root/Dojo/Dojo/install/robot_control/share/robot_control/config/robot_control_params.yaml\n'}
[2.157053] (robot_interfaces) StdoutLine: {'line': b'-- Install configuration: "Release"\n'}
[2.157368] (robot_control) StdoutLine: {'line': b'-- Up-to-date symlink: /root/Dojo/Dojo/install/robot_control/share/robot_control/config/twist_mux.yaml\n'}
[2.157872] (robot_control) StdoutLine: {'line': b'-- Up-to-date symlink: /root/Dojo/Dojo/install/robot_control/share/robot_control/package.xml\n'}
[2.158454] (robot_control) StdoutLine: {'line': b'-- Up-to-date symlink: /root/Dojo/Dojo/install/robot_control/share/robot_control/setup.py\n'}
[2.158943] (robot_control) StdoutLine: {'line': b'-- Up-to-date symlink: /root/Dojo/Dojo/install/robot_control/share/robot_control/setup.cfg\n'}
[2.160223] (robot_interfaces) StdoutLine: {'line': b'-- Execute custom install script\n'}
[2.160711] (robot_control) StdoutLine: {'line': b'-- Up-to-date symlink: /root/Dojo/Dojo/install/robot_control/share/ament_index/resource_index/package_run_dependencies/robot_control\n'}
[2.161503] (robot_control) StdoutLine: {'line': b'-- Up-to-date symlink: /root/Dojo/Dojo/install/robot_control/share/ament_index/resource_index/parent_prefix_path/robot_control\n'}
[2.162126] (robot_interfaces) StdoutLine: {'line': b'-- Up-to-date symlink: /root/Dojo/Dojo/install/robot_interfaces/share/ament_index/resource_index/rosidl_interfaces/robot_interfaces\n'}
[2.163347] (robot_control) StdoutLine: {'line': b'-- Up-to-date symlink: /root/Dojo/Dojo/install/robot_control/share/robot_control/environment/ament_prefix_path.sh\n'}
[2.165460] (robot_control) StdoutLine: {'line': b'-- Up-to-date symlink: /root/Dojo/Dojo/install/robot_control/share/robot_control/environment/ament_prefix_path.dsv\n'}
[2.166313] (robot_perception) StdoutLine: {'line': b'-- Install configuration: "Release"\n'}
[2.167127] (robot_interfaces) StdoutLine: {'line': b'-- Up-to-date symlink: /root/Dojo/Dojo/install/robot_interfaces/include/robot_interfaces/robot_interfaces/action/detail/navigation__functions.h\n'}
[2.167385] (robot_control) StdoutLine: {'line': b'-- Up-to-date symlink: /root/Dojo/Dojo/install/robot_control/share/robot_control/environment/path.sh\n'}
[2.168560] (robot_control) StdoutLine: {'line': b'-- Up-to-date symlink: /root/Dojo/Dojo/install/robot_control/share/robot_control/environment/path.dsv\n'}
[2.170231] (robot_control) StdoutLine: {'line': b'-- Up-to-date symlink: /root/Dojo/Dojo/install/robot_control/share/robot_control/local_setup.bash\n'}
[2.170864] (robot_control) StdoutLine: {'line': b'-- Up-to-date symlink: /root/Dojo/Dojo/install/robot_control/share/robot_control/local_setup.sh\n'}
[2.171083] (robot_perception) StdoutLine: {'line': b'-- Up-to-date: /root/Dojo/Dojo/install/robot_perception/share/robot_perception/environment/pythonpath.sh\n'}
[2.171565] (robot_perception) StdoutLine: {'line': b'-- Up-to-date: /root/Dojo/Dojo/install/robot_perception/share/robot_perception/environment/pythonpath.dsv\n'}
[2.171862] (robot_perception) StdoutLine: {'line': b'-- Up-to-date: /root/Dojo/Dojo/install/robot_perception/local/lib/python3.10/dist-packages/robot_perception-0.2.0-py3.10.egg-info\n'}
[2.172150] (robot_perception) StdoutLine: {'line': b'-- Installing: /root/Dojo/Dojo/install/robot_perception/local/lib/python3.10/dist-packages/robot_perception-0.2.0-py3.10.egg-info/SOURCES.txt\n'}
[2.172279] (robot_perception) StdoutLine: {'line': b'-- Installing: /root/Dojo/Dojo/install/robot_perception/local/lib/python3.10/dist-packages/robot_perception-0.2.0-py3.10.egg-info/dependency_links.txt\n'}
[2.172387] (robot_perception) StdoutLine: {'line': b'-- Installing: /root/Dojo/Dojo/install/robot_perception/local/lib/python3.10/dist-packages/robot_perception-0.2.0-py3.10.egg-info/PKG-INFO\n'}
[2.172489] (robot_perception) StdoutLine: {'line': b'-- Installing: /root/Dojo/Dojo/install/robot_perception/local/lib/python3.10/dist-packages/robot_perception-0.2.0-py3.10.egg-info/top_level.txt\n'}
[2.172593] (robot_interfaces) StdoutLine: {'line': b'-- Up-to-date symlink: /root/Dojo/Dojo/install/robot_interfaces/include/robot_interfaces/robot_interfaces/action/detail/navigation__struct.h\n'}
[2.172715] (robot_interfaces) StdoutLine: {'line': b'-- Up-to-date symlink: /root/Dojo/Dojo/install/robot_interfaces/include/robot_interfaces/robot_interfaces/action/detail/navigation__type_support.h\n'}
[2.172830] (robot_control) StdoutLine: {'line': b'-- Up-to-date symlink: /root/Dojo/Dojo/install/robot_control/share/robot_control/local_setup.zsh\n'}
[2.172949] (robot_control) StdoutLine: {'line': b'-- Up-to-date symlink: /root/Dojo/Dojo/install/robot_control/share/robot_control/local_setup.dsv\n'}
[2.173089] (robot_control) StdoutLine: {'line': b'-- Symlinking: /root/Dojo/Dojo/install/robot_control/share/robot_control/package.dsv\n'}
[2.175695] (robot_perception) StdoutLine: {'line': b'-- Up-to-date: /root/Dojo/Dojo/install/robot_perception/local/lib/python3.10/dist-packages/robot_perception\n'}
[2.176856] (robot_perception) StdoutLine: {'line': b'-- Up-to-date: /root/Dojo/Dojo/install/robot_perception/local/lib/python3.10/dist-packages/robot_perception/yolov8n.pt\n'}
[2.177196] (robot_perception) StdoutLine: {'line': b'-- Up-to-date: /root/Dojo/Dojo/install/robot_perception/local/lib/python3.10/dist-packages/robot_perception/utils\n'}
[2.177575] (robot_interfaces) StdoutLine: {'line': b'-- Up-to-date symlink: /root/Dojo/Dojo/install/robot_interfaces/include/robot_interfaces/robot_interfaces/action/navigation.h\n'}
[2.177854] (robot_perception) StdoutLine: {'line': b'-- Up-to-date: /root/Dojo/Dojo/install/robot_perception/local/lib/python3.10/dist-packages/robot_perception/utils/common.py\n'}
[2.178172] (robot_interfaces) StdoutLine: {'line': b'-- Up-to-date symlink: /root/Dojo/Dojo/install/robot_interfaces/include/robot_interfaces/robot_interfaces/msg/detail/hardware_status__functions.h\n'}
[2.178311] (robot_perception) StdoutLine: {'line': b'-- Up-to-date: /root/Dojo/Dojo/install/robot_perception/local/lib/python3.10/dist-packages/robot_perception/utils/__init__.py\n'}
[2.178876] (robot_interfaces) StdoutLine: {'line': b'-- Up-to-date symlink: /root/Dojo/Dojo/install/robot_interfaces/include/robot_interfaces/robot_interfaces/msg/detail/hardware_status__struct.h\n'}
[2.179045] (robot_perception) StdoutLine: {'line': b'-- Up-to-date: /root/Dojo/Dojo/install/robot_perception/local/lib/python3.10/dist-packages/robot_perception/utils/config.py\n'}
[2.179943] (robot_perception) StdoutLine: {'line': b'-- Up-to-date: /root/Dojo/Dojo/install/robot_perception/local/lib/python3.10/dist-packages/robot_perception/nodes\n'}
[2.180662] (robot_perception) StdoutLine: {'line': b'-- Up-to-date: /root/Dojo/Dojo/install/robot_perception/local/lib/python3.10/dist-packages/robot_perception/nodes/object_detector.py\n'}
[2.180797] (robot_perception) StdoutLine: {'line': b'-- Up-to-date: /root/Dojo/Dojo/install/robot_perception/local/lib/python3.10/dist-packages/robot_perception/nodes/perception_integrator.py\n'}
[2.180924] (robot_perception) StdoutLine: {'line': b'-- Up-to-date: /root/Dojo/Dojo/install/robot_perception/local/lib/python3.10/dist-packages/robot_perception/nodes/lidar_processor.py\n'}
[2.181053] (robot_perception) StdoutLine: {'line': b'-- Up-to-date: /root/Dojo/Dojo/install/robot_perception/local/lib/python3.10/dist-packages/robot_perception/nodes/camera_processor.py\n'}
[2.182239] (robot_perception) StdoutLine: {'line': b'-- Up-to-date: /root/Dojo/Dojo/install/robot_perception/local/lib/python3.10/dist-packages/robot_perception/nodes/__init__.py\n'}
[2.182453] (robot_perception) StdoutLine: {'line': b'-- Up-to-date: /root/Dojo/Dojo/install/robot_perception/local/lib/python3.10/dist-packages/robot_perception/__init__.py\n'}
[2.182965] (robot_interfaces) StdoutLine: {'line': b'-- Up-to-date symlink: /root/Dojo/Dojo/install/robot_interfaces/include/robot_interfaces/robot_interfaces/msg/detail/hardware_status__type_support.h\n'}
[2.183649] (robot_interfaces) StdoutLine: {'line': b'-- Up-to-date symlink: /root/Dojo/Dojo/install/robot_interfaces/include/robot_interfaces/robot_interfaces/msg/detail/motor_command__functions.h\n'}
[2.184228] (robot_interfaces) StdoutLine: {'line': b'-- Up-to-date symlink: /root/Dojo/Dojo/install/robot_interfaces/include/robot_interfaces/robot_interfaces/msg/detail/motor_command__struct.h\n'}
[2.184434] (robot_description) StdoutLine: {'line': b'-- Install configuration: "Release"\n'}
[2.185111] (robot_interfaces) StdoutLine: {'line': b'-- Up-to-date symlink: /root/Dojo/Dojo/install/robot_interfaces/include/robot_interfaces/robot_interfaces/msg/detail/motor_command__type_support.h\n'}
[2.186591] (robot_interfaces) StdoutLine: {'line': b'-- Up-to-date symlink: /root/Dojo/Dojo/install/robot_interfaces/include/robot_interfaces/robot_interfaces/msg/detail/robot_state__functions.h\n'}
[2.187424] (robot_interfaces) StdoutLine: {'line': b'-- Up-to-date symlink: /root/Dojo/Dojo/install/robot_interfaces/include/robot_interfaces/robot_interfaces/msg/detail/robot_state__struct.h\n'}
[2.187691] (robot_interfaces) StdoutLine: {'line': b'-- Up-to-date symlink: /root/Dojo/Dojo/install/robot_interfaces/include/robot_interfaces/robot_interfaces/msg/detail/robot_state__type_support.h\n'}
[2.188196] (robot_interfaces) StdoutLine: {'line': b'-- Up-to-date symlink: /root/Dojo/Dojo/install/robot_interfaces/include/robot_interfaces/robot_interfaces/msg/detail/sensor_data__functions.h\n'}
[2.188930] (robot_description) StdoutLine: {'line': b'-- Execute custom install script\n'}
[2.189112] (robot_interfaces) StdoutLine: {'line': b'-- Up-to-date symlink: /root/Dojo/Dojo/install/robot_interfaces/include/robot_interfaces/robot_interfaces/msg/detail/sensor_data__struct.h\n'}
[2.189468] (robot_description) StdoutLine: {'line': b'-- Up-to-date symlink: /root/Dojo/Dojo/install/robot_description/share/robot_description/launch/description.launch.py\n'}
[2.189598] (robot_description) StdoutLine: {'line': b'-- Up-to-date symlink: /root/Dojo/Dojo/install/robot_description/share/robot_description/launch/display.launch.py\n'}
[2.189703] (robot_description) StdoutLine: {'line': b'-- Up-to-date symlink: /root/Dojo/Dojo/install/robot_description/share/robot_description/launch/robot_state_publisher.launch.py\n'}
[2.189800] (robot_interfaces) StdoutLine: {'line': b'-- Up-to-date symlink: /root/Dojo/Dojo/install/robot_interfaces/include/robot_interfaces/robot_interfaces/msg/detail/sensor_data__type_support.h\n'}
[2.189897] (robot_interfaces) StdoutLine: {'line': b'-- Up-to-date symlink: /root/Dojo/Dojo/install/robot_interfaces/include/robot_interfaces/robot_interfaces/msg/hardware_status.h\n'}
[2.189993] (robot_interfaces) StdoutLine: {'line': b'-- Up-to-date symlink: /root/Dojo/Dojo/install/robot_interfaces/include/robot_interfaces/robot_interfaces/msg/motor_command.h\n'}
[2.191717] (robot_description) StdoutLine: {'line': b'-- Up-to-date symlink: /root/Dojo/Dojo/install/robot_description/share/robot_description/config/robot_controllers.yaml\n'}
[2.192094] (robot_interfaces) StdoutLine: {'line': b'-- Up-to-date symlink: /root/Dojo/Dojo/install/robot_interfaces/include/robot_interfaces/robot_interfaces/msg/robot_state.h\n'}
[2.192454] (robot_interfaces) StdoutLine: {'line': b'-- Up-to-date symlink: /root/Dojo/Dojo/install/robot_interfaces/include/robot_interfaces/robot_interfaces/msg/rosidl_generator_c__visibility_control.h\n'}
[2.192672] (robot_interfaces) StdoutLine: {'line': b'-- Up-to-date symlink: /root/Dojo/Dojo/install/robot_interfaces/include/robot_interfaces/robot_interfaces/msg/sensor_data.h\n'}
[2.192913] (robot_description) StdoutLine: {'line': b'-- Up-to-date symlink: /root/Dojo/Dojo/install/robot_description/share/robot_description/common_properties.xacro\n'}
[2.193815] (robot_description) StdoutLine: {'line': b'-- Up-to-date symlink: /root/Dojo/Dojo/install/robot_description/share/robot_description/dojo_robot.gazebo\n'}
[2.194217] (robot_description) StdoutLine: {'line': b'-- Up-to-date symlink: /root/Dojo/Dojo/install/robot_description/share/robot_description/dojo_robot.urdf.xacro\n'}
[2.194382] (robot_interfaces) StdoutLine: {'line': b'-- Up-to-date symlink: /root/Dojo/Dojo/install/robot_interfaces/include/robot_interfaces/robot_interfaces/srv/calibration.h\n'}
[2.194701] (robot_interfaces) StdoutLine: {'line': b'-- Up-to-date symlink: /root/Dojo/Dojo/install/robot_interfaces/include/robot_interfaces/robot_interfaces/srv/detail/calibration__functions.h\n'}
[2.195076] (robot_interfaces) StdoutLine: {'line': b'-- Up-to-date symlink: /root/Dojo/Dojo/install/robot_interfaces/include/robot_interfaces/robot_interfaces/srv/detail/calibration__struct.h\n'}
[2.195429] (robot_description) StdoutLine: {'line': b'-- Up-to-date symlink: /root/Dojo/Dojo/install/robot_description/share/robot_description/robot.urdf\n'}
[2.195677] (robot_description) StdoutLine: {'line': b'-- Up-to-date symlink: /root/Dojo/Dojo/install/robot_description/share/robot_description/robot.urdf.xacro\n'}
[2.195836] (robot_description) StdoutLine: {'line': b'-- Up-to-date symlink: /root/Dojo/Dojo/install/robot_description/share/robot_description/robot.urdf.xacro.clean\n'}
[2.196118] (robot_interfaces) StdoutLine: {'line': b'-- Up-to-date symlink: /root/Dojo/Dojo/install/robot_interfaces/include/robot_interfaces/robot_interfaces/srv/detail/calibration__type_support.h\n'}
[2.196245] (robot_interfaces) StdoutLine: {'line': b'-- Up-to-date symlink: /root/Dojo/Dojo/install/robot_interfaces/include/robot_interfaces/robot_interfaces/srv/detail/set_mode__functions.h\n'}
[2.196349] (robot_description) StdoutLine: {'line': b'-- Up-to-date symlink: /root/Dojo/Dojo/install/robot_description/share/robot_description/sensors/rplidar.urdf.xacro\n'}
[2.196451] (robot_description) StdoutLine: {'line': b'-- Up-to-date symlink: /root/Dojo/Dojo/install/robot_description/share/robot_description/display.rviz\n'}
[2.196556] (robot_description) StdoutLine: {'line': b'-- Up-to-date symlink: /root/Dojo/Dojo/install/robot_description/share/robot_description/dojo_robot.rviz\n'}
[2.196660] (robot_interfaces) StdoutLine: {'line': b'-- Up-to-date symlink: /root/Dojo/Dojo/install/robot_interfaces/include/robot_interfaces/robot_interfaces/srv/detail/set_mode__struct.h\n'}
[2.197489] (robot_interfaces) StdoutLine: {'line': b'-- Up-to-date symlink: /root/Dojo/Dojo/install/robot_interfaces/include/robot_interfaces/robot_interfaces/srv/detail/set_mode__type_support.h\n'}
[2.198289] (robot_interfaces) StdoutLine: {'line': b'-- Up-to-date symlink: /root/Dojo/Dojo/install/robot_interfaces/include/robot_interfaces/robot_interfaces/srv/set_mode.h\n'}
[2.198797] (robot_interfaces) StdoutLine: {'line': b'-- Up-to-date symlink: /root/Dojo/Dojo/install/robot_interfaces/share/robot_interfaces/environment/library_path.sh\n'}
[2.198955] (robot_description) StdoutLine: {'line': b'-- Up-to-date symlink: /root/Dojo/Dojo/install/robot_description/share/robot_description/robot.rviz\n'}
[2.199200] (robot_interfaces) StdoutLine: {'line': b'-- Up-to-date symlink: /root/Dojo/Dojo/install/robot_interfaces/share/robot_interfaces/environment/library_path.dsv\n'}
[2.199707] (robot_description) StdoutLine: {'line': b'-- Up-to-date symlink: /root/Dojo/Dojo/install/robot_description/lib/python3.10/site-packages/__init__.py\n'}
[2.199842] (robot_description) StdoutLine: {'line': b'-- Up-to-date symlink: /root/Dojo/Dojo/install/robot_description/lib/python3.10/site-packages/robot_description/__init__.py\n'}
[2.199961] (robot_description) StdoutLine: {'line': b'-- Up-to-date symlink: /root/Dojo/Dojo/install/robot_description/lib/robot_description/display_robot.py\n'}
[2.200076] (robot_description) StdoutLine: {'line': b'-- Up-to-date symlink: /root/Dojo/Dojo/install/robot_description/share/robot_description/package.xml\n'}
[2.200201] (robot_description) StdoutLine: {'line': b'-- Up-to-date symlink: /root/Dojo/Dojo/install/robot_description/share/robot_description/setup.py\n'}
[2.200316] (robot_description) StdoutLine: {'line': b'-- Up-to-date symlink: /root/Dojo/Dojo/install/robot_description/share/robot_description/setup.cfg\n'}
[2.200523] (robot_description) StdoutLine: {'line': b'-- Up-to-date symlink: /root/Dojo/Dojo/install/robot_description/share/ament_index/resource_index/package_run_dependencies/robot_description\n'}
[2.200715] (robot_interfaces) StdoutLine: {'line': b'-- Up-to-date symlink: /root/Dojo/Dojo/install/robot_interfaces/include/robot_interfaces/robot_interfaces/action/detail/navigation__rosidl_typesupport_fastrtps_c.h\n'}
[2.201158] (robot_interfaces) StdoutLine: {'line': b'-- Up-to-date symlink: /root/Dojo/Dojo/install/robot_interfaces/include/robot_interfaces/robot_interfaces/msg/detail/hardware_status__rosidl_typesupport_fastrtps_c.h\n'}
[2.201587] (robot_interfaces) StdoutLine: {'line': b'-- Up-to-date symlink: /root/Dojo/Dojo/install/robot_interfaces/include/robot_interfaces/robot_interfaces/msg/detail/motor_command__rosidl_typesupport_fastrtps_c.h\n'}
[2.202944] (robot_interfaces) StdoutLine: {'line': b'-- Up-to-date symlink: /root/Dojo/Dojo/install/robot_interfaces/include/robot_interfaces/robot_interfaces/msg/detail/robot_state__rosidl_typesupport_fastrtps_c.h\n'}
[2.203848] (robot_interfaces) StdoutLine: {'line': b'-- Up-to-date symlink: /root/Dojo/Dojo/install/robot_interfaces/include/robot_interfaces/robot_interfaces/msg/detail/sensor_data__rosidl_typesupport_fastrtps_c.h\n'}
[2.204470] (robot_interfaces) StdoutLine: {'line': b'-- Up-to-date symlink: /root/Dojo/Dojo/install/robot_interfaces/include/robot_interfaces/robot_interfaces/msg/rosidl_typesupport_fastrtps_c__visibility_control.h\n'}
[2.205243] (robot_interfaces) StdoutLine: {'line': b'-- Up-to-date symlink: /root/Dojo/Dojo/install/robot_interfaces/include/robot_interfaces/robot_interfaces/srv/detail/calibration__rosidl_typesupport_fastrtps_c.h\n'}
[2.205631] (robot_description) StdoutLine: {'line': b'-- Up-to-date symlink: /root/Dojo/Dojo/install/robot_description/share/ament_index/resource_index/parent_prefix_path/robot_description\n'}
[2.206096] (-) TimerEvent: {}
[2.206302] (robot_description) StdoutLine: {'line': b'-- Up-to-date symlink: /root/Dojo/Dojo/install/robot_description/share/robot_description/environment/ament_prefix_path.sh\n'}
[2.206827] (robot_description) StdoutLine: {'line': b'-- Up-to-date symlink: /root/Dojo/Dojo/install/robot_description/share/robot_description/environment/ament_prefix_path.dsv\n'}
[2.206948] (robot_interfaces) StdoutLine: {'line': b'-- Up-to-date symlink: /root/Dojo/Dojo/install/robot_interfaces/include/robot_interfaces/robot_interfaces/srv/detail/set_mode__rosidl_typesupport_fastrtps_c.h\n'}
[2.207198] (robot_description) StdoutLine: {'line': b'-- Up-to-date symlink: /root/Dojo/Dojo/install/robot_description/share/robot_description/environment/path.sh\n'}
[2.207703] (robot_description) StdoutLine: {'line': b'-- Up-to-date symlink: /root/Dojo/Dojo/install/robot_description/share/robot_description/environment/path.dsv\n'}
[2.207872] (robot_description) StdoutLine: {'line': b'-- Up-to-date symlink: /root/Dojo/Dojo/install/robot_description/share/robot_description/local_setup.bash\n'}
[2.208010] (robot_description) StdoutLine: {'line': b'-- Up-to-date symlink: /root/Dojo/Dojo/install/robot_description/share/robot_description/local_setup.sh\n'}
[2.208341] (robot_interfaces) StdoutLine: {'line': b'-- Up-to-date symlink: /root/Dojo/Dojo/install/robot_interfaces/include/robot_interfaces/robot_interfaces/action/detail/navigation__builder.hpp\n'}
[2.208487] (robot_interfaces) StdoutLine: {'line': b'-- Up-to-date symlink: /root/Dojo/Dojo/install/robot_interfaces/include/robot_interfaces/robot_interfaces/action/detail/navigation__struct.hpp\n'}
[2.208615] (robot_description) StdoutLine: {'line': b'-- Up-to-date symlink: /root/Dojo/Dojo/install/robot_description/share/robot_description/local_setup.zsh\n'}
[2.208740] (robot_description) StdoutLine: {'line': b'-- Up-to-date symlink: /root/Dojo/Dojo/install/robot_description/share/robot_description/local_setup.dsv\n'}
[2.208860] (robot_description) StdoutLine: {'line': b'-- Symlinking: /root/Dojo/Dojo/install/robot_description/share/robot_description/package.dsv\n'}
[2.208967] (robot_interfaces) StdoutLine: {'line': b'-- Up-to-date symlink: /root/Dojo/Dojo/install/robot_interfaces/include/robot_interfaces/robot_interfaces/action/detail/navigation__traits.hpp\n'}
[2.209082] (robot_interfaces) StdoutLine: {'line': b'-- Up-to-date symlink: /root/Dojo/Dojo/install/robot_interfaces/include/robot_interfaces/robot_interfaces/action/detail/navigation__type_support.hpp\n'}
[2.209217] (robot_interfaces) StdoutLine: {'line': b'-- Up-to-date symlink: /root/Dojo/Dojo/install/robot_interfaces/include/robot_interfaces/robot_interfaces/action/navigation.hpp\n'}
[2.209336] (robot_interfaces) StdoutLine: {'line': b'-- Up-to-date symlink: /root/Dojo/Dojo/install/robot_interfaces/include/robot_interfaces/robot_interfaces/msg/detail/hardware_status__builder.hpp\n'}
[2.209462] (robot_interfaces) StdoutLine: {'line': b'-- Up-to-date symlink: /root/Dojo/Dojo/install/robot_interfaces/include/robot_interfaces/robot_interfaces/msg/detail/hardware_status__struct.hpp\n'}
[2.209589] (robot_interfaces) StdoutLine: {'line': b'-- Up-to-date symlink: /root/Dojo/Dojo/install/robot_interfaces/include/robot_interfaces/robot_interfaces/msg/detail/hardware_status__traits.hpp\n'}
[2.209729] (robot_interfaces) StdoutLine: {'line': b'-- Up-to-date symlink: /root/Dojo/Dojo/install/robot_interfaces/include/robot_interfaces/robot_interfaces/msg/detail/hardware_status__type_support.hpp\n'}
[2.209849] (robot_interfaces) StdoutLine: {'line': b'-- Up-to-date symlink: /root/Dojo/Dojo/install/robot_interfaces/include/robot_interfaces/robot_interfaces/msg/detail/motor_command__builder.hpp\n'}
[2.209975] (robot_interfaces) StdoutLine: {'line': b'-- Up-to-date symlink: /root/Dojo/Dojo/install/robot_interfaces/include/robot_interfaces/robot_interfaces/msg/detail/motor_command__struct.hpp\n'}
[2.210099] (robot_interfaces) StdoutLine: {'line': b'-- Up-to-date symlink: /root/Dojo/Dojo/install/robot_interfaces/include/robot_interfaces/robot_interfaces/msg/detail/motor_command__traits.hpp\n'}
[2.210227] (robot_interfaces) StdoutLine: {'line': b'-- Up-to-date symlink: /root/Dojo/Dojo/install/robot_interfaces/include/robot_interfaces/robot_interfaces/msg/detail/motor_command__type_support.hpp\n'}
[2.210346] (robot_interfaces) StdoutLine: {'line': b'-- Up-to-date symlink: /root/Dojo/Dojo/install/robot_interfaces/include/robot_interfaces/robot_interfaces/msg/detail/robot_state__builder.hpp\n'}
[2.210458] (robot_interfaces) StdoutLine: {'line': b'-- Up-to-date symlink: /root/Dojo/Dojo/install/robot_interfaces/include/robot_interfaces/robot_interfaces/msg/detail/robot_state__struct.hpp\n'}
[2.210571] (robot_interfaces) StdoutLine: {'line': b'-- Up-to-date symlink: /root/Dojo/Dojo/install/robot_interfaces/include/robot_interfaces/robot_interfaces/msg/detail/robot_state__traits.hpp\n'}
[2.210678] (robot_interfaces) StdoutLine: {'line': b'-- Up-to-date symlink: /root/Dojo/Dojo/install/robot_interfaces/include/robot_interfaces/robot_interfaces/msg/detail/robot_state__type_support.hpp\n'}
[2.210791] (robot_interfaces) StdoutLine: {'line': b'-- Up-to-date symlink: /root/Dojo/Dojo/install/robot_interfaces/include/robot_interfaces/robot_interfaces/msg/detail/sensor_data__builder.hpp\n'}
[2.210894] (robot_interfaces) StdoutLine: {'line': b'-- Up-to-date symlink: /root/Dojo/Dojo/install/robot_interfaces/include/robot_interfaces/robot_interfaces/msg/detail/sensor_data__struct.hpp\n'}
[2.210993] (robot_interfaces) StdoutLine: {'line': b'-- Up-to-date symlink: /root/Dojo/Dojo/install/robot_interfaces/include/robot_interfaces/robot_interfaces/msg/detail/sensor_data__traits.hpp\n'}
[2.211100] (robot_interfaces) StdoutLine: {'line': b'-- Up-to-date symlink: /root/Dojo/Dojo/install/robot_interfaces/include/robot_interfaces/robot_interfaces/msg/detail/sensor_data__type_support.hpp\n'}
[2.211225] (robot_interfaces) StdoutLine: {'line': b'-- Up-to-date symlink: /root/Dojo/Dojo/install/robot_interfaces/include/robot_interfaces/robot_interfaces/msg/hardware_status.hpp\n'}
[2.211340] (robot_interfaces) StdoutLine: {'line': b'-- Up-to-date symlink: /root/Dojo/Dojo/install/robot_interfaces/include/robot_interfaces/robot_interfaces/msg/motor_command.hpp\n'}
[2.211455] (robot_interfaces) StdoutLine: {'line': b'-- Up-to-date symlink: /root/Dojo/Dojo/install/robot_interfaces/include/robot_interfaces/robot_interfaces/msg/robot_state.hpp\n'}
[2.211571] (robot_interfaces) StdoutLine: {'line': b'-- Up-to-date symlink: /root/Dojo/Dojo/install/robot_interfaces/include/robot_interfaces/robot_interfaces/msg/rosidl_generator_cpp__visibility_control.hpp\n'}
[2.211685] (robot_interfaces) StdoutLine: {'line': b'-- Up-to-date symlink: /root/Dojo/Dojo/install/robot_interfaces/include/robot_interfaces/robot_interfaces/msg/sensor_data.hpp\n'}
[2.211805] (robot_interfaces) StdoutLine: {'line': b'-- Up-to-date symlink: /root/Dojo/Dojo/install/robot_interfaces/include/robot_interfaces/robot_interfaces/srv/calibration.hpp\n'}
[2.211945] (robot_interfaces) StdoutLine: {'line': b'-- Up-to-date symlink: /root/Dojo/Dojo/install/robot_interfaces/include/robot_interfaces/robot_interfaces/srv/detail/calibration__builder.hpp\n'}
[2.212058] (robot_interfaces) StdoutLine: {'line': b'-- Up-to-date symlink: /root/Dojo/Dojo/install/robot_interfaces/include/robot_interfaces/robot_interfaces/srv/detail/calibration__struct.hpp\n'}
[2.212257] (robot_interfaces) StdoutLine: {'line': b'-- Up-to-date symlink: /root/Dojo/Dojo/install/robot_interfaces/include/robot_interfaces/robot_interfaces/srv/detail/calibration__traits.hpp\n'}
[2.212389] (robot_interfaces) StdoutLine: {'line': b'-- Up-to-date symlink: /root/Dojo/Dojo/install/robot_interfaces/include/robot_interfaces/robot_interfaces/srv/detail/calibration__type_support.hpp\n'}
[2.213045] (robot_interfaces) StdoutLine: {'line': b'-- Up-to-date symlink: /root/Dojo/Dojo/install/robot_interfaces/include/robot_interfaces/robot_interfaces/srv/detail/set_mode__builder.hpp\n'}
[2.213572] (robot_interfaces) StdoutLine: {'line': b'-- Up-to-date symlink: /root/Dojo/Dojo/install/robot_interfaces/include/robot_interfaces/robot_interfaces/srv/detail/set_mode__struct.hpp\n'}
[2.215154] (robot_control) StdoutLine: {'line': b'-- Up-to-date symlink: /root/Dojo/Dojo/install/robot_control/share/ament_index/resource_index/packages/robot_control\n'}
[2.215543] (robot_control) StdoutLine: {'line': b'-- Up-to-date symlink: /root/Dojo/Dojo/install/robot_control/share/robot_control/cmake/robot_controlConfig.cmake\n'}
[2.215810] (robot_control) StdoutLine: {'line': b'-- Up-to-date symlink: /root/Dojo/Dojo/install/robot_control/share/robot_control/cmake/robot_controlConfig-version.cmake\n'}
[2.215972] (robot_control) StdoutLine: {'line': b'-- Up-to-date symlink: /root/Dojo/Dojo/install/robot_control/share/robot_control/package.xml\n'}
[2.216100] (robot_control) StdoutLine: {'line': b'-- Up-to-date: /robot_control\n'}
[2.216239] (robot_control) StdoutLine: {'line': b'-- Up-to-date: /robot_control/__init__.py\n'}
[2.216364] (robot_interfaces) StdoutLine: {'line': b'-- Up-to-date symlink: /root/Dojo/Dojo/install/robot_interfaces/include/robot_interfaces/robot_interfaces/srv/detail/set_mode__traits.hpp\n'}
[2.216490] (robot_interfaces) StdoutLine: {'line': b'-- Up-to-date symlink: /root/Dojo/Dojo/install/robot_interfaces/include/robot_interfaces/robot_interfaces/srv/detail/set_mode__type_support.hpp\n'}
[2.216613] (robot_interfaces) StdoutLine: {'line': b'-- Up-to-date symlink: /root/Dojo/Dojo/install/robot_interfaces/include/robot_interfaces/robot_interfaces/srv/set_mode.hpp\n'}
[2.216734] (robot_interfaces) StdoutLine: {'line': b'-- Up-to-date symlink: /root/Dojo/Dojo/install/robot_interfaces/include/robot_interfaces/robot_interfaces/action/detail/navigation__rosidl_typesupport_fastrtps_cpp.hpp\n'}
[2.216863] (robot_interfaces) StdoutLine: {'line': b'-- Up-to-date symlink: /root/Dojo/Dojo/install/robot_interfaces/include/robot_interfaces/robot_interfaces/msg/detail/hardware_status__rosidl_typesupport_fastrtps_cpp.hpp\n'}
[2.216981] (robot_interfaces) StdoutLine: {'line': b'-- Up-to-date symlink: /root/Dojo/Dojo/install/robot_interfaces/include/robot_interfaces/robot_interfaces/msg/detail/motor_command__rosidl_typesupport_fastrtps_cpp.hpp\n'}
[2.217111] (robot_interfaces) StdoutLine: {'line': b'-- Up-to-date symlink: /root/Dojo/Dojo/install/robot_interfaces/include/robot_interfaces/robot_interfaces/msg/detail/robot_state__rosidl_typesupport_fastrtps_cpp.hpp\n'}
[2.217237] (robot_interfaces) StdoutLine: {'line': b'-- Up-to-date symlink: /root/Dojo/Dojo/install/robot_interfaces/include/robot_interfaces/robot_interfaces/msg/detail/sensor_data__rosidl_typesupport_fastrtps_cpp.hpp\n'}
[2.217358] (robot_interfaces) StdoutLine: {'line': b'-- Up-to-date symlink: /root/Dojo/Dojo/install/robot_interfaces/include/robot_interfaces/robot_interfaces/msg/rosidl_typesupport_fastrtps_cpp__visibility_control.h\n'}
[2.217472] (robot_interfaces) StdoutLine: {'line': b'-- Up-to-date symlink: /root/Dojo/Dojo/install/robot_interfaces/include/robot_interfaces/robot_interfaces/srv/detail/calibration__rosidl_typesupport_fastrtps_cpp.hpp\n'}
[2.217599] (robot_interfaces) StdoutLine: {'line': b'-- Up-to-date symlink: /root/Dojo/Dojo/install/robot_interfaces/include/robot_interfaces/robot_interfaces/srv/detail/set_mode__rosidl_typesupport_fastrtps_cpp.hpp\n'}
[2.217726] (robot_interfaces) StdoutLine: {'line': b'-- Up-to-date symlink: /root/Dojo/Dojo/install/robot_interfaces/include/robot_interfaces/robot_interfaces/action/detail/navigation__rosidl_typesupport_introspection_c.h\n'}
[2.217850] (robot_interfaces) StdoutLine: {'line': b'-- Up-to-date symlink: /root/Dojo/Dojo/install/robot_interfaces/include/robot_interfaces/robot_interfaces/msg/detail/hardware_status__rosidl_typesupport_introspection_c.h\n'}
[2.217971] (robot_control) CommandEnded: {'returncode': 0}
[2.218322] (robot_interfaces) StdoutLine: {'line': b'-- Up-to-date symlink: /root/Dojo/Dojo/install/robot_interfaces/include/robot_interfaces/robot_interfaces/msg/detail/motor_command__rosidl_typesupport_introspection_c.h\n'}
[2.218451] (robot_interfaces) StdoutLine: {'line': b'-- Up-to-date symlink: /root/Dojo/Dojo/install/robot_interfaces/include/robot_interfaces/robot_interfaces/msg/detail/robot_state__rosidl_typesupport_introspection_c.h\n'}
[2.218573] (robot_interfaces) StdoutLine: {'line': b'-- Up-to-date symlink: /root/Dojo/Dojo/install/robot_interfaces/include/robot_interfaces/robot_interfaces/msg/detail/sensor_data__rosidl_typesupport_introspection_c.h\n'}
[2.218700] (robot_interfaces) StdoutLine: {'line': b'-- Up-to-date symlink: /root/Dojo/Dojo/install/robot_interfaces/include/robot_interfaces/robot_interfaces/msg/rosidl_typesupport_introspection_c__visibility_control.h\n'}
[2.218831] (robot_interfaces) StdoutLine: {'line': b'-- Up-to-date symlink: /root/Dojo/Dojo/install/robot_interfaces/include/robot_interfaces/robot_interfaces/srv/detail/calibration__rosidl_typesupport_introspection_c.h\n'}
[2.218950] (robot_interfaces) StdoutLine: {'line': b'-- Up-to-date symlink: /root/Dojo/Dojo/install/robot_interfaces/include/robot_interfaces/robot_interfaces/srv/detail/set_mode__rosidl_typesupport_introspection_c.h\n'}
[2.219069] (robot_description) StdoutLine: {'line': b'-- Up-to-date symlink: /root/Dojo/Dojo/install/robot_description/share/ament_index/resource_index/packages/robot_description\n'}
[2.223150] (robot_description) StdoutLine: {'line': b'-- Up-to-date symlink: /root/Dojo/Dojo/install/robot_description/share/robot_description/cmake/robot_descriptionConfig.cmake\n'}
[2.224989] (robot_description) StdoutLine: {'line': b'-- Up-to-date symlink: /root/Dojo/Dojo/install/robot_description/share/robot_description/cmake/robot_descriptionConfig-version.cmake\n'}
[2.225256] (robot_interfaces) StdoutLine: {'line': b'-- Up-to-date symlink: /root/Dojo/Dojo/install/robot_interfaces/include/robot_interfaces/robot_interfaces/action/detail/navigation__rosidl_typesupport_introspection_cpp.hpp\n'}
[2.225458] (robot_interfaces) StdoutLine: {'line': b'-- Up-to-date symlink: /root/Dojo/Dojo/install/robot_interfaces/include/robot_interfaces/robot_interfaces/msg/detail/hardware_status__rosidl_typesupport_introspection_cpp.hpp\n'}
[2.225653] (robot_interfaces) StdoutLine: {'line': b'-- Up-to-date symlink: /root/Dojo/Dojo/install/robot_interfaces/include/robot_interfaces/robot_interfaces/msg/detail/motor_command__rosidl_typesupport_introspection_cpp.hpp\n'}
[2.225831] (robot_interfaces) StdoutLine: {'line': b'-- Up-to-date symlink: /root/Dojo/Dojo/install/robot_interfaces/include/robot_interfaces/robot_interfaces/msg/detail/robot_state__rosidl_typesupport_introspection_cpp.hpp\n'}
[2.226016] (robot_interfaces) StdoutLine: {'line': b'-- Up-to-date symlink: /root/Dojo/Dojo/install/robot_interfaces/include/robot_interfaces/robot_interfaces/msg/detail/sensor_data__rosidl_typesupport_introspection_cpp.hpp\n'}
[2.226326] (robot_interfaces) StdoutLine: {'line': b'-- Up-to-date symlink: /root/Dojo/Dojo/install/robot_interfaces/include/robot_interfaces/robot_interfaces/srv/detail/calibration__rosidl_typesupport_introspection_cpp.hpp\n'}
[2.227372] (robot_interfaces) StdoutLine: {'line': b'-- Up-to-date symlink: /root/Dojo/Dojo/install/robot_interfaces/include/robot_interfaces/robot_interfaces/srv/detail/set_mode__rosidl_typesupport_introspection_cpp.hpp\n'}
[2.227533] (robot_interfaces) StdoutLine: {'line': b'-- Up-to-date symlink: /root/Dojo/Dojo/install/robot_interfaces/share/robot_interfaces/environment/pythonpath.sh\n'}
[2.227668] (robot_interfaces) StdoutLine: {'line': b'-- Up-to-date symlink: /root/Dojo/Dojo/install/robot_interfaces/share/robot_interfaces/environment/pythonpath.dsv\n'}
[2.227796] (robot_interfaces) StdoutLine: {'line': b'-- Up-to-date symlink: /root/Dojo/Dojo/install/robot_interfaces/local/lib/python3.10/dist-packages/robot_interfaces-1.0.0-py3.10.egg-info/PKG-INFO\n'}
[2.227932] (robot_interfaces) StdoutLine: {'line': b'-- Up-to-date symlink: /root/Dojo/Dojo/install/robot_interfaces/local/lib/python3.10/dist-packages/robot_interfaces-1.0.0-py3.10.egg-info/SOURCES.txt\n'}
[2.229407] (robot_interfaces) StdoutLine: {'line': b'-- Up-to-date symlink: /root/Dojo/Dojo/install/robot_interfaces/local/lib/python3.10/dist-packages/robot_interfaces-1.0.0-py3.10.egg-info/dependency_links.txt\n'}
[2.229616] (robot_interfaces) StdoutLine: {'line': b'-- Up-to-date symlink: /root/Dojo/Dojo/install/robot_interfaces/local/lib/python3.10/dist-packages/robot_interfaces-1.0.0-py3.10.egg-info/top_level.txt\n'}
[2.229770] (robot_interfaces) StdoutLine: {'line': b'-- Up-to-date symlink: /root/Dojo/Dojo/install/robot_interfaces/local/lib/python3.10/dist-packages/robot_interfaces/__init__.py\n'}
[2.230027] (robot_interfaces) StdoutLine: {'line': b'-- Up-to-date symlink: /root/Dojo/Dojo/install/robot_interfaces/local/lib/python3.10/dist-packages/robot_interfaces/_robot_interfaces_s.ep.rosidl_typesupport_c.c\n'}
[2.230603] (robot_description) StdoutLine: {'line': b'-- Up-to-date symlink: /root/Dojo/Dojo/install/robot_description/share/robot_description/package.xml\n'}
[2.230935] (robot_interfaces) StdoutLine: {'line': b'-- Up-to-date symlink: /root/Dojo/Dojo/install/robot_interfaces/local/lib/python3.10/dist-packages/robot_interfaces/_robot_interfaces_s.ep.rosidl_typesupport_fastrtps_c.c\n'}
[2.232969] (robot_interfaces) StdoutLine: {'line': b'-- Up-to-date symlink: /root/Dojo/Dojo/install/robot_interfaces/local/lib/python3.10/dist-packages/robot_interfaces/_robot_interfaces_s.ep.rosidl_typesupport_introspection_c.c\n'}
[2.233164] (robot_interfaces) StdoutLine: {'line': b'-- Up-to-date symlink: /root/Dojo/Dojo/install/robot_interfaces/local/lib/python3.10/dist-packages/robot_interfaces/action/__init__.py\n'}
[2.233300] (robot_interfaces) StdoutLine: {'line': b'-- Up-to-date symlink: /root/Dojo/Dojo/install/robot_interfaces/local/lib/python3.10/dist-packages/robot_interfaces/action/_navigation.py\n'}
[2.233424] (robot_interfaces) StdoutLine: {'line': b'-- Up-to-date symlink: /root/Dojo/Dojo/install/robot_interfaces/local/lib/python3.10/dist-packages/robot_interfaces/action/_navigation_s.c\n'}
[2.233541] (robot_interfaces) StdoutLine: {'line': b'-- Up-to-date symlink: /root/Dojo/Dojo/install/robot_interfaces/local/lib/python3.10/dist-packages/robot_interfaces/librobot_interfaces__rosidl_generator_py.so\n'}
[2.233668] (robot_interfaces) StdoutLine: {'line': b'-- Up-to-date symlink: /root/Dojo/Dojo/install/robot_interfaces/local/lib/python3.10/dist-packages/robot_interfaces/msg/__init__.py\n'}
[2.233794] (robot_interfaces) StdoutLine: {'line': b'-- Up-to-date symlink: /root/Dojo/Dojo/install/robot_interfaces/local/lib/python3.10/dist-packages/robot_interfaces/msg/_hardware_status.py\n'}
[2.233909] (robot_interfaces) StdoutLine: {'line': b'-- Up-to-date symlink: /root/Dojo/Dojo/install/robot_interfaces/local/lib/python3.10/dist-packages/robot_interfaces/msg/_hardware_status_s.c\n'}
[2.234030] (robot_interfaces) StdoutLine: {'line': b'-- Up-to-date symlink: /root/Dojo/Dojo/install/robot_interfaces/local/lib/python3.10/dist-packages/robot_interfaces/msg/_motor_command.py\n'}
[2.234253] (robot_interfaces) StdoutLine: {'line': b'-- Up-to-date symlink: /root/Dojo/Dojo/install/robot_interfaces/local/lib/python3.10/dist-packages/robot_interfaces/msg/_motor_command_s.c\n'}
[2.234416] (robot_interfaces) StdoutLine: {'line': b'-- Up-to-date symlink: /root/Dojo/Dojo/install/robot_interfaces/local/lib/python3.10/dist-packages/robot_interfaces/msg/_robot_state.py\n'}
[2.234538] (robot_interfaces) StdoutLine: {'line': b'-- Up-to-date symlink: /root/Dojo/Dojo/install/robot_interfaces/local/lib/python3.10/dist-packages/robot_interfaces/msg/_robot_state_s.c\n'}
[2.234665] (robot_interfaces) StdoutLine: {'line': b'-- Up-to-date symlink: /root/Dojo/Dojo/install/robot_interfaces/local/lib/python3.10/dist-packages/robot_interfaces/msg/_sensor_data.py\n'}
[2.234794] (robot_interfaces) StdoutLine: {'line': b'-- Up-to-date symlink: /root/Dojo/Dojo/install/robot_interfaces/local/lib/python3.10/dist-packages/robot_interfaces/msg/_sensor_data_s.c\n'}
[2.234918] (robot_interfaces) StdoutLine: {'line': b'-- Up-to-date symlink: /root/Dojo/Dojo/install/robot_interfaces/local/lib/python3.10/dist-packages/robot_interfaces/robot_interfaces_s__rosidl_typesupport_c.cpython-310-x86_64-linux-gnu.so\n'}
[2.235045] (robot_interfaces) StdoutLine: {'line': b'-- Up-to-date symlink: /root/Dojo/Dojo/install/robot_interfaces/local/lib/python3.10/dist-packages/robot_interfaces/robot_interfaces_s__rosidl_typesupport_fastrtps_c.cpython-310-x86_64-linux-gnu.so\n'}
[2.235171] (robot_interfaces) StdoutLine: {'line': b'-- Up-to-date symlink: /root/Dojo/Dojo/install/robot_interfaces/local/lib/python3.10/dist-packages/robot_interfaces/robot_interfaces_s__rosidl_typesupport_introspection_c.cpython-310-x86_64-linux-gnu.so\n'}
[2.235287] (robot_interfaces) StdoutLine: {'line': b'-- Up-to-date symlink: /root/Dojo/Dojo/install/robot_interfaces/local/lib/python3.10/dist-packages/robot_interfaces/srv/__init__.py\n'}
[2.235412] (robot_interfaces) StdoutLine: {'line': b'-- Up-to-date symlink: /root/Dojo/Dojo/install/robot_interfaces/local/lib/python3.10/dist-packages/robot_interfaces/srv/_calibration.py\n'}
[2.235533] (robot_interfaces) StdoutLine: {'line': b'-- Up-to-date symlink: /root/Dojo/Dojo/install/robot_interfaces/local/lib/python3.10/dist-packages/robot_interfaces/srv/_calibration_s.c\n'}
[2.235726] (robot_interfaces) StdoutLine: {'line': b'-- Up-to-date symlink: /root/Dojo/Dojo/install/robot_interfaces/local/lib/python3.10/dist-packages/robot_interfaces/srv/_set_mode.py\n'}
[2.235890] (robot_interfaces) StdoutLine: {'line': b'-- Up-to-date symlink: /root/Dojo/Dojo/install/robot_interfaces/local/lib/python3.10/dist-packages/robot_interfaces/srv/_set_mode_s.c\n'}
[2.236005] (robot_interfaces) StdoutLine: {'line': b'-- Up-to-date symlink: /root/Dojo/Dojo/install/robot_interfaces/local/lib/python3.10/dist-packages/robot_interfaces/robot_interfaces_s__rosidl_typesupport_fastrtps_c.cpython-310-x86_64-linux-gnu.so\n'}
[2.236113] (robot_interfaces) StdoutLine: {'line': b'-- Up-to-date symlink: /root/Dojo/Dojo/install/robot_interfaces/local/lib/python3.10/dist-packages/robot_interfaces/robot_interfaces_s__rosidl_typesupport_introspection_c.cpython-310-x86_64-linux-gnu.so\n'}
[2.236224] (robot_interfaces) StdoutLine: {'line': b'-- Up-to-date symlink: /root/Dojo/Dojo/install/robot_interfaces/local/lib/python3.10/dist-packages/robot_interfaces/robot_interfaces_s__rosidl_typesupport_c.cpython-310-x86_64-linux-gnu.so\n'}
[2.236335] (robot_interfaces) StdoutLine: {'line': b'-- Up-to-date symlink: /root/Dojo/Dojo/install/robot_interfaces/share/robot_interfaces/msg/HardwareStatus.idl\n'}
[2.236445] (robot_interfaces) StdoutLine: {'line': b'-- Up-to-date symlink: /root/Dojo/Dojo/install/robot_interfaces/share/robot_interfaces/msg/SensorData.idl\n'}
[2.236560] (robot_interfaces) StdoutLine: {'line': b'-- Up-to-date symlink: /root/Dojo/Dojo/install/robot_interfaces/share/robot_interfaces/msg/MotorCommand.idl\n'}
[2.236670] (robot_interfaces) StdoutLine: {'line': b'-- Up-to-date symlink: /root/Dojo/Dojo/install/robot_interfaces/share/robot_interfaces/msg/RobotState.idl\n'}
[2.236788] (robot_interfaces) StdoutLine: {'line': b'-- Up-to-date symlink: /root/Dojo/Dojo/install/robot_interfaces/share/robot_interfaces/srv/Calibration.idl\n'}
[2.236914] (robot_interfaces) StdoutLine: {'line': b'-- Up-to-date symlink: /root/Dojo/Dojo/install/robot_interfaces/share/robot_interfaces/srv/SetMode.idl\n'}
[2.237017] (robot_interfaces) StdoutLine: {'line': b'-- Up-to-date symlink: /root/Dojo/Dojo/install/robot_interfaces/share/robot_interfaces/action/Navigation.idl\n'}
[2.237181] (robot_interfaces) StdoutLine: {'line': b'-- Up-to-date symlink: /root/Dojo/Dojo/install/robot_interfaces/share/robot_interfaces/msg/HardwareStatus.msg\n'}
[2.237305] (robot_interfaces) StdoutLine: {'line': b'-- Up-to-date symlink: /root/Dojo/Dojo/install/robot_interfaces/share/robot_interfaces/msg/SensorData.msg\n'}
[2.237404] (robot_interfaces) StdoutLine: {'line': b'-- Up-to-date symlink: /root/Dojo/Dojo/install/robot_interfaces/share/robot_interfaces/msg/MotorCommand.msg\n'}
[2.241621] (robot_interfaces) StdoutLine: {'line': b'-- Up-to-date symlink: /root/Dojo/Dojo/install/robot_interfaces/share/robot_interfaces/msg/RobotState.msg\n'}
[2.241798] (robot_interfaces) StdoutLine: {'line': b'-- Up-to-date symlink: /root/Dojo/Dojo/install/robot_interfaces/share/robot_interfaces/srv/Calibration.srv\n'}
[2.241958] (robot_interfaces) StdoutLine: {'line': b'-- Up-to-date symlink: /root/Dojo/Dojo/install/robot_interfaces/share/robot_interfaces/srv/Calibration_Request.msg\n'}
[2.242114] (robot_interfaces) StdoutLine: {'line': b'-- Up-to-date symlink: /root/Dojo/Dojo/install/robot_interfaces/share/robot_interfaces/srv/Calibration_Response.msg\n'}
[2.242291] (robot_interfaces) StdoutLine: {'line': b'-- Up-to-date symlink: /root/Dojo/Dojo/install/robot_interfaces/share/robot_interfaces/srv/SetMode.srv\n'}
[2.242420] (robot_interfaces) StdoutLine: {'line': b'-- Up-to-date symlink: /root/Dojo/Dojo/install/robot_interfaces/share/robot_interfaces/srv/SetMode_Request.msg\n'}
[2.242541] (robot_interfaces) StdoutLine: {'line': b'-- Up-to-date symlink: /root/Dojo/Dojo/install/robot_interfaces/share/robot_interfaces/srv/SetMode_Response.msg\n'}
[2.242660] (robot_interfaces) StdoutLine: {'line': b'-- Up-to-date symlink: /root/Dojo/Dojo/install/robot_interfaces/share/robot_interfaces/action/Navigation.action\n'}
[2.242816] (robot_interfaces) StdoutLine: {'line': b'-- Up-to-date symlink: /root/Dojo/Dojo/install/robot_interfaces/share/ament_index/resource_index/package_run_dependencies/robot_interfaces\n'}
[2.242931] (robot_interfaces) StdoutLine: {'line': b'-- Up-to-date symlink: /root/Dojo/Dojo/install/robot_interfaces/share/ament_index/resource_index/parent_prefix_path/robot_interfaces\n'}
[2.243046] (robot_interfaces) StdoutLine: {'line': b'-- Up-to-date symlink: /root/Dojo/Dojo/install/robot_interfaces/share/robot_interfaces/environment/ament_prefix_path.sh\n'}
[2.243219] (robot_interfaces) StdoutLine: {'line': b'-- Up-to-date symlink: /root/Dojo/Dojo/install/robot_interfaces/share/robot_interfaces/environment/ament_prefix_path.dsv\n'}
[2.243364] (robot_interfaces) StdoutLine: {'line': b'-- Up-to-date symlink: /root/Dojo/Dojo/install/robot_interfaces/share/robot_interfaces/environment/path.sh\n'}
[2.243475] (robot_interfaces) StdoutLine: {'line': b'-- Up-to-date symlink: /root/Dojo/Dojo/install/robot_interfaces/share/robot_interfaces/environment/path.dsv\n'}
[2.243592] (robot_interfaces) StdoutLine: {'line': b'-- Up-to-date symlink: /root/Dojo/Dojo/install/robot_interfaces/share/robot_interfaces/local_setup.bash\n'}
[2.243703] (robot_interfaces) StdoutLine: {'line': b'-- Up-to-date symlink: /root/Dojo/Dojo/install/robot_interfaces/share/robot_interfaces/local_setup.sh\n'}
[2.243815] (robot_interfaces) StdoutLine: {'line': b'-- Up-to-date symlink: /root/Dojo/Dojo/install/robot_interfaces/share/robot_interfaces/local_setup.zsh\n'}
[2.243919] (robot_interfaces) StdoutLine: {'line': b'-- Up-to-date symlink: /root/Dojo/Dojo/install/robot_interfaces/share/robot_interfaces/local_setup.dsv\n'}
[2.244036] (robot_interfaces) StdoutLine: {'line': b'-- Symlinking: /root/Dojo/Dojo/install/robot_interfaces/share/robot_interfaces/package.dsv\n'}
[2.244168] (robot_perception) StdoutLine: {'line': b"Listing '/root/Dojo/Dojo/install/robot_perception/local/lib/python3.10/dist-packages/robot_perception'...\n"}
[2.244291] (robot_perception) StdoutLine: {'line': b"Listing '/root/Dojo/Dojo/install/robot_perception/local/lib/python3.10/dist-packages/robot_perception/nodes'...\n"}
[2.244405] (robot_perception) StdoutLine: {'line': b"Listing '/root/Dojo/Dojo/install/robot_perception/local/lib/python3.10/dist-packages/robot_perception/utils'...\n"}
[2.244558] (robot_interfaces) StdoutLine: {'line': b'-- Up-to-date symlink: /root/Dojo/Dojo/install/robot_interfaces/share/ament_index/resource_index/packages/robot_interfaces\n'}
[2.244729] (robot_interfaces) StdoutLine: {'line': b'-- Up-to-date symlink: /root/Dojo/Dojo/install/robot_interfaces/share/robot_interfaces/cmake/rosidl_cmake-extras.cmake\n'}
[2.244905] (robot_interfaces) StdoutLine: {'line': b'-- Up-to-date symlink: /root/Dojo/Dojo/install/robot_interfaces/share/robot_interfaces/cmake/ament_cmake_export_dependencies-extras.cmake\n'}
[2.245635] (robot_interfaces) StdoutLine: {'line': b'-- Up-to-date symlink: /root/Dojo/Dojo/install/robot_interfaces/share/robot_interfaces/cmake/ament_cmake_export_include_directories-extras.cmake\n'}
[2.245787] (robot_interfaces) StdoutLine: {'line': b'-- Up-to-date symlink: /root/Dojo/Dojo/install/robot_interfaces/share/robot_interfaces/cmake/ament_cmake_export_libraries-extras.cmake\n'}
[2.246228] (robot_interfaces) StdoutLine: {'line': b'-- Up-to-date symlink: /root/Dojo/Dojo/install/robot_interfaces/share/robot_interfaces/cmake/ament_cmake_export_targets-extras.cmake\n'}
[2.248203] (robot_interfaces) StdoutLine: {'line': b'-- Up-to-date symlink: /root/Dojo/Dojo/install/robot_interfaces/share/robot_interfaces/cmake/rosidl_cmake_export_typesupport_targets-extras.cmake\n'}
[2.248578] (robot_interfaces) StdoutLine: {'line': b'-- Up-to-date symlink: /root/Dojo/Dojo/install/robot_interfaces/share/robot_interfaces/cmake/rosidl_cmake_export_typesupport_libraries-extras.cmake\n'}
[2.248756] (robot_interfaces) StdoutLine: {'line': b'-- Up-to-date symlink: /root/Dojo/Dojo/install/robot_interfaces/share/robot_interfaces/cmake/robot_interfacesConfig.cmake\n'}
[2.250218] (robot_interfaces) StdoutLine: {'line': b'-- Up-to-date symlink: /root/Dojo/Dojo/install/robot_interfaces/share/robot_interfaces/cmake/robot_interfacesConfig-version.cmake\n'}
[2.250544] (robot_interfaces) StdoutLine: {'line': b'-- Up-to-date symlink: /root/Dojo/Dojo/install/robot_interfaces/share/robot_interfaces/package.xml\n'}
[2.250690] (robot_perception) StdoutLine: {'line': b'-- Up-to-date: /root/Dojo/Dojo/install/robot_perception/share/robot_perception/launch\n'}
[2.250835] (robot_perception) StdoutLine: {'line': b'-- Up-to-date: /root/Dojo/Dojo/install/robot_perception/share/robot_perception/launch/robot_perception.launch.py\n'}
[2.250965] (robot_perception) StdoutLine: {'line': b'-- Up-to-date: /root/Dojo/Dojo/install/robot_perception/share/robot_perception/launch/perception.launch.py\n'}
[2.251094] (robot_perception) StdoutLine: {'line': b'-- Up-to-date: /root/Dojo/Dojo/install/robot_perception/share/robot_perception/launch/perception_integration.launch.py\n'}
[2.256008] (robot_perception) StdoutLine: {'line': b'-- Up-to-date: /root/Dojo/Dojo/install/robot_perception/share/robot_perception/launch/object_detector.launch.py\n'}
[2.257014] (robot_perception) StdoutLine: {'line': b'-- Up-to-date: /root/Dojo/Dojo/install/robot_perception/share/robot_perception/launch/perception_system.launch.py\n'}
[2.257253] (robot_perception) StdoutLine: {'line': b'-- Up-to-date: /root/Dojo/Dojo/install/robot_perception/share/robot_perception/config\n'}
[2.257472] (robot_perception) StdoutLine: {'line': b'-- Up-to-date: /root/Dojo/Dojo/install/robot_perception/share/robot_perception/config/robot_perception_params.yaml\n'}
[2.258076] (robot_interfaces) StdoutLine: {'line': b'-- Up-to-date: /root/Dojo/Dojo/install/robot_interfaces/lib/librobot_interfaces__rosidl_generator_c.so\n'}
[2.258292] (robot_interfaces) StdoutLine: {'line': b'-- Up-to-date: /root/Dojo/Dojo/install/robot_interfaces/lib/librobot_interfaces__rosidl_typesupport_fastrtps_c.so\n'}
[2.258477] (robot_perception) StdoutLine: {'line': b'-- Up-to-date: /root/Dojo/Dojo/install/robot_perception/share/robot_perception/config/perception_params.yaml\n'}
[2.259470] (robot_perception) StdoutLine: {'line': b'-- Up-to-date: /root/Dojo/Dojo/install/robot_perception/share/robot_perception/rviz\n'}
[2.259669] (robot_perception) StdoutLine: {'line': b'-- Up-to-date: /root/Dojo/Dojo/install/robot_perception/share/robot_perception/rviz/object_detection.rviz\n'}
[2.260444] (robot_perception) StdoutLine: {'line': b'-- Up-to-date: /root/Dojo/Dojo/install/robot_perception/share/robot_perception/rviz/perception_integration.rviz\n'}
[2.261288] (robot_perception) StdoutLine: {'line': b'-- Up-to-date: /root/Dojo/Dojo/install/robot_perception/share/robot_perception/resource\n'}
[2.261451] (robot_perception) StdoutLine: {'line': b'-- Up-to-date: /root/Dojo/Dojo/install/robot_perception/share/robot_perception/resource/robot_perception\n'}
[2.261587] (robot_perception) StdoutLine: {'line': b'-- Up-to-date: /root/Dojo/Dojo/install/robot_perception/share/robot_perception/CMakeLists.txt\n'}
[2.261703] (robot_perception) StdoutLine: {'line': b'-- Up-to-date: /root/Dojo/Dojo/install/robot_perception/share/robot_perception/package.xml\n'}
[2.261840] (robot_perception) StdoutLine: {'line': b'-- Up-to-date: /root/Dojo/Dojo/install/robot_perception/lib/local/lib/python3.10/dist-packages/robot_perception/setup.py\n'}
[2.261959] (robot_perception) StdoutLine: {'line': b'-- Up-to-date: /root/Dojo/Dojo/install/robot_perception/share/ament_index/resource_index/package_run_dependencies/robot_perception\n'}
[2.262091] (robot_perception) StdoutLine: {'line': b'-- Up-to-date: /root/Dojo/Dojo/install/robot_perception/share/ament_index/resource_index/parent_prefix_path/robot_perception\n'}
[2.262229] (robot_perception) StdoutLine: {'line': b'-- Up-to-date: /root/Dojo/Dojo/install/robot_perception/share/robot_perception/environment/ament_prefix_path.sh\n'}
[2.262353] (robot_interfaces) StdoutLine: {'line': b'-- Up-to-date: /root/Dojo/Dojo/install/robot_interfaces/lib/librobot_interfaces__rosidl_typesupport_fastrtps_cpp.so\n'}
[2.262487] (robot_interfaces) StdoutLine: {'line': b'-- Up-to-date: /root/Dojo/Dojo/install/robot_interfaces/lib/librobot_interfaces__rosidl_typesupport_introspection_c.so\n'}
[2.262627] (robot_perception) StdoutLine: {'line': b'-- Up-to-date: /root/Dojo/Dojo/install/robot_perception/share/robot_perception/environment/ament_prefix_path.dsv\n'}
[2.262745] (robot_perception) StdoutLine: {'line': b'-- Up-to-date: /root/Dojo/Dojo/install/robot_perception/share/robot_perception/environment/path.sh\n'}
[2.262874] (robot_perception) StdoutLine: {'line': b'-- Up-to-date: /root/Dojo/Dojo/install/robot_perception/share/robot_perception/environment/path.dsv\n'}
[2.263001] (robot_perception) StdoutLine: {'line': b'-- Up-to-date: /root/Dojo/Dojo/install/robot_perception/share/robot_perception/local_setup.bash\n'}
[2.263148] (robot_interfaces) StdoutLine: {'line': b'-- Up-to-date: /root/Dojo/Dojo/install/robot_interfaces/lib/librobot_interfaces__rosidl_typesupport_c.so\n'}
[2.263283] (robot_perception) StdoutLine: {'line': b'-- Up-to-date: /root/Dojo/Dojo/install/robot_perception/share/robot_perception/local_setup.sh\n'}
[2.263419] (robot_perception) StdoutLine: {'line': b'-- Up-to-date: /root/Dojo/Dojo/install/robot_perception/share/robot_perception/local_setup.zsh\n'}
[2.263550] (robot_perception) StdoutLine: {'line': b'-- Up-to-date: /root/Dojo/Dojo/install/robot_perception/share/robot_perception/local_setup.dsv\n'}
[2.263687] (robot_perception) StdoutLine: {'line': b'-- Installing: /root/Dojo/Dojo/install/robot_perception/share/robot_perception/package.dsv\n'}
[2.263814] (robot_interfaces) StdoutLine: {'line': b'-- Up-to-date: /root/Dojo/Dojo/install/robot_interfaces/lib/librobot_interfaces__rosidl_typesupport_introspection_cpp.so\n'}
[2.263952] (robot_interfaces) StdoutLine: {'line': b'-- Up-to-date: /root/Dojo/Dojo/install/robot_interfaces/lib/librobot_interfaces__rosidl_typesupport_cpp.so\n'}
[2.264079] (robot_perception) StdoutLine: {'line': b'-- Up-to-date: /root/Dojo/Dojo/install/robot_perception/share/ament_index/resource_index/packages/robot_perception\n'}
[2.266117] (robot_perception) StdoutLine: {'line': b'-- Up-to-date: /root/Dojo/Dojo/install/robot_perception/share/robot_perception/cmake/ament_cmake_export_dependencies-extras.cmake\n'}
[2.266468] (robot_perception) StdoutLine: {'line': b'-- Up-to-date: /root/Dojo/Dojo/install/robot_perception/share/robot_perception/cmake/robot_perceptionConfig.cmake\n'}
[2.266917] (robot_perception) StdoutLine: {'line': b'-- Up-to-date: /root/Dojo/Dojo/install/robot_perception/share/robot_perception/cmake/robot_perceptionConfig-version.cmake\n'}
[2.270571] (robot_perception) StdoutLine: {'line': b'-- Up-to-date: /root/Dojo/Dojo/install/robot_perception/share/robot_perception/package.xml\n'}
[2.270787] (robot_control) JobEnded: {'identifier': 'robot_control', 'rc': 0}
[2.271440] (robot_description) CommandEnded: {'returncode': 0}
[2.272020] (robot_interfaces) StdoutLine: {'line': b"Listing '/root/Dojo/Dojo/install/robot_interfaces/local/lib/python3.10/dist-packages/robot_interfaces'...\n"}
[2.272275] (robot_interfaces) StdoutLine: {'line': b"Listing '/root/Dojo/Dojo/install/robot_interfaces/local/lib/python3.10/dist-packages/robot_interfaces/action'...\n"}
[2.272429] (robot_interfaces) StdoutLine: {'line': b"Listing '/root/Dojo/Dojo/install/robot_interfaces/local/lib/python3.10/dist-packages/robot_interfaces/msg'...\n"}
[2.272615] (robot_interfaces) StdoutLine: {'line': b"Listing '/root/Dojo/Dojo/install/robot_interfaces/local/lib/python3.10/dist-packages/robot_interfaces/srv'...\n"}
[2.272827] (robot_interfaces) StdoutLine: {'line': b'-- Up-to-date: /root/Dojo/Dojo/install/robot_interfaces/lib/librobot_interfaces__rosidl_generator_py.so\n'}
[2.273068] (robot_interfaces) StdoutLine: {'line': b'-- Up-to-date: /root/Dojo/Dojo/install/robot_interfaces/share/robot_interfaces/cmake/export_robot_interfaces__rosidl_generator_cExport.cmake\n'}
[2.273190] (robot_interfaces) StdoutLine: {'line': b'-- Up-to-date: /root/Dojo/Dojo/install/robot_interfaces/share/robot_interfaces/cmake/export_robot_interfaces__rosidl_generator_cExport-release.cmake\n'}
[2.273302] (robot_interfaces) StdoutLine: {'line': b'-- Up-to-date: /root/Dojo/Dojo/install/robot_interfaces/share/robot_interfaces/cmake/export_robot_interfaces__rosidl_typesupport_fastrtps_cExport.cmake\n'}
[2.273404] (robot_interfaces) StdoutLine: {'line': b'-- Up-to-date: /root/Dojo/Dojo/install/robot_interfaces/share/robot_interfaces/cmake/export_robot_interfaces__rosidl_typesupport_fastrtps_cExport-release.cmake\n'}
[2.273549] (robot_interfaces) StdoutLine: {'line': b'-- Up-to-date: /root/Dojo/Dojo/install/robot_interfaces/share/robot_interfaces/cmake/export_robot_interfaces__rosidl_generator_cppExport.cmake\n'}
[2.277032] (robot_interfaces) StdoutLine: {'line': b'-- Up-to-date: /root/Dojo/Dojo/install/robot_interfaces/share/robot_interfaces/cmake/export_robot_interfaces__rosidl_typesupport_fastrtps_cppExport.cmake\n'}
[2.279673] (robot_interfaces) StdoutLine: {'line': b'-- Up-to-date: /root/Dojo/Dojo/install/robot_interfaces/share/robot_interfaces/cmake/export_robot_interfaces__rosidl_typesupport_fastrtps_cppExport-release.cmake\n'}
[2.280236] (robot_interfaces) StdoutLine: {'line': b'-- Up-to-date: /root/Dojo/Dojo/install/robot_interfaces/share/robot_interfaces/cmake/robot_interfaces__rosidl_typesupport_introspection_cExport.cmake\n'}
[2.280788] (robot_interfaces) StdoutLine: {'line': b'-- Up-to-date: /root/Dojo/Dojo/install/robot_interfaces/share/robot_interfaces/cmake/robot_interfaces__rosidl_typesupport_introspection_cExport-release.cmake\n'}
[2.281321] (robot_interfaces) StdoutLine: {'line': b'-- Up-to-date: /root/Dojo/Dojo/install/robot_interfaces/share/robot_interfaces/cmake/robot_interfaces__rosidl_typesupport_cExport.cmake\n'}
[2.281989] (robot_interfaces) StdoutLine: {'line': b'-- Up-to-date: /root/Dojo/Dojo/install/robot_interfaces/share/robot_interfaces/cmake/robot_interfaces__rosidl_typesupport_cExport-release.cmake\n'}
[2.282581] (robot_interfaces) StdoutLine: {'line': b'-- Up-to-date: /root/Dojo/Dojo/install/robot_interfaces/share/robot_interfaces/cmake/robot_interfaces__rosidl_typesupport_introspection_cppExport.cmake\n'}
[2.283087] (robot_interfaces) StdoutLine: {'line': b'-- Up-to-date: /root/Dojo/Dojo/install/robot_interfaces/share/robot_interfaces/cmake/robot_interfaces__rosidl_typesupport_introspection_cppExport-release.cmake\n'}
[2.283591] (robot_interfaces) StdoutLine: {'line': b'-- Up-to-date: /root/Dojo/Dojo/install/robot_interfaces/share/robot_interfaces/cmake/robot_interfaces__rosidl_typesupport_cppExport.cmake\n'}
[2.284905] (robot_interfaces) StdoutLine: {'line': b'-- Up-to-date: /root/Dojo/Dojo/install/robot_interfaces/share/robot_interfaces/cmake/robot_interfaces__rosidl_typesupport_cppExport-release.cmake\n'}
[2.285072] (robot_description) JobEnded: {'identifier': 'robot_description', 'rc': 0}
[2.285978] (robot_perception) CommandEnded: {'returncode': 0}
[2.286647] (robot_interfaces) StdoutLine: {'line': b'-- Up-to-date: /root/Dojo/Dojo/install/robot_interfaces/share/robot_interfaces/cmake/export_robot_interfaces__rosidl_generator_pyExport.cmake\n'}
[2.287021] (robot_interfaces) StdoutLine: {'line': b'-- Up-to-date: /root/Dojo/Dojo/install/robot_interfaces/share/robot_interfaces/cmake/export_robot_interfaces__rosidl_generator_pyExport-release.cmake\n'}
[2.289232] (robot_perception) JobEnded: {'identifier': 'robot_perception', 'rc': 0}
[2.290806] (robot_navigation) JobStarted: {'identifier': 'robot_navigation'}
[2.296085] (robot_gazebo) JobStarted: {'identifier': 'robot_gazebo'}
[2.304063] (robot_launch) JobStarted: {'identifier': 'robot_launch'}
[2.306451] (-) TimerEvent: {}
[2.316457] (robot_interfaces) CommandEnded: {'returncode': 0}
[2.334642] (robot_interfaces) JobEnded: {'identifier': 'robot_interfaces', 'rc': 0}
[2.335930] (robot_navigation) JobProgress: {'identifier': 'robot_navigation', 'progress': 'cmake'}
[2.336363] (robot_navigation) JobProgress: {'identifier': 'robot_navigation', 'progress': 'build'}
[2.336642] (robot_navigation) Command: {'cmd': ['/usr/bin/cmake', '--build', '/root/Dojo/Dojo/build/robot_navigation', '--', '-j16', '-l16'], 'cwd': '/root/Dojo/Dojo/build/robot_navigation', 'env': OrderedDict([('HOSTNAME', 'gareth-joel-HP-Pavilion-Gaming-Laptop-15-ec2xxx'), ('SHLVL', '1'), ('LD_LIBRARY_PATH', '/usr/lib/x86_64-linux-gnu/gazebo-11/plugins:/opt/ros/humble/opt/rviz_ogre_vendor/lib:/opt/ros/humble/lib/x86_64-linux-gnu:/opt/ros/humble/lib'), ('HOME', '/root'), ('OLDPWD', '/root/Dojo'), ('ROS_PYTHON_VERSION', '3'), ('COLCON_PREFIX_PATH', '/root/Dojo/install'), ('ROS_DISTRO', 'humble'), ('_', '/usr/bin/colcon'), ('ROS_VERSION', '2'), ('TERM', 'xterm'), ('ROS_LOCALHOST_ONLY', '0'), ('QT_X11_NO_MITSHM', '1'), ('PATH', '/opt/ros/humble/bin:/usr/local/sbin:/usr/local/bin:/usr/sbin:/usr/bin:/sbin:/bin'), ('DISPLAY', ':0'), ('LANG', 'C.UTF-8'), ('LS_COLORS', 'rs=0:di=01;34:ln=01;36:mh=00:pi=40;33:so=01;35:do=01;35:bd=40;33;01:cd=40;33;01:or=40;31;01:mi=00:su=37;41:sg=30;43:ca=30;41:tw=30;42:ow=34;42:st=37;44:ex=01;32:*.tar=01;31:*.tgz=01;31:*.arc=01;31:*.arj=01;31:*.taz=01;31:*.lha=01;31:*.lz4=01;31:*.lzh=01;31:*.lzma=01;31:*.tlz=01;31:*.txz=01;31:*.tzo=01;31:*.t7z=01;31:*.zip=01;31:*.z=01;31:*.dz=01;31:*.gz=01;31:*.lrz=01;31:*.lz=01;31:*.lzo=01;31:*.xz=01;31:*.zst=01;31:*.tzst=01;31:*.bz2=01;31:*.bz=01;31:*.tbz=01;31:*.tbz2=01;31:*.tz=01;31:*.deb=01;31:*.rpm=01;31:*.jar=01;31:*.war=01;31:*.ear=01;31:*.sar=01;31:*.rar=01;31:*.alz=01;31:*.ace=01;31:*.zoo=01;31:*.cpio=01;31:*.7z=01;31:*.rz=01;31:*.cab=01;31:*.wim=01;31:*.swm=01;31:*.dwm=01;31:*.esd=01;31:*.jpg=01;35:*.jpeg=01;35:*.mjpg=01;35:*.mjpeg=01;35:*.gif=01;35:*.bmp=01;35:*.pbm=01;35:*.pgm=01;35:*.ppm=01;35:*.tga=01;35:*.xbm=01;35:*.xpm=01;35:*.tif=01;35:*.tiff=01;35:*.png=01;35:*.svg=01;35:*.svgz=01;35:*.mng=01;35:*.pcx=01;35:*.mov=01;35:*.mpg=01;35:*.mpeg=01;35:*.m2v=01;35:*.mkv=01;35:*.webm=01;35:*.webp=01;35:*.ogm=01;35:*.mp4=01;35:*.m4v=01;35:*.mp4v=01;35:*.vob=01;35:*.qt=01;35:*.nuv=01;35:*.wmv=01;35:*.asf=01;35:*.rm=01;35:*.rmvb=01;35:*.flc=01;35:*.avi=01;35:*.fli=01;35:*.flv=01;35:*.gl=01;35:*.dl=01;35:*.xcf=01;35:*.xwd=01;35:*.yuv=01;35:*.cgm=01;35:*.emf=01;35:*.ogv=01;35:*.ogx=01;35:*.aac=00;36:*.au=00;36:*.flac=00;36:*.m4a=00;36:*.mid=00;36:*.midi=00;36:*.mka=00;36:*.mp3=00;36:*.mpc=00;36:*.ogg=00;36:*.ra=00;36:*.wav=00;36:*.oga=00;36:*.opus=00;36:*.spx=00;36:*.xspf=00;36:'), ('ROS_DOMAIN_ID', '7'), ('AMENT_PREFIX_PATH', '/root/Dojo/Dojo/install/robot_description:/root/Dojo/Dojo/install/robot_control:/root/Dojo/install/robot_hardware:/opt/ros/humble'), ('PWD', '/root/Dojo/Dojo/build/robot_navigation'), ('LC_ALL', 'C.UTF-8'), ('PYTHONPATH', '/root/Dojo/Dojo/install/robot_description/lib/python3.10/site-packages:/root/Dojo/build/robot_hardware:/root/Dojo/install/robot_hardware/lib/python3.10/site-packages:/opt/ros/humble/lib/python3.10/site-packages:/opt/ros/humble/local/lib/python3.10/dist-packages'), ('COLCON', '1'), ('CMAKE_PREFIX_PATH', '/root/Dojo/Dojo/install/robot_description:/root/Dojo/Dojo/install/robot_control:/root/Dojo/install/robot_perception:/root/Dojo/install/robot_hardware:/opt/ros/humble')]), 'shell': False}
[2.338484] (robot_gazebo) JobProgress: {'identifier': 'robot_gazebo', 'progress': 'cmake'}
[2.338759] (robot_gazebo) JobProgress: {'identifier': 'robot_gazebo', 'progress': 'build'}
[2.339627] (robot_gazebo) Command: {'cmd': ['/usr/bin/cmake', '--build', '/root/Dojo/Dojo/build/robot_gazebo', '--', '-j16', '-l16'], 'cwd': '/root/Dojo/Dojo/build/robot_gazebo', 'env': OrderedDict([('HOSTNAME', 'gareth-joel-HP-Pavilion-Gaming-Laptop-15-ec2xxx'), ('SHLVL', '1'), ('LD_LIBRARY_PATH', '/usr/lib/x86_64-linux-gnu/gazebo-11/plugins:/opt/ros/humble/opt/rviz_ogre_vendor/lib:/opt/ros/humble/lib/x86_64-linux-gnu:/opt/ros/humble/lib'), ('HOME', '/root'), ('OLDPWD', '/root/Dojo'), ('ROS_PYTHON_VERSION', '3'), ('COLCON_PREFIX_PATH', '/root/Dojo/install'), ('ROS_DISTRO', 'humble'), ('_', '/usr/bin/colcon'), ('ROS_VERSION', '2'), ('TERM', 'xterm'), ('ROS_LOCALHOST_ONLY', '0'), ('QT_X11_NO_MITSHM', '1'), ('PATH', '/opt/ros/humble/bin:/usr/local/sbin:/usr/local/bin:/usr/sbin:/usr/bin:/sbin:/bin'), ('DISPLAY', ':0'), ('LANG', 'C.UTF-8'), ('LS_COLORS', 'rs=0:di=01;34:ln=01;36:mh=00:pi=40;33:so=01;35:do=01;35:bd=40;33;01:cd=40;33;01:or=40;31;01:mi=00:su=37;41:sg=30;43:ca=30;41:tw=30;42:ow=34;42:st=37;44:ex=01;32:*.tar=01;31:*.tgz=01;31:*.arc=01;31:*.arj=01;31:*.taz=01;31:*.lha=01;31:*.lz4=01;31:*.lzh=01;31:*.lzma=01;31:*.tlz=01;31:*.txz=01;31:*.tzo=01;31:*.t7z=01;31:*.zip=01;31:*.z=01;31:*.dz=01;31:*.gz=01;31:*.lrz=01;31:*.lz=01;31:*.lzo=01;31:*.xz=01;31:*.zst=01;31:*.tzst=01;31:*.bz2=01;31:*.bz=01;31:*.tbz=01;31:*.tbz2=01;31:*.tz=01;31:*.deb=01;31:*.rpm=01;31:*.jar=01;31:*.war=01;31:*.ear=01;31:*.sar=01;31:*.rar=01;31:*.alz=01;31:*.ace=01;31:*.zoo=01;31:*.cpio=01;31:*.7z=01;31:*.rz=01;31:*.cab=01;31:*.wim=01;31:*.swm=01;31:*.dwm=01;31:*.esd=01;31:*.jpg=01;35:*.jpeg=01;35:*.mjpg=01;35:*.mjpeg=01;35:*.gif=01;35:*.bmp=01;35:*.pbm=01;35:*.pgm=01;35:*.ppm=01;35:*.tga=01;35:*.xbm=01;35:*.xpm=01;35:*.tif=01;35:*.tiff=01;35:*.png=01;35:*.svg=01;35:*.svgz=01;35:*.mng=01;35:*.pcx=01;35:*.mov=01;35:*.mpg=01;35:*.mpeg=01;35:*.m2v=01;35:*.mkv=01;35:*.webm=01;35:*.webp=01;35:*.ogm=01;35:*.mp4=01;35:*.m4v=01;35:*.mp4v=01;35:*.vob=01;35:*.qt=01;35:*.nuv=01;35:*.wmv=01;35:*.asf=01;35:*.rm=01;35:*.rmvb=01;35:*.flc=01;35:*.avi=01;35:*.fli=01;35:*.flv=01;35:*.gl=01;35:*.dl=01;35:*.xcf=01;35:*.xwd=01;35:*.yuv=01;35:*.cgm=01;35:*.emf=01;35:*.ogv=01;35:*.ogx=01;35:*.aac=00;36:*.au=00;36:*.flac=00;36:*.m4a=00;36:*.mid=00;36:*.midi=00;36:*.mka=00;36:*.mp3=00;36:*.mpc=00;36:*.ogg=00;36:*.ra=00;36:*.wav=00;36:*.oga=00;36:*.opus=00;36:*.spx=00;36:*.xspf=00;36:'), ('ROS_DOMAIN_ID', '7'), ('AMENT_PREFIX_PATH', '/root/Dojo/Dojo/install/robot_description:/root/Dojo/Dojo/install/robot_control:/root/Dojo/install/robot_hardware:/opt/ros/humble'), ('PWD', '/root/Dojo/Dojo/build/robot_gazebo'), ('LC_ALL', 'C.UTF-8'), ('PYTHONPATH', '/root/Dojo/Dojo/install/robot_description/lib/python3.10/site-packages:/root/Dojo/build/robot_hardware:/root/Dojo/install/robot_hardware/lib/python3.10/site-packages:/opt/ros/humble/lib/python3.10/site-packages:/opt/ros/humble/local/lib/python3.10/dist-packages'), ('COLCON', '1'), ('CMAKE_PREFIX_PATH', '/root/Dojo/Dojo/install/robot_description:/root/Dojo/Dojo/install/robot_control:/root/Dojo/install/robot_perception:/root/Dojo/install/robot_hardware:/opt/ros/humble')]), 'shell': False}
[2.406549] (-) TimerEvent: {}
[2.506913] (-) TimerEvent: {}
[2.607289] (-) TimerEvent: {}
[2.701575] (robot_navigation) CommandEnded: {'returncode': 0}
[2.702242] (robot_navigation) JobProgress: {'identifier': 'robot_navigation', 'progress': 'install'}
[2.702510] (robot_navigation) Command: {'cmd': ['/usr/bin/cmake', '--install', '/root/Dojo/Dojo/build/robot_navigation'], 'cwd': '/root/Dojo/Dojo/build/robot_navigation', 'env': OrderedDict([('HOSTNAME', 'gareth-joel-HP-Pavilion-Gaming-Laptop-15-ec2xxx'), ('SHLVL', '1'), ('LD_LIBRARY_PATH', '/usr/lib/x86_64-linux-gnu/gazebo-11/plugins:/opt/ros/humble/opt/rviz_ogre_vendor/lib:/opt/ros/humble/lib/x86_64-linux-gnu:/opt/ros/humble/lib'), ('HOME', '/root'), ('OLDPWD', '/root/Dojo'), ('ROS_PYTHON_VERSION', '3'), ('COLCON_PREFIX_PATH', '/root/Dojo/install'), ('ROS_DISTRO', 'humble'), ('_', '/usr/bin/colcon'), ('ROS_VERSION', '2'), ('TERM', 'xterm'), ('ROS_LOCALHOST_ONLY', '0'), ('QT_X11_NO_MITSHM', '1'), ('PATH', '/opt/ros/humble/bin:/usr/local/sbin:/usr/local/bin:/usr/sbin:/usr/bin:/sbin:/bin'), ('DISPLAY', ':0'), ('LANG', 'C.UTF-8'), ('LS_COLORS', 'rs=0:di=01;34:ln=01;36:mh=00:pi=40;33:so=01;35:do=01;35:bd=40;33;01:cd=40;33;01:or=40;31;01:mi=00:su=37;41:sg=30;43:ca=30;41:tw=30;42:ow=34;42:st=37;44:ex=01;32:*.tar=01;31:*.tgz=01;31:*.arc=01;31:*.arj=01;31:*.taz=01;31:*.lha=01;31:*.lz4=01;31:*.lzh=01;31:*.lzma=01;31:*.tlz=01;31:*.txz=01;31:*.tzo=01;31:*.t7z=01;31:*.zip=01;31:*.z=01;31:*.dz=01;31:*.gz=01;31:*.lrz=01;31:*.lz=01;31:*.lzo=01;31:*.xz=01;31:*.zst=01;31:*.tzst=01;31:*.bz2=01;31:*.bz=01;31:*.tbz=01;31:*.tbz2=01;31:*.tz=01;31:*.deb=01;31:*.rpm=01;31:*.jar=01;31:*.war=01;31:*.ear=01;31:*.sar=01;31:*.rar=01;31:*.alz=01;31:*.ace=01;31:*.zoo=01;31:*.cpio=01;31:*.7z=01;31:*.rz=01;31:*.cab=01;31:*.wim=01;31:*.swm=01;31:*.dwm=01;31:*.esd=01;31:*.jpg=01;35:*.jpeg=01;35:*.mjpg=01;35:*.mjpeg=01;35:*.gif=01;35:*.bmp=01;35:*.pbm=01;35:*.pgm=01;35:*.ppm=01;35:*.tga=01;35:*.xbm=01;35:*.xpm=01;35:*.tif=01;35:*.tiff=01;35:*.png=01;35:*.svg=01;35:*.svgz=01;35:*.mng=01;35:*.pcx=01;35:*.mov=01;35:*.mpg=01;35:*.mpeg=01;35:*.m2v=01;35:*.mkv=01;35:*.webm=01;35:*.webp=01;35:*.ogm=01;35:*.mp4=01;35:*.m4v=01;35:*.mp4v=01;35:*.vob=01;35:*.qt=01;35:*.nuv=01;35:*.wmv=01;35:*.asf=01;35:*.rm=01;35:*.rmvb=01;35:*.flc=01;35:*.avi=01;35:*.fli=01;35:*.flv=01;35:*.gl=01;35:*.dl=01;35:*.xcf=01;35:*.xwd=01;35:*.yuv=01;35:*.cgm=01;35:*.emf=01;35:*.ogv=01;35:*.ogx=01;35:*.aac=00;36:*.au=00;36:*.flac=00;36:*.m4a=00;36:*.mid=00;36:*.midi=00;36:*.mka=00;36:*.mp3=00;36:*.mpc=00;36:*.ogg=00;36:*.ra=00;36:*.wav=00;36:*.oga=00;36:*.opus=00;36:*.spx=00;36:*.xspf=00;36:'), ('ROS_DOMAIN_ID', '7'), ('AMENT_PREFIX_PATH', '/root/Dojo/Dojo/install/robot_description:/root/Dojo/Dojo/install/robot_control:/root/Dojo/install/robot_hardware:/opt/ros/humble'), ('PWD', '/root/Dojo/Dojo/build/robot_navigation'), ('LC_ALL', 'C.UTF-8'), ('PYTHONPATH', '/root/Dojo/Dojo/install/robot_description/lib/python3.10/site-packages:/root/Dojo/build/robot_hardware:/root/Dojo/install/robot_hardware/lib/python3.10/site-packages:/opt/ros/humble/lib/python3.10/site-packages:/opt/ros/humble/local/lib/python3.10/dist-packages'), ('COLCON', '1'), ('CMAKE_PREFIX_PATH', '/root/Dojo/Dojo/install/robot_description:/root/Dojo/Dojo/install/robot_control:/root/Dojo/install/robot_perception:/root/Dojo/install/robot_hardware:/opt/ros/humble')]), 'shell': False}
[2.704014] (robot_gazebo) CommandEnded: {'returncode': 0}
[2.704706] (robot_gazebo) JobProgress: {'identifier': 'robot_gazebo', 'progress': 'install'}
[2.705635] (robot_gazebo) Command: {'cmd': ['/usr/bin/cmake', '--install', '/root/Dojo/Dojo/build/robot_gazebo'], 'cwd': '/root/Dojo/Dojo/build/robot_gazebo', 'env': OrderedDict([('HOSTNAME', 'gareth-joel-HP-Pavilion-Gaming-Laptop-15-ec2xxx'), ('SHLVL', '1'), ('LD_LIBRARY_PATH', '/usr/lib/x86_64-linux-gnu/gazebo-11/plugins:/opt/ros/humble/opt/rviz_ogre_vendor/lib:/opt/ros/humble/lib/x86_64-linux-gnu:/opt/ros/humble/lib'), ('HOME', '/root'), ('OLDPWD', '/root/Dojo'), ('ROS_PYTHON_VERSION', '3'), ('COLCON_PREFIX_PATH', '/root/Dojo/install'), ('ROS_DISTRO', 'humble'), ('_', '/usr/bin/colcon'), ('ROS_VERSION', '2'), ('TERM', 'xterm'), ('ROS_LOCALHOST_ONLY', '0'), ('QT_X11_NO_MITSHM', '1'), ('PATH', '/opt/ros/humble/bin:/usr/local/sbin:/usr/local/bin:/usr/sbin:/usr/bin:/sbin:/bin'), ('DISPLAY', ':0'), ('LANG', 'C.UTF-8'), ('LS_COLORS', 'rs=0:di=01;34:ln=01;36:mh=00:pi=40;33:so=01;35:do=01;35:bd=40;33;01:cd=40;33;01:or=40;31;01:mi=00:su=37;41:sg=30;43:ca=30;41:tw=30;42:ow=34;42:st=37;44:ex=01;32:*.tar=01;31:*.tgz=01;31:*.arc=01;31:*.arj=01;31:*.taz=01;31:*.lha=01;31:*.lz4=01;31:*.lzh=01;31:*.lzma=01;31:*.tlz=01;31:*.txz=01;31:*.tzo=01;31:*.t7z=01;31:*.zip=01;31:*.z=01;31:*.dz=01;31:*.gz=01;31:*.lrz=01;31:*.lz=01;31:*.lzo=01;31:*.xz=01;31:*.zst=01;31:*.tzst=01;31:*.bz2=01;31:*.bz=01;31:*.tbz=01;31:*.tbz2=01;31:*.tz=01;31:*.deb=01;31:*.rpm=01;31:*.jar=01;31:*.war=01;31:*.ear=01;31:*.sar=01;31:*.rar=01;31:*.alz=01;31:*.ace=01;31:*.zoo=01;31:*.cpio=01;31:*.7z=01;31:*.rz=01;31:*.cab=01;31:*.wim=01;31:*.swm=01;31:*.dwm=01;31:*.esd=01;31:*.jpg=01;35:*.jpeg=01;35:*.mjpg=01;35:*.mjpeg=01;35:*.gif=01;35:*.bmp=01;35:*.pbm=01;35:*.pgm=01;35:*.ppm=01;35:*.tga=01;35:*.xbm=01;35:*.xpm=01;35:*.tif=01;35:*.tiff=01;35:*.png=01;35:*.svg=01;35:*.svgz=01;35:*.mng=01;35:*.pcx=01;35:*.mov=01;35:*.mpg=01;35:*.mpeg=01;35:*.m2v=01;35:*.mkv=01;35:*.webm=01;35:*.webp=01;35:*.ogm=01;35:*.mp4=01;35:*.m4v=01;35:*.mp4v=01;35:*.vob=01;35:*.qt=01;35:*.nuv=01;35:*.wmv=01;35:*.asf=01;35:*.rm=01;35:*.rmvb=01;35:*.flc=01;35:*.avi=01;35:*.fli=01;35:*.flv=01;35:*.gl=01;35:*.dl=01;35:*.xcf=01;35:*.xwd=01;35:*.yuv=01;35:*.cgm=01;35:*.emf=01;35:*.ogv=01;35:*.ogx=01;35:*.aac=00;36:*.au=00;36:*.flac=00;36:*.m4a=00;36:*.mid=00;36:*.midi=00;36:*.mka=00;36:*.mp3=00;36:*.mpc=00;36:*.ogg=00;36:*.ra=00;36:*.wav=00;36:*.oga=00;36:*.opus=00;36:*.spx=00;36:*.xspf=00;36:'), ('ROS_DOMAIN_ID', '7'), ('AMENT_PREFIX_PATH', '/root/Dojo/Dojo/install/robot_description:/root/Dojo/Dojo/install/robot_control:/root/Dojo/install/robot_hardware:/opt/ros/humble'), ('PWD', '/root/Dojo/Dojo/build/robot_gazebo'), ('LC_ALL', 'C.UTF-8'), ('PYTHONPATH', '/root/Dojo/Dojo/install/robot_description/lib/python3.10/site-packages:/root/Dojo/build/robot_hardware:/root/Dojo/install/robot_hardware/lib/python3.10/site-packages:/opt/ros/humble/lib/python3.10/site-packages:/opt/ros/humble/local/lib/python3.10/dist-packages'), ('COLCON', '1'), ('CMAKE_PREFIX_PATH', '/root/Dojo/Dojo/install/robot_description:/root/Dojo/Dojo/install/robot_control:/root/Dojo/install/robot_perception:/root/Dojo/install/robot_hardware:/opt/ros/humble')]), 'shell': False}
[2.707372] (-) TimerEvent: {}
[2.711631] (robot_navigation) StdoutLine: {'line': b'-- Install configuration: "Release"\n'}
[2.712134] (robot_navigation) StdoutLine: {'line': b'-- Execute custom install script\n'}
[2.712727] (robot_navigation) StdoutLine: {'line': b'-- Up-to-date symlink: /root/Dojo/Dojo/install/robot_navigation/share/robot_navigation/launch/localization.launch.py\n'}
[2.712966] (robot_gazebo) StdoutLine: {'line': b'-- Install configuration: "Release"\n'}
[2.713188] (robot_navigation) StdoutLine: {'line': b'-- Up-to-date symlink: /root/Dojo/Dojo/install/robot_navigation/share/robot_navigation/launch/map_server.launch.py\n'}
[2.713514] (robot_navigation) StdoutLine: {'line': b'-- Up-to-date symlink: /root/Dojo/Dojo/install/robot_navigation/share/robot_navigation/launch/nav2.launch.py\n'}
[2.713716] (robot_navigation) StdoutLine: {'line': b'-- Up-to-date symlink: /root/Dojo/Dojo/install/robot_navigation/share/robot_navigation/launch/navigation.launch.py\n'}
[2.713944] (robot_gazebo) StdoutLine: {'line': b'-- Execute custom install script\n'}
[2.714249] (robot_navigation) StdoutLine: {'line': b'-- Up-to-date symlink: /root/Dojo/Dojo/install/robot_navigation/share/robot_navigation/config/bt_navigator_params.yaml\n'}
[2.714473] (robot_gazebo) StdoutLine: {'line': b'-- Up-to-date symlink: /root/Dojo/Dojo/install/robot_gazebo/share/robot_gazebo/launch/gazebo.launch.py\n'}
[2.714782] (robot_navigation) StdoutLine: {'line': b'-- Up-to-date symlink: /root/Dojo/Dojo/install/robot_navigation/share/robot_navigation/config/controller_params.yaml\n'}
[2.715036] (robot_navigation) StdoutLine: {'line': b'-- Up-to-date symlink: /root/Dojo/Dojo/install/robot_navigation/share/robot_navigation/config/costmap_common_params.yaml\n'}
[2.715199] (robot_gazebo) StdoutLine: {'line': b'-- Up-to-date symlink: /root/Dojo/Dojo/install/robot_gazebo/share/robot_gazebo/launch/simulation.launch.py\n'}
[2.715342] (robot_navigation) StdoutLine: {'line': b'-- Up-to-date symlink: /root/Dojo/Dojo/install/robot_navigation/share/robot_navigation/config/global_costmap_params.yaml\n'}
[2.715481] (robot_navigation) StdoutLine: {'line': b'-- Up-to-date symlink: /root/Dojo/Dojo/install/robot_navigation/share/robot_navigation/config/local_costmap_params.yaml\n'}
[2.715620] (robot_gazebo) StdoutLine: {'line': b'-- Up-to-date symlink: /root/Dojo/Dojo/install/robot_gazebo/share/robot_gazebo/launch/unified_simulation.launch.py\n'}
[2.715752] (robot_navigation) StdoutLine: {'line': b'-- Up-to-date symlink: /root/Dojo/Dojo/install/robot_navigation/share/robot_navigation/config/localization_params.yaml\n'}
[2.715882] (robot_navigation) StdoutLine: {'line': b'-- Up-to-date symlink: /root/Dojo/Dojo/install/robot_navigation/share/robot_navigation/config/map_server_params.yaml\n'}
[2.716018] (robot_gazebo) StdoutLine: {'line': b'-- Up-to-date symlink: /root/Dojo/Dojo/install/robot_gazebo/share/robot_gazebo/config/diff_drive_controller.yaml\n'}
[2.717229] (robot_navigation) StdoutLine: {'line': b'-- Up-to-date symlink: /root/Dojo/Dojo/install/robot_navigation/share/robot_navigation/config/nav2_params.yaml\n'}
[2.717872] (robot_navigation) StdoutLine: {'line': b'-- Up-to-date symlink: /root/Dojo/Dojo/install/robot_navigation/share/robot_navigation/config/planner_params.yaml\n'}
[2.718195] (robot_navigation) StdoutLine: {'line': b'-- Up-to-date symlink: /root/Dojo/Dojo/install/robot_navigation/share/robot_navigation/package.xml\n'}
[2.718414] (robot_navigation) StdoutLine: {'line': b'-- Up-to-date symlink: /root/Dojo/Dojo/install/robot_navigation/share/robot_navigation/setup.py\n'}
[2.718565] (robot_navigation) StdoutLine: {'line': b'-- Up-to-date symlink: /root/Dojo/Dojo/install/robot_navigation/share/robot_navigation/setup.cfg\n'}
[2.718712] (robot_navigation) StdoutLine: {'line': b'-- Up-to-date symlink: /root/Dojo/Dojo/install/robot_navigation/share/robot_navigation/launch/localization.launch.py\n'}
[2.719147] (robot_navigation) StdoutLine: {'line': b'-- Up-to-date symlink: /root/Dojo/Dojo/install/robot_navigation/share/robot_navigation/launch/map_server.launch.py\n'}
[2.719414] (robot_navigation) StdoutLine: {'line': b'-- Up-to-date symlink: /root/Dojo/Dojo/install/robot_navigation/share/robot_navigation/launch/nav2.launch.py\n'}
[2.719592] (robot_gazebo) StdoutLine: {'line': b'-- Up-to-date symlink: /root/Dojo/Dojo/install/robot_gazebo/share/robot_gazebo/config/ekf_config.yaml\n'}
[2.719776] (robot_gazebo) StdoutLine: {'line': b'-- Up-to-date symlink: /root/Dojo/Dojo/install/robot_gazebo/share/robot_gazebo/config/gazebo_controllers.yaml\n'}
[2.719978] (robot_gazebo) StdoutLine: {'line': b'-- Up-to-date symlink: /root/Dojo/Dojo/install/robot_gazebo/share/robot_gazebo/config/ros2_control.yaml\n'}
[2.720216] (robot_gazebo) StdoutLine: {'line': b'-- Up-to-date symlink: /root/Dojo/Dojo/install/robot_gazebo/share/robot_gazebo/config/slam_config.yaml\n'}
[2.720399] (robot_gazebo) StdoutLine: {'line': b'-- Up-to-date symlink: /root/Dojo/Dojo/install/robot_gazebo/share/robot_gazebo/worlds/agriculture.world\n'}
[2.720586] (robot_gazebo) StdoutLine: {'line': b'-- Up-to-date symlink: /root/Dojo/Dojo/install/robot_gazebo/share/robot_gazebo/worlds/azcar.world\n'}
[2.720795] (robot_gazebo) StdoutLine: {'line': b'-- Up-to-date symlink: /root/Dojo/Dojo/install/robot_gazebo/share/robot_gazebo/worlds/barrels.world\n'}
[2.721012] (robot_gazebo) StdoutLine: {'line': b'-- Up-to-date symlink: /root/Dojo/Dojo/install/robot_gazebo/share/robot_gazebo/worlds/canyonview_field.world\n'}
[2.721201] (robot_navigation) StdoutLine: {'line': b'-- Up-to-date symlink: /root/Dojo/Dojo/install/robot_navigation/share/robot_navigation/launch/navigation.launch.py\n'}
[2.721416] (robot_navigation) StdoutLine: {'line': b'-- Up-to-date symlink: /root/Dojo/Dojo/install/robot_navigation/share/ament_index/resource_index/package_run_dependencies/robot_navigation\n'}
[2.721603] (robot_navigation) StdoutLine: {'line': b'-- Up-to-date symlink: /root/Dojo/Dojo/install/robot_navigation/share/ament_index/resource_index/parent_prefix_path/robot_navigation\n'}
[2.721778] (robot_navigation) StdoutLine: {'line': b'-- Up-to-date symlink: /root/Dojo/Dojo/install/robot_navigation/share/robot_navigation/environment/ament_prefix_path.sh\n'}
[2.721986] (robot_navigation) StdoutLine: {'line': b'-- Up-to-date symlink: /root/Dojo/Dojo/install/robot_navigation/share/robot_navigation/environment/ament_prefix_path.dsv\n'}
[2.722175] (robot_navigation) StdoutLine: {'line': b'-- Up-to-date symlink: /root/Dojo/Dojo/install/robot_navigation/share/robot_navigation/environment/path.sh\n'}
[2.722326] (robot_gazebo) StdoutLine: {'line': b'-- Up-to-date symlink: /root/Dojo/Dojo/install/robot_gazebo/share/robot_gazebo/worlds/city_osm_roundabout.world\n'}
[2.722475] (robot_navigation) StdoutLine: {'line': b'-- Up-to-date symlink: /root/Dojo/Dojo/install/robot_navigation/share/robot_navigation/environment/path.dsv\n'}
[2.722659] (robot_gazebo) StdoutLine: {'line': b'-- Up-to-date symlink: /root/Dojo/Dojo/install/robot_gazebo/share/robot_gazebo/worlds/city_osm_roundabout_combined.world\n'}
[2.722806] (robot_gazebo) StdoutLine: {'line': b'-- Up-to-date symlink: /root/Dojo/Dojo/install/robot_gazebo/share/robot_gazebo/worlds/cyberzoo.world\n'}
[2.722952] (robot_navigation) StdoutLine: {'line': b'-- Up-to-date symlink: /root/Dojo/Dojo/install/robot_navigation/share/robot_navigation/local_setup.bash\n'}
[2.723144] (robot_navigation) StdoutLine: {'line': b'-- Up-to-date symlink: /root/Dojo/Dojo/install/robot_navigation/share/robot_navigation/local_setup.sh\n'}
[2.723330] (robot_gazebo) StdoutLine: {'line': b'-- Up-to-date symlink: /root/Dojo/Dojo/install/robot_gazebo/share/robot_gazebo/worlds/cyberzoo2019_orange_poles.world\n'}
[2.723538] (robot_gazebo) StdoutLine: {'line': b'-- Up-to-date symlink: /root/Dojo/Dojo/install/robot_gazebo/share/robot_gazebo/worlds/cyberzoo2019_orange_poles_panels.world\n'}
[2.723773] (robot_gazebo) StdoutLine: {'line': b'-- Up-to-date symlink: /root/Dojo/Dojo/install/robot_gazebo/share/robot_gazebo/worlds/cyberzoo2019_orange_poles_panels_mats.world\n'}
[2.723968] (robot_navigation) StdoutLine: {'line': b'-- Up-to-date symlink: /root/Dojo/Dojo/install/robot_navigation/share/robot_navigation/local_setup.zsh\n'}
[2.724159] (robot_gazebo) StdoutLine: {'line': b'-- Up-to-date symlink: /root/Dojo/Dojo/install/robot_gazebo/share/robot_gazebo/worlds/cyberzoo2019_ralphthesis2020.world\n'}
[2.724334] (robot_navigation) StdoutLine: {'line': b'-- Up-to-date symlink: /root/Dojo/Dojo/install/robot_navigation/share/robot_navigation/local_setup.dsv\n'}
[2.724541] (robot_navigation) StdoutLine: {'line': b'-- Symlinking: /root/Dojo/Dojo/install/robot_navigation/share/robot_navigation/package.dsv\n'}
[2.724741] (robot_gazebo) StdoutLine: {'line': b'-- Up-to-date symlink: /root/Dojo/Dojo/install/robot_gazebo/share/robot_gazebo/worlds/cyberzoo_4_panels.world\n'}
[2.724897] (robot_gazebo) StdoutLine: {'line': b'-- Up-to-date symlink: /root/Dojo/Dojo/install/robot_gazebo/share/robot_gazebo/worlds/cyberzoo_orange_poles.world\n'}
[2.725116] (robot_gazebo) StdoutLine: {'line': b'-- Up-to-date symlink: /root/Dojo/Dojo/install/robot_gazebo/share/robot_gazebo/worlds/cyberzoo_panel.world\n'}
[2.725381] (robot_gazebo) StdoutLine: {'line': b'-- Up-to-date symlink: /root/Dojo/Dojo/install/robot_gazebo/share/robot_gazebo/worlds/demo_world.world\n'}
[2.725579] (robot_gazebo) StdoutLine: {'line': b'-- Up-to-date symlink: /root/Dojo/Dojo/install/robot_gazebo/share/robot_gazebo/worlds/dojo_world.world\n'}
[2.725718] (robot_gazebo) StdoutLine: {'line': b'-- Up-to-date symlink: /root/Dojo/Dojo/install/robot_gazebo/share/robot_gazebo/worlds/drone_race_track_2018_actual.world\n'}
[2.725842] (robot_gazebo) StdoutLine: {'line': b'-- Up-to-date symlink: /root/Dojo/Dojo/install/robot_gazebo/share/robot_gazebo/worlds/drone_race_track_2018_actual_with_gatepapers.world\n'}
[2.726005] (robot_gazebo) StdoutLine: {'line': b'-- Up-to-date symlink: /root/Dojo/Dojo/install/robot_gazebo/share/robot_gazebo/worlds/empty.world\n'}
[2.726147] (robot_gazebo) StdoutLine: {'line': b'-- Up-to-date symlink: /root/Dojo/Dojo/install/robot_gazebo/share/robot_gazebo/worlds/empty_aerial_manipulation.world\n'}
[2.726307] (robot_gazebo) StdoutLine: {'line': b'-- Up-to-date symlink: /root/Dojo/Dojo/install/robot_gazebo/share/robot_gazebo/worlds/fetchit_challenge_arena_montreal2019.world\n'}
[2.726469] (robot_gazebo) StdoutLine: {'line': b'-- Up-to-date symlink: /root/Dojo/Dojo/install/robot_gazebo/share/robot_gazebo/worlds/fetchit_challenge_arena_montreal2019_highlights.world\n'}
[2.726589] (robot_gazebo) StdoutLine: {'line': b'-- Up-to-date symlink: /root/Dojo/Dojo/install/robot_gazebo/share/robot_gazebo/worlds/fetchit_challenge_arena_montreal2019_onlylights.world\n'}
[2.726740] (robot_gazebo) StdoutLine: {'line': b'-- Up-to-date symlink: /root/Dojo/Dojo/install/robot_gazebo/share/robot_gazebo/worlds/fetchit_challenge_assembly.world\n'}
[2.726849] (robot_gazebo) StdoutLine: {'line': b'-- Up-to-date symlink: /root/Dojo/Dojo/install/robot_gazebo/share/robot_gazebo/worlds/fetchit_challenge_atrezzo.world\n'}
[2.726955] (robot_gazebo) StdoutLine: {'line': b'-- Up-to-date symlink: /root/Dojo/Dojo/install/robot_gazebo/share/robot_gazebo/worlds/fetchit_challenge_simple.world\n'}
[2.727069] (robot_gazebo) StdoutLine: {'line': b'-- Up-to-date symlink: /root/Dojo/Dojo/install/robot_gazebo/share/robot_gazebo/worlds/fetchit_challenge_simple_highlights.world\n'}
[2.727190] (robot_gazebo) StdoutLine: {'line': b'-- Up-to-date symlink: /root/Dojo/Dojo/install/robot_gazebo/share/robot_gazebo/worlds/fetchit_challenge_tests.world\n'}
[2.727316] (robot_gazebo) StdoutLine: {'line': b'-- Up-to-date symlink: /root/Dojo/Dojo/install/robot_gazebo/share/robot_gazebo/worlds/fetchit_challenge_tests_lowlights.world\n'}
[2.727437] (robot_gazebo) StdoutLine: {'line': b'-- Up-to-date symlink: /root/Dojo/Dojo/install/robot_gazebo/share/robot_gazebo/worlds/hemicyl.world\n'}
[2.727555] (robot_gazebo) StdoutLine: {'line': b'-- Up-to-date symlink: /root/Dojo/Dojo/install/robot_gazebo/share/robot_gazebo/worlds/house.world\n'}
[2.727674] (robot_gazebo) StdoutLine: {'line': b'-- Up-to-date symlink: /root/Dojo/Dojo/install/robot_gazebo/share/robot_gazebo/worlds/inspection.world\n'}
[2.727793] (robot_gazebo) StdoutLine: {'line': b'-- Up-to-date symlink: /root/Dojo/Dojo/install/robot_gazebo/share/robot_gazebo/worlds/neighborhood.world\n'}
[2.727919] (robot_gazebo) StdoutLine: {'line': b'-- Up-to-date symlink: /root/Dojo/Dojo/install/robot_gazebo/share/robot_gazebo/worlds/office_cpr.world\n'}
[2.728038] (robot_gazebo) StdoutLine: {'line': b'-- Up-to-date symlink: /root/Dojo/Dojo/install/robot_gazebo/share/robot_gazebo/worlds/office_cpr_construction.world\n'}
[2.728293] (robot_gazebo) StdoutLine: {'line': b'-- Up-to-date symlink: /root/Dojo/Dojo/install/robot_gazebo/share/robot_gazebo/worlds/office_earthquake.world\n'}
[2.728454] (robot_gazebo) StdoutLine: {'line': b'-- Up-to-date symlink: /root/Dojo/Dojo/install/robot_gazebo/share/robot_gazebo/worlds/office_env_large.world\n'}
[2.728605] (robot_gazebo) StdoutLine: {'line': b'-- Up-to-date symlink: /root/Dojo/Dojo/install/robot_gazebo/share/robot_gazebo/worlds/office_small.world\n'}
[2.728729] (robot_gazebo) StdoutLine: {'line': b'-- Up-to-date symlink: /root/Dojo/Dojo/install/robot_gazebo/share/robot_gazebo/worlds/outdoor.world\n'}
[2.728889] (robot_gazebo) StdoutLine: {'line': b'-- Up-to-date symlink: /root/Dojo/Dojo/install/robot_gazebo/share/robot_gazebo/worlds/powerplant.world\n'}
[2.729013] (robot_gazebo) StdoutLine: {'line': b'-- Up-to-date symlink: /root/Dojo/Dojo/install/robot_gazebo/share/robot_gazebo/worlds/rubble.world\n'}
[2.729164] (robot_gazebo) StdoutLine: {'line': b'-- Up-to-date symlink: /root/Dojo/Dojo/install/robot_gazebo/share/robot_gazebo/worlds/simple_env_1.world\n'}
[2.729294] (robot_gazebo) StdoutLine: {'line': b'-- Up-to-date symlink: /root/Dojo/Dojo/install/robot_gazebo/share/robot_gazebo/worlds/simple_env_2.world\n'}
[2.729484] (robot_gazebo) StdoutLine: {'line': b'-- Up-to-date symlink: /root/Dojo/Dojo/install/robot_gazebo/share/robot_gazebo/worlds/simple_env_3.world\n'}
[2.729654] (robot_gazebo) StdoutLine: {'line': b'-- Up-to-date symlink: /root/Dojo/Dojo/install/robot_gazebo/share/robot_gazebo/worlds/skidpan.world\n'}
[2.729801] (robot_gazebo) StdoutLine: {'line': b'-- Up-to-date symlink: /root/Dojo/Dojo/install/robot_gazebo/share/robot_gazebo/worlds/small_city.world\n'}
[2.730001] (robot_gazebo) StdoutLine: {'line': b'-- Up-to-date symlink: /root/Dojo/Dojo/install/robot_gazebo/share/robot_gazebo/worlds/test_city.world\n'}
[2.730233] (robot_gazebo) StdoutLine: {'line': b'-- Up-to-date symlink: /root/Dojo/Dojo/install/robot_gazebo/share/robot_gazebo/worlds/test_zone.world\n'}
[2.730472] (robot_gazebo) StdoutLine: {'line': b'-- Up-to-date symlink: /root/Dojo/Dojo/install/robot_gazebo/share/robot_gazebo/worlds/wall_aerial_manipulation.world\n'}
[2.730739] (robot_gazebo) StdoutLine: {'line': b'-- Up-to-date symlink: /root/Dojo/Dojo/install/robot_gazebo/share/robot_gazebo/worlds/warehouse.world\n'}
[2.730904] (robot_gazebo) StdoutLine: {'line': b'-- Up-to-date symlink: /root/Dojo/Dojo/install/robot_gazebo/share/robot_gazebo/worlds/waypoint.world\n'}
[2.731066] (robot_gazebo) StdoutLine: {'line': b'-- Up-to-date symlink: /root/Dojo/Dojo/install/robot_gazebo/share/robot_gazebo/worlds/workshop_example.world\n'}
[2.731206] (robot_gazebo) StdoutLine: {'line': b'-- Up-to-date symlink: /root/Dojo/Dojo/install/robot_gazebo/share/robot_gazebo/worlds/yosemite.world\n'}
[2.731314] (robot_gazebo) StdoutLine: {'line': b'-- Up-to-date symlink: /root/Dojo/Dojo/install/robot_gazebo/lib/robot_gazebo/spawn_robot.py\n'}
[2.731428] (robot_gazebo) StdoutLine: {'line': b'-- Up-to-date symlink: /root/Dojo/Dojo/install/robot_gazebo/share/robot_gazebo/package.xml\n'}
[2.731540] (robot_gazebo) StdoutLine: {'line': b'-- Up-to-date symlink: /root/Dojo/Dojo/install/robot_gazebo/share/robot_gazebo/setup.py\n'}
[2.731658] (robot_gazebo) StdoutLine: {'line': b'-- Up-to-date symlink: /root/Dojo/Dojo/install/robot_gazebo/share/robot_gazebo/setup.cfg\n'}
[2.731771] (robot_gazebo) StdoutLine: {'line': b'-- Up-to-date symlink: /root/Dojo/Dojo/install/robot_gazebo/share/ament_index/resource_index/package_run_dependencies/robot_gazebo\n'}
[2.732213] (robot_gazebo) StdoutLine: {'line': b'-- Up-to-date symlink: /root/Dojo/Dojo/install/robot_gazebo/share/ament_index/resource_index/parent_prefix_path/robot_gazebo\n'}
[2.732345] (robot_gazebo) StdoutLine: {'line': b'-- Up-to-date symlink: /root/Dojo/Dojo/install/robot_gazebo/share/robot_gazebo/environment/ament_prefix_path.sh\n'}
[2.732464] (robot_gazebo) StdoutLine: {'line': b'-- Up-to-date symlink: /root/Dojo/Dojo/install/robot_gazebo/share/robot_gazebo/environment/ament_prefix_path.dsv\n'}
[2.732582] (robot_gazebo) StdoutLine: {'line': b'-- Up-to-date symlink: /root/Dojo/Dojo/install/robot_gazebo/share/robot_gazebo/environment/path.sh\n'}
[2.732693] (robot_gazebo) StdoutLine: {'line': b'-- Up-to-date symlink: /root/Dojo/Dojo/install/robot_gazebo/share/robot_gazebo/environment/path.dsv\n'}
[2.732805] (robot_gazebo) StdoutLine: {'line': b'-- Up-to-date symlink: /root/Dojo/Dojo/install/robot_gazebo/share/robot_gazebo/local_setup.bash\n'}
[2.732922] (robot_gazebo) StdoutLine: {'line': b'-- Up-to-date symlink: /root/Dojo/Dojo/install/robot_gazebo/share/robot_gazebo/local_setup.sh\n'}
[2.733045] (robot_gazebo) StdoutLine: {'line': b'-- Up-to-date symlink: /root/Dojo/Dojo/install/robot_gazebo/share/robot_gazebo/local_setup.zsh\n'}
[2.733502] (robot_gazebo) StdoutLine: {'line': b'-- Up-to-date symlink: /root/Dojo/Dojo/install/robot_gazebo/share/robot_gazebo/local_setup.dsv\n'}
[2.733636] (robot_gazebo) StdoutLine: {'line': b'-- Symlinking: /root/Dojo/Dojo/install/robot_gazebo/share/robot_gazebo/package.dsv\n'}
[2.737276] (robot_navigation) StdoutLine: {'line': b'-- Up-to-date symlink: /root/Dojo/Dojo/install/robot_navigation/share/ament_index/resource_index/packages/robot_navigation\n'}
[2.737532] (robot_navigation) StdoutLine: {'line': b'-- Up-to-date symlink: /root/Dojo/Dojo/install/robot_navigation/share/robot_navigation/cmake/ament_cmake_export_include_directories-extras.cmake\n'}
[2.737699] (robot_navigation) StdoutLine: {'line': b'-- Up-to-date symlink: /root/Dojo/Dojo/install/robot_navigation/share/robot_navigation/cmake/ament_cmake_export_dependencies-extras.cmake\n'}
[2.738336] (robot_navigation) StdoutLine: {'line': b'-- Up-to-date symlink: /root/Dojo/Dojo/install/robot_navigation/share/robot_navigation/cmake/robot_navigationConfig.cmake\n'}
[2.738528] (robot_navigation) StdoutLine: {'line': b'-- Up-to-date symlink: /root/Dojo/Dojo/install/robot_navigation/share/robot_navigation/cmake/robot_navigationConfig-version.cmake\n'}
[2.738804] (robot_navigation) StdoutLine: {'line': b'-- Up-to-date symlink: /root/Dojo/Dojo/install/robot_navigation/share/robot_navigation/package.xml\n'}
[2.738986] (robot_navigation) StdoutLine: {'line': b'-- Up-to-date: /robot_navigation\n'}
[2.739319] (robot_navigation) StdoutLine: {'line': b'-- Up-to-date: /robot_navigation/__init__.py\n'}
[2.740189] (robot_navigation) CommandEnded: {'returncode': 0}
[2.747512] (robot_gazebo) StdoutLine: {'line': b'-- Up-to-date symlink: /root/Dojo/Dojo/install/robot_gazebo/share/ament_index/resource_index/packages/robot_gazebo\n'}
[2.747764] (robot_gazebo) StdoutLine: {'line': b'-- Up-to-date symlink: /root/Dojo/Dojo/install/robot_gazebo/share/robot_gazebo/cmake/robot_gazebo-extras.cmake\n'}
[2.749500] (robot_gazebo) StdoutLine: {'line': b'-- Up-to-date symlink: /root/Dojo/Dojo/install/robot_gazebo/share/robot_gazebo/cmake/ament_cmake_export_include_directories-extras.cmake\n'}
[2.751227] (robot_gazebo) StdoutLine: {'line': b'-- Up-to-date symlink: /root/Dojo/Dojo/install/robot_gazebo/share/robot_gazebo/cmake/ament_cmake_export_dependencies-extras.cmake\n'}
[2.752042] (robot_gazebo) StdoutLine: {'line': b'-- Up-to-date symlink: /root/Dojo/Dojo/install/robot_gazebo/share/robot_gazebo/cmake/robot_gazeboConfig.cmake\n'}
[2.752400] (robot_gazebo) StdoutLine: {'line': b'-- Up-to-date symlink: /root/Dojo/Dojo/install/robot_gazebo/share/robot_gazebo/cmake/robot_gazeboConfig-version.cmake\n'}
[2.752691] (robot_gazebo) StdoutLine: {'line': b'-- Up-to-date symlink: /root/Dojo/Dojo/install/robot_gazebo/share/robot_gazebo/package.xml\n'}
[2.753072] (robot_gazebo) StdoutLine: {'line': b'-- Up-to-date: /robot_gazebo\n'}
[2.753277] (robot_gazebo) StdoutLine: {'line': b'-- Up-to-date: /robot_gazebo/__init__.py\n'}
[2.753416] (robot_gazebo) StdoutLine: {'line': b'-- Up-to-date: /robot_gazebo/cmd_vel_relay.py\n'}
[2.760709] (robot_navigation) JobEnded: {'identifier': 'robot_navigation', 'rc': 0}
[2.761930] (robot_gazebo) CommandEnded: {'returncode': 0}
[2.776449] (robot_gazebo) JobEnded: {'identifier': 'robot_gazebo', 'rc': 0}
[2.807502] (-) TimerEvent: {}
[2.866857] (arduino_bridge) Command: {'cmd': ['/usr/bin/python3', '-W', 'ignore:setup.py install is deprecated', '-W', 'ignore:easy_install command is deprecated', 'setup.py', 'develop', '--editable', '--build-directory', '/root/Dojo/Dojo/build/arduino_bridge/build', '--no-deps', 'symlink_data'], 'cwd': '/root/Dojo/Dojo/build/arduino_bridge', 'env': {'HOSTNAME': 'gareth-joel-HP-Pavilion-Gaming-Laptop-15-ec2xxx', 'SHLVL': '1', 'LD_LIBRARY_PATH': '/usr/lib/x86_64-linux-gnu/gazebo-11/plugins:/opt/ros/humble/opt/rviz_ogre_vendor/lib:/opt/ros/humble/lib/x86_64-linux-gnu:/opt/ros/humble/lib', 'HOME': '/root', 'OLDPWD': '/root/Dojo', 'ROS_PYTHON_VERSION': '3', 'COLCON_PREFIX_PATH': '/root/Dojo/install', 'ROS_DISTRO': 'humble', '_': '/usr/bin/colcon', 'ROS_VERSION': '2', 'TERM': 'xterm', 'ROS_LOCALHOST_ONLY': '0', 'QT_X11_NO_MITSHM': '1', 'PATH': '/opt/ros/humble/bin:/usr/local/sbin:/usr/local/bin:/usr/sbin:/usr/bin:/sbin:/bin', 'DISPLAY': ':0', 'LANG': 'C.UTF-8', 'LS_COLORS': 'rs=0:di=01;34:ln=01;36:mh=00:pi=40;33:so=01;35:do=01;35:bd=40;33;01:cd=40;33;01:or=40;31;01:mi=00:su=37;41:sg=30;43:ca=30;41:tw=30;42:ow=34;42:st=37;44:ex=01;32:*.tar=01;31:*.tgz=01;31:*.arc=01;31:*.arj=01;31:*.taz=01;31:*.lha=01;31:*.lz4=01;31:*.lzh=01;31:*.lzma=01;31:*.tlz=01;31:*.txz=01;31:*.tzo=01;31:*.t7z=01;31:*.zip=01;31:*.z=01;31:*.dz=01;31:*.gz=01;31:*.lrz=01;31:*.lz=01;31:*.lzo=01;31:*.xz=01;31:*.zst=01;31:*.tzst=01;31:*.bz2=01;31:*.bz=01;31:*.tbz=01;31:*.tbz2=01;31:*.tz=01;31:*.deb=01;31:*.rpm=01;31:*.jar=01;31:*.war=01;31:*.ear=01;31:*.sar=01;31:*.rar=01;31:*.alz=01;31:*.ace=01;31:*.zoo=01;31:*.cpio=01;31:*.7z=01;31:*.rz=01;31:*.cab=01;31:*.wim=01;31:*.swm=01;31:*.dwm=01;31:*.esd=01;31:*.jpg=01;35:*.jpeg=01;35:*.mjpg=01;35:*.mjpeg=01;35:*.gif=01;35:*.bmp=01;35:*.pbm=01;35:*.pgm=01;35:*.ppm=01;35:*.tga=01;35:*.xbm=01;35:*.xpm=01;35:*.tif=01;35:*.tiff=01;35:*.png=01;35:*.svg=01;35:*.svgz=01;35:*.mng=01;35:*.pcx=01;35:*.mov=01;35:*.mpg=01;35:*.mpeg=01;35:*.m2v=01;35:*.mkv=01;35:*.webm=01;35:*.webp=01;35:*.ogm=01;35:*.mp4=01;35:*.m4v=01;35:*.mp4v=01;35:*.vob=01;35:*.qt=01;35:*.nuv=01;35:*.wmv=01;35:*.asf=01;35:*.rm=01;35:*.rmvb=01;35:*.flc=01;35:*.avi=01;35:*.fli=01;35:*.flv=01;35:*.gl=01;35:*.dl=01;35:*.xcf=01;35:*.xwd=01;35:*.yuv=01;35:*.cgm=01;35:*.emf=01;35:*.ogv=01;35:*.ogx=01;35:*.aac=00;36:*.au=00;36:*.flac=00;36:*.m4a=00;36:*.mid=00;36:*.midi=00;36:*.mka=00;36:*.mp3=00;36:*.mpc=00;36:*.ogg=00;36:*.ra=00;36:*.wav=00;36:*.oga=00;36:*.opus=00;36:*.spx=00;36:*.xspf=00;36:', 'ROS_DOMAIN_ID': '7', 'AMENT_PREFIX_PATH': '/root/Dojo/install/robot_hardware:/opt/ros/humble', 'PWD': '/root/Dojo/Dojo/build/arduino_bridge', 'LC_ALL': 'C.UTF-8', 'PYTHONPATH': '/root/Dojo/Dojo/build/arduino_bridge/prefix_override:/usr/lib/python3/dist-packages/colcon_core/task/python/colcon_distutils_commands:/root/Dojo/Dojo/install/arduino_bridge/lib/python3.10/site-packages:/root/Dojo/build/robot_hardware:/root/Dojo/install/robot_hardware/lib/python3.10/site-packages:/opt/ros/humble/lib/python3.10/site-packages:/opt/ros/humble/local/lib/python3.10/dist-packages', 'COLCON': '1', 'CMAKE_PREFIX_PATH': '/root/Dojo/install/robot_perception'}, 'shell': False}
[2.902528] (ros2arduino_bridge) Command: {'cmd': ['/usr/bin/python3', '-W', 'ignore:setup.py install is deprecated', '-W', 'ignore:easy_install command is deprecated', 'setup.py', 'develop', '--editable', '--build-directory', '/root/Dojo/Dojo/build/ros2arduino_bridge/build', '--no-deps', 'symlink_data'], 'cwd': '/root/Dojo/Dojo/build/ros2arduino_bridge', 'env': {'HOSTNAME': 'gareth-joel-HP-Pavilion-Gaming-Laptop-15-ec2xxx', 'SHLVL': '1', 'LD_LIBRARY_PATH': '/usr/lib/x86_64-linux-gnu/gazebo-11/plugins:/opt/ros/humble/opt/rviz_ogre_vendor/lib:/opt/ros/humble/lib/x86_64-linux-gnu:/opt/ros/humble/lib', 'HOME': '/root', 'OLDPWD': '/root/Dojo', 'ROS_PYTHON_VERSION': '3', 'COLCON_PREFIX_PATH': '/root/Dojo/install', 'ROS_DISTRO': 'humble', '_': '/usr/bin/colcon', 'ROS_VERSION': '2', 'TERM': 'xterm', 'ROS_LOCALHOST_ONLY': '0', 'QT_X11_NO_MITSHM': '1', 'PATH': '/opt/ros/humble/bin:/usr/local/sbin:/usr/local/bin:/usr/sbin:/usr/bin:/sbin:/bin', 'DISPLAY': ':0', 'LANG': 'C.UTF-8', 'LS_COLORS': 'rs=0:di=01;34:ln=01;36:mh=00:pi=40;33:so=01;35:do=01;35:bd=40;33;01:cd=40;33;01:or=40;31;01:mi=00:su=37;41:sg=30;43:ca=30;41:tw=30;42:ow=34;42:st=37;44:ex=01;32:*.tar=01;31:*.tgz=01;31:*.arc=01;31:*.arj=01;31:*.taz=01;31:*.lha=01;31:*.lz4=01;31:*.lzh=01;31:*.lzma=01;31:*.tlz=01;31:*.txz=01;31:*.tzo=01;31:*.t7z=01;31:*.zip=01;31:*.z=01;31:*.dz=01;31:*.gz=01;31:*.lrz=01;31:*.lz=01;31:*.lzo=01;31:*.xz=01;31:*.zst=01;31:*.tzst=01;31:*.bz2=01;31:*.bz=01;31:*.tbz=01;31:*.tbz2=01;31:*.tz=01;31:*.deb=01;31:*.rpm=01;31:*.jar=01;31:*.war=01;31:*.ear=01;31:*.sar=01;31:*.rar=01;31:*.alz=01;31:*.ace=01;31:*.zoo=01;31:*.cpio=01;31:*.7z=01;31:*.rz=01;31:*.cab=01;31:*.wim=01;31:*.swm=01;31:*.dwm=01;31:*.esd=01;31:*.jpg=01;35:*.jpeg=01;35:*.mjpg=01;35:*.mjpeg=01;35:*.gif=01;35:*.bmp=01;35:*.pbm=01;35:*.pgm=01;35:*.ppm=01;35:*.tga=01;35:*.xbm=01;35:*.xpm=01;35:*.tif=01;35:*.tiff=01;35:*.png=01;35:*.svg=01;35:*.svgz=01;35:*.mng=01;35:*.pcx=01;35:*.mov=01;35:*.mpg=01;35:*.mpeg=01;35:*.m2v=01;35:*.mkv=01;35:*.webm=01;35:*.webp=01;35:*.ogm=01;35:*.mp4=01;35:*.m4v=01;35:*.mp4v=01;35:*.vob=01;35:*.qt=01;35:*.nuv=01;35:*.wmv=01;35:*.asf=01;35:*.rm=01;35:*.rmvb=01;35:*.flc=01;35:*.avi=01;35:*.fli=01;35:*.flv=01;35:*.gl=01;35:*.dl=01;35:*.xcf=01;35:*.xwd=01;35:*.yuv=01;35:*.cgm=01;35:*.emf=01;35:*.ogv=01;35:*.ogx=01;35:*.aac=00;36:*.au=00;36:*.flac=00;36:*.m4a=00;36:*.mid=00;36:*.midi=00;36:*.mka=00;36:*.mp3=00;36:*.mpc=00;36:*.ogg=00;36:*.ra=00;36:*.wav=00;36:*.oga=00;36:*.opus=00;36:*.spx=00;36:*.xspf=00;36:', 'ROS_DOMAIN_ID': '7', 'AMENT_PREFIX_PATH': '/root/Dojo/install/robot_hardware:/opt/ros/humble', 'PWD': '/root/Dojo/Dojo/build/ros2arduino_bridge', 'LC_ALL': 'C.UTF-8', 'PYTHONPATH': '/root/Dojo/Dojo/build/ros2arduino_bridge/prefix_override:/usr/lib/python3/dist-packages/colcon_core/task/python/colcon_distutils_commands:/root/Dojo/Dojo/install/ros2arduino_bridge/lib/python3.10/site-packages:/root/Dojo/build/robot_hardware:/root/Dojo/install/robot_hardware/lib/python3.10/site-packages:/opt/ros/humble/lib/python3.10/site-packages:/opt/ros/humble/local/lib/python3.10/dist-packages', 'COLCON': '1', 'CMAKE_PREFIX_PATH': '/root/Dojo/install/robot_perception'}, 'shell': False}
[2.909964] (-) TimerEvent: {}
[2.910143] (robot_hardware) Command: {'cmd': ['/usr/bin/python3', '-W', 'ignore:setup.py install is deprecated', '-W', 'ignore:easy_install command is deprecated', 'setup.py', 'develop', '--editable', '--build-directory', '/root/Dojo/Dojo/build/robot_hardware/build', '--no-deps', 'symlink_data'], 'cwd': '/root/Dojo/Dojo/build/robot_hardware', 'env': {'HOSTNAME': 'gareth-joel-HP-Pavilion-Gaming-Laptop-15-ec2xxx', 'SHLVL': '1', 'LD_LIBRARY_PATH': '/usr/lib/x86_64-linux-gnu/gazebo-11/plugins:/opt/ros/humble/opt/rviz_ogre_vendor/lib:/opt/ros/humble/lib/x86_64-linux-gnu:/opt/ros/humble/lib', 'HOME': '/root', 'OLDPWD': '/root/Dojo', 'ROS_PYTHON_VERSION': '3', 'COLCON_PREFIX_PATH': '/root/Dojo/install', 'ROS_DISTRO': 'humble', '_': '/usr/bin/colcon', 'ROS_VERSION': '2', 'TERM': 'xterm', 'ROS_LOCALHOST_ONLY': '0', 'QT_X11_NO_MITSHM': '1', 'PATH': '/opt/ros/humble/bin:/usr/local/sbin:/usr/local/bin:/usr/sbin:/usr/bin:/sbin:/bin', 'DISPLAY': ':0', 'LANG': 'C.UTF-8', 'LS_COLORS': 'rs=0:di=01;34:ln=01;36:mh=00:pi=40;33:so=01;35:do=01;35:bd=40;33;01:cd=40;33;01:or=40;31;01:mi=00:su=37;41:sg=30;43:ca=30;41:tw=30;42:ow=34;42:st=37;44:ex=01;32:*.tar=01;31:*.tgz=01;31:*.arc=01;31:*.arj=01;31:*.taz=01;31:*.lha=01;31:*.lz4=01;31:*.lzh=01;31:*.lzma=01;31:*.tlz=01;31:*.txz=01;31:*.tzo=01;31:*.t7z=01;31:*.zip=01;31:*.z=01;31:*.dz=01;31:*.gz=01;31:*.lrz=01;31:*.lz=01;31:*.lzo=01;31:*.xz=01;31:*.zst=01;31:*.tzst=01;31:*.bz2=01;31:*.bz=01;31:*.tbz=01;31:*.tbz2=01;31:*.tz=01;31:*.deb=01;31:*.rpm=01;31:*.jar=01;31:*.war=01;31:*.ear=01;31:*.sar=01;31:*.rar=01;31:*.alz=01;31:*.ace=01;31:*.zoo=01;31:*.cpio=01;31:*.7z=01;31:*.rz=01;31:*.cab=01;31:*.wim=01;31:*.swm=01;31:*.dwm=01;31:*.esd=01;31:*.jpg=01;35:*.jpeg=01;35:*.mjpg=01;35:*.mjpeg=01;35:*.gif=01;35:*.bmp=01;35:*.pbm=01;35:*.pgm=01;35:*.ppm=01;35:*.tga=01;35:*.xbm=01;35:*.xpm=01;35:*.tif=01;35:*.tiff=01;35:*.png=01;35:*.svg=01;35:*.svgz=01;35:*.mng=01;35:*.pcx=01;35:*.mov=01;35:*.mpg=01;35:*.mpeg=01;35:*.m2v=01;35:*.mkv=01;35:*.webm=01;35:*.webp=01;35:*.ogm=01;35:*.mp4=01;35:*.m4v=01;35:*.mp4v=01;35:*.vob=01;35:*.qt=01;35:*.nuv=01;35:*.wmv=01;35:*.asf=01;35:*.rm=01;35:*.rmvb=01;35:*.flc=01;35:*.avi=01;35:*.fli=01;35:*.flv=01;35:*.gl=01;35:*.dl=01;35:*.xcf=01;35:*.xwd=01;35:*.yuv=01;35:*.cgm=01;35:*.emf=01;35:*.ogv=01;35:*.ogx=01;35:*.aac=00;36:*.au=00;36:*.flac=00;36:*.m4a=00;36:*.mid=00;36:*.midi=00;36:*.mka=00;36:*.mp3=00;36:*.mpc=00;36:*.ogg=00;36:*.ra=00;36:*.wav=00;36:*.oga=00;36:*.opus=00;36:*.spx=00;36:*.xspf=00;36:', 'ROS_DOMAIN_ID': '7', 'AMENT_PREFIX_PATH': '/root/Dojo/install/robot_hardware:/opt/ros/humble', 'PWD': '/root/Dojo/Dojo/build/robot_hardware', 'LC_ALL': 'C.UTF-8', 'PYTHONPATH': '/root/Dojo/Dojo/build/robot_hardware/prefix_override:/usr/lib/python3/dist-packages/colcon_core/task/python/colcon_distutils_commands:/root/Dojo/Dojo/install/robot_hardware/lib/python3.10/site-packages:/root/Dojo/build/robot_hardware:/root/Dojo/install/robot_hardware/lib/python3.10/site-packages:/opt/ros/humble/lib/python3.10/site-packages:/opt/ros/humble/local/lib/python3.10/dist-packages', 'COLCON': '1', 'CMAKE_PREFIX_PATH': '/root/Dojo/install/robot_perception'}, 'shell': False}
[2.910800] (nv21_converter_pkg) Command: {'cmd': ['/usr/bin/python3', '-W', 'ignore:setup.py install is deprecated', '-W', 'ignore:easy_install command is deprecated', 'setup.py', 'develop', '--editable', '--build-directory', '/root/Dojo/Dojo/build/nv21_converter_pkg/build', '--no-deps', 'symlink_data'], 'cwd': '/root/Dojo/Dojo/build/nv21_converter_pkg', 'env': {'HOSTNAME': 'gareth-joel-HP-Pavilion-Gaming-Laptop-15-ec2xxx', 'SHLVL': '1', 'LD_LIBRARY_PATH': '/usr/lib/x86_64-linux-gnu/gazebo-11/plugins:/opt/ros/humble/opt/rviz_ogre_vendor/lib:/opt/ros/humble/lib/x86_64-linux-gnu:/opt/ros/humble/lib', 'HOME': '/root', 'OLDPWD': '/root/Dojo', 'ROS_PYTHON_VERSION': '3', 'COLCON_PREFIX_PATH': '/root/Dojo/install', 'ROS_DISTRO': 'humble', '_': '/usr/bin/colcon', 'ROS_VERSION': '2', 'TERM': 'xterm', 'ROS_LOCALHOST_ONLY': '0', 'QT_X11_NO_MITSHM': '1', 'PATH': '/opt/ros/humble/bin:/usr/local/sbin:/usr/local/bin:/usr/sbin:/usr/bin:/sbin:/bin', 'DISPLAY': ':0', 'LANG': 'C.UTF-8', 'LS_COLORS': 'rs=0:di=01;34:ln=01;36:mh=00:pi=40;33:so=01;35:do=01;35:bd=40;33;01:cd=40;33;01:or=40;31;01:mi=00:su=37;41:sg=30;43:ca=30;41:tw=30;42:ow=34;42:st=37;44:ex=01;32:*.tar=01;31:*.tgz=01;31:*.arc=01;31:*.arj=01;31:*.taz=01;31:*.lha=01;31:*.lz4=01;31:*.lzh=01;31:*.lzma=01;31:*.tlz=01;31:*.txz=01;31:*.tzo=01;31:*.t7z=01;31:*.zip=01;31:*.z=01;31:*.dz=01;31:*.gz=01;31:*.lrz=01;31:*.lz=01;31:*.lzo=01;31:*.xz=01;31:*.zst=01;31:*.tzst=01;31:*.bz2=01;31:*.bz=01;31:*.tbz=01;31:*.tbz2=01;31:*.tz=01;31:*.deb=01;31:*.rpm=01;31:*.jar=01;31:*.war=01;31:*.ear=01;31:*.sar=01;31:*.rar=01;31:*.alz=01;31:*.ace=01;31:*.zoo=01;31:*.cpio=01;31:*.7z=01;31:*.rz=01;31:*.cab=01;31:*.wim=01;31:*.swm=01;31:*.dwm=01;31:*.esd=01;31:*.jpg=01;35:*.jpeg=01;35:*.mjpg=01;35:*.mjpeg=01;35:*.gif=01;35:*.bmp=01;35:*.pbm=01;35:*.pgm=01;35:*.ppm=01;35:*.tga=01;35:*.xbm=01;35:*.xpm=01;35:*.tif=01;35:*.tiff=01;35:*.png=01;35:*.svg=01;35:*.svgz=01;35:*.mng=01;35:*.pcx=01;35:*.mov=01;35:*.mpg=01;35:*.mpeg=01;35:*.m2v=01;35:*.mkv=01;35:*.webm=01;35:*.webp=01;35:*.ogm=01;35:*.mp4=01;35:*.m4v=01;35:*.mp4v=01;35:*.vob=01;35:*.qt=01;35:*.nuv=01;35:*.wmv=01;35:*.asf=01;35:*.rm=01;35:*.rmvb=01;35:*.flc=01;35:*.avi=01;35:*.fli=01;35:*.flv=01;35:*.gl=01;35:*.dl=01;35:*.xcf=01;35:*.xwd=01;35:*.yuv=01;35:*.cgm=01;35:*.emf=01;35:*.ogv=01;35:*.ogx=01;35:*.aac=00;36:*.au=00;36:*.flac=00;36:*.m4a=00;36:*.mid=00;36:*.midi=00;36:*.mka=00;36:*.mp3=00;36:*.mpc=00;36:*.ogg=00;36:*.ra=00;36:*.wav=00;36:*.oga=00;36:*.opus=00;36:*.spx=00;36:*.xspf=00;36:', 'ROS_DOMAIN_ID': '7', 'AMENT_PREFIX_PATH': '/root/Dojo/install/robot_hardware:/opt/ros/humble', 'PWD': '/root/Dojo/Dojo/build/nv21_converter_pkg', 'LC_ALL': 'C.UTF-8', 'PYTHONPATH': '/root/Dojo/Dojo/build/nv21_converter_pkg/prefix_override:/usr/lib/python3/dist-packages/colcon_core/task/python/colcon_distutils_commands:/root/Dojo/Dojo/install/nv21_converter_pkg/lib/python3.10/site-packages:/root/Dojo/build/robot_hardware:/root/Dojo/install/robot_hardware/lib/python3.10/site-packages:/opt/ros/humble/lib/python3.10/site-packages:/opt/ros/humble/local/lib/python3.10/dist-packages', 'COLCON': '1', 'CMAKE_PREFIX_PATH': '/root/Dojo/install/robot_perception'}, 'shell': False}
[2.911335] (vision_system) Command: {'cmd': ['/usr/bin/python3', '-W', 'ignore:setup.py install is deprecated', '-W', 'ignore:easy_install command is deprecated', 'setup.py', 'develop', '--editable', '--build-directory', '/root/Dojo/Dojo/build/vision_system/build', '--no-deps', 'symlink_data'], 'cwd': '/root/Dojo/Dojo/build/vision_system', 'env': {'HOSTNAME': 'gareth-joel-HP-Pavilion-Gaming-Laptop-15-ec2xxx', 'SHLVL': '1', 'LD_LIBRARY_PATH': '/usr/lib/x86_64-linux-gnu/gazebo-11/plugins:/opt/ros/humble/opt/rviz_ogre_vendor/lib:/opt/ros/humble/lib/x86_64-linux-gnu:/opt/ros/humble/lib', 'HOME': '/root', 'OLDPWD': '/root/Dojo', 'ROS_PYTHON_VERSION': '3', 'COLCON_PREFIX_PATH': '/root/Dojo/install', 'ROS_DISTRO': 'humble', '_': '/usr/bin/colcon', 'ROS_VERSION': '2', 'TERM': 'xterm', 'ROS_LOCALHOST_ONLY': '0', 'QT_X11_NO_MITSHM': '1', 'PATH': '/opt/ros/humble/bin:/usr/local/sbin:/usr/local/bin:/usr/sbin:/usr/bin:/sbin:/bin', 'DISPLAY': ':0', 'LANG': 'C.UTF-8', 'LS_COLORS': 'rs=0:di=01;34:ln=01;36:mh=00:pi=40;33:so=01;35:do=01;35:bd=40;33;01:cd=40;33;01:or=40;31;01:mi=00:su=37;41:sg=30;43:ca=30;41:tw=30;42:ow=34;42:st=37;44:ex=01;32:*.tar=01;31:*.tgz=01;31:*.arc=01;31:*.arj=01;31:*.taz=01;31:*.lha=01;31:*.lz4=01;31:*.lzh=01;31:*.lzma=01;31:*.tlz=01;31:*.txz=01;31:*.tzo=01;31:*.t7z=01;31:*.zip=01;31:*.z=01;31:*.dz=01;31:*.gz=01;31:*.lrz=01;31:*.lz=01;31:*.lzo=01;31:*.xz=01;31:*.zst=01;31:*.tzst=01;31:*.bz2=01;31:*.bz=01;31:*.tbz=01;31:*.tbz2=01;31:*.tz=01;31:*.deb=01;31:*.rpm=01;31:*.jar=01;31:*.war=01;31:*.ear=01;31:*.sar=01;31:*.rar=01;31:*.alz=01;31:*.ace=01;31:*.zoo=01;31:*.cpio=01;31:*.7z=01;31:*.rz=01;31:*.cab=01;31:*.wim=01;31:*.swm=01;31:*.dwm=01;31:*.esd=01;31:*.jpg=01;35:*.jpeg=01;35:*.mjpg=01;35:*.mjpeg=01;35:*.gif=01;35:*.bmp=01;35:*.pbm=01;35:*.pgm=01;35:*.ppm=01;35:*.tga=01;35:*.xbm=01;35:*.xpm=01;35:*.tif=01;35:*.tiff=01;35:*.png=01;35:*.svg=01;35:*.svgz=01;35:*.mng=01;35:*.pcx=01;35:*.mov=01;35:*.mpg=01;35:*.mpeg=01;35:*.m2v=01;35:*.mkv=01;35:*.webm=01;35:*.webp=01;35:*.ogm=01;35:*.mp4=01;35:*.m4v=01;35:*.mp4v=01;35:*.vob=01;35:*.qt=01;35:*.nuv=01;35:*.wmv=01;35:*.asf=01;35:*.rm=01;35:*.rmvb=01;35:*.flc=01;35:*.avi=01;35:*.fli=01;35:*.flv=01;35:*.gl=01;35:*.dl=01;35:*.xcf=01;35:*.xwd=01;35:*.yuv=01;35:*.cgm=01;35:*.emf=01;35:*.ogv=01;35:*.ogx=01;35:*.aac=00;36:*.au=00;36:*.flac=00;36:*.m4a=00;36:*.mid=00;36:*.midi=00;36:*.mka=00;36:*.mp3=00;36:*.mpc=00;36:*.ogg=00;36:*.ra=00;36:*.wav=00;36:*.oga=00;36:*.opus=00;36:*.spx=00;36:*.xspf=00;36:', 'ROS_DOMAIN_ID': '7', 'AMENT_PREFIX_PATH': '/root/Dojo/install/robot_hardware:/opt/ros/humble', 'PWD': '/root/Dojo/Dojo/build/vision_system', 'LC_ALL': 'C.UTF-8', 'PYTHONPATH': '/root/Dojo/Dojo/build/vision_system/prefix_override:/usr/lib/python3/dist-packages/colcon_core/task/python/colcon_distutils_commands:/root/Dojo/Dojo/install/vision_system/lib/python3.10/site-packages:/root/Dojo/build/robot_hardware:/root/Dojo/install/robot_hardware/lib/python3.10/site-packages:/opt/ros/humble/lib/python3.10/site-packages:/opt/ros/humble/local/lib/python3.10/dist-packages', 'COLCON': '1', 'CMAKE_PREFIX_PATH': '/root/Dojo/install/robot_perception'}, 'shell': False}
[2.911840] (robot_sensors) Command: {'cmd': ['/usr/bin/python3', '-W', 'ignore:setup.py install is deprecated', '-W', 'ignore:easy_install command is deprecated', 'setup.py', 'develop', '--editable', '--build-directory', '/root/Dojo/Dojo/build/robot_sensors/build', '--no-deps', 'symlink_data'], 'cwd': '/root/Dojo/Dojo/build/robot_sensors', 'env': {'HOSTNAME': 'gareth-joel-HP-Pavilion-Gaming-Laptop-15-ec2xxx', 'SHLVL': '1', 'LD_LIBRARY_PATH': '/usr/lib/x86_64-linux-gnu/gazebo-11/plugins:/opt/ros/humble/opt/rviz_ogre_vendor/lib:/opt/ros/humble/lib/x86_64-linux-gnu:/opt/ros/humble/lib', 'HOME': '/root', 'OLDPWD': '/root/Dojo', 'ROS_PYTHON_VERSION': '3', 'COLCON_PREFIX_PATH': '/root/Dojo/install', 'ROS_DISTRO': 'humble', '_': '/usr/bin/colcon', 'ROS_VERSION': '2', 'TERM': 'xterm', 'ROS_LOCALHOST_ONLY': '0', 'QT_X11_NO_MITSHM': '1', 'PATH': '/opt/ros/humble/bin:/usr/local/sbin:/usr/local/bin:/usr/sbin:/usr/bin:/sbin:/bin', 'DISPLAY': ':0', 'LANG': 'C.UTF-8', 'LS_COLORS': 'rs=0:di=01;34:ln=01;36:mh=00:pi=40;33:so=01;35:do=01;35:bd=40;33;01:cd=40;33;01:or=40;31;01:mi=00:su=37;41:sg=30;43:ca=30;41:tw=30;42:ow=34;42:st=37;44:ex=01;32:*.tar=01;31:*.tgz=01;31:*.arc=01;31:*.arj=01;31:*.taz=01;31:*.lha=01;31:*.lz4=01;31:*.lzh=01;31:*.lzma=01;31:*.tlz=01;31:*.txz=01;31:*.tzo=01;31:*.t7z=01;31:*.zip=01;31:*.z=01;31:*.dz=01;31:*.gz=01;31:*.lrz=01;31:*.lz=01;31:*.lzo=01;31:*.xz=01;31:*.zst=01;31:*.tzst=01;31:*.bz2=01;31:*.bz=01;31:*.tbz=01;31:*.tbz2=01;31:*.tz=01;31:*.deb=01;31:*.rpm=01;31:*.jar=01;31:*.war=01;31:*.ear=01;31:*.sar=01;31:*.rar=01;31:*.alz=01;31:*.ace=01;31:*.zoo=01;31:*.cpio=01;31:*.7z=01;31:*.rz=01;31:*.cab=01;31:*.wim=01;31:*.swm=01;31:*.dwm=01;31:*.esd=01;31:*.jpg=01;35:*.jpeg=01;35:*.mjpg=01;35:*.mjpeg=01;35:*.gif=01;35:*.bmp=01;35:*.pbm=01;35:*.pgm=01;35:*.ppm=01;35:*.tga=01;35:*.xbm=01;35:*.xpm=01;35:*.tif=01;35:*.tiff=01;35:*.png=01;35:*.svg=01;35:*.svgz=01;35:*.mng=01;35:*.pcx=01;35:*.mov=01;35:*.mpg=01;35:*.mpeg=01;35:*.m2v=01;35:*.mkv=01;35:*.webm=01;35:*.webp=01;35:*.ogm=01;35:*.mp4=01;35:*.m4v=01;35:*.mp4v=01;35:*.vob=01;35:*.qt=01;35:*.nuv=01;35:*.wmv=01;35:*.asf=01;35:*.rm=01;35:*.rmvb=01;35:*.flc=01;35:*.avi=01;35:*.fli=01;35:*.flv=01;35:*.gl=01;35:*.dl=01;35:*.xcf=01;35:*.xwd=01;35:*.yuv=01;35:*.cgm=01;35:*.emf=01;35:*.ogv=01;35:*.ogx=01;35:*.aac=00;36:*.au=00;36:*.flac=00;36:*.m4a=00;36:*.mid=00;36:*.midi=00;36:*.mka=00;36:*.mp3=00;36:*.mpc=00;36:*.ogg=00;36:*.ra=00;36:*.wav=00;36:*.oga=00;36:*.opus=00;36:*.spx=00;36:*.xspf=00;36:', 'ROS_DOMAIN_ID': '7', 'AMENT_PREFIX_PATH': '/root/Dojo/install/robot_hardware:/opt/ros/humble', 'PWD': '/root/Dojo/Dojo/build/robot_sensors', 'LC_ALL': 'C.UTF-8', 'PYTHONPATH': '/root/Dojo/Dojo/build/robot_sensors/prefix_override:/usr/lib/python3/dist-packages/colcon_core/task/python/colcon_distutils_commands:/root/Dojo/Dojo/install/robot_sensors/lib/python3.10/site-packages:/root/Dojo/build/robot_hardware:/root/Dojo/install/robot_hardware/lib/python3.10/site-packages:/opt/ros/humble/lib/python3.10/site-packages:/opt/ros/humble/local/lib/python3.10/dist-packages', 'COLCON': '1', 'CMAKE_PREFIX_PATH': '/root/Dojo/install/robot_perception'}, 'shell': False}
[3.010061] (-) TimerEvent: {}
[3.110400] (-) TimerEvent: {}
[3.167447] (ros2arduino_bridge) StderrLine: {'line': b"/usr/local/lib/python3.10/dist-packages/setuptools/dist.py:770: UserWarning: Usage of dash-separated 'script-dir' will not be supported in future versions. Please use the underscore name 'script_dir' instead\n"}
[3.167734] (ros2arduino_bridge) StderrLine: {'line': b'  warnings.warn(\n'}
[3.210498] (-) TimerEvent: {}
[3.227904] (arduino_bridge) StdoutLine: {'line': b'running develop\n'}
[3.260601] (robot_hardware) StdoutLine: {'line': b'running develop\n'}
[3.264424] (nv21_converter_pkg) StdoutLine: {'line': b'running develop\n'}
[3.264906] (ros2arduino_bridge) StdoutLine: {'line': b'running develop\n'}
[3.271951] (robot_sensors) StdoutLine: {'line': b'running develop\n'}
[3.272899] (vision_system) StdoutLine: {'line': b'running develop\n'}
[3.310603] (-) TimerEvent: {}
[3.353131] (robot_launch) Command: {'cmd': ['/usr/bin/python3', '-W', 'ignore:setup.py install is deprecated', '-W', 'ignore:easy_install command is deprecated', 'setup.py', 'develop', '--editable', '--build-directory', '/root/Dojo/Dojo/build/robot_launch/build', '--no-deps', 'symlink_data'], 'cwd': '/root/Dojo/Dojo/build/robot_launch', 'env': {'HOSTNAME': 'gareth-joel-HP-Pavilion-Gaming-Laptop-15-ec2xxx', 'SHLVL': '1', 'LD_LIBRARY_PATH': '/usr/lib/x86_64-linux-gnu/gazebo-11/plugins:/opt/ros/humble/opt/rviz_ogre_vendor/lib:/opt/ros/humble/lib/x86_64-linux-gnu:/opt/ros/humble/lib', 'HOME': '/root', 'OLDPWD': '/root/Dojo', 'ROS_PYTHON_VERSION': '3', 'COLCON_PREFIX_PATH': '/root/Dojo/install', 'ROS_DISTRO': 'humble', '_': '/usr/bin/colcon', 'ROS_VERSION': '2', 'TERM': 'xterm', 'ROS_LOCALHOST_ONLY': '0', 'QT_X11_NO_MITSHM': '1', 'PATH': '/opt/ros/humble/bin:/usr/local/sbin:/usr/local/bin:/usr/sbin:/usr/bin:/sbin:/bin', 'DISPLAY': ':0', 'LANG': 'C.UTF-8', 'LS_COLORS': 'rs=0:di=01;34:ln=01;36:mh=00:pi=40;33:so=01;35:do=01;35:bd=40;33;01:cd=40;33;01:or=40;31;01:mi=00:su=37;41:sg=30;43:ca=30;41:tw=30;42:ow=34;42:st=37;44:ex=01;32:*.tar=01;31:*.tgz=01;31:*.arc=01;31:*.arj=01;31:*.taz=01;31:*.lha=01;31:*.lz4=01;31:*.lzh=01;31:*.lzma=01;31:*.tlz=01;31:*.txz=01;31:*.tzo=01;31:*.t7z=01;31:*.zip=01;31:*.z=01;31:*.dz=01;31:*.gz=01;31:*.lrz=01;31:*.lz=01;31:*.lzo=01;31:*.xz=01;31:*.zst=01;31:*.tzst=01;31:*.bz2=01;31:*.bz=01;31:*.tbz=01;31:*.tbz2=01;31:*.tz=01;31:*.deb=01;31:*.rpm=01;31:*.jar=01;31:*.war=01;31:*.ear=01;31:*.sar=01;31:*.rar=01;31:*.alz=01;31:*.ace=01;31:*.zoo=01;31:*.cpio=01;31:*.7z=01;31:*.rz=01;31:*.cab=01;31:*.wim=01;31:*.swm=01;31:*.dwm=01;31:*.esd=01;31:*.jpg=01;35:*.jpeg=01;35:*.mjpg=01;35:*.mjpeg=01;35:*.gif=01;35:*.bmp=01;35:*.pbm=01;35:*.pgm=01;35:*.ppm=01;35:*.tga=01;35:*.xbm=01;35:*.xpm=01;35:*.tif=01;35:*.tiff=01;35:*.png=01;35:*.svg=01;35:*.svgz=01;35:*.mng=01;35:*.pcx=01;35:*.mov=01;35:*.mpg=01;35:*.mpeg=01;35:*.m2v=01;35:*.mkv=01;35:*.webm=01;35:*.webp=01;35:*.ogm=01;35:*.mp4=01;35:*.m4v=01;35:*.mp4v=01;35:*.vob=01;35:*.qt=01;35:*.nuv=01;35:*.wmv=01;35:*.asf=01;35:*.rm=01;35:*.rmvb=01;35:*.flc=01;35:*.avi=01;35:*.fli=01;35:*.flv=01;35:*.gl=01;35:*.dl=01;35:*.xcf=01;35:*.xwd=01;35:*.yuv=01;35:*.cgm=01;35:*.emf=01;35:*.ogv=01;35:*.ogx=01;35:*.aac=00;36:*.au=00;36:*.flac=00;36:*.m4a=00;36:*.mid=00;36:*.midi=00;36:*.mka=00;36:*.mp3=00;36:*.mpc=00;36:*.ogg=00;36:*.ra=00;36:*.wav=00;36:*.oga=00;36:*.opus=00;36:*.spx=00;36:*.xspf=00;36:', 'ROS_DOMAIN_ID': '7', 'AMENT_PREFIX_PATH': '/root/Dojo/Dojo/install/robot_description:/root/Dojo/Dojo/install/robot_control:/root/Dojo/install/robot_hardware:/opt/ros/humble', 'PWD': '/root/Dojo/Dojo/build/robot_launch', 'LC_ALL': 'C.UTF-8', 'PYTHONPATH': '/root/Dojo/Dojo/build/robot_launch/prefix_override:/usr/lib/python3/dist-packages/colcon_core/task/python/colcon_distutils_commands:/root/Dojo/Dojo/install/robot_launch/lib/python3.10/site-packages:/root/Dojo/Dojo/install/robot_description/lib/python3.10/site-packages:/root/Dojo/build/robot_hardware:/root/Dojo/install/robot_hardware/lib/python3.10/site-packages:/opt/ros/humble/lib/python3.10/site-packages:/opt/ros/humble/local/lib/python3.10/dist-packages', 'COLCON': '1', 'CMAKE_PREFIX_PATH': '/root/Dojo/Dojo/install/robot_description:/root/Dojo/Dojo/install/robot_control:/root/Dojo/install/robot_perception'}, 'shell': False}
[3.410701] (-) TimerEvent: {}
[3.468692] (arduino_bridge) StdoutLine: {'line': b'running egg_info\n'}
[3.483168] (arduino_bridge) StdoutLine: {'line': b'writing arduino_bridge.egg-info/PKG-INFO\n'}
[3.483625] (arduino_bridge) StdoutLine: {'line': b'writing dependency_links to arduino_bridge.egg-info/dependency_links.txt\n'}
[3.483996] (arduino_bridge) StdoutLine: {'line': b'writing entry points to arduino_bridge.egg-info/entry_points.txt\n'}
[3.484314] (arduino_bridge) StdoutLine: {'line': b'writing requirements to arduino_bridge.egg-info/requires.txt\n'}
[3.484553] (arduino_bridge) StdoutLine: {'line': b'writing top-level names to arduino_bridge.egg-info/top_level.txt\n'}
[3.500370] (robot_hardware) StdoutLine: {'line': b'running egg_info\n'}
[3.510788] (-) TimerEvent: {}
[3.512985] (nv21_converter_pkg) StdoutLine: {'line': b'running egg_info\n'}
[3.514123] (robot_hardware) StdoutLine: {'line': b'writing robot_hardware.egg-info/PKG-INFO\n'}
[3.514498] (robot_hardware) StdoutLine: {'line': b'writing dependency_links to robot_hardware.egg-info/dependency_links.txt\n'}
[3.514758] (arduino_bridge) StdoutLine: {'line': b"reading manifest file 'arduino_bridge.egg-info/SOURCES.txt'\n"}
[3.515024] (robot_hardware) StdoutLine: {'line': b'writing entry points to robot_hardware.egg-info/entry_points.txt\n'}
[3.515257] (robot_hardware) StdoutLine: {'line': b'writing requirements to robot_hardware.egg-info/requires.txt\n'}
[3.515453] (robot_hardware) StdoutLine: {'line': b'writing top-level names to robot_hardware.egg-info/top_level.txt\n'}
[3.515816] (arduino_bridge) StdoutLine: {'line': b"writing manifest file 'arduino_bridge.egg-info/SOURCES.txt'\n"}
[3.516401] (ros2arduino_bridge) StdoutLine: {'line': b'running egg_info\n'}
[3.518145] (robot_sensors) StdoutLine: {'line': b'running egg_info\n'}
[3.522169] (vision_system) StdoutLine: {'line': b'running egg_info\n'}
[3.527222] (nv21_converter_pkg) StdoutLine: {'line': b'writing nv21_converter_pkg.egg-info/PKG-INFO\n'}
[3.527573] (nv21_converter_pkg) StdoutLine: {'line': b'writing dependency_links to nv21_converter_pkg.egg-info/dependency_links.txt\n'}
[3.527938] (nv21_converter_pkg) StdoutLine: {'line': b'writing entry points to nv21_converter_pkg.egg-info/entry_points.txt\n'}
[3.528176] (nv21_converter_pkg) StdoutLine: {'line': b'writing requirements to nv21_converter_pkg.egg-info/requires.txt\n'}
[3.528376] (nv21_converter_pkg) StdoutLine: {'line': b'writing top-level names to nv21_converter_pkg.egg-info/top_level.txt\n'}
[3.530942] (ros2arduino_bridge) StdoutLine: {'line': b'writing ros2arduino_bridge.egg-info/PKG-INFO\n'}
[3.531433] (ros2arduino_bridge) StdoutLine: {'line': b'writing dependency_links to ros2arduino_bridge.egg-info/dependency_links.txt\n'}
[3.531851] (ros2arduino_bridge) StdoutLine: {'line': b'writing entry points to ros2arduino_bridge.egg-info/entry_points.txt\n'}
[3.532113] (ros2arduino_bridge) StdoutLine: {'line': b'writing requirements to ros2arduino_bridge.egg-info/requires.txt\n'}
[3.532511] (ros2arduino_bridge) StdoutLine: {'line': b'writing top-level names to ros2arduino_bridge.egg-info/top_level.txt\n'}
[3.532829] (robot_sensors) StdoutLine: {'line': b'writing robot_sensors.egg-info/PKG-INFO\n'}
[3.533145] (arduino_bridge) StdoutLine: {'line': b'running build_ext\n'}
[3.533333] (arduino_bridge) StdoutLine: {'line': b'Creating /root/Dojo/Dojo/install/arduino_bridge/lib/python3.10/site-packages/arduino-bridge.egg-link (link to .)\n'}
[3.533471] (robot_sensors) StdoutLine: {'line': b'writing dependency_links to robot_sensors.egg-info/dependency_links.txt\n'}
[3.533717] (robot_sensors) StdoutLine: {'line': b'writing entry points to robot_sensors.egg-info/entry_points.txt\n'}
[3.533972] (robot_sensors) StdoutLine: {'line': b'writing requirements to robot_sensors.egg-info/requires.txt\n'}
[3.534168] (robot_sensors) StdoutLine: {'line': b'writing top-level names to robot_sensors.egg-info/top_level.txt\n'}
[3.534403] (arduino_bridge) StdoutLine: {'line': b'Installing arduino_bridge_node script to /root/Dojo/Dojo/install/arduino_bridge/lib/arduino_bridge\n'}
[3.534663] (arduino_bridge) StdoutLine: {'line': b'Installing test_arduino_bridge script to /root/Dojo/Dojo/install/arduino_bridge/lib/arduino_bridge\n'}
[3.534959] (arduino_bridge) StdoutLine: {'line': b'\n'}
[3.535075] (arduino_bridge) StdoutLine: {'line': b'Installed /root/Dojo/Dojo/build/arduino_bridge\n'}
[3.535193] (arduino_bridge) StdoutLine: {'line': b'running symlink_data\n'}
[3.539430] (vision_system) StdoutLine: {'line': b'writing vision_system.egg-info/PKG-INFO\n'}
[3.539811] (vision_system) StdoutLine: {'line': b'writing dependency_links to vision_system.egg-info/dependency_links.txt\n'}
[3.540182] (vision_system) StdoutLine: {'line': b'writing entry points to vision_system.egg-info/entry_points.txt\n'}
[3.540437] (vision_system) StdoutLine: {'line': b'writing requirements to vision_system.egg-info/requires.txt\n'}
[3.540639] (vision_system) StdoutLine: {'line': b'writing top-level names to vision_system.egg-info/top_level.txt\n'}
[3.548506] (robot_hardware) StdoutLine: {'line': b"reading manifest file 'robot_hardware.egg-info/SOURCES.txt'\n"}
[3.549573] (robot_hardware) StdoutLine: {'line': b"writing manifest file 'robot_hardware.egg-info/SOURCES.txt'\n"}
[3.561831] (nv21_converter_pkg) StdoutLine: {'line': b"reading manifest file 'nv21_converter_pkg.egg-info/SOURCES.txt'\n"}
[3.562918] (nv21_converter_pkg) StdoutLine: {'line': b"writing manifest file 'nv21_converter_pkg.egg-info/SOURCES.txt'\n"}
[3.565235] (ros2arduino_bridge) StdoutLine: {'line': b"reading manifest file 'ros2arduino_bridge.egg-info/SOURCES.txt'\n"}
[3.566064] (robot_hardware) StdoutLine: {'line': b'running build_ext\n'}
[3.566296] (ros2arduino_bridge) StdoutLine: {'line': b"writing manifest file 'ros2arduino_bridge.egg-info/SOURCES.txt'\n"}
[3.566448] (robot_hardware) StdoutLine: {'line': b'Creating /root/Dojo/Dojo/install/robot_hardware/lib/python3.10/site-packages/robot-hardware.egg-link (link to .)\n'}
[3.566624] (robot_sensors) StdoutLine: {'line': b"reading manifest file 'robot_sensors.egg-info/SOURCES.txt'\n"}
[3.567190] (robot_hardware) StdoutLine: {'line': b'Installing arduino_driver script to /root/Dojo/Dojo/install/robot_hardware/lib/robot_hardware\n'}
[3.567409] (robot_sensors) StdoutLine: {'line': b"writing manifest file 'robot_sensors.egg-info/SOURCES.txt'\n"}
[3.567563] (robot_hardware) StdoutLine: {'line': b'Installing camera_driver script to /root/Dojo/Dojo/install/robot_hardware/lib/robot_hardware\n'}
[3.567721] (robot_hardware) StdoutLine: {'line': b'Installing hardware_manager script to /root/Dojo/Dojo/install/robot_hardware/lib/robot_hardware\n'}
[3.567890] (robot_hardware) StdoutLine: {'line': b'Installing lidar_driver script to /root/Dojo/Dojo/install/robot_hardware/lib/robot_hardware\n'}
[3.568170] (robot_hardware) StdoutLine: {'line': b'\n'}
[3.568339] (robot_hardware) StdoutLine: {'line': b'Installed /root/Dojo/Dojo/build/robot_hardware\n'}
[3.568467] (robot_hardware) StdoutLine: {'line': b'running symlink_data\n'}
[3.574058] (vision_system) StdoutLine: {'line': b"reading manifest file 'vision_system.egg-info/SOURCES.txt'\n"}
[3.574910] (vision_system) StdoutLine: {'line': b"writing manifest file 'vision_system.egg-info/SOURCES.txt'\n"}
[3.580468] (nv21_converter_pkg) StdoutLine: {'line': b'running build_ext\n'}
[3.580763] (nv21_converter_pkg) StdoutLine: {'line': b'Creating /root/Dojo/Dojo/install/nv21_converter_pkg/lib/python3.10/site-packages/nv21-converter-pkg.egg-link (link to .)\n'}
[3.581823] (nv21_converter_pkg) StdoutLine: {'line': b'Installing nv21_converter script to /root/Dojo/Dojo/install/nv21_converter_pkg/lib/nv21_converter_pkg\n'}
[3.582334] (nv21_converter_pkg) StdoutLine: {'line': b'\n'}
[3.582490] (nv21_converter_pkg) StdoutLine: {'line': b'Installed /root/Dojo/Dojo/build/nv21_converter_pkg\n'}
[3.582584] (nv21_converter_pkg) StdoutLine: {'line': b'running symlink_data\n'}
[3.584291] (ros2arduino_bridge) StdoutLine: {'line': b'running build_ext\n'}
[3.584446] (ros2arduino_bridge) StdoutLine: {'line': b'Creating /root/Dojo/Dojo/install/ros2arduino_bridge/lib/python3.10/site-packages/ros2arduino-bridge.egg-link (link to .)\n'}
[3.585290] (ros2arduino_bridge) StdoutLine: {'line': b'Installing arduino_bridge script to /lib/ros2arduino_bridge\n'}
[3.585520] (robot_sensors) StdoutLine: {'line': b'running build_ext\n'}
[3.585688] (robot_sensors) StdoutLine: {'line': b'Creating /root/Dojo/Dojo/install/robot_sensors/lib/python3.10/site-packages/robot-sensors.egg-link (link to .)\n'}
[3.585890] (ros2arduino_bridge) StdoutLine: {'line': b'\n'}
[3.586018] (ros2arduino_bridge) StdoutLine: {'line': b'Installed /root/Dojo/Dojo/build/ros2arduino_bridge\n'}
[3.586152] (ros2arduino_bridge) StdoutLine: {'line': b'running symlink_data\n'}
[3.586752] (robot_sensors) StdoutLine: {'line': b'Installing camera_node script to /root/Dojo/Dojo/install/robot_sensors/lib/robot_sensors\n'}
[3.587084] (robot_sensors) StdoutLine: {'line': b'\n'}
[3.587239] (robot_sensors) StdoutLine: {'line': b'Installed /root/Dojo/Dojo/build/robot_sensors\n'}
[3.587359] (robot_sensors) StdoutLine: {'line': b'running symlink_data\n'}
[3.593084] (vision_system) StdoutLine: {'line': b'running build_ext\n'}
[3.593424] (vision_system) StdoutLine: {'line': b'Creating /root/Dojo/Dojo/install/vision_system/lib/python3.10/site-packages/vision-system.egg-link (link to .)\n'}
[3.594360] (vision_system) StdoutLine: {'line': b'Installing object_detector script to /root/Dojo/Dojo/install/vision_system/lib/vision_system\n'}
[3.594752] (vision_system) StdoutLine: {'line': b'\n'}
[3.594986] (vision_system) StdoutLine: {'line': b'Installed /root/Dojo/Dojo/build/vision_system\n'}
[3.595162] (vision_system) StdoutLine: {'line': b'running symlink_data\n'}
[3.610919] (-) TimerEvent: {}
[3.626149] (arduino_bridge) CommandEnded: {'returncode': 0}
[3.636637] (arduino_bridge) JobEnded: {'identifier': 'arduino_bridge', 'rc': 0}
[3.644620] (robot_hardware) CommandEnded: {'returncode': 0}
[3.653386] (robot_hardware) JobEnded: {'identifier': 'robot_hardware', 'rc': 0}
[3.654273] (robot_bringup) JobStarted: {'identifier': 'robot_bringup'}
[3.666884] (robot_bringup) JobProgress: {'identifier': 'robot_bringup', 'progress': 'cmake'}
[3.667545] (robot_bringup) JobProgress: {'identifier': 'robot_bringup', 'progress': 'build'}
[3.668006] (robot_bringup) Command: {'cmd': ['/usr/bin/cmake', '--build', '/root/Dojo/Dojo/build/robot_bringup', '--', '-j16', '-l16'], 'cwd': '/root/Dojo/Dojo/build/robot_bringup', 'env': OrderedDict([('HOSTNAME', 'gareth-joel-HP-Pavilion-Gaming-Laptop-15-ec2xxx'), ('SHLVL', '1'), ('LD_LIBRARY_PATH', '/usr/lib/x86_64-linux-gnu/gazebo-11/plugins:/opt/ros/humble/opt/rviz_ogre_vendor/lib:/opt/ros/humble/lib/x86_64-linux-gnu:/opt/ros/humble/lib'), ('HOME', '/root'), ('OLDPWD', '/root/Dojo'), ('ROS_PYTHON_VERSION', '3'), ('COLCON_PREFIX_PATH', '/root/Dojo/install'), ('ROS_DISTRO', 'humble'), ('_', '/usr/bin/colcon'), ('ROS_VERSION', '2'), ('TERM', 'xterm'), ('ROS_LOCALHOST_ONLY', '0'), ('QT_X11_NO_MITSHM', '1'), ('PATH', '/opt/ros/humble/bin:/usr/local/sbin:/usr/local/bin:/usr/sbin:/usr/bin:/sbin:/bin'), ('DISPLAY', ':0'), ('LANG', 'C.UTF-8'), ('LS_COLORS', 'rs=0:di=01;34:ln=01;36:mh=00:pi=40;33:so=01;35:do=01;35:bd=40;33;01:cd=40;33;01:or=40;31;01:mi=00:su=37;41:sg=30;43:ca=30;41:tw=30;42:ow=34;42:st=37;44:ex=01;32:*.tar=01;31:*.tgz=01;31:*.arc=01;31:*.arj=01;31:*.taz=01;31:*.lha=01;31:*.lz4=01;31:*.lzh=01;31:*.lzma=01;31:*.tlz=01;31:*.txz=01;31:*.tzo=01;31:*.t7z=01;31:*.zip=01;31:*.z=01;31:*.dz=01;31:*.gz=01;31:*.lrz=01;31:*.lz=01;31:*.lzo=01;31:*.xz=01;31:*.zst=01;31:*.tzst=01;31:*.bz2=01;31:*.bz=01;31:*.tbz=01;31:*.tbz2=01;31:*.tz=01;31:*.deb=01;31:*.rpm=01;31:*.jar=01;31:*.war=01;31:*.ear=01;31:*.sar=01;31:*.rar=01;31:*.alz=01;31:*.ace=01;31:*.zoo=01;31:*.cpio=01;31:*.7z=01;31:*.rz=01;31:*.cab=01;31:*.wim=01;31:*.swm=01;31:*.dwm=01;31:*.esd=01;31:*.jpg=01;35:*.jpeg=01;35:*.mjpg=01;35:*.mjpeg=01;35:*.gif=01;35:*.bmp=01;35:*.pbm=01;35:*.pgm=01;35:*.ppm=01;35:*.tga=01;35:*.xbm=01;35:*.xpm=01;35:*.tif=01;35:*.tiff=01;35:*.png=01;35:*.svg=01;35:*.svgz=01;35:*.mng=01;35:*.pcx=01;35:*.mov=01;35:*.mpg=01;35:*.mpeg=01;35:*.m2v=01;35:*.mkv=01;35:*.webm=01;35:*.webp=01;35:*.ogm=01;35:*.mp4=01;35:*.m4v=01;35:*.mp4v=01;35:*.vob=01;35:*.qt=01;35:*.nuv=01;35:*.wmv=01;35:*.asf=01;35:*.rm=01;35:*.rmvb=01;35:*.flc=01;35:*.avi=01;35:*.fli=01;35:*.flv=01;35:*.gl=01;35:*.dl=01;35:*.xcf=01;35:*.xwd=01;35:*.yuv=01;35:*.cgm=01;35:*.emf=01;35:*.ogv=01;35:*.ogx=01;35:*.aac=00;36:*.au=00;36:*.flac=00;36:*.m4a=00;36:*.mid=00;36:*.midi=00;36:*.mka=00;36:*.mp3=00;36:*.mpc=00;36:*.ogg=00;36:*.ra=00;36:*.wav=00;36:*.oga=00;36:*.opus=00;36:*.spx=00;36:*.xspf=00;36:'), ('ROS_DOMAIN_ID', '7'), ('AMENT_PREFIX_PATH', '/root/Dojo/Dojo/install/robot_navigation:/root/Dojo/Dojo/install/robot_hardware:/root/Dojo/Dojo/install/robot_description:/root/Dojo/Dojo/install/robot_control:/root/Dojo/install/robot_hardware:/opt/ros/humble'), ('PWD', '/root/Dojo/Dojo/build/robot_bringup'), ('LC_ALL', 'C.UTF-8'), ('PYTHONPATH', '/root/Dojo/Dojo/build/robot_hardware:/root/Dojo/Dojo/install/robot_hardware/lib/python3.10/site-packages:/root/Dojo/Dojo/install/robot_description/lib/python3.10/site-packages:/root/Dojo/build/robot_hardware:/root/Dojo/install/robot_hardware/lib/python3.10/site-packages:/opt/ros/humble/lib/python3.10/site-packages:/opt/ros/humble/local/lib/python3.10/dist-packages'), ('COLCON', '1'), ('CMAKE_PREFIX_PATH', '/root/Dojo/Dojo/install/robot_navigation:/root/Dojo/Dojo/install/robot_perception:/root/Dojo/Dojo/install/robot_description:/root/Dojo/Dojo/install/robot_control:/root/Dojo/install/robot_perception:/root/Dojo/install/robot_hardware:/opt/ros/humble')]), 'shell': False}
[3.689239] (robot_sensors) CommandEnded: {'returncode': 0}
[3.696986] (robot_sensors) JobEnded: {'identifier': 'robot_sensors', 'rc': 0}
[3.698616] (nv21_converter_pkg) CommandEnded: {'returncode': 0}
[3.705656] (nv21_converter_pkg) JobEnded: {'identifier': 'nv21_converter_pkg', 'rc': 0}
[3.706634] (ros2arduino_bridge) CommandEnded: {'returncode': 0}
[3.711187] (-) TimerEvent: {}
[3.713724] (ros2arduino_bridge) JobEnded: {'identifier': 'ros2arduino_bridge', 'rc': 0}
[3.714973] (vision_system) CommandEnded: {'returncode': 0}
[3.721766] (vision_system) JobEnded: {'identifier': 'vision_system', 'rc': 0}
[3.722521] (robot_bringup) CommandEnded: {'returncode': 0}
[3.723561] (robot_bringup) JobProgress: {'identifier': 'robot_bringup', 'progress': 'install'}
[3.723697] (robot_bringup) Command: {'cmd': ['/usr/bin/cmake', '--install', '/root/Dojo/Dojo/build/robot_bringup'], 'cwd': '/root/Dojo/Dojo/build/robot_bringup', 'env': OrderedDict([('HOSTNAME', 'gareth-joel-HP-Pavilion-Gaming-Laptop-15-ec2xxx'), ('SHLVL', '1'), ('LD_LIBRARY_PATH', '/usr/lib/x86_64-linux-gnu/gazebo-11/plugins:/opt/ros/humble/opt/rviz_ogre_vendor/lib:/opt/ros/humble/lib/x86_64-linux-gnu:/opt/ros/humble/lib'), ('HOME', '/root'), ('OLDPWD', '/root/Dojo'), ('ROS_PYTHON_VERSION', '3'), ('COLCON_PREFIX_PATH', '/root/Dojo/install'), ('ROS_DISTRO', 'humble'), ('_', '/usr/bin/colcon'), ('ROS_VERSION', '2'), ('TERM', 'xterm'), ('ROS_LOCALHOST_ONLY', '0'), ('QT_X11_NO_MITSHM', '1'), ('PATH', '/opt/ros/humble/bin:/usr/local/sbin:/usr/local/bin:/usr/sbin:/usr/bin:/sbin:/bin'), ('DISPLAY', ':0'), ('LANG', 'C.UTF-8'), ('LS_COLORS', 'rs=0:di=01;34:ln=01;36:mh=00:pi=40;33:so=01;35:do=01;35:bd=40;33;01:cd=40;33;01:or=40;31;01:mi=00:su=37;41:sg=30;43:ca=30;41:tw=30;42:ow=34;42:st=37;44:ex=01;32:*.tar=01;31:*.tgz=01;31:*.arc=01;31:*.arj=01;31:*.taz=01;31:*.lha=01;31:*.lz4=01;31:*.lzh=01;31:*.lzma=01;31:*.tlz=01;31:*.txz=01;31:*.tzo=01;31:*.t7z=01;31:*.zip=01;31:*.z=01;31:*.dz=01;31:*.gz=01;31:*.lrz=01;31:*.lz=01;31:*.lzo=01;31:*.xz=01;31:*.zst=01;31:*.tzst=01;31:*.bz2=01;31:*.bz=01;31:*.tbz=01;31:*.tbz2=01;31:*.tz=01;31:*.deb=01;31:*.rpm=01;31:*.jar=01;31:*.war=01;31:*.ear=01;31:*.sar=01;31:*.rar=01;31:*.alz=01;31:*.ace=01;31:*.zoo=01;31:*.cpio=01;31:*.7z=01;31:*.rz=01;31:*.cab=01;31:*.wim=01;31:*.swm=01;31:*.dwm=01;31:*.esd=01;31:*.jpg=01;35:*.jpeg=01;35:*.mjpg=01;35:*.mjpeg=01;35:*.gif=01;35:*.bmp=01;35:*.pbm=01;35:*.pgm=01;35:*.ppm=01;35:*.tga=01;35:*.xbm=01;35:*.xpm=01;35:*.tif=01;35:*.tiff=01;35:*.png=01;35:*.svg=01;35:*.svgz=01;35:*.mng=01;35:*.pcx=01;35:*.mov=01;35:*.mpg=01;35:*.mpeg=01;35:*.m2v=01;35:*.mkv=01;35:*.webm=01;35:*.webp=01;35:*.ogm=01;35:*.mp4=01;35:*.m4v=01;35:*.mp4v=01;35:*.vob=01;35:*.qt=01;35:*.nuv=01;35:*.wmv=01;35:*.asf=01;35:*.rm=01;35:*.rmvb=01;35:*.flc=01;35:*.avi=01;35:*.fli=01;35:*.flv=01;35:*.gl=01;35:*.dl=01;35:*.xcf=01;35:*.xwd=01;35:*.yuv=01;35:*.cgm=01;35:*.emf=01;35:*.ogv=01;35:*.ogx=01;35:*.aac=00;36:*.au=00;36:*.flac=00;36:*.m4a=00;36:*.mid=00;36:*.midi=00;36:*.mka=00;36:*.mp3=00;36:*.mpc=00;36:*.ogg=00;36:*.ra=00;36:*.wav=00;36:*.oga=00;36:*.opus=00;36:*.spx=00;36:*.xspf=00;36:'), ('ROS_DOMAIN_ID', '7'), ('AMENT_PREFIX_PATH', '/root/Dojo/Dojo/install/robot_navigation:/root/Dojo/Dojo/install/robot_hardware:/root/Dojo/Dojo/install/robot_description:/root/Dojo/Dojo/install/robot_control:/root/Dojo/install/robot_hardware:/opt/ros/humble'), ('PWD', '/root/Dojo/Dojo/build/robot_bringup'), ('LC_ALL', 'C.UTF-8'), ('PYTHONPATH', '/root/Dojo/Dojo/build/robot_hardware:/root/Dojo/Dojo/install/robot_hardware/lib/python3.10/site-packages:/root/Dojo/Dojo/install/robot_description/lib/python3.10/site-packages:/root/Dojo/build/robot_hardware:/root/Dojo/install/robot_hardware/lib/python3.10/site-packages:/opt/ros/humble/lib/python3.10/site-packages:/opt/ros/humble/local/lib/python3.10/dist-packages'), ('COLCON', '1'), ('CMAKE_PREFIX_PATH', '/root/Dojo/Dojo/install/robot_navigation:/root/Dojo/Dojo/install/robot_perception:/root/Dojo/Dojo/install/robot_description:/root/Dojo/Dojo/install/robot_control:/root/Dojo/install/robot_perception:/root/Dojo/install/robot_hardware:/opt/ros/humble')]), 'shell': False}
[3.731543] (robot_bringup) StdoutLine: {'line': b'-- Install configuration: "Release"\n'}
[3.732058] (robot_bringup) StdoutLine: {'line': b'-- Execute custom install script\n'}
[3.732448] (robot_bringup) StdoutLine: {'line': b'-- Up-to-date symlink: /root/Dojo/Dojo/install/robot_bringup/share/robot_bringup/launch/bringup.launch.py\n'}
[3.732671] (robot_bringup) StdoutLine: {'line': b'-- Up-to-date symlink: /root/Dojo/Dojo/install/robot_bringup/share/robot_bringup/launch/bringup.launch.py.backup\n'}
[3.732852] (robot_bringup) StdoutLine: {'line': b'-- Up-to-date symlink: /root/Dojo/Dojo/install/robot_bringup/share/robot_bringup/launch/rviz.launch.py\n'}
[3.733045] (robot_bringup) StdoutLine: {'line': b'-- Up-to-date symlink: /root/Dojo/Dojo/install/robot_bringup/share/ament_index/resource_index/package_run_dependencies/robot_bringup\n'}
[3.733231] (robot_bringup) StdoutLine: {'line': b'-- Up-to-date symlink: /root/Dojo/Dojo/install/robot_bringup/share/ament_index/resource_index/parent_prefix_path/robot_bringup\n'}
[3.733465] (robot_bringup) StdoutLine: {'line': b'-- Up-to-date symlink: /root/Dojo/Dojo/install/robot_bringup/share/robot_bringup/environment/ament_prefix_path.sh\n'}
[3.733710] (robot_bringup) StdoutLine: {'line': b'-- Up-to-date symlink: /root/Dojo/Dojo/install/robot_bringup/share/robot_bringup/environment/ament_prefix_path.dsv\n'}
[3.733940] (robot_bringup) StdoutLine: {'line': b'-- Up-to-date symlink: /root/Dojo/Dojo/install/robot_bringup/share/robot_bringup/environment/path.sh\n'}
[3.734122] (robot_bringup) StdoutLine: {'line': b'-- Up-to-date symlink: /root/Dojo/Dojo/install/robot_bringup/share/robot_bringup/environment/path.dsv\n'}
[3.734318] (robot_bringup) StdoutLine: {'line': b'-- Up-to-date symlink: /root/Dojo/Dojo/install/robot_bringup/share/robot_bringup/local_setup.bash\n'}
[3.734535] (robot_bringup) StdoutLine: {'line': b'-- Up-to-date symlink: /root/Dojo/Dojo/install/robot_bringup/share/robot_bringup/local_setup.sh\n'}
[3.734718] (robot_bringup) StdoutLine: {'line': b'-- Up-to-date symlink: /root/Dojo/Dojo/install/robot_bringup/share/robot_bringup/local_setup.zsh\n'}
[3.734886] (robot_bringup) StdoutLine: {'line': b'-- Up-to-date symlink: /root/Dojo/Dojo/install/robot_bringup/share/robot_bringup/local_setup.dsv\n'}
[3.735029] (robot_bringup) StdoutLine: {'line': b'-- Symlinking: /root/Dojo/Dojo/install/robot_bringup/share/robot_bringup/package.dsv\n'}
[3.736859] (robot_launch) StdoutLine: {'line': b'running develop\n'}
[3.745739] (robot_bringup) StdoutLine: {'line': b'-- Up-to-date symlink: /root/Dojo/Dojo/install/robot_bringup/share/ament_index/resource_index/packages/robot_bringup\n'}
[3.745982] (robot_bringup) StdoutLine: {'line': b'-- Up-to-date symlink: /root/Dojo/Dojo/install/robot_bringup/share/robot_bringup/cmake/robot_bringupConfig.cmake\n'}
[3.746184] (robot_bringup) StdoutLine: {'line': b'-- Up-to-date symlink: /root/Dojo/Dojo/install/robot_bringup/share/robot_bringup/cmake/robot_bringupConfig-version.cmake\n'}
[3.746371] (robot_bringup) StdoutLine: {'line': b'-- Up-to-date symlink: /root/Dojo/Dojo/install/robot_bringup/share/robot_bringup/package.xml\n'}
[3.749234] (robot_bringup) CommandEnded: {'returncode': 0}
[3.760908] (robot_bringup) JobEnded: {'identifier': 'robot_bringup', 'rc': 0}
[3.811278] (-) TimerEvent: {}
[3.911574] (-) TimerEvent: {}
[3.951604] (robot_launch) StdoutLine: {'line': b'running egg_info\n'}
[3.963794] (robot_launch) StdoutLine: {'line': b'writing robot_launch.egg-info/PKG-INFO\n'}
[3.964211] (robot_launch) StdoutLine: {'line': b'writing dependency_links to robot_launch.egg-info/dependency_links.txt\n'}
[3.964672] (robot_launch) StdoutLine: {'line': b'writing requirements to robot_launch.egg-info/requires.txt\n'}
[3.964949] (robot_launch) StdoutLine: {'line': b'writing top-level names to robot_launch.egg-info/top_level.txt\n'}
[3.990313] (robot_launch) StdoutLine: {'line': b"reading manifest file 'robot_launch.egg-info/SOURCES.txt'\n"}
[3.990968] (robot_launch) StdoutLine: {'line': b"writing manifest file 'robot_launch.egg-info/SOURCES.txt'\n"}
[4.004465] (robot_launch) StdoutLine: {'line': b'running build_ext\n'}
[4.004669] (robot_launch) StdoutLine: {'line': b'Creating /root/Dojo/Dojo/install/robot_launch/lib/python3.10/site-packages/robot-launch.egg-link (link to .)\n'}
[4.005150] (robot_launch) StdoutLine: {'line': b'\n'}
[4.005289] (robot_launch) StdoutLine: {'line': b'Installed /root/Dojo/Dojo/build/robot_launch\n'}
[4.005407] (robot_launch) StdoutLine: {'line': b'running symlink_data\n'}
[4.011647] (-) TimerEvent: {}
[4.051557] (robot_launch) CommandEnded: {'returncode': 0}
[4.057494] (robot_launch) JobEnded: {'identifier': 'robot_launch', 'rc': 0}
[4.058197] (-) EventReactorShutdown: {}
