[0.097s] DEBUG:colcon:Command line arguments: ['/usr/bin/colcon', 'build', '--symlink-install', '--event-handlers', 'console_direct+']
[0.097s] DEBUG:colcon:Parsed command line arguments: Namespace(log_base=None, log_level=None, verb_name='build', build_base='build', install_base='install', merge_install=False, symlink_install=True, test_result_base=None, continue_on_error=False, executor='parallel', parallel_workers=16, event_handlers=['console_direct+'], ignore_user_meta=False, metas=['./colcon.meta'], base_paths=['.'], packages_ignore=None, packages_ignore_regex=None, paths=None, packages_up_to=None, packages_up_to_regex=None, packages_above=None, packages_above_and_dependencies=None, packages_above_depth=None, packages_select_by_dep=None, packages_skip_by_dep=None, packages_skip_up_to=None, packages_select_build_failed=False, packages_skip_build_finished=False, packages_select_test_failures=False, packages_skip_test_passed=False, packages_select=None, packages_skip=None, packages_select_regex=None, packages_skip_regex=None, packages_start=None, packages_end=None, cmake_args=None, cmake_target=None, cmake_target_skip_unavailable=False, cmake_clean_cache=False, cmake_clean_first=False, cmake_force_configure=False, ament_cmake_args=None, catkin_cmake_args=None, catkin_skip_building_tests=False, mixin_files=None, mixin=None, verb_parser=<colcon_mixin.mixin.mixin_argument.MixinArgumentDecorator object at 0x7ec518bddc00>, verb_extension=<colcon_core.verb.build.BuildVerb object at 0x7ec518d5b250>, main=<bound method BuildVerb.main of <colcon_core.verb.build.BuildVerb object at 0x7ec518d5b250>>, mixin_verb=('build',))
[0.310s] Level 1:colcon.colcon_core.package_discovery:discover_packages(colcon_meta) check parameters
[0.311s] INFO:colcon.colcon_metadata.package_discovery.colcon_meta:Using configuration from '/root/.colcon/metadata/default/Gazebo.meta'
[0.311s] INFO:colcon.colcon_metadata.package_discovery.colcon_meta:Using configuration from '/root/.colcon/metadata/default/fastdds.meta'
[0.312s] INFO:colcon.colcon_metadata.package_discovery.colcon_meta:Using configuration from '/root/.colcon/metadata/default/fastrtps.meta'
[0.312s] Level 1:colcon.colcon_core.package_discovery:discover_packages(recursive) check parameters
[0.312s] Level 1:colcon.colcon_core.package_discovery:discover_packages(ignore) check parameters
[0.312s] Level 1:colcon.colcon_core.package_discovery:discover_packages(path) check parameters
[0.312s] Level 1:colcon.colcon_core.package_discovery:discover_packages(colcon_meta) discover
[0.312s] Level 1:colcon.colcon_core.package_discovery:discover_packages(recursive) discover
[0.312s] INFO:colcon.colcon_core.package_discovery:Crawling recursively for packages in '/root/Dojo/Dojo'
[0.312s] Level 1:colcon.colcon_core.package_identification:_identify(.) by extensions ['ignore', 'ignore_ament_install']
[0.312s] Level 1:colcon.colcon_core.package_identification:_identify(.) by extension 'ignore'
[0.312s] Level 1:colcon.colcon_core.package_identification:_identify(.) by extension 'ignore_ament_install'
[0.312s] Level 1:colcon.colcon_core.package_identification:_identify(.) by extensions ['colcon_pkg']
[0.312s] Level 1:colcon.colcon_core.package_identification:_identify(.) by extension 'colcon_pkg'
[0.312s] Level 1:colcon.colcon_core.package_identification:_identify(.) by extensions ['colcon_meta']
[0.312s] Level 1:colcon.colcon_core.package_identification:_identify(.) by extension 'colcon_meta'
[0.312s] Level 1:colcon.colcon_core.package_identification:_identify(.) by extensions ['ros']
[0.312s] Level 1:colcon.colcon_core.package_identification:_identify(.) by extension 'ros'
[0.323s] Level 1:colcon.colcon_core.package_identification:_identify(.) by extensions ['cmake', 'python']
[0.323s] Level 1:colcon.colcon_core.package_identification:_identify(.) by extension 'cmake'
[0.323s] Level 1:colcon.colcon_core.package_identification:_identify(.) by extension 'python'
[0.323s] Level 1:colcon.colcon_core.package_identification:_identify(.) by extensions ['python_setup_py']
[0.323s] Level 1:colcon.colcon_core.package_identification:_identify(.) by extension 'python_setup_py'
[0.323s] Level 1:colcon.colcon_core.package_identification:_identify(backup_packages) by extensions ['ignore', 'ignore_ament_install']
[0.323s] Level 1:colcon.colcon_core.package_identification:_identify(backup_packages) by extension 'ignore'
[0.323s] Level 1:colcon.colcon_core.package_identification:_identify(backup_packages) by extension 'ignore_ament_install'
[0.323s] Level 1:colcon.colcon_core.package_identification:_identify(backup_packages) by extensions ['colcon_pkg']
[0.323s] Level 1:colcon.colcon_core.package_identification:_identify(backup_packages) by extension 'colcon_pkg'
[0.323s] Level 1:colcon.colcon_core.package_identification:_identify(backup_packages) by extensions ['colcon_meta']
[0.323s] Level 1:colcon.colcon_core.package_identification:_identify(backup_packages) by extension 'colcon_meta'
[0.324s] Level 1:colcon.colcon_core.package_identification:_identify(backup_packages) by extensions ['ros']
[0.324s] Level 1:colcon.colcon_core.package_identification:_identify(backup_packages) by extension 'ros'
[0.324s] Level 1:colcon.colcon_core.package_identification:_identify(backup_packages) by extensions ['cmake', 'python']
[0.324s] Level 1:colcon.colcon_core.package_identification:_identify(backup_packages) by extension 'cmake'
[0.324s] Level 1:colcon.colcon_core.package_identification:_identify(backup_packages) by extension 'python'
[0.324s] Level 1:colcon.colcon_core.package_identification:_identify(backup_packages) by extensions ['python_setup_py']
[0.324s] Level 1:colcon.colcon_core.package_identification:_identify(backup_packages) by extension 'python_setup_py'
[0.324s] Level 1:colcon.colcon_core.package_identification:_identify(backup_packages/arduino_bridge) by extensions ['ignore', 'ignore_ament_install']
[0.324s] Level 1:colcon.colcon_core.package_identification:_identify(backup_packages/arduino_bridge) by extension 'ignore'
[0.324s] Level 1:colcon.colcon_core.package_identification:_identify(backup_packages/arduino_bridge) by extension 'ignore_ament_install'
[0.324s] Level 1:colcon.colcon_core.package_identification:_identify(backup_packages/arduino_bridge) by extensions ['colcon_pkg']
[0.324s] Level 1:colcon.colcon_core.package_identification:_identify(backup_packages/arduino_bridge) by extension 'colcon_pkg'
[0.324s] Level 1:colcon.colcon_core.package_identification:_identify(backup_packages/arduino_bridge) by extensions ['colcon_meta']
[0.324s] Level 1:colcon.colcon_core.package_identification:_identify(backup_packages/arduino_bridge) by extension 'colcon_meta'
[0.324s] Level 1:colcon.colcon_core.package_identification:_identify(backup_packages/arduino_bridge) by extensions ['ros']
[0.324s] Level 1:colcon.colcon_core.package_identification:_identify(backup_packages/arduino_bridge) by extension 'ros'
[0.326s] DEBUG:colcon.colcon_core.package_identification:Package 'backup_packages/arduino_bridge' with type 'ros.ament_python' and name 'arduino_bridge'
[0.326s] Level 1:colcon.colcon_core.package_identification:_identify(backup_packages/camera_ws) by extensions ['ignore', 'ignore_ament_install']
[0.326s] Level 1:colcon.colcon_core.package_identification:_identify(backup_packages/camera_ws) by extension 'ignore'
[0.326s] Level 1:colcon.colcon_core.package_identification:_identify(backup_packages/camera_ws) by extension 'ignore_ament_install'
[0.327s] Level 1:colcon.colcon_core.package_identification:_identify(backup_packages/camera_ws) by extensions ['colcon_pkg']
[0.327s] Level 1:colcon.colcon_core.package_identification:_identify(backup_packages/camera_ws) by extension 'colcon_pkg'
[0.327s] Level 1:colcon.colcon_core.package_identification:_identify(backup_packages/camera_ws) by extensions ['colcon_meta']
[0.327s] Level 1:colcon.colcon_core.package_identification:_identify(backup_packages/camera_ws) by extension 'colcon_meta'
[0.327s] Level 1:colcon.colcon_core.package_identification:_identify(backup_packages/camera_ws) by extensions ['ros']
[0.327s] Level 1:colcon.colcon_core.package_identification:_identify(backup_packages/camera_ws) by extension 'ros'
[0.327s] Level 1:colcon.colcon_core.package_identification:_identify(backup_packages/camera_ws) by extensions ['cmake', 'python']
[0.327s] Level 1:colcon.colcon_core.package_identification:_identify(backup_packages/camera_ws) by extension 'cmake'
[0.327s] Level 1:colcon.colcon_core.package_identification:_identify(backup_packages/camera_ws) by extension 'python'
[0.327s] Level 1:colcon.colcon_core.package_identification:_identify(backup_packages/camera_ws) by extensions ['python_setup_py']
[0.327s] Level 1:colcon.colcon_core.package_identification:_identify(backup_packages/camera_ws) by extension 'python_setup_py'
[0.327s] Level 1:colcon.colcon_core.package_identification:_identify(backup_packages/camera_ws/build) by extensions ['ignore', 'ignore_ament_install']
[0.327s] Level 1:colcon.colcon_core.package_identification:_identify(backup_packages/camera_ws/build) by extension 'ignore'
[0.327s] Level 1:colcon.colcon_core.package_identification:_identify(backup_packages/camera_ws/build) ignored
[0.327s] Level 1:colcon.colcon_core.package_identification:_identify(backup_packages/camera_ws/install) by extensions ['ignore', 'ignore_ament_install']
[0.327s] Level 1:colcon.colcon_core.package_identification:_identify(backup_packages/camera_ws/install) by extension 'ignore'
[0.327s] Level 1:colcon.colcon_core.package_identification:_identify(backup_packages/camera_ws/install) ignored
[0.327s] Level 1:colcon.colcon_core.package_identification:_identify(backup_packages/camera_ws/log) by extensions ['ignore', 'ignore_ament_install']
[0.327s] Level 1:colcon.colcon_core.package_identification:_identify(backup_packages/camera_ws/log) by extension 'ignore'
[0.328s] Level 1:colcon.colcon_core.package_identification:_identify(backup_packages/camera_ws/log) ignored
[0.328s] Level 1:colcon.colcon_core.package_identification:_identify(backup_packages/camera_ws/src) by extensions ['ignore', 'ignore_ament_install']
[0.328s] Level 1:colcon.colcon_core.package_identification:_identify(backup_packages/camera_ws/src) by extension 'ignore'
[0.328s] Level 1:colcon.colcon_core.package_identification:_identify(backup_packages/camera_ws/src) by extension 'ignore_ament_install'
[0.328s] Level 1:colcon.colcon_core.package_identification:_identify(backup_packages/camera_ws/src) by extensions ['colcon_pkg']
[0.328s] Level 1:colcon.colcon_core.package_identification:_identify(backup_packages/camera_ws/src) by extension 'colcon_pkg'
[0.328s] Level 1:colcon.colcon_core.package_identification:_identify(backup_packages/camera_ws/src) by extensions ['colcon_meta']
[0.328s] Level 1:colcon.colcon_core.package_identification:_identify(backup_packages/camera_ws/src) by extension 'colcon_meta'
[0.328s] Level 1:colcon.colcon_core.package_identification:_identify(backup_packages/camera_ws/src) by extensions ['ros']
[0.328s] Level 1:colcon.colcon_core.package_identification:_identify(backup_packages/camera_ws/src) by extension 'ros'
[0.328s] Level 1:colcon.colcon_core.package_identification:_identify(backup_packages/camera_ws/src) by extensions ['cmake', 'python']
[0.328s] Level 1:colcon.colcon_core.package_identification:_identify(backup_packages/camera_ws/src) by extension 'cmake'
[0.328s] Level 1:colcon.colcon_core.package_identification:_identify(backup_packages/camera_ws/src) by extension 'python'
[0.328s] Level 1:colcon.colcon_core.package_identification:_identify(backup_packages/camera_ws/src) by extensions ['python_setup_py']
[0.328s] Level 1:colcon.colcon_core.package_identification:_identify(backup_packages/camera_ws/src) by extension 'python_setup_py'
[0.328s] Level 1:colcon.colcon_core.package_identification:_identify(backup_packages/camera_ws/src/camera_ros) by extensions ['ignore', 'ignore_ament_install']
[0.328s] Level 1:colcon.colcon_core.package_identification:_identify(backup_packages/camera_ws/src/camera_ros) by extension 'ignore'
[0.328s] Level 1:colcon.colcon_core.package_identification:_identify(backup_packages/camera_ws/src/camera_ros) by extension 'ignore_ament_install'
[0.328s] Level 1:colcon.colcon_core.package_identification:_identify(backup_packages/camera_ws/src/camera_ros) by extensions ['colcon_pkg']
[0.328s] Level 1:colcon.colcon_core.package_identification:_identify(backup_packages/camera_ws/src/camera_ros) by extension 'colcon_pkg'
[0.328s] Level 1:colcon.colcon_core.package_identification:_identify(backup_packages/camera_ws/src/camera_ros) by extensions ['colcon_meta']
[0.328s] Level 1:colcon.colcon_core.package_identification:_identify(backup_packages/camera_ws/src/camera_ros) by extension 'colcon_meta'
[0.328s] Level 1:colcon.colcon_core.package_identification:_identify(backup_packages/camera_ws/src/camera_ros) by extensions ['ros']
[0.329s] Level 1:colcon.colcon_core.package_identification:_identify(backup_packages/camera_ws/src/camera_ros) by extension 'ros'
[0.329s] Level 1:colcon.colcon_core.package_identification:_identify(backup_packages/camera_ws/src/camera_ros) by extensions ['cmake', 'python']
[0.329s] Level 1:colcon.colcon_core.package_identification:_identify(backup_packages/camera_ws/src/camera_ros) by extension 'cmake'
[0.329s] Level 1:colcon.colcon_core.package_identification:_identify(backup_packages/camera_ws/src/camera_ros) by extension 'python'
[0.329s] Level 1:colcon.colcon_core.package_identification:_identify(backup_packages/camera_ws/src/camera_ros) by extensions ['python_setup_py']
[0.329s] Level 1:colcon.colcon_core.package_identification:_identify(backup_packages/camera_ws/src/camera_ros) by extension 'python_setup_py'
[0.329s] Level 1:colcon.colcon_core.package_identification:_identify(backup_packages/camera_ws/src/libcamera) by extensions ['ignore', 'ignore_ament_install']
[0.329s] Level 1:colcon.colcon_core.package_identification:_identify(backup_packages/camera_ws/src/libcamera) by extension 'ignore'
[0.329s] Level 1:colcon.colcon_core.package_identification:_identify(backup_packages/camera_ws/src/libcamera) by extension 'ignore_ament_install'
[0.329s] Level 1:colcon.colcon_core.package_identification:_identify(backup_packages/camera_ws/src/libcamera) by extensions ['colcon_pkg']
[0.329s] Level 1:colcon.colcon_core.package_identification:_identify(backup_packages/camera_ws/src/libcamera) by extension 'colcon_pkg'
[0.329s] Level 1:colcon.colcon_core.package_identification:_identify(backup_packages/camera_ws/src/libcamera) by extensions ['colcon_meta']
[0.329s] Level 1:colcon.colcon_core.package_identification:_identify(backup_packages/camera_ws/src/libcamera) by extension 'colcon_meta'
[0.329s] Level 1:colcon.colcon_core.package_identification:_identify(backup_packages/camera_ws/src/libcamera) by extensions ['ros']
[0.329s] Level 1:colcon.colcon_core.package_identification:_identify(backup_packages/camera_ws/src/libcamera) by extension 'ros'
[0.329s] Level 1:colcon.colcon_core.package_identification:_identify(backup_packages/camera_ws/src/libcamera) by extensions ['cmake', 'python']
[0.329s] Level 1:colcon.colcon_core.package_identification:_identify(backup_packages/camera_ws/src/libcamera) by extension 'cmake'
[0.329s] Level 1:colcon.colcon_core.package_identification:_identify(backup_packages/camera_ws/src/libcamera) by extension 'python'
[0.329s] Level 1:colcon.colcon_core.package_identification:_identify(backup_packages/camera_ws/src/libcamera) by extensions ['python_setup_py']
[0.329s] Level 1:colcon.colcon_core.package_identification:_identify(backup_packages/camera_ws/src/libcamera) by extension 'python_setup_py'
[0.329s] Level 1:colcon.colcon_core.package_identification:_identify(backup_packages/camera_ws/src/nv21_converter_pkg) by extensions ['ignore', 'ignore_ament_install']
[0.329s] Level 1:colcon.colcon_core.package_identification:_identify(backup_packages/camera_ws/src/nv21_converter_pkg) by extension 'ignore'
[0.330s] Level 1:colcon.colcon_core.package_identification:_identify(backup_packages/camera_ws/src/nv21_converter_pkg) by extension 'ignore_ament_install'
[0.330s] Level 1:colcon.colcon_core.package_identification:_identify(backup_packages/camera_ws/src/nv21_converter_pkg) by extensions ['colcon_pkg']
[0.330s] Level 1:colcon.colcon_core.package_identification:_identify(backup_packages/camera_ws/src/nv21_converter_pkg) by extension 'colcon_pkg'
[0.330s] Level 1:colcon.colcon_core.package_identification:_identify(backup_packages/camera_ws/src/nv21_converter_pkg) by extensions ['colcon_meta']
[0.330s] Level 1:colcon.colcon_core.package_identification:_identify(backup_packages/camera_ws/src/nv21_converter_pkg) by extension 'colcon_meta'
[0.330s] Level 1:colcon.colcon_core.package_identification:_identify(backup_packages/camera_ws/src/nv21_converter_pkg) by extensions ['ros']
[0.330s] Level 1:colcon.colcon_core.package_identification:_identify(backup_packages/camera_ws/src/nv21_converter_pkg) by extension 'ros'
[0.330s] DEBUG:colcon.colcon_core.package_identification:Package 'backup_packages/camera_ws/src/nv21_converter_pkg' with type 'ros.ament_python' and name 'nv21_converter_pkg'
[0.330s] Level 1:colcon.colcon_core.package_identification:_identify(backup_packages/robot_sensors) by extensions ['ignore', 'ignore_ament_install']
[0.330s] Level 1:colcon.colcon_core.package_identification:_identify(backup_packages/robot_sensors) by extension 'ignore'
[0.331s] Level 1:colcon.colcon_core.package_identification:_identify(backup_packages/robot_sensors) by extension 'ignore_ament_install'
[0.331s] Level 1:colcon.colcon_core.package_identification:_identify(backup_packages/robot_sensors) by extensions ['colcon_pkg']
[0.331s] Level 1:colcon.colcon_core.package_identification:_identify(backup_packages/robot_sensors) by extension 'colcon_pkg'
[0.331s] Level 1:colcon.colcon_core.package_identification:_identify(backup_packages/robot_sensors) by extensions ['colcon_meta']
[0.331s] Level 1:colcon.colcon_core.package_identification:_identify(backup_packages/robot_sensors) by extension 'colcon_meta'
[0.331s] Level 1:colcon.colcon_core.package_identification:_identify(backup_packages/robot_sensors) by extensions ['ros']
[0.331s] Level 1:colcon.colcon_core.package_identification:_identify(backup_packages/robot_sensors) by extension 'ros'
[0.332s] DEBUG:colcon.colcon_core.package_identification:Package 'backup_packages/robot_sensors' with type 'ros.ament_python' and name 'robot_sensors'
[0.332s] Level 1:colcon.colcon_core.package_identification:_identify(backup_packages/ros2arduino_bridge) by extensions ['ignore', 'ignore_ament_install']
[0.332s] Level 1:colcon.colcon_core.package_identification:_identify(backup_packages/ros2arduino_bridge) by extension 'ignore'
[0.332s] Level 1:colcon.colcon_core.package_identification:_identify(backup_packages/ros2arduino_bridge) by extension 'ignore_ament_install'
[0.332s] Level 1:colcon.colcon_core.package_identification:_identify(backup_packages/ros2arduino_bridge) by extensions ['colcon_pkg']
[0.332s] Level 1:colcon.colcon_core.package_identification:_identify(backup_packages/ros2arduino_bridge) by extension 'colcon_pkg'
[0.332s] Level 1:colcon.colcon_core.package_identification:_identify(backup_packages/ros2arduino_bridge) by extensions ['colcon_meta']
[0.332s] Level 1:colcon.colcon_core.package_identification:_identify(backup_packages/ros2arduino_bridge) by extension 'colcon_meta'
[0.332s] Level 1:colcon.colcon_core.package_identification:_identify(backup_packages/ros2arduino_bridge) by extensions ['ros']
[0.332s] Level 1:colcon.colcon_core.package_identification:_identify(backup_packages/ros2arduino_bridge) by extension 'ros'
[0.333s] DEBUG:colcon.colcon_core.package_identification:Package 'backup_packages/ros2arduino_bridge' with type 'ros.ament_python' and name 'ros2arduino_bridge'
[0.333s] Level 1:colcon.colcon_core.package_identification:_identify(backup_packages/vision_system) by extensions ['ignore', 'ignore_ament_install']
[0.333s] Level 1:colcon.colcon_core.package_identification:_identify(backup_packages/vision_system) by extension 'ignore'
[0.333s] Level 1:colcon.colcon_core.package_identification:_identify(backup_packages/vision_system) by extension 'ignore_ament_install'
[0.333s] Level 1:colcon.colcon_core.package_identification:_identify(backup_packages/vision_system) by extensions ['colcon_pkg']
[0.333s] Level 1:colcon.colcon_core.package_identification:_identify(backup_packages/vision_system) by extension 'colcon_pkg'
[0.333s] Level 1:colcon.colcon_core.package_identification:_identify(backup_packages/vision_system) by extensions ['colcon_meta']
[0.333s] Level 1:colcon.colcon_core.package_identification:_identify(backup_packages/vision_system) by extension 'colcon_meta'
[0.333s] Level 1:colcon.colcon_core.package_identification:_identify(backup_packages/vision_system) by extensions ['ros']
[0.333s] Level 1:colcon.colcon_core.package_identification:_identify(backup_packages/vision_system) by extension 'ros'
[0.334s] DEBUG:colcon.colcon_core.package_identification:Package 'backup_packages/vision_system' with type 'ros.ament_python' and name 'vision_system'
[0.334s] Level 1:colcon.colcon_core.package_identification:_identify(backup_redundant_launch_files) by extensions ['ignore', 'ignore_ament_install']
[0.334s] Level 1:colcon.colcon_core.package_identification:_identify(backup_redundant_launch_files) by extension 'ignore'
[0.334s] Level 1:colcon.colcon_core.package_identification:_identify(backup_redundant_launch_files) by extension 'ignore_ament_install'
[0.334s] Level 1:colcon.colcon_core.package_identification:_identify(backup_redundant_launch_files) by extensions ['colcon_pkg']
[0.334s] Level 1:colcon.colcon_core.package_identification:_identify(backup_redundant_launch_files) by extension 'colcon_pkg'
[0.334s] Level 1:colcon.colcon_core.package_identification:_identify(backup_redundant_launch_files) by extensions ['colcon_meta']
[0.334s] Level 1:colcon.colcon_core.package_identification:_identify(backup_redundant_launch_files) by extension 'colcon_meta'
[0.334s] Level 1:colcon.colcon_core.package_identification:_identify(backup_redundant_launch_files) by extensions ['ros']
[0.334s] Level 1:colcon.colcon_core.package_identification:_identify(backup_redundant_launch_files) by extension 'ros'
[0.335s] Level 1:colcon.colcon_core.package_identification:_identify(backup_redundant_launch_files) by extensions ['cmake', 'python']
[0.335s] Level 1:colcon.colcon_core.package_identification:_identify(backup_redundant_launch_files) by extension 'cmake'
[0.335s] Level 1:colcon.colcon_core.package_identification:_identify(backup_redundant_launch_files) by extension 'python'
[0.335s] Level 1:colcon.colcon_core.package_identification:_identify(backup_redundant_launch_files) by extensions ['python_setup_py']
[0.335s] Level 1:colcon.colcon_core.package_identification:_identify(backup_redundant_launch_files) by extension 'python_setup_py'
[0.335s] Level 1:colcon.colcon_core.package_identification:_identify(build) by extensions ['ignore', 'ignore_ament_install']
[0.335s] Level 1:colcon.colcon_core.package_identification:_identify(build) by extension 'ignore'
[0.335s] Level 1:colcon.colcon_core.package_identification:_identify(build) ignored
[0.335s] Level 1:colcon.colcon_core.package_identification:_identify(firmware) by extensions ['ignore', 'ignore_ament_install']
[0.335s] Level 1:colcon.colcon_core.package_identification:_identify(firmware) by extension 'ignore'
[0.335s] Level 1:colcon.colcon_core.package_identification:_identify(firmware) by extension 'ignore_ament_install'
[0.335s] Level 1:colcon.colcon_core.package_identification:_identify(firmware) by extensions ['colcon_pkg']
[0.335s] Level 1:colcon.colcon_core.package_identification:_identify(firmware) by extension 'colcon_pkg'
[0.335s] Level 1:colcon.colcon_core.package_identification:_identify(firmware) by extensions ['colcon_meta']
[0.335s] Level 1:colcon.colcon_core.package_identification:_identify(firmware) by extension 'colcon_meta'
[0.335s] Level 1:colcon.colcon_core.package_identification:_identify(firmware) by extensions ['ros']
[0.335s] Level 1:colcon.colcon_core.package_identification:_identify(firmware) by extension 'ros'
[0.335s] Level 1:colcon.colcon_core.package_identification:_identify(firmware) by extensions ['cmake', 'python']
[0.335s] Level 1:colcon.colcon_core.package_identification:_identify(firmware) by extension 'cmake'
[0.335s] Level 1:colcon.colcon_core.package_identification:_identify(firmware) by extension 'python'
[0.335s] Level 1:colcon.colcon_core.package_identification:_identify(firmware) by extensions ['python_setup_py']
[0.335s] Level 1:colcon.colcon_core.package_identification:_identify(firmware) by extension 'python_setup_py'
[0.336s] Level 1:colcon.colcon_core.package_identification:_identify(firmware/arduino) by extensions ['ignore', 'ignore_ament_install']
[0.336s] Level 1:colcon.colcon_core.package_identification:_identify(firmware/arduino) by extension 'ignore'
[0.336s] Level 1:colcon.colcon_core.package_identification:_identify(firmware/arduino) by extension 'ignore_ament_install'
[0.336s] Level 1:colcon.colcon_core.package_identification:_identify(firmware/arduino) by extensions ['colcon_pkg']
[0.336s] Level 1:colcon.colcon_core.package_identification:_identify(firmware/arduino) by extension 'colcon_pkg'
[0.336s] Level 1:colcon.colcon_core.package_identification:_identify(firmware/arduino) by extensions ['colcon_meta']
[0.336s] Level 1:colcon.colcon_core.package_identification:_identify(firmware/arduino) by extension 'colcon_meta'
[0.336s] Level 1:colcon.colcon_core.package_identification:_identify(firmware/arduino) by extensions ['ros']
[0.336s] Level 1:colcon.colcon_core.package_identification:_identify(firmware/arduino) by extension 'ros'
[0.336s] Level 1:colcon.colcon_core.package_identification:_identify(firmware/arduino) by extensions ['cmake', 'python']
[0.336s] Level 1:colcon.colcon_core.package_identification:_identify(firmware/arduino) by extension 'cmake'
[0.336s] Level 1:colcon.colcon_core.package_identification:_identify(firmware/arduino) by extension 'python'
[0.336s] Level 1:colcon.colcon_core.package_identification:_identify(firmware/arduino) by extensions ['python_setup_py']
[0.336s] Level 1:colcon.colcon_core.package_identification:_identify(firmware/arduino) by extension 'python_setup_py'
[0.336s] Level 1:colcon.colcon_core.package_identification:_identify(firmware/arduino/ROSArduinoBridge) by extensions ['ignore', 'ignore_ament_install']
[0.336s] Level 1:colcon.colcon_core.package_identification:_identify(firmware/arduino/ROSArduinoBridge) by extension 'ignore'
[0.336s] Level 1:colcon.colcon_core.package_identification:_identify(firmware/arduino/ROSArduinoBridge) by extension 'ignore_ament_install'
[0.336s] Level 1:colcon.colcon_core.package_identification:_identify(firmware/arduino/ROSArduinoBridge) by extensions ['colcon_pkg']
[0.336s] Level 1:colcon.colcon_core.package_identification:_identify(firmware/arduino/ROSArduinoBridge) by extension 'colcon_pkg'
[0.336s] Level 1:colcon.colcon_core.package_identification:_identify(firmware/arduino/ROSArduinoBridge) by extensions ['colcon_meta']
[0.336s] Level 1:colcon.colcon_core.package_identification:_identify(firmware/arduino/ROSArduinoBridge) by extension 'colcon_meta'
[0.336s] Level 1:colcon.colcon_core.package_identification:_identify(firmware/arduino/ROSArduinoBridge) by extensions ['ros']
[0.336s] Level 1:colcon.colcon_core.package_identification:_identify(firmware/arduino/ROSArduinoBridge) by extension 'ros'
[0.337s] Level 1:colcon.colcon_core.package_identification:_identify(firmware/arduino/ROSArduinoBridge) by extensions ['cmake', 'python']
[0.337s] Level 1:colcon.colcon_core.package_identification:_identify(firmware/arduino/ROSArduinoBridge) by extension 'cmake'
[0.337s] Level 1:colcon.colcon_core.package_identification:_identify(firmware/arduino/ROSArduinoBridge) by extension 'python'
[0.337s] Level 1:colcon.colcon_core.package_identification:_identify(firmware/arduino/ROSArduinoBridge) by extensions ['python_setup_py']
[0.337s] Level 1:colcon.colcon_core.package_identification:_identify(firmware/arduino/ROSArduinoBridge) by extension 'python_setup_py'
[0.337s] Level 1:colcon.colcon_core.package_identification:_identify(firmware/arduino/ros2_motor_controller) by extensions ['ignore', 'ignore_ament_install']
[0.337s] Level 1:colcon.colcon_core.package_identification:_identify(firmware/arduino/ros2_motor_controller) by extension 'ignore'
[0.337s] Level 1:colcon.colcon_core.package_identification:_identify(firmware/arduino/ros2_motor_controller) by extension 'ignore_ament_install'
[0.337s] Level 1:colcon.colcon_core.package_identification:_identify(firmware/arduino/ros2_motor_controller) by extensions ['colcon_pkg']
[0.337s] Level 1:colcon.colcon_core.package_identification:_identify(firmware/arduino/ros2_motor_controller) by extension 'colcon_pkg'
[0.337s] Level 1:colcon.colcon_core.package_identification:_identify(firmware/arduino/ros2_motor_controller) by extensions ['colcon_meta']
[0.337s] Level 1:colcon.colcon_core.package_identification:_identify(firmware/arduino/ros2_motor_controller) by extension 'colcon_meta'
[0.337s] Level 1:colcon.colcon_core.package_identification:_identify(firmware/arduino/ros2_motor_controller) by extensions ['ros']
[0.337s] Level 1:colcon.colcon_core.package_identification:_identify(firmware/arduino/ros2_motor_controller) by extension 'ros'
[0.337s] Level 1:colcon.colcon_core.package_identification:_identify(firmware/arduino/ros2_motor_controller) by extensions ['cmake', 'python']
[0.337s] Level 1:colcon.colcon_core.package_identification:_identify(firmware/arduino/ros2_motor_controller) by extension 'cmake'
[0.337s] Level 1:colcon.colcon_core.package_identification:_identify(firmware/arduino/ros2_motor_controller) by extension 'python'
[0.337s] Level 1:colcon.colcon_core.package_identification:_identify(firmware/arduino/ros2_motor_controller) by extensions ['python_setup_py']
[0.337s] Level 1:colcon.colcon_core.package_identification:_identify(firmware/arduino/ros2_motor_controller) by extension 'python_setup_py'
[0.337s] Level 1:colcon.colcon_core.package_identification:_identify(install) by extensions ['ignore', 'ignore_ament_install']
[0.337s] Level 1:colcon.colcon_core.package_identification:_identify(install) by extension 'ignore'
[0.337s] Level 1:colcon.colcon_core.package_identification:_identify(install) ignored
[0.338s] Level 1:colcon.colcon_core.package_identification:_identify(log) by extensions ['ignore', 'ignore_ament_install']
[0.338s] Level 1:colcon.colcon_core.package_identification:_identify(log) by extension 'ignore'
[0.338s] Level 1:colcon.colcon_core.package_identification:_identify(log) ignored
[0.338s] Level 1:colcon.colcon_core.package_identification:_identify(scripts) by extensions ['ignore', 'ignore_ament_install']
[0.338s] Level 1:colcon.colcon_core.package_identification:_identify(scripts) by extension 'ignore'
[0.338s] Level 1:colcon.colcon_core.package_identification:_identify(scripts) by extension 'ignore_ament_install'
[0.338s] Level 1:colcon.colcon_core.package_identification:_identify(scripts) by extensions ['colcon_pkg']
[0.338s] Level 1:colcon.colcon_core.package_identification:_identify(scripts) by extension 'colcon_pkg'
[0.338s] Level 1:colcon.colcon_core.package_identification:_identify(scripts) by extensions ['colcon_meta']
[0.338s] Level 1:colcon.colcon_core.package_identification:_identify(scripts) by extension 'colcon_meta'
[0.338s] Level 1:colcon.colcon_core.package_identification:_identify(scripts) by extensions ['ros']
[0.338s] Level 1:colcon.colcon_core.package_identification:_identify(scripts) by extension 'ros'
[0.338s] Level 1:colcon.colcon_core.package_identification:_identify(scripts) by extensions ['cmake', 'python']
[0.338s] Level 1:colcon.colcon_core.package_identification:_identify(scripts) by extension 'cmake'
[0.338s] Level 1:colcon.colcon_core.package_identification:_identify(scripts) by extension 'python'
[0.338s] Level 1:colcon.colcon_core.package_identification:_identify(scripts) by extensions ['python_setup_py']
[0.338s] Level 1:colcon.colcon_core.package_identification:_identify(scripts) by extension 'python_setup_py'
[0.338s] Level 1:colcon.colcon_core.package_identification:_identify(src) by extensions ['ignore', 'ignore_ament_install']
[0.338s] Level 1:colcon.colcon_core.package_identification:_identify(src) by extension 'ignore'
[0.338s] Level 1:colcon.colcon_core.package_identification:_identify(src) by extension 'ignore_ament_install'
[0.338s] Level 1:colcon.colcon_core.package_identification:_identify(src) by extensions ['colcon_pkg']
[0.339s] Level 1:colcon.colcon_core.package_identification:_identify(src) by extension 'colcon_pkg'
[0.339s] Level 1:colcon.colcon_core.package_identification:_identify(src) by extensions ['colcon_meta']
[0.339s] Level 1:colcon.colcon_core.package_identification:_identify(src) by extension 'colcon_meta'
[0.339s] Level 1:colcon.colcon_core.package_identification:_identify(src) by extensions ['ros']
[0.339s] Level 1:colcon.colcon_core.package_identification:_identify(src) by extension 'ros'
[0.339s] Level 1:colcon.colcon_core.package_identification:_identify(src) by extensions ['cmake', 'python']
[0.339s] Level 1:colcon.colcon_core.package_identification:_identify(src) by extension 'cmake'
[0.339s] Level 1:colcon.colcon_core.package_identification:_identify(src) by extension 'python'
[0.339s] Level 1:colcon.colcon_core.package_identification:_identify(src) by extensions ['python_setup_py']
[0.339s] Level 1:colcon.colcon_core.package_identification:_identify(src) by extension 'python_setup_py'
[0.339s] Level 1:colcon.colcon_core.package_identification:_identify(src/robot_bringup) by extensions ['ignore', 'ignore_ament_install']
[0.339s] Level 1:colcon.colcon_core.package_identification:_identify(src/robot_bringup) by extension 'ignore'
[0.339s] Level 1:colcon.colcon_core.package_identification:_identify(src/robot_bringup) by extension 'ignore_ament_install'
[0.339s] Level 1:colcon.colcon_core.package_identification:_identify(src/robot_bringup) by extensions ['colcon_pkg']
[0.339s] Level 1:colcon.colcon_core.package_identification:_identify(src/robot_bringup) by extension 'colcon_pkg'
[0.339s] Level 1:colcon.colcon_core.package_identification:_identify(src/robot_bringup) by extensions ['colcon_meta']
[0.339s] Level 1:colcon.colcon_core.package_identification:_identify(src/robot_bringup) by extension 'colcon_meta'
[0.339s] Level 1:colcon.colcon_core.package_identification:_identify(src/robot_bringup) by extensions ['ros']
[0.339s] Level 1:colcon.colcon_core.package_identification:_identify(src/robot_bringup) by extension 'ros'
[0.340s] DEBUG:colcon.colcon_core.package_identification:Package 'src/robot_bringup' with type 'ros.ament_cmake' and name 'robot_bringup'
[0.340s] Level 1:colcon.colcon_core.package_identification:_identify(src/robot_control) by extensions ['ignore', 'ignore_ament_install']
[0.340s] Level 1:colcon.colcon_core.package_identification:_identify(src/robot_control) by extension 'ignore'
[0.340s] Level 1:colcon.colcon_core.package_identification:_identify(src/robot_control) by extension 'ignore_ament_install'
[0.340s] Level 1:colcon.colcon_core.package_identification:_identify(src/robot_control) by extensions ['colcon_pkg']
[0.340s] Level 1:colcon.colcon_core.package_identification:_identify(src/robot_control) by extension 'colcon_pkg'
[0.340s] Level 1:colcon.colcon_core.package_identification:_identify(src/robot_control) by extensions ['colcon_meta']
[0.340s] Level 1:colcon.colcon_core.package_identification:_identify(src/robot_control) by extension 'colcon_meta'
[0.340s] Level 1:colcon.colcon_core.package_identification:_identify(src/robot_control) by extensions ['ros']
[0.340s] Level 1:colcon.colcon_core.package_identification:_identify(src/robot_control) by extension 'ros'
[0.342s] DEBUG:colcon.colcon_core.package_identification:Package 'src/robot_control' with type 'ros.ament_cmake' and name 'robot_control'
[0.342s] Level 1:colcon.colcon_core.package_identification:_identify(src/robot_description) by extensions ['ignore', 'ignore_ament_install']
[0.342s] Level 1:colcon.colcon_core.package_identification:_identify(src/robot_description) by extension 'ignore'
[0.342s] Level 1:colcon.colcon_core.package_identification:_identify(src/robot_description) by extension 'ignore_ament_install'
[0.342s] Level 1:colcon.colcon_core.package_identification:_identify(src/robot_description) by extensions ['colcon_pkg']
[0.342s] Level 1:colcon.colcon_core.package_identification:_identify(src/robot_description) by extension 'colcon_pkg'
[0.342s] Level 1:colcon.colcon_core.package_identification:_identify(src/robot_description) by extensions ['colcon_meta']
[0.342s] Level 1:colcon.colcon_core.package_identification:_identify(src/robot_description) by extension 'colcon_meta'
[0.342s] Level 1:colcon.colcon_core.package_identification:_identify(src/robot_description) by extensions ['ros']
[0.342s] Level 1:colcon.colcon_core.package_identification:_identify(src/robot_description) by extension 'ros'
[0.343s] DEBUG:colcon.colcon_core.package_identification:Package 'src/robot_description' with type 'ros.ament_cmake' and name 'robot_description'
[0.343s] Level 1:colcon.colcon_core.package_identification:_identify(src/robot_gazebo) by extensions ['ignore', 'ignore_ament_install']
[0.343s] Level 1:colcon.colcon_core.package_identification:_identify(src/robot_gazebo) by extension 'ignore'
[0.343s] Level 1:colcon.colcon_core.package_identification:_identify(src/robot_gazebo) by extension 'ignore_ament_install'
[0.343s] Level 1:colcon.colcon_core.package_identification:_identify(src/robot_gazebo) by extensions ['colcon_pkg']
[0.343s] Level 1:colcon.colcon_core.package_identification:_identify(src/robot_gazebo) by extension 'colcon_pkg'
[0.343s] Level 1:colcon.colcon_core.package_identification:_identify(src/robot_gazebo) by extensions ['colcon_meta']
[0.343s] Level 1:colcon.colcon_core.package_identification:_identify(src/robot_gazebo) by extension 'colcon_meta'
[0.343s] Level 1:colcon.colcon_core.package_identification:_identify(src/robot_gazebo) by extensions ['ros']
[0.343s] Level 1:colcon.colcon_core.package_identification:_identify(src/robot_gazebo) by extension 'ros'
[0.345s] DEBUG:colcon.colcon_core.package_identification:Package 'src/robot_gazebo' with type 'ros.ament_cmake' and name 'robot_gazebo'
[0.345s] Level 1:colcon.colcon_core.package_identification:_identify(src/robot_hardware) by extensions ['ignore', 'ignore_ament_install']
[0.345s] Level 1:colcon.colcon_core.package_identification:_identify(src/robot_hardware) by extension 'ignore'
[0.345s] Level 1:colcon.colcon_core.package_identification:_identify(src/robot_hardware) by extension 'ignore_ament_install'
[0.345s] Level 1:colcon.colcon_core.package_identification:_identify(src/robot_hardware) by extensions ['colcon_pkg']
[0.345s] Level 1:colcon.colcon_core.package_identification:_identify(src/robot_hardware) by extension 'colcon_pkg'
[0.345s] Level 1:colcon.colcon_core.package_identification:_identify(src/robot_hardware) by extensions ['colcon_meta']
[0.345s] Level 1:colcon.colcon_core.package_identification:_identify(src/robot_hardware) by extension 'colcon_meta'
[0.345s] Level 1:colcon.colcon_core.package_identification:_identify(src/robot_hardware) by extensions ['ros']
[0.345s] Level 1:colcon.colcon_core.package_identification:_identify(src/robot_hardware) by extension 'ros'
[0.346s] DEBUG:colcon.colcon_core.package_identification:Package 'src/robot_hardware' with type 'ros.ament_python' and name 'robot_hardware'
[0.346s] Level 1:colcon.colcon_core.package_identification:_identify(src/robot_interfaces) by extensions ['ignore', 'ignore_ament_install']
[0.346s] Level 1:colcon.colcon_core.package_identification:_identify(src/robot_interfaces) by extension 'ignore'
[0.346s] Level 1:colcon.colcon_core.package_identification:_identify(src/robot_interfaces) by extension 'ignore_ament_install'
[0.346s] Level 1:colcon.colcon_core.package_identification:_identify(src/robot_interfaces) by extensions ['colcon_pkg']
[0.346s] Level 1:colcon.colcon_core.package_identification:_identify(src/robot_interfaces) by extension 'colcon_pkg'
[0.346s] Level 1:colcon.colcon_core.package_identification:_identify(src/robot_interfaces) by extensions ['colcon_meta']
[0.347s] Level 1:colcon.colcon_core.package_identification:_identify(src/robot_interfaces) by extension 'colcon_meta'
[0.347s] Level 1:colcon.colcon_core.package_identification:_identify(src/robot_interfaces) by extensions ['ros']
[0.347s] Level 1:colcon.colcon_core.package_identification:_identify(src/robot_interfaces) by extension 'ros'
[0.347s] DEBUG:colcon.colcon_core.package_identification:Package 'src/robot_interfaces' with type 'ros.ament_cmake' and name 'robot_interfaces'
[0.347s] Level 1:colcon.colcon_core.package_identification:_identify(src/robot_launch) by extensions ['ignore', 'ignore_ament_install']
[0.347s] Level 1:colcon.colcon_core.package_identification:_identify(src/robot_launch) by extension 'ignore'
[0.347s] Level 1:colcon.colcon_core.package_identification:_identify(src/robot_launch) by extension 'ignore_ament_install'
[0.347s] Level 1:colcon.colcon_core.package_identification:_identify(src/robot_launch) by extensions ['colcon_pkg']
[0.347s] Level 1:colcon.colcon_core.package_identification:_identify(src/robot_launch) by extension 'colcon_pkg'
[0.347s] Level 1:colcon.colcon_core.package_identification:_identify(src/robot_launch) by extensions ['colcon_meta']
[0.347s] Level 1:colcon.colcon_core.package_identification:_identify(src/robot_launch) by extension 'colcon_meta'
[0.347s] Level 1:colcon.colcon_core.package_identification:_identify(src/robot_launch) by extensions ['ros']
[0.348s] Level 1:colcon.colcon_core.package_identification:_identify(src/robot_launch) by extension 'ros'
[0.348s] DEBUG:colcon.colcon_core.package_identification:Package 'src/robot_launch' with type 'ros.ament_python' and name 'robot_launch'
[0.348s] Level 1:colcon.colcon_core.package_identification:_identify(src/robot_navigation) by extensions ['ignore', 'ignore_ament_install']
[0.348s] Level 1:colcon.colcon_core.package_identification:_identify(src/robot_navigation) by extension 'ignore'
[0.348s] Level 1:colcon.colcon_core.package_identification:_identify(src/robot_navigation) by extension 'ignore_ament_install'
[0.348s] Level 1:colcon.colcon_core.package_identification:_identify(src/robot_navigation) by extensions ['colcon_pkg']
[0.348s] Level 1:colcon.colcon_core.package_identification:_identify(src/robot_navigation) by extension 'colcon_pkg'
[0.348s] Level 1:colcon.colcon_core.package_identification:_identify(src/robot_navigation) by extensions ['colcon_meta']
[0.348s] Level 1:colcon.colcon_core.package_identification:_identify(src/robot_navigation) by extension 'colcon_meta'
[0.348s] Level 1:colcon.colcon_core.package_identification:_identify(src/robot_navigation) by extensions ['ros']
[0.348s] Level 1:colcon.colcon_core.package_identification:_identify(src/robot_navigation) by extension 'ros'
[0.351s] DEBUG:colcon.colcon_core.package_identification:Package 'src/robot_navigation' with type 'ros.ament_cmake' and name 'robot_navigation'
[0.351s] Level 1:colcon.colcon_core.package_identification:_identify(src/robot_perception) by extensions ['ignore', 'ignore_ament_install']
[0.352s] Level 1:colcon.colcon_core.package_identification:_identify(src/robot_perception) by extension 'ignore'
[0.352s] Level 1:colcon.colcon_core.package_identification:_identify(src/robot_perception) by extension 'ignore_ament_install'
[0.352s] Level 1:colcon.colcon_core.package_identification:_identify(src/robot_perception) by extensions ['colcon_pkg']
[0.352s] Level 1:colcon.colcon_core.package_identification:_identify(src/robot_perception) by extension 'colcon_pkg'
[0.352s] Level 1:colcon.colcon_core.package_identification:_identify(src/robot_perception) by extensions ['colcon_meta']
[0.352s] Level 1:colcon.colcon_core.package_identification:_identify(src/robot_perception) by extension 'colcon_meta'
[0.352s] Level 1:colcon.colcon_core.package_identification:_identify(src/robot_perception) by extensions ['ros']
[0.352s] Level 1:colcon.colcon_core.package_identification:_identify(src/robot_perception) by extension 'ros'
[0.355s] WARNING:colcon.colcon_core.package_identification:ROS package 'robot_perception' in 'src/robot_perception' has more than one build type
[0.355s] Level 1:colcon.colcon_core.package_identification:_identify(src/robot_perception) by extensions ['cmake', 'python']
[0.355s] Level 1:colcon.colcon_core.package_identification:_identify(src/robot_perception) by extension 'cmake'
[0.356s] Level 1:colcon.colcon_core.package_identification:_identify(src/robot_perception) by extension 'python'
[0.356s] DEBUG:colcon.colcon_core.package_identification:Python package in 'src/robot_perception' passes arguments to the setup() function which requires a different identification extension than 'python'
[0.356s] DEBUG:colcon.colcon_core.package_identification:Package 'src/robot_perception' with type 'cmake' and name 'robot_perception'
[0.356s] Level 1:colcon.colcon_core.package_discovery:discover_packages(recursive) using defaults
[0.356s] Level 1:colcon.colcon_core.package_discovery:discover_packages(ignore) discover
[0.356s] Level 1:colcon.colcon_core.package_discovery:discover_packages(ignore) using defaults
[0.356s] Level 1:colcon.colcon_core.package_discovery:discover_packages(path) discover
[0.356s] Level 1:colcon.colcon_core.package_discovery:discover_packages(path) using defaults
[0.377s] Level 5:colcon.colcon_core.verb:set package 'arduino_bridge' build argument 'cmake_args' from command line to 'None'
[0.378s] Level 5:colcon.colcon_core.verb:set package 'arduino_bridge' build argument 'cmake_target' from command line to 'None'
[0.378s] Level 5:colcon.colcon_core.verb:set package 'arduino_bridge' build argument 'cmake_target_skip_unavailable' from command line to 'False'
[0.378s] Level 5:colcon.colcon_core.verb:set package 'arduino_bridge' build argument 'cmake_clean_cache' from command line to 'False'
[0.378s] Level 5:colcon.colcon_core.verb:set package 'arduino_bridge' build argument 'cmake_clean_first' from command line to 'False'
[0.378s] Level 5:colcon.colcon_core.verb:set package 'arduino_bridge' build argument 'cmake_force_configure' from command line to 'False'
[0.378s] Level 5:colcon.colcon_core.verb:set package 'arduino_bridge' build argument 'ament_cmake_args' from command line to 'None'
[0.378s] Level 5:colcon.colcon_core.verb:set package 'arduino_bridge' build argument 'catkin_cmake_args' from command line to 'None'
[0.378s] Level 5:colcon.colcon_core.verb:set package 'arduino_bridge' build argument 'catkin_skip_building_tests' from command line to 'False'
[0.378s] DEBUG:colcon.colcon_core.verb:Building package 'arduino_bridge' with the following arguments: {'ament_cmake_args': None, 'build_base': '/root/Dojo/Dojo/build/arduino_bridge', 'catkin_cmake_args': None, 'catkin_skip_building_tests': False, 'cmake_args': None, 'cmake_clean_cache': False, 'cmake_clean_first': False, 'cmake_force_configure': False, 'cmake_target': None, 'cmake_target_skip_unavailable': False, 'install_base': '/root/Dojo/Dojo/install/arduino_bridge', 'merge_install': False, 'path': '/root/Dojo/Dojo/backup_packages/arduino_bridge', 'symlink_install': True, 'test_result_base': None}
[0.378s] Level 5:colcon.colcon_core.verb:set package 'nv21_converter_pkg' build argument 'cmake_args' from command line to 'None'
[0.378s] Level 5:colcon.colcon_core.verb:set package 'nv21_converter_pkg' build argument 'cmake_target' from command line to 'None'
[0.378s] Level 5:colcon.colcon_core.verb:set package 'nv21_converter_pkg' build argument 'cmake_target_skip_unavailable' from command line to 'False'
[0.378s] Level 5:colcon.colcon_core.verb:set package 'nv21_converter_pkg' build argument 'cmake_clean_cache' from command line to 'False'
[0.378s] Level 5:colcon.colcon_core.verb:set package 'nv21_converter_pkg' build argument 'cmake_clean_first' from command line to 'False'
[0.378s] Level 5:colcon.colcon_core.verb:set package 'nv21_converter_pkg' build argument 'cmake_force_configure' from command line to 'False'
[0.378s] Level 5:colcon.colcon_core.verb:set package 'nv21_converter_pkg' build argument 'ament_cmake_args' from command line to 'None'
[0.378s] Level 5:colcon.colcon_core.verb:set package 'nv21_converter_pkg' build argument 'catkin_cmake_args' from command line to 'None'
[0.378s] Level 5:colcon.colcon_core.verb:set package 'nv21_converter_pkg' build argument 'catkin_skip_building_tests' from command line to 'False'
[0.378s] DEBUG:colcon.colcon_core.verb:Building package 'nv21_converter_pkg' with the following arguments: {'ament_cmake_args': None, 'build_base': '/root/Dojo/Dojo/build/nv21_converter_pkg', 'catkin_cmake_args': None, 'catkin_skip_building_tests': False, 'cmake_args': None, 'cmake_clean_cache': False, 'cmake_clean_first': False, 'cmake_force_configure': False, 'cmake_target': None, 'cmake_target_skip_unavailable': False, 'install_base': '/root/Dojo/Dojo/install/nv21_converter_pkg', 'merge_install': False, 'path': '/root/Dojo/Dojo/backup_packages/camera_ws/src/nv21_converter_pkg', 'symlink_install': True, 'test_result_base': None}
[0.379s] Level 5:colcon.colcon_core.verb:set package 'robot_control' build argument 'cmake_args' from command line to 'None'
[0.379s] Level 5:colcon.colcon_core.verb:set package 'robot_control' build argument 'cmake_target' from command line to 'None'
[0.379s] Level 5:colcon.colcon_core.verb:set package 'robot_control' build argument 'cmake_target_skip_unavailable' from command line to 'False'
[0.379s] Level 5:colcon.colcon_core.verb:set package 'robot_control' build argument 'cmake_clean_cache' from command line to 'False'
[0.379s] Level 5:colcon.colcon_core.verb:set package 'robot_control' build argument 'cmake_clean_first' from command line to 'False'
[0.379s] Level 5:colcon.colcon_core.verb:set package 'robot_control' build argument 'cmake_force_configure' from command line to 'False'
[0.379s] Level 5:colcon.colcon_core.verb:set package 'robot_control' build argument 'ament_cmake_args' from command line to 'None'
[0.379s] Level 5:colcon.colcon_core.verb:set package 'robot_control' build argument 'catkin_cmake_args' from command line to 'None'
[0.379s] Level 5:colcon.colcon_core.verb:set package 'robot_control' build argument 'catkin_skip_building_tests' from command line to 'False'
[0.379s] DEBUG:colcon.colcon_core.verb:Building package 'robot_control' with the following arguments: {'ament_cmake_args': None, 'build_base': '/root/Dojo/Dojo/build/robot_control', 'catkin_cmake_args': None, 'catkin_skip_building_tests': False, 'cmake_args': None, 'cmake_clean_cache': False, 'cmake_clean_first': False, 'cmake_force_configure': False, 'cmake_target': None, 'cmake_target_skip_unavailable': False, 'install_base': '/root/Dojo/Dojo/install/robot_control', 'merge_install': False, 'path': '/root/Dojo/Dojo/src/robot_control', 'symlink_install': True, 'test_result_base': None}
[0.379s] Level 5:colcon.colcon_core.verb:set package 'robot_description' build argument 'cmake_args' from command line to 'None'
[0.379s] Level 5:colcon.colcon_core.verb:set package 'robot_description' build argument 'cmake_target' from command line to 'None'
[0.379s] Level 5:colcon.colcon_core.verb:set package 'robot_description' build argument 'cmake_target_skip_unavailable' from command line to 'False'
[0.379s] Level 5:colcon.colcon_core.verb:set package 'robot_description' build argument 'cmake_clean_cache' from command line to 'False'
[0.379s] Level 5:colcon.colcon_core.verb:set package 'robot_description' build argument 'cmake_clean_first' from command line to 'False'
[0.379s] Level 5:colcon.colcon_core.verb:set package 'robot_description' build argument 'cmake_force_configure' from command line to 'False'
[0.379s] Level 5:colcon.colcon_core.verb:set package 'robot_description' build argument 'ament_cmake_args' from command line to 'None'
[0.379s] Level 5:colcon.colcon_core.verb:set package 'robot_description' build argument 'catkin_cmake_args' from command line to 'None'
[0.379s] Level 5:colcon.colcon_core.verb:set package 'robot_description' build argument 'catkin_skip_building_tests' from command line to 'False'
[0.379s] DEBUG:colcon.colcon_core.verb:Building package 'robot_description' with the following arguments: {'ament_cmake_args': None, 'build_base': '/root/Dojo/Dojo/build/robot_description', 'catkin_cmake_args': None, 'catkin_skip_building_tests': False, 'cmake_args': None, 'cmake_clean_cache': False, 'cmake_clean_first': False, 'cmake_force_configure': False, 'cmake_target': None, 'cmake_target_skip_unavailable': False, 'install_base': '/root/Dojo/Dojo/install/robot_description', 'merge_install': False, 'path': '/root/Dojo/Dojo/src/robot_description', 'symlink_install': True, 'test_result_base': None}
[0.379s] Level 5:colcon.colcon_core.verb:set package 'robot_hardware' build argument 'cmake_args' from command line to 'None'
[0.380s] Level 5:colcon.colcon_core.verb:set package 'robot_hardware' build argument 'cmake_target' from command line to 'None'
[0.380s] Level 5:colcon.colcon_core.verb:set package 'robot_hardware' build argument 'cmake_target_skip_unavailable' from command line to 'False'
[0.380s] Level 5:colcon.colcon_core.verb:set package 'robot_hardware' build argument 'cmake_clean_cache' from command line to 'False'
[0.380s] Level 5:colcon.colcon_core.verb:set package 'robot_hardware' build argument 'cmake_clean_first' from command line to 'False'
[0.380s] Level 5:colcon.colcon_core.verb:set package 'robot_hardware' build argument 'cmake_force_configure' from command line to 'False'
[0.380s] Level 5:colcon.colcon_core.verb:set package 'robot_hardware' build argument 'ament_cmake_args' from command line to 'None'
[0.380s] Level 5:colcon.colcon_core.verb:set package 'robot_hardware' build argument 'catkin_cmake_args' from command line to 'None'
[0.380s] Level 5:colcon.colcon_core.verb:set package 'robot_hardware' build argument 'catkin_skip_building_tests' from command line to 'False'
[0.380s] DEBUG:colcon.colcon_core.verb:Building package 'robot_hardware' with the following arguments: {'ament_cmake_args': None, 'build_base': '/root/Dojo/Dojo/build/robot_hardware', 'catkin_cmake_args': None, 'catkin_skip_building_tests': False, 'cmake_args': None, 'cmake_clean_cache': False, 'cmake_clean_first': False, 'cmake_force_configure': False, 'cmake_target': None, 'cmake_target_skip_unavailable': False, 'install_base': '/root/Dojo/Dojo/install/robot_hardware', 'merge_install': False, 'path': '/root/Dojo/Dojo/src/robot_hardware', 'symlink_install': True, 'test_result_base': None}
[0.380s] Level 5:colcon.colcon_core.verb:set package 'robot_interfaces' build argument 'cmake_args' from command line to 'None'
[0.380s] Level 5:colcon.colcon_core.verb:set package 'robot_interfaces' build argument 'cmake_target' from command line to 'None'
[0.380s] Level 5:colcon.colcon_core.verb:set package 'robot_interfaces' build argument 'cmake_target_skip_unavailable' from command line to 'False'
[0.380s] Level 5:colcon.colcon_core.verb:set package 'robot_interfaces' build argument 'cmake_clean_cache' from command line to 'False'
[0.380s] Level 5:colcon.colcon_core.verb:set package 'robot_interfaces' build argument 'cmake_clean_first' from command line to 'False'
[0.380s] Level 5:colcon.colcon_core.verb:set package 'robot_interfaces' build argument 'cmake_force_configure' from command line to 'False'
[0.380s] Level 5:colcon.colcon_core.verb:set package 'robot_interfaces' build argument 'ament_cmake_args' from command line to 'None'
[0.380s] Level 5:colcon.colcon_core.verb:set package 'robot_interfaces' build argument 'catkin_cmake_args' from command line to 'None'
[0.380s] Level 5:colcon.colcon_core.verb:set package 'robot_interfaces' build argument 'catkin_skip_building_tests' from command line to 'False'
[0.380s] DEBUG:colcon.colcon_core.verb:Building package 'robot_interfaces' with the following arguments: {'ament_cmake_args': None, 'build_base': '/root/Dojo/Dojo/build/robot_interfaces', 'catkin_cmake_args': None, 'catkin_skip_building_tests': False, 'cmake_args': None, 'cmake_clean_cache': False, 'cmake_clean_first': False, 'cmake_force_configure': False, 'cmake_target': None, 'cmake_target_skip_unavailable': False, 'install_base': '/root/Dojo/Dojo/install/robot_interfaces', 'merge_install': False, 'path': '/root/Dojo/Dojo/src/robot_interfaces', 'symlink_install': True, 'test_result_base': None}
[0.380s] Level 5:colcon.colcon_core.verb:set package 'robot_perception' build argument 'cmake_args' from command line to 'None'
[0.380s] Level 5:colcon.colcon_core.verb:set package 'robot_perception' build argument 'cmake_target' from command line to 'None'
[0.380s] Level 5:colcon.colcon_core.verb:set package 'robot_perception' build argument 'cmake_target_skip_unavailable' from command line to 'False'
[0.380s] Level 5:colcon.colcon_core.verb:set package 'robot_perception' build argument 'cmake_clean_cache' from command line to 'False'
[0.380s] Level 5:colcon.colcon_core.verb:set package 'robot_perception' build argument 'cmake_clean_first' from command line to 'False'
[0.381s] Level 5:colcon.colcon_core.verb:set package 'robot_perception' build argument 'cmake_force_configure' from command line to 'False'
[0.381s] Level 5:colcon.colcon_core.verb:set package 'robot_perception' build argument 'ament_cmake_args' from command line to 'None'
[0.381s] Level 5:colcon.colcon_core.verb:set package 'robot_perception' build argument 'catkin_cmake_args' from command line to 'None'
[0.381s] Level 5:colcon.colcon_core.verb:set package 'robot_perception' build argument 'catkin_skip_building_tests' from command line to 'False'
[0.381s] DEBUG:colcon.colcon_core.verb:Building package 'robot_perception' with the following arguments: {'ament_cmake_args': None, 'build_base': '/root/Dojo/Dojo/build/robot_perception', 'catkin_cmake_args': None, 'catkin_skip_building_tests': False, 'cmake_args': None, 'cmake_clean_cache': False, 'cmake_clean_first': False, 'cmake_force_configure': False, 'cmake_target': None, 'cmake_target_skip_unavailable': False, 'install_base': '/root/Dojo/Dojo/install/robot_perception', 'merge_install': False, 'path': '/root/Dojo/Dojo/src/robot_perception', 'symlink_install': True, 'test_result_base': None}
[0.381s] Level 5:colcon.colcon_core.verb:set package 'robot_sensors' build argument 'cmake_args' from command line to 'None'
[0.381s] Level 5:colcon.colcon_core.verb:set package 'robot_sensors' build argument 'cmake_target' from command line to 'None'
[0.381s] Level 5:colcon.colcon_core.verb:set package 'robot_sensors' build argument 'cmake_target_skip_unavailable' from command line to 'False'
[0.381s] Level 5:colcon.colcon_core.verb:set package 'robot_sensors' build argument 'cmake_clean_cache' from command line to 'False'
[0.381s] Level 5:colcon.colcon_core.verb:set package 'robot_sensors' build argument 'cmake_clean_first' from command line to 'False'
[0.381s] Level 5:colcon.colcon_core.verb:set package 'robot_sensors' build argument 'cmake_force_configure' from command line to 'False'
[0.381s] Level 5:colcon.colcon_core.verb:set package 'robot_sensors' build argument 'ament_cmake_args' from command line to 'None'
[0.381s] Level 5:colcon.colcon_core.verb:set package 'robot_sensors' build argument 'catkin_cmake_args' from command line to 'None'
[0.381s] Level 5:colcon.colcon_core.verb:set package 'robot_sensors' build argument 'catkin_skip_building_tests' from command line to 'False'
[0.381s] DEBUG:colcon.colcon_core.verb:Building package 'robot_sensors' with the following arguments: {'ament_cmake_args': None, 'build_base': '/root/Dojo/Dojo/build/robot_sensors', 'catkin_cmake_args': None, 'catkin_skip_building_tests': False, 'cmake_args': None, 'cmake_clean_cache': False, 'cmake_clean_first': False, 'cmake_force_configure': False, 'cmake_target': None, 'cmake_target_skip_unavailable': False, 'install_base': '/root/Dojo/Dojo/install/robot_sensors', 'merge_install': False, 'path': '/root/Dojo/Dojo/backup_packages/robot_sensors', 'symlink_install': True, 'test_result_base': None}
[0.381s] Level 5:colcon.colcon_core.verb:set package 'ros2arduino_bridge' build argument 'cmake_args' from command line to 'None'
[0.381s] Level 5:colcon.colcon_core.verb:set package 'ros2arduino_bridge' build argument 'cmake_target' from command line to 'None'
[0.382s] Level 5:colcon.colcon_core.verb:set package 'ros2arduino_bridge' build argument 'cmake_target_skip_unavailable' from command line to 'False'
[0.382s] Level 5:colcon.colcon_core.verb:set package 'ros2arduino_bridge' build argument 'cmake_clean_cache' from command line to 'False'
[0.382s] Level 5:colcon.colcon_core.verb:set package 'ros2arduino_bridge' build argument 'cmake_clean_first' from command line to 'False'
[0.382s] Level 5:colcon.colcon_core.verb:set package 'ros2arduino_bridge' build argument 'cmake_force_configure' from command line to 'False'
[0.382s] Level 5:colcon.colcon_core.verb:set package 'ros2arduino_bridge' build argument 'ament_cmake_args' from command line to 'None'
[0.382s] Level 5:colcon.colcon_core.verb:set package 'ros2arduino_bridge' build argument 'catkin_cmake_args' from command line to 'None'
[0.382s] Level 5:colcon.colcon_core.verb:set package 'ros2arduino_bridge' build argument 'catkin_skip_building_tests' from command line to 'False'
[0.382s] DEBUG:colcon.colcon_core.verb:Building package 'ros2arduino_bridge' with the following arguments: {'ament_cmake_args': None, 'build_base': '/root/Dojo/Dojo/build/ros2arduino_bridge', 'catkin_cmake_args': None, 'catkin_skip_building_tests': False, 'cmake_args': None, 'cmake_clean_cache': False, 'cmake_clean_first': False, 'cmake_force_configure': False, 'cmake_target': None, 'cmake_target_skip_unavailable': False, 'install_base': '/root/Dojo/Dojo/install/ros2arduino_bridge', 'merge_install': False, 'path': '/root/Dojo/Dojo/backup_packages/ros2arduino_bridge', 'symlink_install': True, 'test_result_base': None}
[0.382s] Level 5:colcon.colcon_core.verb:set package 'vision_system' build argument 'cmake_args' from command line to 'None'
[0.382s] Level 5:colcon.colcon_core.verb:set package 'vision_system' build argument 'cmake_target' from command line to 'None'
[0.382s] Level 5:colcon.colcon_core.verb:set package 'vision_system' build argument 'cmake_target_skip_unavailable' from command line to 'False'
[0.382s] Level 5:colcon.colcon_core.verb:set package 'vision_system' build argument 'cmake_clean_cache' from command line to 'False'
[0.382s] Level 5:colcon.colcon_core.verb:set package 'vision_system' build argument 'cmake_clean_first' from command line to 'False'
[0.382s] Level 5:colcon.colcon_core.verb:set package 'vision_system' build argument 'cmake_force_configure' from command line to 'False'
[0.382s] Level 5:colcon.colcon_core.verb:set package 'vision_system' build argument 'ament_cmake_args' from command line to 'None'
[0.382s] Level 5:colcon.colcon_core.verb:set package 'vision_system' build argument 'catkin_cmake_args' from command line to 'None'
[0.382s] Level 5:colcon.colcon_core.verb:set package 'vision_system' build argument 'catkin_skip_building_tests' from command line to 'False'
[0.382s] DEBUG:colcon.colcon_core.verb:Building package 'vision_system' with the following arguments: {'ament_cmake_args': None, 'build_base': '/root/Dojo/Dojo/build/vision_system', 'catkin_cmake_args': None, 'catkin_skip_building_tests': False, 'cmake_args': None, 'cmake_clean_cache': False, 'cmake_clean_first': False, 'cmake_force_configure': False, 'cmake_target': None, 'cmake_target_skip_unavailable': False, 'install_base': '/root/Dojo/Dojo/install/vision_system', 'merge_install': False, 'path': '/root/Dojo/Dojo/backup_packages/vision_system', 'symlink_install': True, 'test_result_base': None}
[0.382s] Level 5:colcon.colcon_core.verb:set package 'robot_gazebo' build argument 'cmake_args' from command line to 'None'
[0.382s] Level 5:colcon.colcon_core.verb:set package 'robot_gazebo' build argument 'cmake_target' from command line to 'None'
[0.382s] Level 5:colcon.colcon_core.verb:set package 'robot_gazebo' build argument 'cmake_target_skip_unavailable' from command line to 'False'
[0.382s] Level 5:colcon.colcon_core.verb:set package 'robot_gazebo' build argument 'cmake_clean_cache' from command line to 'False'
[0.383s] Level 5:colcon.colcon_core.verb:set package 'robot_gazebo' build argument 'cmake_clean_first' from command line to 'False'
[0.383s] Level 5:colcon.colcon_core.verb:set package 'robot_gazebo' build argument 'cmake_force_configure' from command line to 'False'
[0.383s] Level 5:colcon.colcon_core.verb:set package 'robot_gazebo' build argument 'ament_cmake_args' from command line to 'None'
[0.383s] Level 5:colcon.colcon_core.verb:set package 'robot_gazebo' build argument 'catkin_cmake_args' from command line to 'None'
[0.383s] Level 5:colcon.colcon_core.verb:set package 'robot_gazebo' build argument 'catkin_skip_building_tests' from command line to 'False'
[0.383s] DEBUG:colcon.colcon_core.verb:Building package 'robot_gazebo' with the following arguments: {'ament_cmake_args': None, 'build_base': '/root/Dojo/Dojo/build/robot_gazebo', 'catkin_cmake_args': None, 'catkin_skip_building_tests': False, 'cmake_args': None, 'cmake_clean_cache': False, 'cmake_clean_first': False, 'cmake_force_configure': False, 'cmake_target': None, 'cmake_target_skip_unavailable': False, 'install_base': '/root/Dojo/Dojo/install/robot_gazebo', 'merge_install': False, 'path': '/root/Dojo/Dojo/src/robot_gazebo', 'symlink_install': True, 'test_result_base': None}
[0.383s] Level 5:colcon.colcon_core.verb:set package 'robot_launch' build argument 'cmake_args' from command line to 'None'
[0.383s] Level 5:colcon.colcon_core.verb:set package 'robot_launch' build argument 'cmake_target' from command line to 'None'
[0.383s] Level 5:colcon.colcon_core.verb:set package 'robot_launch' build argument 'cmake_target_skip_unavailable' from command line to 'False'
[0.383s] Level 5:colcon.colcon_core.verb:set package 'robot_launch' build argument 'cmake_clean_cache' from command line to 'False'
[0.383s] Level 5:colcon.colcon_core.verb:set package 'robot_launch' build argument 'cmake_clean_first' from command line to 'False'
[0.383s] Level 5:colcon.colcon_core.verb:set package 'robot_launch' build argument 'cmake_force_configure' from command line to 'False'
[0.383s] Level 5:colcon.colcon_core.verb:set package 'robot_launch' build argument 'ament_cmake_args' from command line to 'None'
[0.383s] Level 5:colcon.colcon_core.verb:set package 'robot_launch' build argument 'catkin_cmake_args' from command line to 'None'
[0.383s] Level 5:colcon.colcon_core.verb:set package 'robot_launch' build argument 'catkin_skip_building_tests' from command line to 'False'
[0.383s] DEBUG:colcon.colcon_core.verb:Building package 'robot_launch' with the following arguments: {'ament_cmake_args': None, 'build_base': '/root/Dojo/Dojo/build/robot_launch', 'catkin_cmake_args': None, 'catkin_skip_building_tests': False, 'cmake_args': None, 'cmake_clean_cache': False, 'cmake_clean_first': False, 'cmake_force_configure': False, 'cmake_target': None, 'cmake_target_skip_unavailable': False, 'install_base': '/root/Dojo/Dojo/install/robot_launch', 'merge_install': False, 'path': '/root/Dojo/Dojo/src/robot_launch', 'symlink_install': True, 'test_result_base': None}
[0.383s] Level 5:colcon.colcon_core.verb:set package 'robot_navigation' build argument 'cmake_args' from command line to 'None'
[0.383s] Level 5:colcon.colcon_core.verb:set package 'robot_navigation' build argument 'cmake_target' from command line to 'None'
[0.383s] Level 5:colcon.colcon_core.verb:set package 'robot_navigation' build argument 'cmake_target_skip_unavailable' from command line to 'False'
[0.383s] Level 5:colcon.colcon_core.verb:set package 'robot_navigation' build argument 'cmake_clean_cache' from command line to 'False'
[0.383s] Level 5:colcon.colcon_core.verb:set package 'robot_navigation' build argument 'cmake_clean_first' from command line to 'False'
[0.383s] Level 5:colcon.colcon_core.verb:set package 'robot_navigation' build argument 'cmake_force_configure' from command line to 'False'
[0.383s] Level 5:colcon.colcon_core.verb:set package 'robot_navigation' build argument 'ament_cmake_args' from command line to 'None'
[0.384s] Level 5:colcon.colcon_core.verb:set package 'robot_navigation' build argument 'catkin_cmake_args' from command line to 'None'
[0.384s] Level 5:colcon.colcon_core.verb:set package 'robot_navigation' build argument 'catkin_skip_building_tests' from command line to 'False'
[0.384s] DEBUG:colcon.colcon_core.verb:Building package 'robot_navigation' with the following arguments: {'ament_cmake_args': None, 'build_base': '/root/Dojo/Dojo/build/robot_navigation', 'catkin_cmake_args': None, 'catkin_skip_building_tests': False, 'cmake_args': None, 'cmake_clean_cache': False, 'cmake_clean_first': False, 'cmake_force_configure': False, 'cmake_target': None, 'cmake_target_skip_unavailable': False, 'install_base': '/root/Dojo/Dojo/install/robot_navigation', 'merge_install': False, 'path': '/root/Dojo/Dojo/src/robot_navigation', 'symlink_install': True, 'test_result_base': None}
[0.384s] Level 5:colcon.colcon_core.verb:set package 'robot_bringup' build argument 'cmake_args' from command line to 'None'
[0.384s] Level 5:colcon.colcon_core.verb:set package 'robot_bringup' build argument 'cmake_target' from command line to 'None'
[0.384s] Level 5:colcon.colcon_core.verb:set package 'robot_bringup' build argument 'cmake_target_skip_unavailable' from command line to 'False'
[0.384s] Level 5:colcon.colcon_core.verb:set package 'robot_bringup' build argument 'cmake_clean_cache' from command line to 'False'
[0.384s] Level 5:colcon.colcon_core.verb:set package 'robot_bringup' build argument 'cmake_clean_first' from command line to 'False'
[0.384s] Level 5:colcon.colcon_core.verb:set package 'robot_bringup' build argument 'cmake_force_configure' from command line to 'False'
[0.384s] Level 5:colcon.colcon_core.verb:set package 'robot_bringup' build argument 'ament_cmake_args' from command line to 'None'
[0.384s] Level 5:colcon.colcon_core.verb:set package 'robot_bringup' build argument 'catkin_cmake_args' from command line to 'None'
[0.384s] Level 5:colcon.colcon_core.verb:set package 'robot_bringup' build argument 'catkin_skip_building_tests' from command line to 'False'
[0.384s] DEBUG:colcon.colcon_core.verb:Building package 'robot_bringup' with the following arguments: {'ament_cmake_args': None, 'build_base': '/root/Dojo/Dojo/build/robot_bringup', 'catkin_cmake_args': None, 'catkin_skip_building_tests': False, 'cmake_args': None, 'cmake_clean_cache': False, 'cmake_clean_first': False, 'cmake_force_configure': False, 'cmake_target': None, 'cmake_target_skip_unavailable': False, 'install_base': '/root/Dojo/Dojo/install/robot_bringup', 'merge_install': False, 'path': '/root/Dojo/Dojo/src/robot_bringup', 'symlink_install': True, 'test_result_base': None}
[0.384s] INFO:colcon.colcon_core.executor:Executing jobs using 'parallel' executor
[0.385s] DEBUG:colcon.colcon_parallel_executor.executor.parallel:run_until_complete
[0.385s] INFO:colcon.colcon_ros.task.ament_cmake.build:Building ROS package in '/root/Dojo/Dojo/src/robot_control' with build type 'ament_cmake'
[0.386s] INFO:colcon.colcon_cmake.task.cmake.build:Building CMake package in '/root/Dojo/Dojo/src/robot_control'
[0.388s] INFO:colcon.colcon_core.plugin_system:Skipping extension 'colcon_core.shell.bat': Not used on non-Windows systems
[0.388s] INFO:colcon.colcon_core.shell:Skip shell extension 'powershell' for command environment: Not usable outside of PowerShell
[0.388s] DEBUG:colcon.colcon_core.shell:Skip shell extension 'dsv' for command environment
[0.392s] INFO:colcon.colcon_ros.task.ament_cmake.build:Building ROS package in '/root/Dojo/Dojo/src/robot_description' with build type 'ament_cmake'
[0.392s] INFO:colcon.colcon_cmake.task.cmake.build:Building CMake package in '/root/Dojo/Dojo/src/robot_description'
[0.393s] INFO:colcon.colcon_core.shell:Skip shell extension 'powershell' for command environment: Not usable outside of PowerShell
[0.393s] DEBUG:colcon.colcon_core.shell:Skip shell extension 'dsv' for command environment
[0.396s] INFO:colcon.colcon_ros.task.ament_python.build:Building ROS package in '/root/Dojo/Dojo/src/robot_hardware' with build type 'ament_python'
[0.396s] Level 1:colcon.colcon_core.shell:create_environment_hook('robot_hardware', 'ament_prefix_path')
[0.396s] INFO:colcon.colcon_core.shell:Creating environment hook '/root/Dojo/Dojo/install/robot_hardware/share/robot_hardware/hook/ament_prefix_path.ps1'
[0.397s] INFO:colcon.colcon_core.shell:Creating environment descriptor '/root/Dojo/Dojo/install/robot_hardware/share/robot_hardware/hook/ament_prefix_path.dsv'
[0.397s] INFO:colcon.colcon_core.shell:Creating environment hook '/root/Dojo/Dojo/install/robot_hardware/share/robot_hardware/hook/ament_prefix_path.sh'
[0.398s] INFO:colcon.colcon_core.shell:Skip shell extension 'powershell' for command environment: Not usable outside of PowerShell
[0.398s] DEBUG:colcon.colcon_core.shell:Skip shell extension 'dsv' for command environment
[0.401s] INFO:colcon.colcon_cmake.task.cmake.build:Building CMake package in '/root/Dojo/Dojo/src/robot_perception'
[0.401s] INFO:colcon.colcon_core.shell:Skip shell extension 'powershell' for command environment: Not usable outside of PowerShell
[0.401s] DEBUG:colcon.colcon_core.shell:Skip shell extension 'dsv' for command environment
[0.405s] INFO:colcon.colcon_ros.task.ament_python.build:Building ROS package in '/root/Dojo/Dojo/backup_packages/arduino_bridge' with build type 'ament_python'
[0.405s] Level 1:colcon.colcon_core.shell:create_environment_hook('arduino_bridge', 'ament_prefix_path')
[0.405s] INFO:colcon.colcon_core.shell:Creating environment hook '/root/Dojo/Dojo/install/arduino_bridge/share/arduino_bridge/hook/ament_prefix_path.ps1'
[0.406s] INFO:colcon.colcon_core.shell:Creating environment descriptor '/root/Dojo/Dojo/install/arduino_bridge/share/arduino_bridge/hook/ament_prefix_path.dsv'
[0.406s] INFO:colcon.colcon_core.shell:Creating environment hook '/root/Dojo/Dojo/install/arduino_bridge/share/arduino_bridge/hook/ament_prefix_path.sh'
[0.407s] INFO:colcon.colcon_core.shell:Skip shell extension 'powershell' for command environment: Not usable outside of PowerShell
[0.407s] DEBUG:colcon.colcon_core.shell:Skip shell extension 'dsv' for command environment
[0.410s] INFO:colcon.colcon_ros.task.ament_python.build:Building ROS package in '/root/Dojo/Dojo/backup_packages/camera_ws/src/nv21_converter_pkg' with build type 'ament_python'
[0.410s] Level 1:colcon.colcon_core.shell:create_environment_hook('nv21_converter_pkg', 'ament_prefix_path')
[0.410s] INFO:colcon.colcon_core.shell:Creating environment hook '/root/Dojo/Dojo/install/nv21_converter_pkg/share/nv21_converter_pkg/hook/ament_prefix_path.ps1'
[0.411s] INFO:colcon.colcon_core.shell:Creating environment descriptor '/root/Dojo/Dojo/install/nv21_converter_pkg/share/nv21_converter_pkg/hook/ament_prefix_path.dsv'
[0.411s] INFO:colcon.colcon_core.shell:Creating environment hook '/root/Dojo/Dojo/install/nv21_converter_pkg/share/nv21_converter_pkg/hook/ament_prefix_path.sh'
[0.412s] INFO:colcon.colcon_core.shell:Skip shell extension 'powershell' for command environment: Not usable outside of PowerShell
[0.412s] DEBUG:colcon.colcon_core.shell:Skip shell extension 'dsv' for command environment
[0.416s] INFO:colcon.colcon_ros.task.ament_cmake.build:Building ROS package in '/root/Dojo/Dojo/src/robot_interfaces' with build type 'ament_cmake'
[0.416s] INFO:colcon.colcon_cmake.task.cmake.build:Building CMake package in '/root/Dojo/Dojo/src/robot_interfaces'
[0.416s] INFO:colcon.colcon_core.shell:Skip shell extension 'powershell' for command environment: Not usable outside of PowerShell
[0.416s] DEBUG:colcon.colcon_core.shell:Skip shell extension 'dsv' for command environment
[0.420s] INFO:colcon.colcon_ros.task.ament_python.build:Building ROS package in '/root/Dojo/Dojo/backup_packages/robot_sensors' with build type 'ament_python'
[0.420s] Level 1:colcon.colcon_core.shell:create_environment_hook('robot_sensors', 'ament_prefix_path')
[0.421s] INFO:colcon.colcon_core.shell:Creating environment hook '/root/Dojo/Dojo/install/robot_sensors/share/robot_sensors/hook/ament_prefix_path.ps1'
[0.421s] INFO:colcon.colcon_core.shell:Creating environment descriptor '/root/Dojo/Dojo/install/robot_sensors/share/robot_sensors/hook/ament_prefix_path.dsv'
[0.421s] INFO:colcon.colcon_core.shell:Creating environment hook '/root/Dojo/Dojo/install/robot_sensors/share/robot_sensors/hook/ament_prefix_path.sh'
[0.422s] INFO:colcon.colcon_core.shell:Skip shell extension 'powershell' for command environment: Not usable outside of PowerShell
[0.422s] DEBUG:colcon.colcon_core.shell:Skip shell extension 'dsv' for command environment
[0.425s] INFO:colcon.colcon_ros.task.ament_python.build:Building ROS package in '/root/Dojo/Dojo/backup_packages/ros2arduino_bridge' with build type 'ament_python'
[0.426s] Level 1:colcon.colcon_core.shell:create_environment_hook('ros2arduino_bridge', 'ament_prefix_path')
[0.426s] INFO:colcon.colcon_core.shell:Creating environment hook '/root/Dojo/Dojo/install/ros2arduino_bridge/share/ros2arduino_bridge/hook/ament_prefix_path.ps1'
[0.426s] INFO:colcon.colcon_core.shell:Creating environment descriptor '/root/Dojo/Dojo/install/ros2arduino_bridge/share/ros2arduino_bridge/hook/ament_prefix_path.dsv'
[0.427s] INFO:colcon.colcon_core.shell:Creating environment hook '/root/Dojo/Dojo/install/ros2arduino_bridge/share/ros2arduino_bridge/hook/ament_prefix_path.sh'
[0.427s] INFO:colcon.colcon_core.shell:Skip shell extension 'powershell' for command environment: Not usable outside of PowerShell
[0.427s] DEBUG:colcon.colcon_core.shell:Skip shell extension 'dsv' for command environment
[0.431s] INFO:colcon.colcon_ros.task.ament_python.build:Building ROS package in '/root/Dojo/Dojo/backup_packages/vision_system' with build type 'ament_python'
[0.431s] Level 1:colcon.colcon_core.shell:create_environment_hook('vision_system', 'ament_prefix_path')
[0.431s] INFO:colcon.colcon_core.shell:Creating environment hook '/root/Dojo/Dojo/install/vision_system/share/vision_system/hook/ament_prefix_path.ps1'
[0.432s] INFO:colcon.colcon_core.shell:Creating environment descriptor '/root/Dojo/Dojo/install/vision_system/share/vision_system/hook/ament_prefix_path.dsv'
[0.432s] INFO:colcon.colcon_core.shell:Creating environment hook '/root/Dojo/Dojo/install/vision_system/share/vision_system/hook/ament_prefix_path.sh'
[0.433s] INFO:colcon.colcon_core.shell:Skip shell extension 'powershell' for command environment: Not usable outside of PowerShell
[0.433s] DEBUG:colcon.colcon_core.shell:Skip shell extension 'dsv' for command environment
[0.442s] DEBUG:colcon.colcon_core.event_handler.log_command:Invoking command in '/root/Dojo/Dojo/build/robot_control': CMAKE_PREFIX_PATH=${CMAKE_PREFIX_PATH}:/root/Dojo/install/robot_hardware:/opt/ros/humble /usr/bin/cmake --build /root/Dojo/Dojo/build/robot_control -- -j16 -l16
[0.444s] DEBUG:colcon.colcon_core.event_handler.log_command:Invoking command in '/root/Dojo/Dojo/build/robot_description': CMAKE_PREFIX_PATH=${CMAKE_PREFIX_PATH}:/root/Dojo/install/robot_hardware:/opt/ros/humble /usr/bin/cmake --build /root/Dojo/Dojo/build/robot_description -- -j16 -l16
[0.757s] INFO:colcon.colcon_core.task.python.build:Building Python package in '/root/Dojo/Dojo/src/robot_hardware'
[0.758s] INFO:colcon.colcon_core.shell:Skip shell extension 'powershell' for command environment: Not usable outside of PowerShell
[0.758s] DEBUG:colcon.colcon_core.shell:Skip shell extension 'dsv' for command environment
[0.763s] DEBUG:colcon.colcon_core.event_handler.log_command:Invoking command in '/root/Dojo/Dojo/build/robot_perception': /usr/bin/cmake --build /root/Dojo/Dojo/build/robot_perception -- -j16 -l16
[1.115s] INFO:colcon.colcon_core.task.python.build:Building Python package in '/root/Dojo/Dojo/backup_packages/arduino_bridge'
[1.115s] INFO:colcon.colcon_core.shell:Skip shell extension 'powershell' for command environment: Not usable outside of PowerShell
[1.115s] DEBUG:colcon.colcon_core.shell:Skip shell extension 'dsv' for command environment
[1.466s] INFO:colcon.colcon_core.task.python.build:Building Python package in '/root/Dojo/Dojo/backup_packages/camera_ws/src/nv21_converter_pkg'
[1.466s] INFO:colcon.colcon_core.shell:Skip shell extension 'powershell' for command environment: Not usable outside of PowerShell
[1.466s] DEBUG:colcon.colcon_core.shell:Skip shell extension 'dsv' for command environment
[1.473s] DEBUG:colcon.colcon_core.event_handler.log_command:Invoking command in '/root/Dojo/Dojo/build/robot_interfaces': CMAKE_PREFIX_PATH=${CMAKE_PREFIX_PATH}:/root/Dojo/install/robot_hardware:/opt/ros/humble /usr/bin/cmake --build /root/Dojo/Dojo/build/robot_interfaces -- -j16 -l16
[1.840s] INFO:colcon.colcon_core.task.python.build:Building Python package in '/root/Dojo/Dojo/backup_packages/robot_sensors'
[1.840s] INFO:colcon.colcon_core.shell:Skip shell extension 'powershell' for command environment: Not usable outside of PowerShell
[1.840s] DEBUG:colcon.colcon_core.shell:Skip shell extension 'dsv' for command environment
[2.193s] INFO:colcon.colcon_core.task.python.build:Building Python package in '/root/Dojo/Dojo/backup_packages/ros2arduino_bridge'
[2.194s] INFO:colcon.colcon_core.shell:Skip shell extension 'powershell' for command environment: Not usable outside of PowerShell
[2.194s] DEBUG:colcon.colcon_core.shell:Skip shell extension 'dsv' for command environment
[2.513s] INFO:colcon.colcon_core.task.python.build:Building Python package in '/root/Dojo/Dojo/backup_packages/vision_system'
[2.513s] INFO:colcon.colcon_core.shell:Skip shell extension 'powershell' for command environment: Not usable outside of PowerShell
[2.513s] DEBUG:colcon.colcon_core.shell:Skip shell extension 'dsv' for command environment
[2.520s] DEBUG:colcon.colcon_core.event_handler.log_command:Invoked command in '/root/Dojo/Dojo/build/robot_control' returned '0': CMAKE_PREFIX_PATH=${CMAKE_PREFIX_PATH}:/root/Dojo/install/robot_hardware:/opt/ros/humble /usr/bin/cmake --build /root/Dojo/Dojo/build/robot_control -- -j16 -l16
[2.529s] DEBUG:colcon.colcon_core.event_handler.log_command:Invoking command in '/root/Dojo/Dojo/build/robot_control': CMAKE_PREFIX_PATH=${CMAKE_PREFIX_PATH}:/root/Dojo/install/robot_hardware:/opt/ros/humble /usr/bin/cmake --install /root/Dojo/Dojo/build/robot_control
[2.530s] DEBUG:colcon.colcon_core.event_handler.log_command:Invoked command in '/root/Dojo/Dojo/build/robot_interfaces' returned '0': CMAKE_PREFIX_PATH=${CMAKE_PREFIX_PATH}:/root/Dojo/install/robot_hardware:/opt/ros/humble /usr/bin/cmake --build /root/Dojo/Dojo/build/robot_interfaces -- -j16 -l16
[2.531s] DEBUG:colcon.colcon_core.event_handler.log_command:Invoking command in '/root/Dojo/Dojo/build/robot_interfaces': CMAKE_PREFIX_PATH=${CMAKE_PREFIX_PATH}:/root/Dojo/install/robot_hardware:/opt/ros/humble /usr/bin/cmake --install /root/Dojo/Dojo/build/robot_interfaces
[2.531s] DEBUG:colcon.colcon_core.event_handler.log_command:Invoked command in '/root/Dojo/Dojo/build/robot_perception' returned '0': /usr/bin/cmake --build /root/Dojo/Dojo/build/robot_perception -- -j16 -l16
[2.532s] DEBUG:colcon.colcon_core.event_handler.log_command:Invoking command in '/root/Dojo/Dojo/build/robot_perception': /usr/bin/cmake --install /root/Dojo/Dojo/build/robot_perception
[2.532s] DEBUG:colcon.colcon_core.event_handler.log_command:Invoked command in '/root/Dojo/Dojo/build/robot_description' returned '0': CMAKE_PREFIX_PATH=${CMAKE_PREFIX_PATH}:/root/Dojo/install/robot_hardware:/opt/ros/humble /usr/bin/cmake --build /root/Dojo/Dojo/build/robot_description -- -j16 -l16
[2.534s] DEBUG:colcon.colcon_core.event_handler.log_command:Invoking command in '/root/Dojo/Dojo/build/robot_description': CMAKE_PREFIX_PATH=${CMAKE_PREFIX_PATH}:/root/Dojo/install/robot_hardware:/opt/ros/humble /usr/bin/cmake --install /root/Dojo/Dojo/build/robot_description
[2.556s] Level 1:colcon.colcon_core.environment:create_environment_scripts_only(robot_control)
[2.561s] Level 1:colcon.colcon_core.environment:checking '/root/Dojo/Dojo/install/robot_control' for CMake module files
[2.563s] Level 1:colcon.colcon_core.environment:checking '/root/Dojo/Dojo/install/robot_control' for CMake config files
[2.565s] Level 1:colcon.colcon_core.shell:create_environment_hook('robot_control', 'cmake_prefix_path')
[2.565s] INFO:colcon.colcon_core.shell:Creating environment hook '/root/Dojo/Dojo/install/robot_control/share/robot_control/hook/cmake_prefix_path.ps1'
[2.567s] INFO:colcon.colcon_core.shell:Creating environment descriptor '/root/Dojo/Dojo/install/robot_control/share/robot_control/hook/cmake_prefix_path.dsv'
[2.567s] INFO:colcon.colcon_core.shell:Creating environment hook '/root/Dojo/Dojo/install/robot_control/share/robot_control/hook/cmake_prefix_path.sh'
[2.569s] Level 1:colcon.colcon_core.environment:checking '/root/Dojo/Dojo/install/robot_control/bin'
[2.569s] Level 1:colcon.colcon_core.environment:checking '/root/Dojo/Dojo/install/robot_control/lib/pkgconfig/robot_control.pc'
[2.570s] Level 1:colcon.colcon_core.environment:checking '/root/Dojo/Dojo/install/robot_control/lib/python3.10/site-packages'
[2.570s] Level 1:colcon.colcon_core.environment:checking '/root/Dojo/Dojo/install/robot_control/bin'
[2.570s] INFO:colcon.colcon_core.shell:Creating package script '/root/Dojo/Dojo/install/robot_control/share/robot_control/package.ps1'
[2.572s] INFO:colcon.colcon_core.shell:Creating package descriptor '/root/Dojo/Dojo/install/robot_control/share/robot_control/package.dsv'
[2.573s] INFO:colcon.colcon_core.shell:Creating package script '/root/Dojo/Dojo/install/robot_control/share/robot_control/package.sh'
[2.574s] INFO:colcon.colcon_core.shell:Creating package script '/root/Dojo/Dojo/install/robot_control/share/robot_control/package.bash'
[2.576s] INFO:colcon.colcon_core.shell:Creating package script '/root/Dojo/Dojo/install/robot_control/share/robot_control/package.zsh'
[2.577s] Level 1:colcon.colcon_core.environment:create_file_with_runtime_dependencies(/root/Dojo/Dojo/install/robot_control/share/colcon-core/packages/robot_control)
[2.578s] Level 1:colcon.colcon_core.environment:create_environment_scripts_only(robot_control)
[2.579s] Level 1:colcon.colcon_core.environment:checking '/root/Dojo/Dojo/install/robot_control' for CMake module files
[2.580s] Level 1:colcon.colcon_core.environment:checking '/root/Dojo/Dojo/install/robot_control' for CMake config files
[2.582s] Level 1:colcon.colcon_core.shell:create_environment_hook('robot_control', 'cmake_prefix_path')
[2.582s] INFO:colcon.colcon_core.shell:Creating environment hook '/root/Dojo/Dojo/install/robot_control/share/robot_control/hook/cmake_prefix_path.ps1'
[2.583s] INFO:colcon.colcon_core.shell:Creating environment descriptor '/root/Dojo/Dojo/install/robot_control/share/robot_control/hook/cmake_prefix_path.dsv'
[2.584s] INFO:colcon.colcon_core.shell:Creating environment hook '/root/Dojo/Dojo/install/robot_control/share/robot_control/hook/cmake_prefix_path.sh'
[2.586s] Level 1:colcon.colcon_core.environment:checking '/root/Dojo/Dojo/install/robot_control/bin'
[2.586s] Level 1:colcon.colcon_core.environment:checking '/root/Dojo/Dojo/install/robot_control/lib/pkgconfig/robot_control.pc'
[2.587s] Level 1:colcon.colcon_core.environment:checking '/root/Dojo/Dojo/install/robot_control/lib/python3.10/site-packages'
[2.587s] Level 1:colcon.colcon_core.environment:checking '/root/Dojo/Dojo/install/robot_control/bin'
[2.588s] INFO:colcon.colcon_core.shell:Creating package script '/root/Dojo/Dojo/install/robot_control/share/robot_control/package.ps1'
[2.589s] INFO:colcon.colcon_core.shell:Creating package descriptor '/root/Dojo/Dojo/install/robot_control/share/robot_control/package.dsv'
[2.590s] INFO:colcon.colcon_core.shell:Creating package script '/root/Dojo/Dojo/install/robot_control/share/robot_control/package.sh'
[2.591s] INFO:colcon.colcon_core.shell:Creating package script '/root/Dojo/Dojo/install/robot_control/share/robot_control/package.bash'
[2.592s] INFO:colcon.colcon_core.shell:Creating package script '/root/Dojo/Dojo/install/robot_control/share/robot_control/package.zsh'
[2.593s] Level 1:colcon.colcon_core.environment:create_file_with_runtime_dependencies(/root/Dojo/Dojo/install/robot_control/share/colcon-core/packages/robot_control)
[2.599s] Level 1:colcon.colcon_core.environment:create_environment_scripts_only(robot_description)
[2.600s] Level 1:colcon.colcon_core.environment:checking '/root/Dojo/Dojo/install/robot_description' for CMake module files
[2.603s] DEBUG:colcon.colcon_core.event_handler.log_command:Invoked command in '/root/Dojo/Dojo/build/robot_control' returned '0': CMAKE_PREFIX_PATH=${CMAKE_PREFIX_PATH}:/root/Dojo/install/robot_hardware:/opt/ros/humble /usr/bin/cmake --install /root/Dojo/Dojo/build/robot_control
[2.605s] Level 1:colcon.colcon_core.environment:checking '/root/Dojo/Dojo/install/robot_description' for CMake config files
[2.605s] Level 1:colcon.colcon_core.shell:create_environment_hook('robot_description', 'cmake_prefix_path')
[2.606s] INFO:colcon.colcon_core.shell:Creating environment hook '/root/Dojo/Dojo/install/robot_description/share/robot_description/hook/cmake_prefix_path.ps1'
[2.606s] INFO:colcon.colcon_core.shell:Creating environment descriptor '/root/Dojo/Dojo/install/robot_description/share/robot_description/hook/cmake_prefix_path.dsv'
[2.607s] INFO:colcon.colcon_core.shell:Creating environment hook '/root/Dojo/Dojo/install/robot_description/share/robot_description/hook/cmake_prefix_path.sh'
[2.608s] Level 1:colcon.colcon_core.environment:checking '/root/Dojo/Dojo/install/robot_description/lib'
[2.609s] Level 1:colcon.colcon_core.environment:checking '/root/Dojo/Dojo/install/robot_description/bin'
[2.609s] Level 1:colcon.colcon_core.environment:checking '/root/Dojo/Dojo/install/robot_description/lib/pkgconfig/robot_description.pc'
[2.609s] Level 1:colcon.colcon_core.environment:checking '/root/Dojo/Dojo/install/robot_description/lib/python3.10/site-packages'
[2.609s] Level 1:colcon.colcon_core.shell:create_environment_hook('robot_description', 'pythonpath')
[2.610s] INFO:colcon.colcon_core.shell:Creating environment hook '/root/Dojo/Dojo/install/robot_description/share/robot_description/hook/pythonpath.ps1'
[2.612s] INFO:colcon.colcon_core.shell:Creating environment descriptor '/root/Dojo/Dojo/install/robot_description/share/robot_description/hook/pythonpath.dsv'
[2.614s] INFO:colcon.colcon_core.shell:Creating environment hook '/root/Dojo/Dojo/install/robot_description/share/robot_description/hook/pythonpath.sh'
[2.616s] Level 1:colcon.colcon_core.environment:checking '/root/Dojo/Dojo/install/robot_description/bin'
[2.617s] INFO:colcon.colcon_core.shell:Creating package script '/root/Dojo/Dojo/install/robot_description/share/robot_description/package.ps1'
[2.622s] INFO:colcon.colcon_core.shell:Creating package descriptor '/root/Dojo/Dojo/install/robot_description/share/robot_description/package.dsv'
[2.623s] INFO:colcon.colcon_core.shell:Creating package script '/root/Dojo/Dojo/install/robot_description/share/robot_description/package.sh'
[2.624s] INFO:colcon.colcon_core.shell:Creating package script '/root/Dojo/Dojo/install/robot_description/share/robot_description/package.bash'
[2.625s] INFO:colcon.colcon_core.shell:Creating package script '/root/Dojo/Dojo/install/robot_description/share/robot_description/package.zsh'
[2.625s] Level 1:colcon.colcon_core.environment:create_file_with_runtime_dependencies(/root/Dojo/Dojo/install/robot_description/share/colcon-core/packages/robot_description)
[2.626s] Level 1:colcon.colcon_core.environment:create_environment_scripts_only(robot_description)
[2.630s] Level 1:colcon.colcon_core.environment:checking '/root/Dojo/Dojo/install/robot_description' for CMake module files
[2.632s] Level 1:colcon.colcon_core.environment:checking '/root/Dojo/Dojo/install/robot_description' for CMake config files
[2.632s] Level 1:colcon.colcon_core.shell:create_environment_hook('robot_description', 'cmake_prefix_path')
[2.633s] INFO:colcon.colcon_core.shell:Creating environment hook '/root/Dojo/Dojo/install/robot_description/share/robot_description/hook/cmake_prefix_path.ps1'
[2.635s] INFO:colcon.colcon_core.shell:Creating environment descriptor '/root/Dojo/Dojo/install/robot_description/share/robot_description/hook/cmake_prefix_path.dsv'
[2.638s] INFO:colcon.colcon_core.shell:Creating environment hook '/root/Dojo/Dojo/install/robot_description/share/robot_description/hook/cmake_prefix_path.sh'
[2.639s] Level 1:colcon.colcon_core.environment:checking '/root/Dojo/Dojo/install/robot_description/lib'
[2.639s] Level 1:colcon.colcon_core.environment:checking '/root/Dojo/Dojo/install/robot_description/bin'
[2.640s] Level 1:colcon.colcon_core.environment:checking '/root/Dojo/Dojo/install/robot_description/lib/pkgconfig/robot_description.pc'
[2.640s] Level 1:colcon.colcon_core.environment:checking '/root/Dojo/Dojo/install/robot_description/lib/python3.10/site-packages'
[2.640s] Level 1:colcon.colcon_core.shell:create_environment_hook('robot_description', 'pythonpath')
[2.641s] INFO:colcon.colcon_core.shell:Creating environment hook '/root/Dojo/Dojo/install/robot_description/share/robot_description/hook/pythonpath.ps1'
[2.642s] INFO:colcon.colcon_core.shell:Creating environment descriptor '/root/Dojo/Dojo/install/robot_description/share/robot_description/hook/pythonpath.dsv'
[2.644s] INFO:colcon.colcon_core.shell:Creating environment hook '/root/Dojo/Dojo/install/robot_description/share/robot_description/hook/pythonpath.sh'
[2.645s] Level 1:colcon.colcon_core.environment:checking '/root/Dojo/Dojo/install/robot_description/bin'
[2.646s] INFO:colcon.colcon_core.shell:Creating package script '/root/Dojo/Dojo/install/robot_description/share/robot_description/package.ps1'
[2.650s] INFO:colcon.colcon_core.shell:Creating package descriptor '/root/Dojo/Dojo/install/robot_description/share/robot_description/package.dsv'
[2.652s] INFO:colcon.colcon_core.shell:Creating package script '/root/Dojo/Dojo/install/robot_description/share/robot_description/package.sh'
[2.653s] INFO:colcon.colcon_core.shell:Creating package script '/root/Dojo/Dojo/install/robot_description/share/robot_description/package.bash'
[2.653s] INFO:colcon.colcon_core.shell:Creating package script '/root/Dojo/Dojo/install/robot_description/share/robot_description/package.zsh'
[2.654s] Level 1:colcon.colcon_core.environment:create_file_with_runtime_dependencies(/root/Dojo/Dojo/install/robot_description/share/colcon-core/packages/robot_description)
[2.654s] Level 1:colcon.colcon_core.environment:create_environment_scripts_only(robot_perception)
[2.655s] Level 1:colcon.colcon_core.environment:checking '/root/Dojo/Dojo/install/robot_perception' for CMake module files
[2.657s] DEBUG:colcon.colcon_core.event_handler.log_command:Invoked command in '/root/Dojo/Dojo/build/robot_description' returned '0': CMAKE_PREFIX_PATH=${CMAKE_PREFIX_PATH}:/root/Dojo/install/robot_hardware:/opt/ros/humble /usr/bin/cmake --install /root/Dojo/Dojo/build/robot_description
[2.657s] Level 1:colcon.colcon_core.environment:checking '/root/Dojo/Dojo/install/robot_perception' for CMake config files
[2.659s] Level 1:colcon.colcon_core.shell:create_environment_hook('robot_perception', 'cmake_prefix_path')
[2.659s] INFO:colcon.colcon_core.shell:Creating environment hook '/root/Dojo/Dojo/install/robot_perception/share/robot_perception/hook/cmake_prefix_path.ps1'
[2.660s] INFO:colcon.colcon_core.shell:Creating environment descriptor '/root/Dojo/Dojo/install/robot_perception/share/robot_perception/hook/cmake_prefix_path.dsv'
[2.660s] INFO:colcon.colcon_core.shell:Creating environment hook '/root/Dojo/Dojo/install/robot_perception/share/robot_perception/hook/cmake_prefix_path.sh'
[2.662s] Level 1:colcon.colcon_core.environment:checking '/root/Dojo/Dojo/install/robot_perception/lib'
[2.662s] Level 1:colcon.colcon_core.environment:checking '/root/Dojo/Dojo/install/robot_perception/bin'
[2.663s] Level 1:colcon.colcon_core.environment:checking '/root/Dojo/Dojo/install/robot_perception/lib/pkgconfig/robot_perception.pc'
[2.663s] Level 1:colcon.colcon_core.environment:checking '/root/Dojo/Dojo/install/robot_perception/lib/python3.10/site-packages'
[2.663s] Level 1:colcon.colcon_core.environment:checking '/root/Dojo/Dojo/install/robot_perception/bin'
[2.664s] INFO:colcon.colcon_core.shell:Creating package script '/root/Dojo/Dojo/install/robot_perception/share/robot_perception/package.ps1'
[2.669s] INFO:colcon.colcon_core.shell:Creating package descriptor '/root/Dojo/Dojo/install/robot_perception/share/robot_perception/package.dsv'
[2.671s] INFO:colcon.colcon_core.shell:Creating package script '/root/Dojo/Dojo/install/robot_perception/share/robot_perception/package.sh'
[2.671s] DEBUG:colcon.colcon_core.event_handler.log_command:Invoked command in '/root/Dojo/Dojo/build/robot_perception' returned '0': /usr/bin/cmake --install /root/Dojo/Dojo/build/robot_perception
[2.672s] INFO:colcon.colcon_core.shell:Creating package script '/root/Dojo/Dojo/install/robot_perception/share/robot_perception/package.bash'
[2.673s] INFO:colcon.colcon_core.shell:Creating package script '/root/Dojo/Dojo/install/robot_perception/share/robot_perception/package.zsh'
[2.673s] Level 1:colcon.colcon_core.environment:create_file_with_runtime_dependencies(/root/Dojo/Dojo/install/robot_perception/share/colcon-core/packages/robot_perception)
[2.674s] INFO:colcon.colcon_ros.task.ament_cmake.build:Building ROS package in '/root/Dojo/Dojo/src/robot_navigation' with build type 'ament_cmake'
[2.674s] INFO:colcon.colcon_cmake.task.cmake.build:Building CMake package in '/root/Dojo/Dojo/src/robot_navigation'
[2.675s] INFO:colcon.colcon_core.shell:Skip shell extension 'powershell' for command environment: Not usable outside of PowerShell
[2.675s] DEBUG:colcon.colcon_core.shell:Skip shell extension 'dsv' for command environment
[2.681s] INFO:colcon.colcon_ros.task.ament_cmake.build:Building ROS package in '/root/Dojo/Dojo/src/robot_gazebo' with build type 'ament_cmake'
[2.681s] INFO:colcon.colcon_cmake.task.cmake.build:Building CMake package in '/root/Dojo/Dojo/src/robot_gazebo'
[2.682s] INFO:colcon.colcon_core.shell:Skip shell extension 'powershell' for command environment: Not usable outside of PowerShell
[2.682s] DEBUG:colcon.colcon_core.shell:Skip shell extension 'dsv' for command environment
[2.688s] INFO:colcon.colcon_ros.task.ament_python.build:Building ROS package in '/root/Dojo/Dojo/src/robot_launch' with build type 'ament_python'
[2.688s] Level 1:colcon.colcon_core.shell:create_environment_hook('robot_launch', 'ament_prefix_path')
[2.689s] INFO:colcon.colcon_core.shell:Creating environment hook '/root/Dojo/Dojo/install/robot_launch/share/robot_launch/hook/ament_prefix_path.ps1'
[2.690s] INFO:colcon.colcon_core.shell:Creating environment descriptor '/root/Dojo/Dojo/install/robot_launch/share/robot_launch/hook/ament_prefix_path.dsv'
[2.691s] INFO:colcon.colcon_core.shell:Creating environment hook '/root/Dojo/Dojo/install/robot_launch/share/robot_launch/hook/ament_prefix_path.sh'
[2.693s] INFO:colcon.colcon_core.shell:Skip shell extension 'powershell' for command environment: Not usable outside of PowerShell
[2.693s] DEBUG:colcon.colcon_core.shell:Skip shell extension 'dsv' for command environment
[2.701s] Level 1:colcon.colcon_core.environment:create_environment_scripts_only(robot_interfaces)
[2.702s] Level 1:colcon.colcon_core.environment:checking '/root/Dojo/Dojo/install/robot_interfaces' for CMake module files
[2.702s] DEBUG:colcon.colcon_core.event_handler.log_command:Invoked command in '/root/Dojo/Dojo/build/robot_interfaces' returned '0': CMAKE_PREFIX_PATH=${CMAKE_PREFIX_PATH}:/root/Dojo/install/robot_hardware:/opt/ros/humble /usr/bin/cmake --install /root/Dojo/Dojo/build/robot_interfaces
[2.703s] Level 1:colcon.colcon_core.environment:checking '/root/Dojo/Dojo/install/robot_interfaces' for CMake config files
[2.704s] Level 1:colcon.colcon_core.shell:create_environment_hook('robot_interfaces', 'cmake_prefix_path')
[2.704s] INFO:colcon.colcon_core.shell:Creating environment hook '/root/Dojo/Dojo/install/robot_interfaces/share/robot_interfaces/hook/cmake_prefix_path.ps1'
[2.705s] INFO:colcon.colcon_core.shell:Creating environment descriptor '/root/Dojo/Dojo/install/robot_interfaces/share/robot_interfaces/hook/cmake_prefix_path.dsv'
[2.705s] INFO:colcon.colcon_core.shell:Creating environment hook '/root/Dojo/Dojo/install/robot_interfaces/share/robot_interfaces/hook/cmake_prefix_path.sh'
[2.706s] Level 1:colcon.colcon_core.environment:checking '/root/Dojo/Dojo/install/robot_interfaces/lib'
[2.706s] Level 1:colcon.colcon_core.shell:create_environment_hook('robot_interfaces', 'ld_library_path_lib')
[2.706s] INFO:colcon.colcon_core.shell:Creating environment hook '/root/Dojo/Dojo/install/robot_interfaces/share/robot_interfaces/hook/ld_library_path_lib.ps1'
[2.707s] INFO:colcon.colcon_core.shell:Creating environment descriptor '/root/Dojo/Dojo/install/robot_interfaces/share/robot_interfaces/hook/ld_library_path_lib.dsv'
[2.707s] INFO:colcon.colcon_core.shell:Creating environment hook '/root/Dojo/Dojo/install/robot_interfaces/share/robot_interfaces/hook/ld_library_path_lib.sh'
[2.708s] Level 1:colcon.colcon_core.environment:checking '/root/Dojo/Dojo/install/robot_interfaces/bin'
[2.708s] Level 1:colcon.colcon_core.environment:checking '/root/Dojo/Dojo/install/robot_interfaces/lib/pkgconfig/robot_interfaces.pc'
[2.708s] Level 1:colcon.colcon_core.environment:checking '/root/Dojo/Dojo/install/robot_interfaces/lib/python3.10/site-packages'
[2.708s] Level 1:colcon.colcon_core.environment:checking '/root/Dojo/Dojo/install/robot_interfaces/bin'
[2.708s] INFO:colcon.colcon_core.shell:Creating package script '/root/Dojo/Dojo/install/robot_interfaces/share/robot_interfaces/package.ps1'
[2.709s] INFO:colcon.colcon_core.shell:Creating package descriptor '/root/Dojo/Dojo/install/robot_interfaces/share/robot_interfaces/package.dsv'
[2.709s] INFO:colcon.colcon_core.shell:Creating package script '/root/Dojo/Dojo/install/robot_interfaces/share/robot_interfaces/package.sh'
[2.710s] INFO:colcon.colcon_core.shell:Creating package script '/root/Dojo/Dojo/install/robot_interfaces/share/robot_interfaces/package.bash'
[2.710s] INFO:colcon.colcon_core.shell:Creating package script '/root/Dojo/Dojo/install/robot_interfaces/share/robot_interfaces/package.zsh'
[2.710s] Level 1:colcon.colcon_core.environment:create_file_with_runtime_dependencies(/root/Dojo/Dojo/install/robot_interfaces/share/colcon-core/packages/robot_interfaces)
[2.711s] Level 1:colcon.colcon_core.environment:create_environment_scripts_only(robot_interfaces)
[2.711s] Level 1:colcon.colcon_core.environment:checking '/root/Dojo/Dojo/install/robot_interfaces' for CMake module files
[2.712s] Level 1:colcon.colcon_core.environment:checking '/root/Dojo/Dojo/install/robot_interfaces' for CMake config files
[2.713s] Level 1:colcon.colcon_core.shell:create_environment_hook('robot_interfaces', 'cmake_prefix_path')
[2.713s] INFO:colcon.colcon_core.shell:Creating environment hook '/root/Dojo/Dojo/install/robot_interfaces/share/robot_interfaces/hook/cmake_prefix_path.ps1'
[2.713s] INFO:colcon.colcon_core.shell:Creating environment descriptor '/root/Dojo/Dojo/install/robot_interfaces/share/robot_interfaces/hook/cmake_prefix_path.dsv'
[2.714s] INFO:colcon.colcon_core.shell:Creating environment hook '/root/Dojo/Dojo/install/robot_interfaces/share/robot_interfaces/hook/cmake_prefix_path.sh'
[2.714s] Level 1:colcon.colcon_core.environment:checking '/root/Dojo/Dojo/install/robot_interfaces/lib'
[2.715s] Level 1:colcon.colcon_core.shell:create_environment_hook('robot_interfaces', 'ld_library_path_lib')
[2.715s] INFO:colcon.colcon_core.shell:Creating environment hook '/root/Dojo/Dojo/install/robot_interfaces/share/robot_interfaces/hook/ld_library_path_lib.ps1'
[2.715s] INFO:colcon.colcon_core.shell:Creating environment descriptor '/root/Dojo/Dojo/install/robot_interfaces/share/robot_interfaces/hook/ld_library_path_lib.dsv'
[2.715s] INFO:colcon.colcon_core.shell:Creating environment hook '/root/Dojo/Dojo/install/robot_interfaces/share/robot_interfaces/hook/ld_library_path_lib.sh'
[2.716s] Level 1:colcon.colcon_core.environment:checking '/root/Dojo/Dojo/install/robot_interfaces/bin'
[2.716s] Level 1:colcon.colcon_core.environment:checking '/root/Dojo/Dojo/install/robot_interfaces/lib/pkgconfig/robot_interfaces.pc'
[2.716s] Level 1:colcon.colcon_core.environment:checking '/root/Dojo/Dojo/install/robot_interfaces/lib/python3.10/site-packages'
[2.716s] Level 1:colcon.colcon_core.environment:checking '/root/Dojo/Dojo/install/robot_interfaces/bin'
[2.717s] INFO:colcon.colcon_core.shell:Creating package script '/root/Dojo/Dojo/install/robot_interfaces/share/robot_interfaces/package.ps1'
[2.717s] INFO:colcon.colcon_core.shell:Creating package descriptor '/root/Dojo/Dojo/install/robot_interfaces/share/robot_interfaces/package.dsv'
[2.718s] INFO:colcon.colcon_core.shell:Creating package script '/root/Dojo/Dojo/install/robot_interfaces/share/robot_interfaces/package.sh'
[2.718s] INFO:colcon.colcon_core.shell:Creating package script '/root/Dojo/Dojo/install/robot_interfaces/share/robot_interfaces/package.bash'
[2.719s] INFO:colcon.colcon_core.shell:Creating package script '/root/Dojo/Dojo/install/robot_interfaces/share/robot_interfaces/package.zsh'
[2.719s] Level 1:colcon.colcon_core.environment:create_file_with_runtime_dependencies(/root/Dojo/Dojo/install/robot_interfaces/share/colcon-core/packages/robot_interfaces)
[2.723s] DEBUG:colcon.colcon_core.event_handler.log_command:Invoking command in '/root/Dojo/Dojo/build/robot_navigation': AMENT_PREFIX_PATH=/root/Dojo/Dojo/install/robot_description:/root/Dojo/Dojo/install/robot_control:${AMENT_PREFIX_PATH} CMAKE_PREFIX_PATH=/root/Dojo/Dojo/install/robot_description:/root/Dojo/Dojo/install/robot_control:/root/Dojo/install/robot_perception:/root/Dojo/install/robot_hardware:/opt/ros/humble PYTHONPATH=/root/Dojo/Dojo/install/robot_description/lib/python3.10/site-packages:${PYTHONPATH} /usr/bin/cmake --build /root/Dojo/Dojo/build/robot_navigation -- -j16 -l16
[2.727s] DEBUG:colcon.colcon_core.event_handler.log_command:Invoking command in '/root/Dojo/Dojo/build/robot_gazebo': AMENT_PREFIX_PATH=/root/Dojo/Dojo/install/robot_description:/root/Dojo/Dojo/install/robot_control:${AMENT_PREFIX_PATH} CMAKE_PREFIX_PATH=/root/Dojo/Dojo/install/robot_description:/root/Dojo/Dojo/install/robot_control:/root/Dojo/install/robot_perception:/root/Dojo/install/robot_hardware:/opt/ros/humble PYTHONPATH=/root/Dojo/Dojo/install/robot_description/lib/python3.10/site-packages:${PYTHONPATH} /usr/bin/cmake --build /root/Dojo/Dojo/build/robot_gazebo -- -j16 -l16
[3.081s] INFO:colcon.colcon_core.task.python.build:Building Python package in '/root/Dojo/Dojo/src/robot_launch'
[3.082s] INFO:colcon.colcon_core.shell:Skip shell extension 'powershell' for command environment: Not usable outside of PowerShell
[3.082s] DEBUG:colcon.colcon_core.shell:Skip shell extension 'dsv' for command environment
[3.087s] DEBUG:colcon.colcon_core.event_handler.log_command:Invoked command in '/root/Dojo/Dojo/build/robot_navigation' returned '0': AMENT_PREFIX_PATH=/root/Dojo/Dojo/install/robot_description:/root/Dojo/Dojo/install/robot_control:${AMENT_PREFIX_PATH} CMAKE_PREFIX_PATH=/root/Dojo/Dojo/install/robot_description:/root/Dojo/Dojo/install/robot_control:/root/Dojo/install/robot_perception:/root/Dojo/install/robot_hardware:/opt/ros/humble PYTHONPATH=/root/Dojo/Dojo/install/robot_description/lib/python3.10/site-packages:${PYTHONPATH} /usr/bin/cmake --build /root/Dojo/Dojo/build/robot_navigation -- -j16 -l16
[3.088s] DEBUG:colcon.colcon_core.event_handler.log_command:Invoking command in '/root/Dojo/Dojo/build/robot_navigation': AMENT_PREFIX_PATH=/root/Dojo/Dojo/install/robot_description:/root/Dojo/Dojo/install/robot_control:${AMENT_PREFIX_PATH} CMAKE_PREFIX_PATH=/root/Dojo/Dojo/install/robot_description:/root/Dojo/Dojo/install/robot_control:/root/Dojo/install/robot_perception:/root/Dojo/install/robot_hardware:/opt/ros/humble PYTHONPATH=/root/Dojo/Dojo/install/robot_description/lib/python3.10/site-packages:${PYTHONPATH} /usr/bin/cmake --install /root/Dojo/Dojo/build/robot_navigation
[3.089s] DEBUG:colcon.colcon_core.event_handler.log_command:Invoked command in '/root/Dojo/Dojo/build/robot_gazebo' returned '0': AMENT_PREFIX_PATH=/root/Dojo/Dojo/install/robot_description:/root/Dojo/Dojo/install/robot_control:${AMENT_PREFIX_PATH} CMAKE_PREFIX_PATH=/root/Dojo/Dojo/install/robot_description:/root/Dojo/Dojo/install/robot_control:/root/Dojo/install/robot_perception:/root/Dojo/install/robot_hardware:/opt/ros/humble PYTHONPATH=/root/Dojo/Dojo/install/robot_description/lib/python3.10/site-packages:${PYTHONPATH} /usr/bin/cmake --build /root/Dojo/Dojo/build/robot_gazebo -- -j16 -l16
[3.091s] DEBUG:colcon.colcon_core.event_handler.log_command:Invoking command in '/root/Dojo/Dojo/build/robot_gazebo': AMENT_PREFIX_PATH=/root/Dojo/Dojo/install/robot_description:/root/Dojo/Dojo/install/robot_control:${AMENT_PREFIX_PATH} CMAKE_PREFIX_PATH=/root/Dojo/Dojo/install/robot_description:/root/Dojo/Dojo/install/robot_control:/root/Dojo/install/robot_perception:/root/Dojo/install/robot_hardware:/opt/ros/humble PYTHONPATH=/root/Dojo/Dojo/install/robot_description/lib/python3.10/site-packages:${PYTHONPATH} /usr/bin/cmake --install /root/Dojo/Dojo/build/robot_gazebo
[3.125s] Level 1:colcon.colcon_core.environment:create_environment_scripts_only(robot_navigation)
[3.125s] Level 1:colcon.colcon_core.environment:checking '/root/Dojo/Dojo/install/robot_navigation' for CMake module files
[3.126s] DEBUG:colcon.colcon_core.event_handler.log_command:Invoked command in '/root/Dojo/Dojo/build/robot_navigation' returned '0': AMENT_PREFIX_PATH=/root/Dojo/Dojo/install/robot_description:/root/Dojo/Dojo/install/robot_control:${AMENT_PREFIX_PATH} CMAKE_PREFIX_PATH=/root/Dojo/Dojo/install/robot_description:/root/Dojo/Dojo/install/robot_control:/root/Dojo/install/robot_perception:/root/Dojo/install/robot_hardware:/opt/ros/humble PYTHONPATH=/root/Dojo/Dojo/install/robot_description/lib/python3.10/site-packages:${PYTHONPATH} /usr/bin/cmake --install /root/Dojo/Dojo/build/robot_navigation
[3.126s] Level 1:colcon.colcon_core.environment:checking '/root/Dojo/Dojo/install/robot_navigation' for CMake config files
[3.127s] Level 1:colcon.colcon_core.shell:create_environment_hook('robot_navigation', 'cmake_prefix_path')
[3.127s] INFO:colcon.colcon_core.shell:Creating environment hook '/root/Dojo/Dojo/install/robot_navigation/share/robot_navigation/hook/cmake_prefix_path.ps1'
[3.128s] INFO:colcon.colcon_core.shell:Creating environment descriptor '/root/Dojo/Dojo/install/robot_navigation/share/robot_navigation/hook/cmake_prefix_path.dsv'
[3.128s] INFO:colcon.colcon_core.shell:Creating environment hook '/root/Dojo/Dojo/install/robot_navigation/share/robot_navigation/hook/cmake_prefix_path.sh'
[3.129s] Level 1:colcon.colcon_core.environment:checking '/root/Dojo/Dojo/install/robot_navigation/bin'
[3.129s] Level 1:colcon.colcon_core.environment:checking '/root/Dojo/Dojo/install/robot_navigation/lib/pkgconfig/robot_navigation.pc'
[3.129s] Level 1:colcon.colcon_core.environment:checking '/root/Dojo/Dojo/install/robot_navigation/lib/python3.10/site-packages'
[3.130s] Level 1:colcon.colcon_core.environment:checking '/root/Dojo/Dojo/install/robot_navigation/bin'
[3.130s] INFO:colcon.colcon_core.shell:Creating package script '/root/Dojo/Dojo/install/robot_navigation/share/robot_navigation/package.ps1'
[3.131s] INFO:colcon.colcon_core.shell:Creating package descriptor '/root/Dojo/Dojo/install/robot_navigation/share/robot_navigation/package.dsv'
[3.131s] INFO:colcon.colcon_core.shell:Creating package script '/root/Dojo/Dojo/install/robot_navigation/share/robot_navigation/package.sh'
[3.132s] INFO:colcon.colcon_core.shell:Creating package script '/root/Dojo/Dojo/install/robot_navigation/share/robot_navigation/package.bash'
[3.133s] INFO:colcon.colcon_core.shell:Creating package script '/root/Dojo/Dojo/install/robot_navigation/share/robot_navigation/package.zsh'
[3.134s] Level 1:colcon.colcon_core.environment:create_file_with_runtime_dependencies(/root/Dojo/Dojo/install/robot_navigation/share/colcon-core/packages/robot_navigation)
[3.136s] Level 1:colcon.colcon_core.environment:create_environment_scripts_only(robot_navigation)
[3.136s] Level 1:colcon.colcon_core.environment:checking '/root/Dojo/Dojo/install/robot_navigation' for CMake module files
[3.139s] Level 1:colcon.colcon_core.environment:checking '/root/Dojo/Dojo/install/robot_navigation' for CMake config files
[3.139s] Level 1:colcon.colcon_core.shell:create_environment_hook('robot_navigation', 'cmake_prefix_path')
[3.139s] INFO:colcon.colcon_core.shell:Creating environment hook '/root/Dojo/Dojo/install/robot_navigation/share/robot_navigation/hook/cmake_prefix_path.ps1'
[3.140s] INFO:colcon.colcon_core.shell:Creating environment descriptor '/root/Dojo/Dojo/install/robot_navigation/share/robot_navigation/hook/cmake_prefix_path.dsv'
[3.141s] INFO:colcon.colcon_core.shell:Creating environment hook '/root/Dojo/Dojo/install/robot_navigation/share/robot_navigation/hook/cmake_prefix_path.sh'
[3.141s] Level 1:colcon.colcon_core.environment:checking '/root/Dojo/Dojo/install/robot_navigation/bin'
[3.141s] Level 1:colcon.colcon_core.environment:checking '/root/Dojo/Dojo/install/robot_navigation/lib/pkgconfig/robot_navigation.pc'
[3.142s] Level 1:colcon.colcon_core.environment:checking '/root/Dojo/Dojo/install/robot_navigation/lib/python3.10/site-packages'
[3.142s] Level 1:colcon.colcon_core.environment:checking '/root/Dojo/Dojo/install/robot_navigation/bin'
[3.143s] INFO:colcon.colcon_core.shell:Creating package script '/root/Dojo/Dojo/install/robot_navigation/share/robot_navigation/package.ps1'
[3.143s] INFO:colcon.colcon_core.shell:Creating package descriptor '/root/Dojo/Dojo/install/robot_navigation/share/robot_navigation/package.dsv'
[3.144s] INFO:colcon.colcon_core.shell:Creating package script '/root/Dojo/Dojo/install/robot_navigation/share/robot_navigation/package.sh'
[3.144s] INFO:colcon.colcon_core.shell:Creating package script '/root/Dojo/Dojo/install/robot_navigation/share/robot_navigation/package.bash'
[3.145s] INFO:colcon.colcon_core.shell:Creating package script '/root/Dojo/Dojo/install/robot_navigation/share/robot_navigation/package.zsh'
[3.145s] Level 1:colcon.colcon_core.environment:create_file_with_runtime_dependencies(/root/Dojo/Dojo/install/robot_navigation/share/colcon-core/packages/robot_navigation)
[3.147s] Level 1:colcon.colcon_core.environment:create_environment_scripts_only(robot_gazebo)
[3.147s] Level 1:colcon.colcon_core.environment:checking '/root/Dojo/Dojo/install/robot_gazebo' for CMake module files
[3.148s] DEBUG:colcon.colcon_core.event_handler.log_command:Invoked command in '/root/Dojo/Dojo/build/robot_gazebo' returned '0': AMENT_PREFIX_PATH=/root/Dojo/Dojo/install/robot_description:/root/Dojo/Dojo/install/robot_control:${AMENT_PREFIX_PATH} CMAKE_PREFIX_PATH=/root/Dojo/Dojo/install/robot_description:/root/Dojo/Dojo/install/robot_control:/root/Dojo/install/robot_perception:/root/Dojo/install/robot_hardware:/opt/ros/humble PYTHONPATH=/root/Dojo/Dojo/install/robot_description/lib/python3.10/site-packages:${PYTHONPATH} /usr/bin/cmake --install /root/Dojo/Dojo/build/robot_gazebo
[3.149s] Level 1:colcon.colcon_core.environment:checking '/root/Dojo/Dojo/install/robot_gazebo' for CMake config files
[3.149s] Level 1:colcon.colcon_core.shell:create_environment_hook('robot_gazebo', 'cmake_prefix_path')
[3.149s] INFO:colcon.colcon_core.shell:Creating environment hook '/root/Dojo/Dojo/install/robot_gazebo/share/robot_gazebo/hook/cmake_prefix_path.ps1'
[3.150s] INFO:colcon.colcon_core.shell:Creating environment descriptor '/root/Dojo/Dojo/install/robot_gazebo/share/robot_gazebo/hook/cmake_prefix_path.dsv'
[3.151s] INFO:colcon.colcon_core.shell:Creating environment hook '/root/Dojo/Dojo/install/robot_gazebo/share/robot_gazebo/hook/cmake_prefix_path.sh'
[3.151s] Level 1:colcon.colcon_core.environment:checking '/root/Dojo/Dojo/install/robot_gazebo/lib'
[3.152s] Level 1:colcon.colcon_core.environment:checking '/root/Dojo/Dojo/install/robot_gazebo/bin'
[3.152s] Level 1:colcon.colcon_core.environment:checking '/root/Dojo/Dojo/install/robot_gazebo/lib/pkgconfig/robot_gazebo.pc'
[3.152s] Level 1:colcon.colcon_core.environment:checking '/root/Dojo/Dojo/install/robot_gazebo/lib/python3.10/site-packages'
[3.152s] Level 1:colcon.colcon_core.environment:checking '/root/Dojo/Dojo/install/robot_gazebo/bin'
[3.153s] INFO:colcon.colcon_core.shell:Creating package script '/root/Dojo/Dojo/install/robot_gazebo/share/robot_gazebo/package.ps1'
[3.153s] INFO:colcon.colcon_core.shell:Creating package descriptor '/root/Dojo/Dojo/install/robot_gazebo/share/robot_gazebo/package.dsv'
[3.154s] INFO:colcon.colcon_core.shell:Creating package script '/root/Dojo/Dojo/install/robot_gazebo/share/robot_gazebo/package.sh'
[3.154s] INFO:colcon.colcon_core.shell:Creating package script '/root/Dojo/Dojo/install/robot_gazebo/share/robot_gazebo/package.bash'
[3.155s] INFO:colcon.colcon_core.shell:Creating package script '/root/Dojo/Dojo/install/robot_gazebo/share/robot_gazebo/package.zsh'
[3.155s] Level 1:colcon.colcon_core.environment:create_file_with_runtime_dependencies(/root/Dojo/Dojo/install/robot_gazebo/share/colcon-core/packages/robot_gazebo)
[3.156s] Level 1:colcon.colcon_core.environment:create_environment_scripts_only(robot_gazebo)
[3.156s] Level 1:colcon.colcon_core.environment:checking '/root/Dojo/Dojo/install/robot_gazebo' for CMake module files
[3.156s] Level 1:colcon.colcon_core.environment:checking '/root/Dojo/Dojo/install/robot_gazebo' for CMake config files
[3.157s] Level 1:colcon.colcon_core.shell:create_environment_hook('robot_gazebo', 'cmake_prefix_path')
[3.157s] INFO:colcon.colcon_core.shell:Creating environment hook '/root/Dojo/Dojo/install/robot_gazebo/share/robot_gazebo/hook/cmake_prefix_path.ps1'
[3.157s] INFO:colcon.colcon_core.shell:Creating environment descriptor '/root/Dojo/Dojo/install/robot_gazebo/share/robot_gazebo/hook/cmake_prefix_path.dsv'
[3.158s] INFO:colcon.colcon_core.shell:Creating environment hook '/root/Dojo/Dojo/install/robot_gazebo/share/robot_gazebo/hook/cmake_prefix_path.sh'
[3.158s] Level 1:colcon.colcon_core.environment:checking '/root/Dojo/Dojo/install/robot_gazebo/lib'
[3.158s] Level 1:colcon.colcon_core.environment:checking '/root/Dojo/Dojo/install/robot_gazebo/bin'
[3.158s] Level 1:colcon.colcon_core.environment:checking '/root/Dojo/Dojo/install/robot_gazebo/lib/pkgconfig/robot_gazebo.pc'
[3.159s] Level 1:colcon.colcon_core.environment:checking '/root/Dojo/Dojo/install/robot_gazebo/lib/python3.10/site-packages'
[3.159s] Level 1:colcon.colcon_core.environment:checking '/root/Dojo/Dojo/install/robot_gazebo/bin'
[3.159s] INFO:colcon.colcon_core.shell:Creating package script '/root/Dojo/Dojo/install/robot_gazebo/share/robot_gazebo/package.ps1'
[3.159s] INFO:colcon.colcon_core.shell:Creating package descriptor '/root/Dojo/Dojo/install/robot_gazebo/share/robot_gazebo/package.dsv'
[3.160s] INFO:colcon.colcon_core.shell:Creating package script '/root/Dojo/Dojo/install/robot_gazebo/share/robot_gazebo/package.sh'
[3.160s] INFO:colcon.colcon_core.shell:Creating package script '/root/Dojo/Dojo/install/robot_gazebo/share/robot_gazebo/package.bash'
[3.161s] INFO:colcon.colcon_core.shell:Creating package script '/root/Dojo/Dojo/install/robot_gazebo/share/robot_gazebo/package.zsh'
[3.161s] Level 1:colcon.colcon_core.environment:create_file_with_runtime_dependencies(/root/Dojo/Dojo/install/robot_gazebo/share/colcon-core/packages/robot_gazebo)
[3.253s] DEBUG:colcon.colcon_core.event_handler.log_command:Invoking command in '/root/Dojo/Dojo/build/arduino_bridge': PYTHONPATH=/root/Dojo/Dojo/build/arduino_bridge/prefix_override:/usr/lib/python3/dist-packages/colcon_core/task/python/colcon_distutils_commands:/root/Dojo/Dojo/install/arduino_bridge/lib/python3.10/site-packages:${PYTHONPATH} /usr/bin/python3 -W ignore:setup.py install is deprecated -W ignore:easy_install command is deprecated setup.py develop --editable --build-directory /root/Dojo/Dojo/build/arduino_bridge/build --no-deps symlink_data
[3.295s] DEBUG:colcon.colcon_core.event_handler.log_command:Invoking command in '/root/Dojo/Dojo/build/ros2arduino_bridge': PYTHONPATH=/root/Dojo/Dojo/build/ros2arduino_bridge/prefix_override:/usr/lib/python3/dist-packages/colcon_core/task/python/colcon_distutils_commands:/root/Dojo/Dojo/install/ros2arduino_bridge/lib/python3.10/site-packages:${PYTHONPATH} /usr/bin/python3 -W ignore:setup.py install is deprecated -W ignore:easy_install command is deprecated setup.py develop --editable --build-directory /root/Dojo/Dojo/build/ros2arduino_bridge/build --no-deps symlink_data
[3.296s] DEBUG:colcon.colcon_core.event_handler.log_command:Invoking command in '/root/Dojo/Dojo/build/robot_hardware': PYTHONPATH=/root/Dojo/Dojo/build/robot_hardware/prefix_override:/usr/lib/python3/dist-packages/colcon_core/task/python/colcon_distutils_commands:/root/Dojo/Dojo/install/robot_hardware/lib/python3.10/site-packages:${PYTHONPATH} /usr/bin/python3 -W ignore:setup.py install is deprecated -W ignore:easy_install command is deprecated setup.py develop --editable --build-directory /root/Dojo/Dojo/build/robot_hardware/build --no-deps symlink_data
[3.296s] DEBUG:colcon.colcon_core.event_handler.log_command:Invoking command in '/root/Dojo/Dojo/build/nv21_converter_pkg': PYTHONPATH=/root/Dojo/Dojo/build/nv21_converter_pkg/prefix_override:/usr/lib/python3/dist-packages/colcon_core/task/python/colcon_distutils_commands:/root/Dojo/Dojo/install/nv21_converter_pkg/lib/python3.10/site-packages:${PYTHONPATH} /usr/bin/python3 -W ignore:setup.py install is deprecated -W ignore:easy_install command is deprecated setup.py develop --editable --build-directory /root/Dojo/Dojo/build/nv21_converter_pkg/build --no-deps symlink_data
[3.297s] DEBUG:colcon.colcon_core.event_handler.log_command:Invoking command in '/root/Dojo/Dojo/build/vision_system': PYTHONPATH=/root/Dojo/Dojo/build/vision_system/prefix_override:/usr/lib/python3/dist-packages/colcon_core/task/python/colcon_distutils_commands:/root/Dojo/Dojo/install/vision_system/lib/python3.10/site-packages:${PYTHONPATH} /usr/bin/python3 -W ignore:setup.py install is deprecated -W ignore:easy_install command is deprecated setup.py develop --editable --build-directory /root/Dojo/Dojo/build/vision_system/build --no-deps symlink_data
[3.297s] DEBUG:colcon.colcon_core.event_handler.log_command:Invoking command in '/root/Dojo/Dojo/build/robot_sensors': PYTHONPATH=/root/Dojo/Dojo/build/robot_sensors/prefix_override:/usr/lib/python3/dist-packages/colcon_core/task/python/colcon_distutils_commands:/root/Dojo/Dojo/install/robot_sensors/lib/python3.10/site-packages:${PYTHONPATH} /usr/bin/python3 -W ignore:setup.py install is deprecated -W ignore:easy_install command is deprecated setup.py develop --editable --build-directory /root/Dojo/Dojo/build/robot_sensors/build --no-deps symlink_data
[3.739s] DEBUG:colcon.colcon_core.event_handler.log_command:Invoking command in '/root/Dojo/Dojo/build/robot_launch': AMENT_PREFIX_PATH=/root/Dojo/Dojo/install/robot_description:/root/Dojo/Dojo/install/robot_control:${AMENT_PREFIX_PATH} CMAKE_PREFIX_PATH=/root/Dojo/Dojo/install/robot_description:/root/Dojo/Dojo/install/robot_control:${CMAKE_PREFIX_PATH} PYTHONPATH=/root/Dojo/Dojo/build/robot_launch/prefix_override:/usr/lib/python3/dist-packages/colcon_core/task/python/colcon_distutils_commands:/root/Dojo/Dojo/install/robot_launch/lib/python3.10/site-packages:/root/Dojo/Dojo/install/robot_description/lib/python3.10/site-packages:${PYTHONPATH} /usr/bin/python3 -W ignore:setup.py install is deprecated -W ignore:easy_install command is deprecated setup.py develop --editable --build-directory /root/Dojo/Dojo/build/robot_launch/build --no-deps symlink_data
[4.011s] Level 1:colcon.colcon_core.shell:create_environment_hook('arduino_bridge', 'pythonpath_develop')
[4.011s] INFO:colcon.colcon_core.shell:Creating environment hook '/root/Dojo/Dojo/build/arduino_bridge/share/arduino_bridge/hook/pythonpath_develop.ps1'
[4.012s] DEBUG:colcon.colcon_core.event_handler.log_command:Invoked command in '/root/Dojo/Dojo/build/arduino_bridge' returned '0': PYTHONPATH=/root/Dojo/Dojo/build/arduino_bridge/prefix_override:/usr/lib/python3/dist-packages/colcon_core/task/python/colcon_distutils_commands:/root/Dojo/Dojo/install/arduino_bridge/lib/python3.10/site-packages:${PYTHONPATH} /usr/bin/python3 -W ignore:setup.py install is deprecated -W ignore:easy_install command is deprecated setup.py develop --editable --build-directory /root/Dojo/Dojo/build/arduino_bridge/build --no-deps symlink_data
[4.013s] INFO:colcon.colcon_core.shell:Creating environment descriptor '/root/Dojo/Dojo/build/arduino_bridge/share/arduino_bridge/hook/pythonpath_develop.dsv'
[4.013s] INFO:colcon.colcon_core.shell:Creating environment hook '/root/Dojo/Dojo/build/arduino_bridge/share/arduino_bridge/hook/pythonpath_develop.sh'
[4.014s] Level 1:colcon.colcon_core.environment:checking '/root/Dojo/Dojo/install/arduino_bridge' for CMake module files
[4.015s] Level 1:colcon.colcon_core.environment:checking '/root/Dojo/Dojo/install/arduino_bridge' for CMake config files
[4.015s] Level 1:colcon.colcon_core.environment:checking '/root/Dojo/Dojo/install/arduino_bridge/lib'
[4.015s] Level 1:colcon.colcon_core.environment:checking '/root/Dojo/Dojo/install/arduino_bridge/bin'
[4.015s] Level 1:colcon.colcon_core.environment:checking '/root/Dojo/Dojo/install/arduino_bridge/lib/pkgconfig/arduino_bridge.pc'
[4.016s] Level 1:colcon.colcon_core.environment:checking '/root/Dojo/Dojo/install/arduino_bridge/lib/python3.10/site-packages'
[4.016s] Level 1:colcon.colcon_core.shell:create_environment_hook('arduino_bridge', 'pythonpath')
[4.016s] INFO:colcon.colcon_core.shell:Creating environment hook '/root/Dojo/Dojo/install/arduino_bridge/share/arduino_bridge/hook/pythonpath.ps1'
[4.017s] INFO:colcon.colcon_core.shell:Creating environment descriptor '/root/Dojo/Dojo/install/arduino_bridge/share/arduino_bridge/hook/pythonpath.dsv'
[4.017s] INFO:colcon.colcon_core.shell:Creating environment hook '/root/Dojo/Dojo/install/arduino_bridge/share/arduino_bridge/hook/pythonpath.sh'
[4.018s] Level 1:colcon.colcon_core.environment:checking '/root/Dojo/Dojo/install/arduino_bridge/bin'
[4.018s] Level 1:colcon.colcon_core.environment:create_environment_scripts_only(arduino_bridge)
[4.019s] INFO:colcon.colcon_core.shell:Creating package script '/root/Dojo/Dojo/install/arduino_bridge/share/arduino_bridge/package.ps1'
[4.019s] INFO:colcon.colcon_core.shell:Creating package descriptor '/root/Dojo/Dojo/install/arduino_bridge/share/arduino_bridge/package.dsv'
[4.020s] INFO:colcon.colcon_core.shell:Creating package script '/root/Dojo/Dojo/install/arduino_bridge/share/arduino_bridge/package.sh'
[4.020s] INFO:colcon.colcon_core.shell:Creating package script '/root/Dojo/Dojo/install/arduino_bridge/share/arduino_bridge/package.bash'
[4.021s] INFO:colcon.colcon_core.shell:Creating package script '/root/Dojo/Dojo/install/arduino_bridge/share/arduino_bridge/package.zsh'
[4.021s] Level 1:colcon.colcon_core.environment:create_file_with_runtime_dependencies(/root/Dojo/Dojo/install/arduino_bridge/share/colcon-core/packages/arduino_bridge)
[4.029s] Level 1:colcon.colcon_core.shell:create_environment_hook('robot_hardware', 'pythonpath_develop')
[4.030s] INFO:colcon.colcon_core.shell:Creating environment hook '/root/Dojo/Dojo/build/robot_hardware/share/robot_hardware/hook/pythonpath_develop.ps1'
[4.030s] DEBUG:colcon.colcon_core.event_handler.log_command:Invoked command in '/root/Dojo/Dojo/build/robot_hardware' returned '0': PYTHONPATH=/root/Dojo/Dojo/build/robot_hardware/prefix_override:/usr/lib/python3/dist-packages/colcon_core/task/python/colcon_distutils_commands:/root/Dojo/Dojo/install/robot_hardware/lib/python3.10/site-packages:${PYTHONPATH} /usr/bin/python3 -W ignore:setup.py install is deprecated -W ignore:easy_install command is deprecated setup.py develop --editable --build-directory /root/Dojo/Dojo/build/robot_hardware/build --no-deps symlink_data
[4.031s] INFO:colcon.colcon_core.shell:Creating environment descriptor '/root/Dojo/Dojo/build/robot_hardware/share/robot_hardware/hook/pythonpath_develop.dsv'
[4.032s] INFO:colcon.colcon_core.shell:Creating environment hook '/root/Dojo/Dojo/build/robot_hardware/share/robot_hardware/hook/pythonpath_develop.sh'
[4.032s] Level 1:colcon.colcon_core.environment:checking '/root/Dojo/Dojo/install/robot_hardware' for CMake module files
[4.033s] Level 1:colcon.colcon_core.environment:checking '/root/Dojo/Dojo/install/robot_hardware' for CMake config files
[4.033s] Level 1:colcon.colcon_core.environment:checking '/root/Dojo/Dojo/install/robot_hardware/lib'
[4.033s] Level 1:colcon.colcon_core.environment:checking '/root/Dojo/Dojo/install/robot_hardware/bin'
[4.033s] Level 1:colcon.colcon_core.environment:checking '/root/Dojo/Dojo/install/robot_hardware/lib/pkgconfig/robot_hardware.pc'
[4.034s] Level 1:colcon.colcon_core.environment:checking '/root/Dojo/Dojo/install/robot_hardware/lib/python3.10/site-packages'
[4.034s] Level 1:colcon.colcon_core.shell:create_environment_hook('robot_hardware', 'pythonpath')
[4.034s] INFO:colcon.colcon_core.shell:Creating environment hook '/root/Dojo/Dojo/install/robot_hardware/share/robot_hardware/hook/pythonpath.ps1'
[4.035s] INFO:colcon.colcon_core.shell:Creating environment descriptor '/root/Dojo/Dojo/install/robot_hardware/share/robot_hardware/hook/pythonpath.dsv'
[4.035s] INFO:colcon.colcon_core.shell:Creating environment hook '/root/Dojo/Dojo/install/robot_hardware/share/robot_hardware/hook/pythonpath.sh'
[4.036s] Level 1:colcon.colcon_core.environment:checking '/root/Dojo/Dojo/install/robot_hardware/bin'
[4.036s] Level 1:colcon.colcon_core.environment:create_environment_scripts_only(robot_hardware)
[4.036s] INFO:colcon.colcon_core.shell:Creating package script '/root/Dojo/Dojo/install/robot_hardware/share/robot_hardware/package.ps1'
[4.036s] INFO:colcon.colcon_core.shell:Creating package descriptor '/root/Dojo/Dojo/install/robot_hardware/share/robot_hardware/package.dsv'
[4.037s] INFO:colcon.colcon_core.shell:Creating package script '/root/Dojo/Dojo/install/robot_hardware/share/robot_hardware/package.sh'
[4.037s] INFO:colcon.colcon_core.shell:Creating package script '/root/Dojo/Dojo/install/robot_hardware/share/robot_hardware/package.bash'
[4.038s] INFO:colcon.colcon_core.shell:Creating package script '/root/Dojo/Dojo/install/robot_hardware/share/robot_hardware/package.zsh'
[4.038s] Level 1:colcon.colcon_core.environment:create_file_with_runtime_dependencies(/root/Dojo/Dojo/install/robot_hardware/share/colcon-core/packages/robot_hardware)
[4.038s] INFO:colcon.colcon_ros.task.ament_cmake.build:Building ROS package in '/root/Dojo/Dojo/src/robot_bringup' with build type 'ament_cmake'
[4.038s] INFO:colcon.colcon_cmake.task.cmake.build:Building CMake package in '/root/Dojo/Dojo/src/robot_bringup'
[4.039s] INFO:colcon.colcon_core.shell:Skip shell extension 'powershell' for command environment: Not usable outside of PowerShell
[4.039s] DEBUG:colcon.colcon_core.shell:Skip shell extension 'dsv' for command environment
[4.055s] DEBUG:colcon.colcon_core.event_handler.log_command:Invoking command in '/root/Dojo/Dojo/build/robot_bringup': AMENT_PREFIX_PATH=/root/Dojo/Dojo/install/robot_navigation:/root/Dojo/Dojo/install/robot_hardware:/root/Dojo/Dojo/install/robot_description:/root/Dojo/Dojo/install/robot_control:${AMENT_PREFIX_PATH} CMAKE_PREFIX_PATH=/root/Dojo/Dojo/install/robot_navigation:/root/Dojo/Dojo/install/robot_perception:/root/Dojo/Dojo/install/robot_description:/root/Dojo/Dojo/install/robot_control:/root/Dojo/install/robot_perception:/root/Dojo/install/robot_hardware:/opt/ros/humble PYTHONPATH=/root/Dojo/Dojo/build/robot_hardware:/root/Dojo/Dojo/install/robot_hardware/lib/python3.10/site-packages:/root/Dojo/Dojo/install/robot_description/lib/python3.10/site-packages:${PYTHONPATH} /usr/bin/cmake --build /root/Dojo/Dojo/build/robot_bringup -- -j16 -l16
[4.074s] Level 1:colcon.colcon_core.shell:create_environment_hook('robot_sensors', 'pythonpath_develop')
[4.074s] INFO:colcon.colcon_core.shell:Creating environment hook '/root/Dojo/Dojo/build/robot_sensors/share/robot_sensors/hook/pythonpath_develop.ps1'
[4.075s] DEBUG:colcon.colcon_core.event_handler.log_command:Invoked command in '/root/Dojo/Dojo/build/robot_sensors' returned '0': PYTHONPATH=/root/Dojo/Dojo/build/robot_sensors/prefix_override:/usr/lib/python3/dist-packages/colcon_core/task/python/colcon_distutils_commands:/root/Dojo/Dojo/install/robot_sensors/lib/python3.10/site-packages:${PYTHONPATH} /usr/bin/python3 -W ignore:setup.py install is deprecated -W ignore:easy_install command is deprecated setup.py develop --editable --build-directory /root/Dojo/Dojo/build/robot_sensors/build --no-deps symlink_data
[4.075s] INFO:colcon.colcon_core.shell:Creating environment descriptor '/root/Dojo/Dojo/build/robot_sensors/share/robot_sensors/hook/pythonpath_develop.dsv'
[4.076s] INFO:colcon.colcon_core.shell:Creating environment hook '/root/Dojo/Dojo/build/robot_sensors/share/robot_sensors/hook/pythonpath_develop.sh'
[4.076s] Level 1:colcon.colcon_core.environment:checking '/root/Dojo/Dojo/install/robot_sensors' for CMake module files
[4.077s] Level 1:colcon.colcon_core.environment:checking '/root/Dojo/Dojo/install/robot_sensors' for CMake config files
[4.077s] Level 1:colcon.colcon_core.environment:checking '/root/Dojo/Dojo/install/robot_sensors/lib'
[4.077s] Level 1:colcon.colcon_core.environment:checking '/root/Dojo/Dojo/install/robot_sensors/bin'
[4.077s] Level 1:colcon.colcon_core.environment:checking '/root/Dojo/Dojo/install/robot_sensors/lib/pkgconfig/robot_sensors.pc'
[4.078s] Level 1:colcon.colcon_core.environment:checking '/root/Dojo/Dojo/install/robot_sensors/lib/python3.10/site-packages'
[4.078s] Level 1:colcon.colcon_core.shell:create_environment_hook('robot_sensors', 'pythonpath')
[4.078s] INFO:colcon.colcon_core.shell:Creating environment hook '/root/Dojo/Dojo/install/robot_sensors/share/robot_sensors/hook/pythonpath.ps1'
[4.078s] INFO:colcon.colcon_core.shell:Creating environment descriptor '/root/Dojo/Dojo/install/robot_sensors/share/robot_sensors/hook/pythonpath.dsv'
[4.079s] INFO:colcon.colcon_core.shell:Creating environment hook '/root/Dojo/Dojo/install/robot_sensors/share/robot_sensors/hook/pythonpath.sh'
[4.079s] Level 1:colcon.colcon_core.environment:checking '/root/Dojo/Dojo/install/robot_sensors/bin'
[4.079s] Level 1:colcon.colcon_core.environment:create_environment_scripts_only(robot_sensors)
[4.080s] INFO:colcon.colcon_core.shell:Creating package script '/root/Dojo/Dojo/install/robot_sensors/share/robot_sensors/package.ps1'
[4.080s] INFO:colcon.colcon_core.shell:Creating package descriptor '/root/Dojo/Dojo/install/robot_sensors/share/robot_sensors/package.dsv'
[4.081s] INFO:colcon.colcon_core.shell:Creating package script '/root/Dojo/Dojo/install/robot_sensors/share/robot_sensors/package.sh'
[4.081s] INFO:colcon.colcon_core.shell:Creating package script '/root/Dojo/Dojo/install/robot_sensors/share/robot_sensors/package.bash'
[4.081s] INFO:colcon.colcon_core.shell:Creating package script '/root/Dojo/Dojo/install/robot_sensors/share/robot_sensors/package.zsh'
[4.082s] Level 1:colcon.colcon_core.environment:create_file_with_runtime_dependencies(/root/Dojo/Dojo/install/robot_sensors/share/colcon-core/packages/robot_sensors)
[4.083s] Level 1:colcon.colcon_core.shell:create_environment_hook('nv21_converter_pkg', 'pythonpath_develop')
[4.083s] INFO:colcon.colcon_core.shell:Creating environment hook '/root/Dojo/Dojo/build/nv21_converter_pkg/share/nv21_converter_pkg/hook/pythonpath_develop.ps1'
[4.084s] DEBUG:colcon.colcon_core.event_handler.log_command:Invoked command in '/root/Dojo/Dojo/build/nv21_converter_pkg' returned '0': PYTHONPATH=/root/Dojo/Dojo/build/nv21_converter_pkg/prefix_override:/usr/lib/python3/dist-packages/colcon_core/task/python/colcon_distutils_commands:/root/Dojo/Dojo/install/nv21_converter_pkg/lib/python3.10/site-packages:${PYTHONPATH} /usr/bin/python3 -W ignore:setup.py install is deprecated -W ignore:easy_install command is deprecated setup.py develop --editable --build-directory /root/Dojo/Dojo/build/nv21_converter_pkg/build --no-deps symlink_data
[4.084s] INFO:colcon.colcon_core.shell:Creating environment descriptor '/root/Dojo/Dojo/build/nv21_converter_pkg/share/nv21_converter_pkg/hook/pythonpath_develop.dsv'
[4.085s] INFO:colcon.colcon_core.shell:Creating environment hook '/root/Dojo/Dojo/build/nv21_converter_pkg/share/nv21_converter_pkg/hook/pythonpath_develop.sh'
[4.085s] Level 1:colcon.colcon_core.environment:checking '/root/Dojo/Dojo/install/nv21_converter_pkg' for CMake module files
[4.085s] Level 1:colcon.colcon_core.environment:checking '/root/Dojo/Dojo/install/nv21_converter_pkg' for CMake config files
[4.086s] Level 1:colcon.colcon_core.environment:checking '/root/Dojo/Dojo/install/nv21_converter_pkg/lib'
[4.086s] Level 1:colcon.colcon_core.environment:checking '/root/Dojo/Dojo/install/nv21_converter_pkg/bin'
[4.086s] Level 1:colcon.colcon_core.environment:checking '/root/Dojo/Dojo/install/nv21_converter_pkg/lib/pkgconfig/nv21_converter_pkg.pc'
[4.086s] Level 1:colcon.colcon_core.environment:checking '/root/Dojo/Dojo/install/nv21_converter_pkg/lib/python3.10/site-packages'
[4.086s] Level 1:colcon.colcon_core.shell:create_environment_hook('nv21_converter_pkg', 'pythonpath')
[4.086s] INFO:colcon.colcon_core.shell:Creating environment hook '/root/Dojo/Dojo/install/nv21_converter_pkg/share/nv21_converter_pkg/hook/pythonpath.ps1'
[4.087s] INFO:colcon.colcon_core.shell:Creating environment descriptor '/root/Dojo/Dojo/install/nv21_converter_pkg/share/nv21_converter_pkg/hook/pythonpath.dsv'
[4.087s] INFO:colcon.colcon_core.shell:Creating environment hook '/root/Dojo/Dojo/install/nv21_converter_pkg/share/nv21_converter_pkg/hook/pythonpath.sh'
[4.088s] Level 1:colcon.colcon_core.environment:checking '/root/Dojo/Dojo/install/nv21_converter_pkg/bin'
[4.088s] Level 1:colcon.colcon_core.environment:create_environment_scripts_only(nv21_converter_pkg)
[4.088s] INFO:colcon.colcon_core.shell:Creating package script '/root/Dojo/Dojo/install/nv21_converter_pkg/share/nv21_converter_pkg/package.ps1'
[4.089s] INFO:colcon.colcon_core.shell:Creating package descriptor '/root/Dojo/Dojo/install/nv21_converter_pkg/share/nv21_converter_pkg/package.dsv'
[4.089s] INFO:colcon.colcon_core.shell:Creating package script '/root/Dojo/Dojo/install/nv21_converter_pkg/share/nv21_converter_pkg/package.sh'
[4.089s] INFO:colcon.colcon_core.shell:Creating package script '/root/Dojo/Dojo/install/nv21_converter_pkg/share/nv21_converter_pkg/package.bash'
[4.090s] INFO:colcon.colcon_core.shell:Creating package script '/root/Dojo/Dojo/install/nv21_converter_pkg/share/nv21_converter_pkg/package.zsh'
[4.090s] Level 1:colcon.colcon_core.environment:create_file_with_runtime_dependencies(/root/Dojo/Dojo/install/nv21_converter_pkg/share/colcon-core/packages/nv21_converter_pkg)
[4.091s] Level 1:colcon.colcon_core.shell:create_environment_hook('ros2arduino_bridge', 'pythonpath_develop')
[4.091s] INFO:colcon.colcon_core.shell:Creating environment hook '/root/Dojo/Dojo/build/ros2arduino_bridge/share/ros2arduino_bridge/hook/pythonpath_develop.ps1'
[4.091s] INFO:colcon.colcon_core.shell:Creating environment descriptor '/root/Dojo/Dojo/build/ros2arduino_bridge/share/ros2arduino_bridge/hook/pythonpath_develop.dsv'
[4.092s] DEBUG:colcon.colcon_core.event_handler.log_command:Invoked command in '/root/Dojo/Dojo/build/ros2arduino_bridge' returned '0': PYTHONPATH=/root/Dojo/Dojo/build/ros2arduino_bridge/prefix_override:/usr/lib/python3/dist-packages/colcon_core/task/python/colcon_distutils_commands:/root/Dojo/Dojo/install/ros2arduino_bridge/lib/python3.10/site-packages:${PYTHONPATH} /usr/bin/python3 -W ignore:setup.py install is deprecated -W ignore:easy_install command is deprecated setup.py develop --editable --build-directory /root/Dojo/Dojo/build/ros2arduino_bridge/build --no-deps symlink_data
[4.092s] INFO:colcon.colcon_core.shell:Creating environment hook '/root/Dojo/Dojo/build/ros2arduino_bridge/share/ros2arduino_bridge/hook/pythonpath_develop.sh'
[4.093s] Level 1:colcon.colcon_core.environment:checking '/root/Dojo/Dojo/install/ros2arduino_bridge' for CMake module files
[4.093s] Level 1:colcon.colcon_core.environment:checking '/root/Dojo/Dojo/install/ros2arduino_bridge' for CMake config files
[4.094s] Level 1:colcon.colcon_core.environment:checking '/root/Dojo/Dojo/install/ros2arduino_bridge/lib'
[4.094s] Level 1:colcon.colcon_core.environment:checking '/root/Dojo/Dojo/install/ros2arduino_bridge/bin'
[4.094s] Level 1:colcon.colcon_core.environment:checking '/root/Dojo/Dojo/install/ros2arduino_bridge/lib/pkgconfig/ros2arduino_bridge.pc'
[4.094s] Level 1:colcon.colcon_core.environment:checking '/root/Dojo/Dojo/install/ros2arduino_bridge/lib/python3.10/site-packages'
[4.094s] Level 1:colcon.colcon_core.shell:create_environment_hook('ros2arduino_bridge', 'pythonpath')
[4.094s] INFO:colcon.colcon_core.shell:Creating environment hook '/root/Dojo/Dojo/install/ros2arduino_bridge/share/ros2arduino_bridge/hook/pythonpath.ps1'
[4.095s] INFO:colcon.colcon_core.shell:Creating environment descriptor '/root/Dojo/Dojo/install/ros2arduino_bridge/share/ros2arduino_bridge/hook/pythonpath.dsv'
[4.095s] INFO:colcon.colcon_core.shell:Creating environment hook '/root/Dojo/Dojo/install/ros2arduino_bridge/share/ros2arduino_bridge/hook/pythonpath.sh'
[4.096s] Level 1:colcon.colcon_core.environment:checking '/root/Dojo/Dojo/install/ros2arduino_bridge/bin'
[4.096s] Level 1:colcon.colcon_core.environment:create_environment_scripts_only(ros2arduino_bridge)
[4.096s] INFO:colcon.colcon_core.shell:Creating package script '/root/Dojo/Dojo/install/ros2arduino_bridge/share/ros2arduino_bridge/package.ps1'
[4.097s] INFO:colcon.colcon_core.shell:Creating package descriptor '/root/Dojo/Dojo/install/ros2arduino_bridge/share/ros2arduino_bridge/package.dsv'
[4.097s] INFO:colcon.colcon_core.shell:Creating package script '/root/Dojo/Dojo/install/ros2arduino_bridge/share/ros2arduino_bridge/package.sh'
[4.098s] INFO:colcon.colcon_core.shell:Creating package script '/root/Dojo/Dojo/install/ros2arduino_bridge/share/ros2arduino_bridge/package.bash'
[4.098s] INFO:colcon.colcon_core.shell:Creating package script '/root/Dojo/Dojo/install/ros2arduino_bridge/share/ros2arduino_bridge/package.zsh'
[4.098s] Level 1:colcon.colcon_core.environment:create_file_with_runtime_dependencies(/root/Dojo/Dojo/install/ros2arduino_bridge/share/colcon-core/packages/ros2arduino_bridge)
[4.099s] Level 1:colcon.colcon_core.shell:create_environment_hook('vision_system', 'pythonpath_develop')
[4.099s] INFO:colcon.colcon_core.shell:Creating environment hook '/root/Dojo/Dojo/build/vision_system/share/vision_system/hook/pythonpath_develop.ps1'
[4.100s] DEBUG:colcon.colcon_core.event_handler.log_command:Invoked command in '/root/Dojo/Dojo/build/vision_system' returned '0': PYTHONPATH=/root/Dojo/Dojo/build/vision_system/prefix_override:/usr/lib/python3/dist-packages/colcon_core/task/python/colcon_distutils_commands:/root/Dojo/Dojo/install/vision_system/lib/python3.10/site-packages:${PYTHONPATH} /usr/bin/python3 -W ignore:setup.py install is deprecated -W ignore:easy_install command is deprecated setup.py develop --editable --build-directory /root/Dojo/Dojo/build/vision_system/build --no-deps symlink_data
[4.100s] INFO:colcon.colcon_core.shell:Creating environment descriptor '/root/Dojo/Dojo/build/vision_system/share/vision_system/hook/pythonpath_develop.dsv'
[4.101s] INFO:colcon.colcon_core.shell:Creating environment hook '/root/Dojo/Dojo/build/vision_system/share/vision_system/hook/pythonpath_develop.sh'
[4.101s] Level 1:colcon.colcon_core.environment:checking '/root/Dojo/Dojo/install/vision_system' for CMake module files
[4.102s] Level 1:colcon.colcon_core.environment:checking '/root/Dojo/Dojo/install/vision_system' for CMake config files
[4.102s] Level 1:colcon.colcon_core.environment:checking '/root/Dojo/Dojo/install/vision_system/lib'
[4.102s] Level 1:colcon.colcon_core.environment:checking '/root/Dojo/Dojo/install/vision_system/bin'
[4.102s] Level 1:colcon.colcon_core.environment:checking '/root/Dojo/Dojo/install/vision_system/lib/pkgconfig/vision_system.pc'
[4.103s] Level 1:colcon.colcon_core.environment:checking '/root/Dojo/Dojo/install/vision_system/lib/python3.10/site-packages'
[4.103s] Level 1:colcon.colcon_core.shell:create_environment_hook('vision_system', 'pythonpath')
[4.103s] INFO:colcon.colcon_core.shell:Creating environment hook '/root/Dojo/Dojo/install/vision_system/share/vision_system/hook/pythonpath.ps1'
[4.103s] INFO:colcon.colcon_core.shell:Creating environment descriptor '/root/Dojo/Dojo/install/vision_system/share/vision_system/hook/pythonpath.dsv'
[4.104s] INFO:colcon.colcon_core.shell:Creating environment hook '/root/Dojo/Dojo/install/vision_system/share/vision_system/hook/pythonpath.sh'
[4.104s] Level 1:colcon.colcon_core.environment:checking '/root/Dojo/Dojo/install/vision_system/bin'
[4.104s] Level 1:colcon.colcon_core.environment:create_environment_scripts_only(vision_system)
[4.104s] INFO:colcon.colcon_core.shell:Creating package script '/root/Dojo/Dojo/install/vision_system/share/vision_system/package.ps1'
[4.105s] INFO:colcon.colcon_core.shell:Creating package descriptor '/root/Dojo/Dojo/install/vision_system/share/vision_system/package.dsv'
[4.105s] INFO:colcon.colcon_core.shell:Creating package script '/root/Dojo/Dojo/install/vision_system/share/vision_system/package.sh'
[4.106s] INFO:colcon.colcon_core.shell:Creating package script '/root/Dojo/Dojo/install/vision_system/share/vision_system/package.bash'
[4.106s] INFO:colcon.colcon_core.shell:Creating package script '/root/Dojo/Dojo/install/vision_system/share/vision_system/package.zsh'
[4.106s] Level 1:colcon.colcon_core.environment:create_file_with_runtime_dependencies(/root/Dojo/Dojo/install/vision_system/share/colcon-core/packages/vision_system)
[4.108s] DEBUG:colcon.colcon_core.event_handler.log_command:Invoked command in '/root/Dojo/Dojo/build/robot_bringup' returned '0': AMENT_PREFIX_PATH=/root/Dojo/Dojo/install/robot_navigation:/root/Dojo/Dojo/install/robot_hardware:/root/Dojo/Dojo/install/robot_description:/root/Dojo/Dojo/install/robot_control:${AMENT_PREFIX_PATH} CMAKE_PREFIX_PATH=/root/Dojo/Dojo/install/robot_navigation:/root/Dojo/Dojo/install/robot_perception:/root/Dojo/Dojo/install/robot_description:/root/Dojo/Dojo/install/robot_control:/root/Dojo/install/robot_perception:/root/Dojo/install/robot_hardware:/opt/ros/humble PYTHONPATH=/root/Dojo/Dojo/build/robot_hardware:/root/Dojo/Dojo/install/robot_hardware/lib/python3.10/site-packages:/root/Dojo/Dojo/install/robot_description/lib/python3.10/site-packages:${PYTHONPATH} /usr/bin/cmake --build /root/Dojo/Dojo/build/robot_bringup -- -j16 -l16
[4.109s] DEBUG:colcon.colcon_core.event_handler.log_command:Invoking command in '/root/Dojo/Dojo/build/robot_bringup': AMENT_PREFIX_PATH=/root/Dojo/Dojo/install/robot_navigation:/root/Dojo/Dojo/install/robot_hardware:/root/Dojo/Dojo/install/robot_description:/root/Dojo/Dojo/install/robot_control:${AMENT_PREFIX_PATH} CMAKE_PREFIX_PATH=/root/Dojo/Dojo/install/robot_navigation:/root/Dojo/Dojo/install/robot_perception:/root/Dojo/Dojo/install/robot_description:/root/Dojo/Dojo/install/robot_control:/root/Dojo/install/robot_perception:/root/Dojo/install/robot_hardware:/opt/ros/humble PYTHONPATH=/root/Dojo/Dojo/build/robot_hardware:/root/Dojo/Dojo/install/robot_hardware/lib/python3.10/site-packages:/root/Dojo/Dojo/install/robot_description/lib/python3.10/site-packages:${PYTHONPATH} /usr/bin/cmake --install /root/Dojo/Dojo/build/robot_bringup
[4.134s] Level 1:colcon.colcon_core.environment:create_environment_scripts_only(robot_bringup)
[4.135s] Level 1:colcon.colcon_core.environment:checking '/root/Dojo/Dojo/install/robot_bringup' for CMake module files
[4.135s] DEBUG:colcon.colcon_core.event_handler.log_command:Invoked command in '/root/Dojo/Dojo/build/robot_bringup' returned '0': AMENT_PREFIX_PATH=/root/Dojo/Dojo/install/robot_navigation:/root/Dojo/Dojo/install/robot_hardware:/root/Dojo/Dojo/install/robot_description:/root/Dojo/Dojo/install/robot_control:${AMENT_PREFIX_PATH} CMAKE_PREFIX_PATH=/root/Dojo/Dojo/install/robot_navigation:/root/Dojo/Dojo/install/robot_perception:/root/Dojo/Dojo/install/robot_description:/root/Dojo/Dojo/install/robot_control:/root/Dojo/install/robot_perception:/root/Dojo/install/robot_hardware:/opt/ros/humble PYTHONPATH=/root/Dojo/Dojo/build/robot_hardware:/root/Dojo/Dojo/install/robot_hardware/lib/python3.10/site-packages:/root/Dojo/Dojo/install/robot_description/lib/python3.10/site-packages:${PYTHONPATH} /usr/bin/cmake --install /root/Dojo/Dojo/build/robot_bringup
[4.135s] Level 1:colcon.colcon_core.environment:checking '/root/Dojo/Dojo/install/robot_bringup' for CMake config files
[4.136s] Level 1:colcon.colcon_core.shell:create_environment_hook('robot_bringup', 'cmake_prefix_path')
[4.136s] INFO:colcon.colcon_core.shell:Creating environment hook '/root/Dojo/Dojo/install/robot_bringup/share/robot_bringup/hook/cmake_prefix_path.ps1'
[4.136s] INFO:colcon.colcon_core.shell:Creating environment descriptor '/root/Dojo/Dojo/install/robot_bringup/share/robot_bringup/hook/cmake_prefix_path.dsv'
[4.137s] INFO:colcon.colcon_core.shell:Creating environment hook '/root/Dojo/Dojo/install/robot_bringup/share/robot_bringup/hook/cmake_prefix_path.sh'
[4.137s] Level 1:colcon.colcon_core.environment:checking '/root/Dojo/Dojo/install/robot_bringup/bin'
[4.137s] Level 1:colcon.colcon_core.environment:checking '/root/Dojo/Dojo/install/robot_bringup/lib/pkgconfig/robot_bringup.pc'
[4.138s] Level 1:colcon.colcon_core.environment:checking '/root/Dojo/Dojo/install/robot_bringup/lib/python3.10/site-packages'
[4.138s] Level 1:colcon.colcon_core.environment:checking '/root/Dojo/Dojo/install/robot_bringup/bin'
[4.138s] INFO:colcon.colcon_core.shell:Creating package script '/root/Dojo/Dojo/install/robot_bringup/share/robot_bringup/package.ps1'
[4.138s] INFO:colcon.colcon_core.shell:Creating package descriptor '/root/Dojo/Dojo/install/robot_bringup/share/robot_bringup/package.dsv'
[4.139s] INFO:colcon.colcon_core.shell:Creating package script '/root/Dojo/Dojo/install/robot_bringup/share/robot_bringup/package.sh'
[4.139s] INFO:colcon.colcon_core.shell:Creating package script '/root/Dojo/Dojo/install/robot_bringup/share/robot_bringup/package.bash'
[4.140s] INFO:colcon.colcon_core.shell:Creating package script '/root/Dojo/Dojo/install/robot_bringup/share/robot_bringup/package.zsh'
[4.140s] Level 1:colcon.colcon_core.environment:create_file_with_runtime_dependencies(/root/Dojo/Dojo/install/robot_bringup/share/colcon-core/packages/robot_bringup)
[4.140s] Level 1:colcon.colcon_core.environment:create_environment_scripts_only(robot_bringup)
[4.141s] Level 1:colcon.colcon_core.environment:checking '/root/Dojo/Dojo/install/robot_bringup' for CMake module files
[4.141s] Level 1:colcon.colcon_core.environment:checking '/root/Dojo/Dojo/install/robot_bringup' for CMake config files
[4.141s] Level 1:colcon.colcon_core.shell:create_environment_hook('robot_bringup', 'cmake_prefix_path')
[4.142s] INFO:colcon.colcon_core.shell:Creating environment hook '/root/Dojo/Dojo/install/robot_bringup/share/robot_bringup/hook/cmake_prefix_path.ps1'
[4.142s] INFO:colcon.colcon_core.shell:Creating environment descriptor '/root/Dojo/Dojo/install/robot_bringup/share/robot_bringup/hook/cmake_prefix_path.dsv'
[4.142s] INFO:colcon.colcon_core.shell:Creating environment hook '/root/Dojo/Dojo/install/robot_bringup/share/robot_bringup/hook/cmake_prefix_path.sh'
[4.143s] Level 1:colcon.colcon_core.environment:checking '/root/Dojo/Dojo/install/robot_bringup/bin'
[4.143s] Level 1:colcon.colcon_core.environment:checking '/root/Dojo/Dojo/install/robot_bringup/lib/pkgconfig/robot_bringup.pc'
[4.143s] Level 1:colcon.colcon_core.environment:checking '/root/Dojo/Dojo/install/robot_bringup/lib/python3.10/site-packages'
[4.143s] Level 1:colcon.colcon_core.environment:checking '/root/Dojo/Dojo/install/robot_bringup/bin'
[4.144s] INFO:colcon.colcon_core.shell:Creating package script '/root/Dojo/Dojo/install/robot_bringup/share/robot_bringup/package.ps1'
[4.144s] INFO:colcon.colcon_core.shell:Creating package descriptor '/root/Dojo/Dojo/install/robot_bringup/share/robot_bringup/package.dsv'
[4.144s] INFO:colcon.colcon_core.shell:Creating package script '/root/Dojo/Dojo/install/robot_bringup/share/robot_bringup/package.sh'
[4.145s] INFO:colcon.colcon_core.shell:Creating package script '/root/Dojo/Dojo/install/robot_bringup/share/robot_bringup/package.bash'
[4.145s] INFO:colcon.colcon_core.shell:Creating package script '/root/Dojo/Dojo/install/robot_bringup/share/robot_bringup/package.zsh'
[4.146s] Level 1:colcon.colcon_core.environment:create_file_with_runtime_dependencies(/root/Dojo/Dojo/install/robot_bringup/share/colcon-core/packages/robot_bringup)
[4.436s] Level 1:colcon.colcon_core.shell:create_environment_hook('robot_launch', 'pythonpath_develop')
[4.436s] INFO:colcon.colcon_core.shell:Creating environment hook '/root/Dojo/Dojo/build/robot_launch/share/robot_launch/hook/pythonpath_develop.ps1'
[4.437s] DEBUG:colcon.colcon_core.event_handler.log_command:Invoked command in '/root/Dojo/Dojo/build/robot_launch' returned '0': AMENT_PREFIX_PATH=/root/Dojo/Dojo/install/robot_description:/root/Dojo/Dojo/install/robot_control:${AMENT_PREFIX_PATH} CMAKE_PREFIX_PATH=/root/Dojo/Dojo/install/robot_description:/root/Dojo/Dojo/install/robot_control:${CMAKE_PREFIX_PATH} PYTHONPATH=/root/Dojo/Dojo/build/robot_launch/prefix_override:/usr/lib/python3/dist-packages/colcon_core/task/python/colcon_distutils_commands:/root/Dojo/Dojo/install/robot_launch/lib/python3.10/site-packages:/root/Dojo/Dojo/install/robot_description/lib/python3.10/site-packages:${PYTHONPATH} /usr/bin/python3 -W ignore:setup.py install is deprecated -W ignore:easy_install command is deprecated setup.py develop --editable --build-directory /root/Dojo/Dojo/build/robot_launch/build --no-deps symlink_data
[4.437s] INFO:colcon.colcon_core.shell:Creating environment descriptor '/root/Dojo/Dojo/build/robot_launch/share/robot_launch/hook/pythonpath_develop.dsv'
[4.437s] INFO:colcon.colcon_core.shell:Creating environment hook '/root/Dojo/Dojo/build/robot_launch/share/robot_launch/hook/pythonpath_develop.sh'
[4.438s] Level 1:colcon.colcon_core.environment:checking '/root/Dojo/Dojo/install/robot_launch' for CMake module files
[4.438s] Level 1:colcon.colcon_core.environment:checking '/root/Dojo/Dojo/install/robot_launch' for CMake config files
[4.439s] Level 1:colcon.colcon_core.environment:checking '/root/Dojo/Dojo/install/robot_launch/lib'
[4.439s] Level 1:colcon.colcon_core.environment:checking '/root/Dojo/Dojo/install/robot_launch/bin'
[4.439s] Level 1:colcon.colcon_core.environment:checking '/root/Dojo/Dojo/install/robot_launch/lib/pkgconfig/robot_launch.pc'
[4.439s] Level 1:colcon.colcon_core.environment:checking '/root/Dojo/Dojo/install/robot_launch/lib/python3.10/site-packages'
[4.439s] Level 1:colcon.colcon_core.shell:create_environment_hook('robot_launch', 'pythonpath')
[4.439s] INFO:colcon.colcon_core.shell:Creating environment hook '/root/Dojo/Dojo/install/robot_launch/share/robot_launch/hook/pythonpath.ps1'
[4.439s] INFO:colcon.colcon_core.shell:Creating environment descriptor '/root/Dojo/Dojo/install/robot_launch/share/robot_launch/hook/pythonpath.dsv'
[4.440s] INFO:colcon.colcon_core.shell:Creating environment hook '/root/Dojo/Dojo/install/robot_launch/share/robot_launch/hook/pythonpath.sh'
[4.440s] Level 1:colcon.colcon_core.environment:checking '/root/Dojo/Dojo/install/robot_launch/bin'
[4.440s] Level 1:colcon.colcon_core.environment:create_environment_scripts_only(robot_launch)
[4.440s] INFO:colcon.colcon_core.shell:Creating package script '/root/Dojo/Dojo/install/robot_launch/share/robot_launch/package.ps1'
[4.441s] INFO:colcon.colcon_core.shell:Creating package descriptor '/root/Dojo/Dojo/install/robot_launch/share/robot_launch/package.dsv'
[4.441s] INFO:colcon.colcon_core.shell:Creating package script '/root/Dojo/Dojo/install/robot_launch/share/robot_launch/package.sh'
[4.442s] INFO:colcon.colcon_core.shell:Creating package script '/root/Dojo/Dojo/install/robot_launch/share/robot_launch/package.bash'
[4.442s] INFO:colcon.colcon_core.shell:Creating package script '/root/Dojo/Dojo/install/robot_launch/share/robot_launch/package.zsh'
[4.442s] Level 1:colcon.colcon_core.environment:create_file_with_runtime_dependencies(/root/Dojo/Dojo/install/robot_launch/share/colcon-core/packages/robot_launch)
[4.442s] DEBUG:colcon.colcon_parallel_executor.executor.parallel:closing loop
[4.443s] DEBUG:colcon.colcon_parallel_executor.executor.parallel:loop closed
[4.443s] DEBUG:colcon.colcon_parallel_executor.executor.parallel:run_until_complete finished with '0'
[4.443s] DEBUG:colcon.colcon_core.event_reactor:joining thread
[4.449s] INFO:colcon.colcon_core.plugin_system:Skipping extension 'colcon_notification.desktop_notification.notify_send': Could not find 'notify-send'
[4.449s] INFO:colcon.colcon_core.plugin_system:Skipping extension 'colcon_notification.desktop_notification.terminal_notifier': Not used on non-Darwin systems
[4.449s] INFO:colcon.colcon_core.plugin_system:Skipping extension 'colcon_notification.desktop_notification.win32': Not used on non-Windows systems
[4.449s] INFO:colcon.colcon_notification.desktop_notification:Sending desktop notification using 'notify2'
[4.452s] DEBUG:colcon.colcon_notification.desktop_notification.notify2:Failed to initialize notify2: org.freedesktop.DBus.Error.Spawn.ExecFailed: /usr/bin/dbus-launch terminated abnormally without any error message
[4.453s] DEBUG:colcon.colcon_core.event_reactor:joined thread
[4.454s] INFO:colcon.colcon_core.shell:Creating prefix script '/root/Dojo/Dojo/install/local_setup.ps1'
[4.455s] INFO:colcon.colcon_core.shell:Creating prefix util module '/root/Dojo/Dojo/install/_local_setup_util_ps1.py'
[4.456s] INFO:colcon.colcon_core.shell:Creating prefix chain script '/root/Dojo/Dojo/install/setup.ps1'
[4.457s] INFO:colcon.colcon_core.shell:Creating prefix script '/root/Dojo/Dojo/install/local_setup.sh'
[4.457s] INFO:colcon.colcon_core.shell:Creating prefix util module '/root/Dojo/Dojo/install/_local_setup_util_sh.py'
[4.458s] INFO:colcon.colcon_core.shell:Creating prefix chain script '/root/Dojo/Dojo/install/setup.sh'
[4.459s] INFO:colcon.colcon_core.shell:Creating prefix script '/root/Dojo/Dojo/install/local_setup.bash'
[4.459s] INFO:colcon.colcon_core.shell:Creating prefix chain script '/root/Dojo/Dojo/install/setup.bash'
[4.460s] INFO:colcon.colcon_core.shell:Creating prefix script '/root/Dojo/Dojo/install/local_setup.zsh'
[4.460s] INFO:colcon.colcon_core.shell:Creating prefix chain script '/root/Dojo/Dojo/install/setup.zsh'
