[0.000000] (-) TimerEvent: {}
[0.000695] (arduino_bridge) JobQueued: {'identifier': 'arduino_bridge', 'dependencies': OrderedDict()}
[0.000727] (camera_ros) JobQueued: {'identifier': 'camera_ros', 'dependencies': OrderedDict()}
[0.000745] (nv21_converter_pkg) JobQueued: {'identifier': 'nv21_converter_pkg', 'dependencies': OrderedDict()}
[0.000760] (robot_control) JobQueued: {'identifier': 'robot_control', 'dependencies': OrderedDict()}
[0.000773] (robot_description) JobQueued: {'identifier': 'robot_description', 'dependencies': OrderedDict()}
[0.000786] (robot_hardware) JobQueued: {'identifier': 'robot_hardware', 'dependencies': OrderedDict()}
[0.000798] (robot_interfaces) JobQueued: {'identifier': 'robot_interfaces', 'dependencies': OrderedDict()}
[0.000810] (robot_perception) JobQueued: {'identifier': 'robot_perception', 'dependencies': OrderedDict()}
[0.000822] (robot_sensors) JobQueued: {'identifier': 'robot_sensors', 'dependencies': OrderedDict()}
[0.000834] (ros2arduino_bridge) JobQueued: {'identifier': 'ros2arduino_bridge', 'dependencies': OrderedDict()}
[0.000846] (vision_system) JobQueued: {'identifier': 'vision_system', 'dependencies': OrderedDict()}
[0.000858] (robot_gazebo) JobQueued: {'identifier': 'robot_gazebo', 'dependencies': OrderedDict([('robot_control', '/root/Dojo/install/robot_control'), ('robot_description', '/root/Dojo/install/robot_description')])}
[0.000876] (robot_launch) JobQueued: {'identifier': 'robot_launch', 'dependencies': OrderedDict([('robot_control', '/root/Dojo/install/robot_control'), ('robot_description', '/root/Dojo/install/robot_description'), ('robot_sensors', '/root/Dojo/install/robot_sensors'), ('ros2arduino_bridge', '/root/Dojo/install/ros2arduino_bridge')])}
[0.000899] (robot_navigation) JobQueued: {'identifier': 'robot_navigation', 'dependencies': OrderedDict([('robot_control', '/root/Dojo/install/robot_control'), ('robot_description', '/root/Dojo/install/robot_description')])}
[0.000915] (robot_bringup) JobQueued: {'identifier': 'robot_bringup', 'dependencies': OrderedDict([('robot_control', '/root/Dojo/install/robot_control'), ('robot_description', '/root/Dojo/install/robot_description'), ('robot_hardware', '/root/Dojo/install/robot_hardware'), ('robot_perception', '/root/Dojo/install/robot_perception'), ('robot_navigation', '/root/Dojo/install/robot_navigation')])}
[0.000935] (robot_control) JobStarted: {'identifier': 'robot_control'}
[0.007143] (robot_description) JobStarted: {'identifier': 'robot_description'}
[0.011020] (robot_hardware) JobStarted: {'identifier': 'robot_hardware'}
[0.016142] (robot_perception) JobStarted: {'identifier': 'robot_perception'}
[0.018967] (robot_sensors) JobStarted: {'identifier': 'robot_sensors'}
[0.024580] (ros2arduino_bridge) JobStarted: {'identifier': 'ros2arduino_bridge'}
[0.029549] (arduino_bridge) JobStarted: {'identifier': 'arduino_bridge'}
[0.034531] (camera_ros) JobStarted: {'identifier': 'camera_ros'}
[0.037841] (nv21_converter_pkg) JobStarted: {'identifier': 'nv21_converter_pkg'}
[0.043425] (robot_interfaces) JobStarted: {'identifier': 'robot_interfaces'}
[0.046881] (vision_system) JobStarted: {'identifier': 'vision_system'}
[0.054228] (robot_control) JobProgress: {'identifier': 'robot_control', 'progress': 'cmake'}
[0.054913] (robot_control) Command: {'cmd': ['/usr/bin/cmake', '/root/Dojo/src/robot_control', '-DCMAKE_BUILD_TYPE=Release', '-DBUILD_TESTING=OFF', '-DAMENT_CMAKE_SYMLINK_INSTALL=1', '-DCMAKE_INSTALL_PREFIX=/root/Dojo/install/robot_control'], 'cwd': '/root/Dojo/build/robot_control', 'env': OrderedDict([('HOSTNAME', 'gareth-joel-HP-Pavilion-Gaming-Laptop-15-ec2xxx'), ('SHLVL', '0'), ('LD_LIBRARY_PATH', '/usr/lib/x86_64-linux-gnu/gazebo-11/plugins:/opt/ros/humble/opt/rviz_ogre_vendor/lib:/opt/ros/humble/lib/x86_64-linux-gnu:/opt/ros/humble/lib'), ('HOME', '/root'), ('OLDPWD', '/'), ('ROS_PYTHON_VERSION', '3'), ('ROS_DISTRO', 'humble'), ('_', '/usr/bin/colcon'), ('ROS_VERSION', '2'), ('TERM', 'xterm'), ('ROS_LOCALHOST_ONLY', '0'), ('QT_X11_NO_MITSHM', '1'), ('PATH', '/opt/ros/humble/bin:/usr/local/sbin:/usr/local/bin:/usr/sbin:/usr/bin:/sbin:/bin'), ('DISPLAY', ':0'), ('LANG', 'C.UTF-8'), ('AMENT_PREFIX_PATH', '/opt/ros/humble'), ('PWD', '/root/Dojo/build/robot_control'), ('LC_ALL', 'C.UTF-8'), ('PYTHONPATH', '/opt/ros/humble/lib/python3.10/site-packages:/opt/ros/humble/local/lib/python3.10/dist-packages'), ('COLCON', '1'), ('CMAKE_PREFIX_PATH', '/opt/ros/humble')]), 'shell': False}
[0.057593] (robot_description) JobProgress: {'identifier': 'robot_description', 'progress': 'cmake'}
[0.058488] (robot_description) Command: {'cmd': ['/usr/bin/cmake', '/root/Dojo/src/robot_description', '-DCMAKE_BUILD_TYPE=Release', '-DBUILD_TESTING=OFF', '-DAMENT_CMAKE_SYMLINK_INSTALL=1', '-DCMAKE_INSTALL_PREFIX=/root/Dojo/install/robot_description'], 'cwd': '/root/Dojo/build/robot_description', 'env': OrderedDict([('HOSTNAME', 'gareth-joel-HP-Pavilion-Gaming-Laptop-15-ec2xxx'), ('SHLVL', '0'), ('LD_LIBRARY_PATH', '/usr/lib/x86_64-linux-gnu/gazebo-11/plugins:/opt/ros/humble/opt/rviz_ogre_vendor/lib:/opt/ros/humble/lib/x86_64-linux-gnu:/opt/ros/humble/lib'), ('HOME', '/root'), ('OLDPWD', '/'), ('ROS_PYTHON_VERSION', '3'), ('ROS_DISTRO', 'humble'), ('_', '/usr/bin/colcon'), ('ROS_VERSION', '2'), ('TERM', 'xterm'), ('ROS_LOCALHOST_ONLY', '0'), ('QT_X11_NO_MITSHM', '1'), ('PATH', '/opt/ros/humble/bin:/usr/local/sbin:/usr/local/bin:/usr/sbin:/usr/bin:/sbin:/bin'), ('DISPLAY', ':0'), ('LANG', 'C.UTF-8'), ('AMENT_PREFIX_PATH', '/opt/ros/humble'), ('PWD', '/root/Dojo/build/robot_description'), ('LC_ALL', 'C.UTF-8'), ('PYTHONPATH', '/opt/ros/humble/lib/python3.10/site-packages:/opt/ros/humble/local/lib/python3.10/dist-packages'), ('COLCON', '1'), ('CMAKE_PREFIX_PATH', '/opt/ros/humble')]), 'shell': False}
[0.099799] (-) TimerEvent: {}
[0.200052] (-) TimerEvent: {}
[0.300343] (-) TimerEvent: {}
[0.400629] (-) TimerEvent: {}
[0.423122] (robot_perception) JobProgress: {'identifier': 'robot_perception', 'progress': 'cmake'}
[0.424090] (robot_perception) Command: {'cmd': ['/usr/bin/cmake', '/root/Dojo/src/robot_perception', '-DCMAKE_BUILD_TYPE=Release', '-DBUILD_TESTING=OFF', '-DCMAKE_INSTALL_PREFIX=/root/Dojo/install/robot_perception'], 'cwd': '/root/Dojo/build/robot_perception', 'env': OrderedDict([('HOSTNAME', 'gareth-joel-HP-Pavilion-Gaming-Laptop-15-ec2xxx'), ('SHLVL', '0'), ('LD_LIBRARY_PATH', '/usr/lib/x86_64-linux-gnu/gazebo-11/plugins:/opt/ros/humble/opt/rviz_ogre_vendor/lib:/opt/ros/humble/lib/x86_64-linux-gnu:/opt/ros/humble/lib'), ('HOME', '/root'), ('OLDPWD', '/'), ('ROS_PYTHON_VERSION', '3'), ('ROS_DISTRO', 'humble'), ('_', '/usr/bin/colcon'), ('ROS_VERSION', '2'), ('TERM', 'xterm'), ('ROS_LOCALHOST_ONLY', '0'), ('QT_X11_NO_MITSHM', '1'), ('PATH', '/opt/ros/humble/bin:/usr/local/sbin:/usr/local/bin:/usr/sbin:/usr/bin:/sbin:/bin'), ('DISPLAY', ':0'), ('LANG', 'C.UTF-8'), ('AMENT_PREFIX_PATH', '/opt/ros/humble'), ('PWD', '/root/Dojo/build/robot_perception'), ('LC_ALL', 'C.UTF-8'), ('PYTHONPATH', '/opt/ros/humble/lib/python3.10/site-packages:/opt/ros/humble/local/lib/python3.10/dist-packages'), ('COLCON', '1')]), 'shell': False}
[0.500713] (-) TimerEvent: {}
[0.601037] (-) TimerEvent: {}
[0.701337] (-) TimerEvent: {}
[0.801635] (-) TimerEvent: {}
[0.901969] (-) TimerEvent: {}
[1.002348] (-) TimerEvent: {}
[1.102719] (-) TimerEvent: {}
[1.203092] (-) TimerEvent: {}
[1.303374] (-) TimerEvent: {}
[1.403710] (-) TimerEvent: {}
[1.504018] (-) TimerEvent: {}
[1.526779] (camera_ros) JobProgress: {'identifier': 'camera_ros', 'progress': 'cmake'}
[1.527701] (camera_ros) Command: {'cmd': ['/usr/bin/cmake', '/root/Dojo/backup_packages/camera_ws/src/camera_ros', '-DCMAKE_BUILD_TYPE=Release', '-DBUILD_TESTING=OFF', '-DAMENT_CMAKE_SYMLINK_INSTALL=1', '-DCMAKE_INSTALL_PREFIX=/root/Dojo/install/camera_ros'], 'cwd': '/root/Dojo/build/camera_ros', 'env': OrderedDict([('HOSTNAME', 'gareth-joel-HP-Pavilion-Gaming-Laptop-15-ec2xxx'), ('SHLVL', '0'), ('LD_LIBRARY_PATH', '/usr/lib/x86_64-linux-gnu/gazebo-11/plugins:/opt/ros/humble/opt/rviz_ogre_vendor/lib:/opt/ros/humble/lib/x86_64-linux-gnu:/opt/ros/humble/lib'), ('HOME', '/root'), ('OLDPWD', '/'), ('ROS_PYTHON_VERSION', '3'), ('ROS_DISTRO', 'humble'), ('_', '/usr/bin/colcon'), ('ROS_VERSION', '2'), ('TERM', 'xterm'), ('ROS_LOCALHOST_ONLY', '0'), ('QT_X11_NO_MITSHM', '1'), ('PATH', '/opt/ros/humble/bin:/usr/local/sbin:/usr/local/bin:/usr/sbin:/usr/bin:/sbin:/bin'), ('DISPLAY', ':0'), ('LANG', 'C.UTF-8'), ('AMENT_PREFIX_PATH', '/opt/ros/humble'), ('PWD', '/root/Dojo/build/camera_ros'), ('LC_ALL', 'C.UTF-8'), ('PYTHONPATH', '/opt/ros/humble/lib/python3.10/site-packages:/opt/ros/humble/local/lib/python3.10/dist-packages'), ('COLCON', '1'), ('CMAKE_PREFIX_PATH', '/opt/ros/humble')]), 'shell': False}
[1.604106] (-) TimerEvent: {}
[1.704432] (-) TimerEvent: {}
[1.804836] (-) TimerEvent: {}
[1.905192] (-) TimerEvent: {}
[1.907348] (robot_interfaces) JobProgress: {'identifier': 'robot_interfaces', 'progress': 'cmake'}
[1.908615] (robot_interfaces) Command: {'cmd': ['/usr/bin/cmake', '/root/Dojo/src/robot_interfaces', '-DCMAKE_BUILD_TYPE=Release', '-DBUILD_TESTING=OFF', '-DAMENT_CMAKE_SYMLINK_INSTALL=1', '-DCMAKE_INSTALL_PREFIX=/root/Dojo/install/robot_interfaces'], 'cwd': '/root/Dojo/build/robot_interfaces', 'env': OrderedDict([('HOSTNAME', 'gareth-joel-HP-Pavilion-Gaming-Laptop-15-ec2xxx'), ('SHLVL', '0'), ('LD_LIBRARY_PATH', '/usr/lib/x86_64-linux-gnu/gazebo-11/plugins:/opt/ros/humble/opt/rviz_ogre_vendor/lib:/opt/ros/humble/lib/x86_64-linux-gnu:/opt/ros/humble/lib'), ('HOME', '/root'), ('OLDPWD', '/'), ('ROS_PYTHON_VERSION', '3'), ('ROS_DISTRO', 'humble'), ('_', '/usr/bin/colcon'), ('ROS_VERSION', '2'), ('TERM', 'xterm'), ('ROS_LOCALHOST_ONLY', '0'), ('QT_X11_NO_MITSHM', '1'), ('PATH', '/opt/ros/humble/bin:/usr/local/sbin:/usr/local/bin:/usr/sbin:/usr/bin:/sbin:/bin'), ('DISPLAY', ':0'), ('LANG', 'C.UTF-8'), ('AMENT_PREFIX_PATH', '/opt/ros/humble'), ('PWD', '/root/Dojo/build/robot_interfaces'), ('LC_ALL', 'C.UTF-8'), ('PYTHONPATH', '/opt/ros/humble/lib/python3.10/site-packages:/opt/ros/humble/local/lib/python3.10/dist-packages'), ('COLCON', '1'), ('CMAKE_PREFIX_PATH', '/opt/ros/humble')]), 'shell': False}
[1.911853] (robot_control) StdoutLine: {'line': b'-- The C compiler identification is GNU 11.4.0\n'}
[1.912758] (robot_control) StdoutLine: {'line': b'-- The CXX compiler identification is GNU 11.4.0\n'}
[1.913227] (robot_control) StdoutLine: {'line': b'-- Detecting C compiler ABI info\n'}
[1.913324] (robot_control) StdoutLine: {'line': b'-- Detecting C compiler ABI info - done\n'}
[1.913425] (robot_control) StdoutLine: {'line': b'-- Check for working C compiler: /usr/bin/cc - skipped\n'}
[1.913506] (robot_control) StdoutLine: {'line': b'-- Detecting C compile features\n'}
[1.913628] (robot_control) StdoutLine: {'line': b'-- Detecting C compile features - done\n'}
[1.913825] (robot_control) StdoutLine: {'line': b'-- Detecting CXX compiler ABI info\n'}
[1.913908] (robot_control) StdoutLine: {'line': b'-- Detecting CXX compiler ABI info - done\n'}
[1.913975] (robot_control) StdoutLine: {'line': b'-- Check for working CXX compiler: /usr/bin/c++ - skipped\n'}
[1.914040] (robot_control) StdoutLine: {'line': b'-- Detecting CXX compile features\n'}
[1.914108] (robot_control) StdoutLine: {'line': b'-- Detecting CXX compile features - done\n'}
[1.914177] (robot_control) StdoutLine: {'line': b'-- Found ament_cmake: 1.3.12 (/opt/ros/humble/share/ament_cmake/cmake)\n'}
[1.914239] (robot_control) StdoutLine: {'line': b'-- Found Python3: /usr/bin/python3 (found version "3.10.12") found components: Interpreter \n'}
[1.914316] (robot_control) StdoutLine: {'line': b'-- Override CMake install command with custom implementation using symlinks instead of copying resources\n'}
[1.914400] (robot_control) StdoutLine: {'line': b'-- Found rclcpp: 16.0.14 (/opt/ros/humble/share/rclcpp/cmake)\n'}
[1.914473] (robot_control) StdoutLine: {'line': b'-- Found rosidl_generator_c: 3.1.7 (/opt/ros/humble/share/rosidl_generator_c/cmake)\n'}
[1.914538] (robot_control) StdoutLine: {'line': b'-- Found rosidl_adapter: 3.1.7 (/opt/ros/humble/share/rosidl_adapter/cmake)\n'}
[1.914602] (robot_control) StdoutLine: {'line': b'-- Found rosidl_generator_cpp: 3.1.7 (/opt/ros/humble/share/rosidl_generator_cpp/cmake)\n'}
[1.914721] (robot_control) StdoutLine: {'line': b'-- Using all available rosidl_typesupport_c: rosidl_typesupport_fastrtps_c;rosidl_typesupport_introspection_c\n'}
[1.914861] (robot_control) StdoutLine: {'line': b'-- Using all available rosidl_typesupport_cpp: rosidl_typesupport_fastrtps_cpp;rosidl_typesupport_introspection_cpp\n'}
[1.914961] (robot_control) StdoutLine: {'line': b'-- Found rmw_implementation_cmake: 6.1.2 (/opt/ros/humble/share/rmw_implementation_cmake/cmake)\n'}
[1.915048] (robot_control) StdoutLine: {'line': b'-- Found rmw_fastrtps_cpp: 6.2.8 (/opt/ros/humble/share/rmw_fastrtps_cpp/cmake)\n'}
[1.915137] (robot_control) StdoutLine: {'line': b'-- Found OpenSSL: /usr/lib/x86_64-linux-gnu/libcrypto.so (found version "3.0.2")  \n'}
[1.915218] (robot_control) StdoutLine: {'line': b'-- Found FastRTPS: /opt/ros/humble/include  \n'}
[1.915317] (robot_control) StdoutLine: {'line': b"-- Using RMW implementation 'rmw_fastrtps_cpp' as default\n"}
[1.915377] (robot_control) StdoutLine: {'line': b'-- Looking for pthread.h\n'}
[1.915460] (robot_control) StdoutLine: {'line': b'-- Looking for pthread.h - found\n'}
[1.915550] (robot_control) StdoutLine: {'line': b'-- Performing Test CMAKE_HAVE_LIBC_PTHREAD\n'}
[1.915622] (robot_control) StdoutLine: {'line': b'-- Performing Test CMAKE_HAVE_LIBC_PTHREAD - Success\n'}
[1.915737] (robot_control) StdoutLine: {'line': b'-- Found Threads: TRUE  \n'}
[1.915805] (robot_control) StdoutLine: {'line': b'-- Found rclpy: 3.3.17 (/opt/ros/humble/share/rclpy/cmake)\n'}
[1.915902] (robot_control) StdoutLine: {'line': b'-- Found geometry_msgs: 4.9.0 (/opt/ros/humble/share/geometry_msgs/cmake)\n'}
[1.915987] (robot_control) StdoutLine: {'line': b'-- Found sensor_msgs: 4.9.0 (/opt/ros/humble/share/sensor_msgs/cmake)\n'}
[1.916071] (robot_control) StdoutLine: {'line': b'-- Found nav_msgs: 4.9.0 (/opt/ros/humble/share/nav_msgs/cmake)\n'}
[1.916170] (robot_control) StdoutLine: {'line': b'-- Found tf2_ros: 0.25.16 (/opt/ros/humble/share/tf2_ros/cmake)\n'}
[1.916239] (robot_description) StdoutLine: {'line': b'-- The C compiler identification is GNU 11.4.0\n'}
[1.916359] (robot_description) StdoutLine: {'line': b'-- The CXX compiler identification is GNU 11.4.0\n'}
[1.916413] (robot_description) StdoutLine: {'line': b'-- Detecting C compiler ABI info\n'}
[1.916501] (robot_description) StdoutLine: {'line': b'-- Detecting C compiler ABI info - done\n'}
[1.916586] (robot_description) StdoutLine: {'line': b'-- Check for working C compiler: /usr/bin/cc - skipped\n'}
[1.916671] (robot_description) StdoutLine: {'line': b'-- Detecting C compile features\n'}
[1.916773] (robot_description) StdoutLine: {'line': b'-- Detecting C compile features - done\n'}
[1.916839] (robot_description) StdoutLine: {'line': b'-- Detecting CXX compiler ABI info\n'}
[1.916932] (robot_description) StdoutLine: {'line': b'-- Detecting CXX compiler ABI info - done\n'}
[1.916986] (robot_description) StdoutLine: {'line': b'-- Check for working CXX compiler: /usr/bin/c++ - skipped\n'}
[1.917078] (robot_description) StdoutLine: {'line': b'-- Detecting CXX compile features\n'}
[1.917156] (robot_description) StdoutLine: {'line': b'-- Detecting CXX compile features - done\n'}
[1.917242] (robot_description) StdoutLine: {'line': b'-- Found ament_cmake: 1.3.12 (/opt/ros/humble/share/ament_cmake/cmake)\n'}
[1.917320] (robot_description) StdoutLine: {'line': b'-- Found Python3: /usr/bin/python3 (found version "3.10.12") found components: Interpreter \n'}
[1.917420] (robot_description) StdoutLine: {'line': b'-- Override CMake install command with custom implementation using symlinks instead of copying resources\n'}
[1.917490] (robot_description) StdoutLine: {'line': b'-- Found rclcpp: 16.0.14 (/opt/ros/humble/share/rclcpp/cmake)\n'}
[1.917587] (robot_description) StdoutLine: {'line': b'-- Found rosidl_generator_c: 3.1.7 (/opt/ros/humble/share/rosidl_generator_c/cmake)\n'}
[1.917670] (robot_description) StdoutLine: {'line': b'-- Found rosidl_adapter: 3.1.7 (/opt/ros/humble/share/rosidl_adapter/cmake)\n'}
[1.917764] (robot_description) StdoutLine: {'line': b'-- Found rosidl_generator_cpp: 3.1.7 (/opt/ros/humble/share/rosidl_generator_cpp/cmake)\n'}
[1.917826] (robot_description) StdoutLine: {'line': b'-- Using all available rosidl_typesupport_c: rosidl_typesupport_fastrtps_c;rosidl_typesupport_introspection_c\n'}
[1.917901] (robot_description) StdoutLine: {'line': b'-- Using all available rosidl_typesupport_cpp: rosidl_typesupport_fastrtps_cpp;rosidl_typesupport_introspection_cpp\n'}
[1.917982] (robot_description) StdoutLine: {'line': b'-- Found rmw_implementation_cmake: 6.1.2 (/opt/ros/humble/share/rmw_implementation_cmake/cmake)\n'}
[1.918055] (robot_description) StdoutLine: {'line': b'-- Found rmw_fastrtps_cpp: 6.2.8 (/opt/ros/humble/share/rmw_fastrtps_cpp/cmake)\n'}
[1.918132] (robot_description) StdoutLine: {'line': b'-- Found OpenSSL: /usr/lib/x86_64-linux-gnu/libcrypto.so (found version "3.0.2")  \n'}
[1.918227] (robot_description) StdoutLine: {'line': b'-- Found FastRTPS: /opt/ros/humble/include  \n'}
[1.918339] (robot_description) StdoutLine: {'line': b"-- Using RMW implementation 'rmw_fastrtps_cpp' as default\n"}
[1.918422] (robot_description) StdoutLine: {'line': b'-- Looking for pthread.h\n'}
[1.918516] (robot_description) StdoutLine: {'line': b'-- Looking for pthread.h - found\n'}
[1.918588] (robot_description) StdoutLine: {'line': b'-- Performing Test CMAKE_HAVE_LIBC_PTHREAD\n'}
[1.918674] (robot_description) StdoutLine: {'line': b'-- Performing Test CMAKE_HAVE_LIBC_PTHREAD - Success\n'}
[1.918745] (robot_description) StdoutLine: {'line': b'-- Found Threads: TRUE  \n'}
[1.918821] (robot_description) StdoutLine: {'line': b'-- Found geometry_msgs: 4.9.0 (/opt/ros/humble/share/geometry_msgs/cmake)\n'}
[1.918901] (robot_description) StdoutLine: {'line': b'-- Found sensor_msgs: 4.9.0 (/opt/ros/humble/share/sensor_msgs/cmake)\n'}
[1.918987] (robot_description) StdoutLine: {'line': b'-- Found tf2_ros: 0.25.16 (/opt/ros/humble/share/tf2_ros/cmake)\n'}
[1.919075] (robot_perception) StdoutLine: {'line': b'-- The C compiler identification is GNU 11.4.0\n'}
[1.919200] (robot_perception) StdoutLine: {'line': b'-- The CXX compiler identification is GNU 11.4.0\n'}
[1.919283] (robot_perception) StdoutLine: {'line': b'-- Detecting C compiler ABI info\n'}
[1.919396] (robot_perception) StdoutLine: {'line': b'-- Detecting C compiler ABI info - done\n'}
[1.919493] (robot_perception) StdoutLine: {'line': b'-- Check for working C compiler: /usr/bin/cc - skipped\n'}
[1.919570] (robot_perception) StdoutLine: {'line': b'-- Detecting C compile features\n'}
[1.919642] (robot_perception) StdoutLine: {'line': b'-- Detecting C compile features - done\n'}
[1.919731] (robot_perception) StdoutLine: {'line': b'-- Detecting CXX compiler ABI info\n'}
[1.919819] (robot_perception) StdoutLine: {'line': b'-- Detecting CXX compiler ABI info - done\n'}
[1.919907] (robot_perception) StdoutLine: {'line': b'-- Check for working CXX compiler: /usr/bin/c++ - skipped\n'}
[1.919986] (robot_perception) StdoutLine: {'line': b'-- Detecting CXX compile features\n'}
[1.920065] (robot_perception) StdoutLine: {'line': b'-- Detecting CXX compile features - done\n'}
[1.920139] (robot_perception) StdoutLine: {'line': b'-- Found ament_cmake: 1.3.12 (/opt/ros/humble/share/ament_cmake/cmake)\n'}
[1.920208] (robot_perception) StdoutLine: {'line': b'-- Found Python3: /usr/bin/python3 (found version "3.10.12") found components: Interpreter \n'}
[1.920280] (robot_perception) StdoutLine: {'line': b'-- Configuring done\n'}
[1.920392] (robot_perception) StdoutLine: {'line': b'-- Generating done\n'}
[1.920487] (robot_perception) StdoutLine: {'line': b'-- Build files have been written to: /root/Dojo/build/robot_perception\n'}
[1.920574] (camera_ros) StdoutLine: {'line': b'-- The C compiler identification is GNU 11.4.0\n'}
[1.920697] (camera_ros) StdoutLine: {'line': b'-- The CXX compiler identification is GNU 11.4.0\n'}
[1.920787] (camera_ros) StdoutLine: {'line': b'-- Detecting C compiler ABI info\n'}
[1.920861] (camera_ros) StdoutLine: {'line': b'-- Detecting C compiler ABI info - done\n'}
[1.920927] (camera_ros) StdoutLine: {'line': b'-- Check for working C compiler: /usr/bin/cc - skipped\n'}
[1.921001] (camera_ros) StdoutLine: {'line': b'-- Detecting C compile features\n'}
[1.921104] (camera_ros) StdoutLine: {'line': b'-- Detecting C compile features - done\n'}
[1.921193] (camera_ros) StdoutLine: {'line': b'-- Detecting CXX compiler ABI info\n'}
[1.921291] (camera_ros) StdoutLine: {'line': b'-- Detecting CXX compiler ABI info - done\n'}
[1.921371] (camera_ros) StdoutLine: {'line': b'-- Check for working CXX compiler: /usr/bin/c++ - skipped\n'}
[1.921433] (camera_ros) StdoutLine: {'line': b'-- Detecting CXX compile features\n'}
[1.921494] (camera_ros) StdoutLine: {'line': b'-- Detecting CXX compile features - done\n'}
[1.921561] (camera_ros) StdoutLine: {'line': b'-- Found ament_cmake: 1.3.12 (/opt/ros/humble/share/ament_cmake/cmake)\n'}
[1.935016] (robot_description) StdoutLine: {'line': b'-- Found urdf: 2.6.1 (/opt/ros/humble/share/urdf/cmake)\n'}
[1.969406] (robot_interfaces) StdoutLine: {'line': b'-- The C compiler identification is GNU 11.4.0\n'}
[1.977874] (robot_control) StdoutLine: {'line': b'-- Found tf2_geometry_msgs: 0.25.16 (/opt/ros/humble/share/tf2_geometry_msgs/cmake)\n'}
[1.979293] (robot_description) StdoutLine: {'line': b'-- Found xacro: 2.0.13 (/opt/ros/humble/share/xacro/cmake)\n'}
[1.982677] (robot_description) StdoutLine: {'line': b'-- Found gazebo_ros2_control: 0.4.10 (/opt/ros/humble/share/gazebo_ros2_control/cmake)\n'}
[2.001729] (robot_control) StdoutLine: {'line': b'-- Found eigen3_cmake_module: 0.1.1 (/opt/ros/humble/share/eigen3_cmake_module/cmake)\n'}
[2.003091] (robot_control) StdoutLine: {'line': b'-- Found Eigen3: TRUE (found version "3.4.0") \n'}
[2.003277] (robot_control) StdoutLine: {'line': b'-- Ensuring Eigen3 include directory is part of orocos-kdl CMake target\n'}
[2.005277] (-) TimerEvent: {}
[2.008734] (robot_control) StdoutLine: {'line': b'-- Found controller_interface: 2.51.0 (/opt/ros/humble/share/controller_interface/cmake)\n'}
[2.030462] (robot_interfaces) StdoutLine: {'line': b'-- The CXX compiler identification is GNU 11.4.0\n'}
[2.038556] (robot_interfaces) StdoutLine: {'line': b'-- Detecting C compiler ABI info\n'}
[2.105394] (-) TimerEvent: {}
[2.114992] (robot_interfaces) StdoutLine: {'line': b'-- Detecting C compiler ABI info - done\n'}
[2.117207] (robot_description) StdoutLine: {'line': b'-- Found PkgConfig: /usr/bin/pkg-config (found version "0.29.2") \n'}
[2.118541] (robot_description) StdoutLine: {'line': b"-- Checking for module 'bullet>=2.82'\n"}
[2.122487] (robot_interfaces) StdoutLine: {'line': b'-- Check for working C compiler: /usr/bin/cc - skipped\n'}
[2.122747] (robot_interfaces) StdoutLine: {'line': b'-- Detecting C compile features\n'}
[2.123172] (robot_interfaces) StdoutLine: {'line': b'-- Detecting C compile features - done\n'}
[2.126592] (robot_interfaces) StdoutLine: {'line': b'-- Detecting CXX compiler ABI info\n'}
[2.131561] (robot_control) StdoutLine: {'line': b'-- Found controller_manager: 2.52.0 (/opt/ros/humble/share/controller_manager/cmake)\n'}
[2.140796] (robot_description) StdoutLine: {'line': b'--   Found bullet, version 3.05\n'}
[2.177851] (robot_control) StdoutLine: {'line': b'-- Found diagnostic_updater: 4.0.6 (/opt/ros/humble/share/diagnostic_updater/cmake)\n'}
[2.205495] (-) TimerEvent: {}
[2.236838] (robot_interfaces) StdoutLine: {'line': b'-- Detecting CXX compiler ABI info - done\n'}
[2.244730] (robot_interfaces) StdoutLine: {'line': b'-- Check for working CXX compiler: /usr/bin/c++ - skipped\n'}
[2.245041] (robot_interfaces) StdoutLine: {'line': b'-- Detecting CXX compile features\n'}
[2.245707] (robot_interfaces) StdoutLine: {'line': b'-- Detecting CXX compile features - done\n'}
[2.250244] (robot_interfaces) StdoutLine: {'line': b'-- Found ament_cmake: 1.3.12 (/opt/ros/humble/share/ament_cmake/cmake)\n'}
[2.305601] (-) TimerEvent: {}
[2.338417] (robot_description) StdoutLine: {'line': b'-- Found fcl: /usr/include (found suitable version "0.7.0", minimum required is "0.5.0") \n'}
[2.356864] (robot_perception) CommandEnded: {'returncode': 0}
[2.357379] (robot_perception) JobProgress: {'identifier': 'robot_perception', 'progress': 'build'}
[2.357999] (robot_perception) Command: {'cmd': ['/usr/bin/cmake', '--build', '/root/Dojo/build/robot_perception', '--', '-j16', '-l16'], 'cwd': '/root/Dojo/build/robot_perception', 'env': OrderedDict([('HOSTNAME', 'gareth-joel-HP-Pavilion-Gaming-Laptop-15-ec2xxx'), ('SHLVL', '0'), ('LD_LIBRARY_PATH', '/usr/lib/x86_64-linux-gnu/gazebo-11/plugins:/opt/ros/humble/opt/rviz_ogre_vendor/lib:/opt/ros/humble/lib/x86_64-linux-gnu:/opt/ros/humble/lib'), ('HOME', '/root'), ('OLDPWD', '/'), ('ROS_PYTHON_VERSION', '3'), ('ROS_DISTRO', 'humble'), ('_', '/usr/bin/colcon'), ('ROS_VERSION', '2'), ('TERM', 'xterm'), ('ROS_LOCALHOST_ONLY', '0'), ('QT_X11_NO_MITSHM', '1'), ('PATH', '/opt/ros/humble/bin:/usr/local/sbin:/usr/local/bin:/usr/sbin:/usr/bin:/sbin:/bin'), ('DISPLAY', ':0'), ('LANG', 'C.UTF-8'), ('AMENT_PREFIX_PATH', '/opt/ros/humble'), ('PWD', '/root/Dojo/build/robot_perception'), ('LC_ALL', 'C.UTF-8'), ('PYTHONPATH', '/opt/ros/humble/lib/python3.10/site-packages:/opt/ros/humble/local/lib/python3.10/dist-packages'), ('COLCON', '1')]), 'shell': False}
[2.407923] (-) TimerEvent: {}
[2.435410] (robot_description) StdoutLine: {'line': b'-- Found assimp: /usr/include (found version "5.2.0") \n'}
[2.447408] (robot_perception) StdoutLine: {'line': b'Built target ament_cmake_python_copy_robot_perception_setup\n'}
[2.474481] (robot_perception) StdoutLine: {'line': b'Built target ament_cmake_python_copy_robot_perception\n'}
[2.490995] (robot_description) StdoutLine: {'line': b'-- Found DART: /usr/include (Required is at least version "6.6") found components: dart \n'}
[2.508027] (-) TimerEvent: {}
[2.561325] (robot_description) StdoutLine: {'line': b'-- Found Boost: /usr/lib/x86_64-linux-gnu/cmake/Boost-1.74.0/BoostConfig.cmake (found suitable version "1.74.0", minimum required is "1.40.0") found components: thread system filesystem program_options regex iostreams date_time \n'}
[2.584645] (robot_description) StdoutLine: {'line': b'-- Found Protobuf: /usr/lib/x86_64-linux-gnu/libprotobuf.so (found version "3.12.4") \n'}
[2.599320] (robot_description) StdoutLine: {'line': b'-- Looking for ignition-math6 -- found version 6.15.1\n'}
[2.608157] (-) TimerEvent: {}
[2.612603] (robot_description) StdoutLine: {'line': b'-- Searching for dependencies of ignition-math6\n'}
[2.615226] (robot_description) StdoutLine: {'line': b'-- Looking for OGRE...\n'}
[2.615931] (robot_description) StdoutLine: {'line': b'-- OGRE_PREFIX_WATCH changed.\n'}
[2.625306] (robot_description) StdoutLine: {'line': b"-- Checking for module 'OGRE'\n"}
[2.644433] (camera_ros) StdoutLine: {'line': b'-- Found Python3: /usr/bin/python3 (found version "3.10.12") found components: Interpreter \n'}
[2.653048] (robot_description) StdoutLine: {'line': b'--   Found OGRE, version 1.9.0\n'}
[2.708273] (-) TimerEvent: {}
[2.728951] (robot_description) StdoutLine: {'line': b'-- Found Ogre Ghadamon (1.9.0)\n'}
[2.742929] (robot_description) StdoutLine: {'line': b'-- Found OGRE: optimized;/usr/lib/x86_64-linux-gnu/libOgreMain.so;debug;/usr/lib/x86_64-linux-gnu/libOgreMain.so\n'}
[2.749565] (camera_ros) StdoutLine: {'line': b'-- Override CMake install command with custom implementation using symlinks instead of copying resources\n'}
[2.759606] (robot_description) StdoutLine: {'line': b'-- Looking for OGRE_Paging...\n'}
[2.770151] (robot_description) StdoutLine: {'line': b'-- Found OGRE_Paging: optimized;/usr/lib/x86_64-linux-gnu/libOgrePaging.so;debug;/usr/lib/x86_64-linux-gnu/libOgrePaging.so\n'}
[2.770453] (robot_description) StdoutLine: {'line': b'-- Looking for OGRE_Terrain...\n'}
[2.779518] (robot_description) StdoutLine: {'line': b'-- Found OGRE_Terrain: optimized;/usr/lib/x86_64-linux-gnu/libOgreTerrain.so;debug;/usr/lib/x86_64-linux-gnu/libOgreTerrain.so\n'}
[2.779909] (robot_description) StdoutLine: {'line': b'-- Looking for OGRE_Property...\n'}
[2.789580] (robot_description) StdoutLine: {'line': b'-- Found OGRE_Property: optimized;/usr/lib/x86_64-linux-gnu/libOgreProperty.so;debug;/usr/lib/x86_64-linux-gnu/libOgreProperty.so\n'}
[2.789899] (robot_description) StdoutLine: {'line': b'-- Looking for OGRE_RTShaderSystem...\n'}
[2.797543] (robot_description) StdoutLine: {'line': b'-- Found OGRE_RTShaderSystem: optimized;/usr/lib/x86_64-linux-gnu/libOgreRTShaderSystem.so;debug;/usr/lib/x86_64-linux-gnu/libOgreRTShaderSystem.so\n'}
[2.797914] (robot_description) StdoutLine: {'line': b'-- Looking for OGRE_Volume...\n'}
[2.806066] (robot_description) StdoutLine: {'line': b'-- Found OGRE_Volume: optimized;/usr/lib/x86_64-linux-gnu/libOgreVolume.so;debug;/usr/lib/x86_64-linux-gnu/libOgreVolume.so\n'}
[2.806356] (robot_description) StdoutLine: {'line': b'-- Looking for OGRE_Overlay...\n'}
[2.808366] (-) TimerEvent: {}
[2.812580] (robot_description) StdoutLine: {'line': b'-- Found OGRE_Overlay: optimized;/usr/lib/x86_64-linux-gnu/libOgreOverlay.so;debug;/usr/lib/x86_64-linux-gnu/libOgreOverlay.so\n'}
[2.835072] (camera_ros) StdoutLine: {'line': b'-- Found PkgConfig: /usr/bin/pkg-config (found version "0.29.2") \n'}
[2.841472] (camera_ros) StdoutLine: {'line': b'-- Found rclcpp: 16.0.14 (/opt/ros/humble/share/rclcpp/cmake)\n'}
[2.909308] (-) TimerEvent: {}
[2.947758] (camera_ros) StdoutLine: {'line': b'-- Found rosidl_generator_c: 3.1.7 (/opt/ros/humble/share/rosidl_generator_c/cmake)\n'}
[2.959033] (camera_ros) StdoutLine: {'line': b'-- Found rosidl_adapter: 3.1.7 (/opt/ros/humble/share/rosidl_adapter/cmake)\n'}
[2.993687] (camera_ros) StdoutLine: {'line': b'-- Found rosidl_generator_cpp: 3.1.7 (/opt/ros/humble/share/rosidl_generator_cpp/cmake)\n'}
[3.009409] (-) TimerEvent: {}
[3.022932] (camera_ros) StdoutLine: {'line': b'-- Using all available rosidl_typesupport_c: rosidl_typesupport_fastrtps_c;rosidl_typesupport_introspection_c\n'}
[3.041426] (robot_description) StdoutLine: {'line': b'-- Looking for ignition-math6 -- found version 6.15.1\n'}
[3.049312] (robot_description) StdoutLine: {'line': b'-- Looking for ignition-transport8 -- found version 8.2.1\n'}
[3.049835] (robot_description) StdoutLine: {'line': b'-- Searching for dependencies of ignition-transport8\n'}
[3.064901] (camera_ros) StdoutLine: {'line': b'-- Using all available rosidl_typesupport_cpp: rosidl_typesupport_fastrtps_cpp;rosidl_typesupport_introspection_cpp\n'}
[3.075453] (robot_perception) StdoutLine: {'line': b'running egg_info\n'}
[3.077078] (robot_perception) StdoutLine: {'line': b'creating robot_perception.egg-info\n'}
[3.096680] (robot_description) StdoutLine: {'line': b'-- Found Protobuf: /usr/lib/x86_64-linux-gnu/libprotobuf.so (found suitable version "3.12.4", minimum required is "3") \n'}
[3.103098] (robot_perception) StdoutLine: {'line': b'writing robot_perception.egg-info/PKG-INFO\n'}
[3.103998] (robot_perception) StdoutLine: {'line': b'writing dependency_links to robot_perception.egg-info/dependency_links.txt\n'}
[3.104544] (robot_perception) StdoutLine: {'line': b'writing top-level names to robot_perception.egg-info/top_level.txt\n'}
[3.105214] (robot_perception) StdoutLine: {'line': b"writing manifest file 'robot_perception.egg-info/SOURCES.txt'\n"}
[3.109702] (-) TimerEvent: {}
[3.134232] (robot_description) StdoutLine: {'line': b'-- Config-file not installed for ZeroMQ -- checking for pkg-config\n'}
[3.143647] (robot_description) StdoutLine: {'line': b"-- Checking for module 'libzmq >= 4'\n"}
[3.176278] (camera_ros) StdoutLine: {'line': b'-- Found rmw_implementation_cmake: 6.1.2 (/opt/ros/humble/share/rmw_implementation_cmake/cmake)\n'}
[3.179585] (robot_description) StdoutLine: {'line': b'--   Found libzmq , version 4.3.4\n'}
[3.183117] (camera_ros) StdoutLine: {'line': b'-- Found rmw_fastrtps_cpp: 6.2.8 (/opt/ros/humble/share/rmw_fastrtps_cpp/cmake)\n'}
[3.185772] (robot_perception) StdoutLine: {'line': b"reading manifest file 'robot_perception.egg-info/SOURCES.txt'\n"}
[3.186880] (robot_perception) StdoutLine: {'line': b"writing manifest file 'robot_perception.egg-info/SOURCES.txt'\n"}
[3.209814] (-) TimerEvent: {}
[3.274891] (robot_description) StdoutLine: {'line': b'-- Found ZeroMQ: TRUE (Required is at least version "4") \n'}
[3.287719] (robot_description) StdoutLine: {'line': b"-- Checking for module 'uuid'\n"}
[3.292736] (arduino_bridge) Command: {'cmd': ['/usr/bin/python3', '-W', 'ignore:setup.py install is deprecated', '-W', 'ignore:easy_install command is deprecated', 'setup.py', 'develop', '--editable', '--build-directory', '/root/Dojo/build/arduino_bridge/build', '--no-deps', 'symlink_data'], 'cwd': '/root/Dojo/build/arduino_bridge', 'env': {'HOSTNAME': 'gareth-joel-HP-Pavilion-Gaming-Laptop-15-ec2xxx', 'SHLVL': '0', 'LD_LIBRARY_PATH': '/usr/lib/x86_64-linux-gnu/gazebo-11/plugins:/opt/ros/humble/opt/rviz_ogre_vendor/lib:/opt/ros/humble/lib/x86_64-linux-gnu:/opt/ros/humble/lib', 'HOME': '/root', 'OLDPWD': '/', 'ROS_PYTHON_VERSION': '3', 'ROS_DISTRO': 'humble', '_': '/usr/bin/colcon', 'ROS_VERSION': '2', 'TERM': 'xterm', 'ROS_LOCALHOST_ONLY': '0', 'QT_X11_NO_MITSHM': '1', 'PATH': '/opt/ros/humble/bin:/usr/local/sbin:/usr/local/bin:/usr/sbin:/usr/bin:/sbin:/bin', 'DISPLAY': ':0', 'LANG': 'C.UTF-8', 'AMENT_PREFIX_PATH': '/opt/ros/humble', 'PWD': '/root/Dojo/build/arduino_bridge', 'LC_ALL': 'C.UTF-8', 'PYTHONPATH': '/root/Dojo/build/arduino_bridge/prefix_override:/usr/lib/python3/dist-packages/colcon_core/task/python/colcon_distutils_commands:/root/Dojo/install/arduino_bridge/lib/python3.10/site-packages:/opt/ros/humble/lib/python3.10/site-packages:/opt/ros/humble/local/lib/python3.10/dist-packages', 'COLCON': '1'}, 'shell': False}
[3.298149] (robot_perception) StdoutLine: {'line': b'Built target ament_cmake_python_build_robot_perception_egg\n'}
[3.303330] (robot_interfaces) StdoutLine: {'line': b'-- Found Python3: /usr/bin/python3 (found version "3.10.12") found components: Interpreter \n'}
[3.309925] (-) TimerEvent: {}
[3.319082] (robot_description) StdoutLine: {'line': b'--   Found uuid, version 2.37.2\n'}
[3.321632] (robot_perception) CommandEnded: {'returncode': 0}
[3.322127] (robot_perception) JobProgress: {'identifier': 'robot_perception', 'progress': 'install'}
[3.338058] (robot_perception) Command: {'cmd': ['/usr/bin/cmake', '--install', '/root/Dojo/build/robot_perception'], 'cwd': '/root/Dojo/build/robot_perception', 'env': OrderedDict([('HOSTNAME', 'gareth-joel-HP-Pavilion-Gaming-Laptop-15-ec2xxx'), ('SHLVL', '0'), ('LD_LIBRARY_PATH', '/usr/lib/x86_64-linux-gnu/gazebo-11/plugins:/opt/ros/humble/opt/rviz_ogre_vendor/lib:/opt/ros/humble/lib/x86_64-linux-gnu:/opt/ros/humble/lib'), ('HOME', '/root'), ('OLDPWD', '/'), ('ROS_PYTHON_VERSION', '3'), ('ROS_DISTRO', 'humble'), ('_', '/usr/bin/colcon'), ('ROS_VERSION', '2'), ('TERM', 'xterm'), ('ROS_LOCALHOST_ONLY', '0'), ('QT_X11_NO_MITSHM', '1'), ('PATH', '/opt/ros/humble/bin:/usr/local/sbin:/usr/local/bin:/usr/sbin:/usr/bin:/sbin:/bin'), ('DISPLAY', ':0'), ('LANG', 'C.UTF-8'), ('AMENT_PREFIX_PATH', '/opt/ros/humble'), ('PWD', '/root/Dojo/build/robot_perception'), ('LC_ALL', 'C.UTF-8'), ('PYTHONPATH', '/opt/ros/humble/lib/python3.10/site-packages:/opt/ros/humble/local/lib/python3.10/dist-packages'), ('COLCON', '1')]), 'shell': False}
[3.350361] (robot_perception) StdoutLine: {'line': b'-- Install configuration: "Release"\n'}
[3.350709] (robot_perception) StdoutLine: {'line': b'-- Installing: /root/Dojo/install/robot_perception/share/robot_perception/environment/pythonpath.sh\n'}
[3.350935] (robot_perception) StdoutLine: {'line': b'-- Installing: /root/Dojo/install/robot_perception/share/robot_perception/environment/pythonpath.dsv\n'}
[3.351320] (robot_perception) StdoutLine: {'line': b'-- Installing: /root/Dojo/install/robot_perception/local/lib/python3.10/dist-packages/robot_perception-0.2.0-py3.10.egg-info\n'}
[3.351700] (robot_perception) StdoutLine: {'line': b'-- Installing: /root/Dojo/install/robot_perception/local/lib/python3.10/dist-packages/robot_perception-0.2.0-py3.10.egg-info/SOURCES.txt\n'}
[3.351897] (robot_perception) StdoutLine: {'line': b'-- Installing: /root/Dojo/install/robot_perception/local/lib/python3.10/dist-packages/robot_perception-0.2.0-py3.10.egg-info/dependency_links.txt\n'}
[3.352156] (robot_perception) StdoutLine: {'line': b'-- Installing: /root/Dojo/install/robot_perception/local/lib/python3.10/dist-packages/robot_perception-0.2.0-py3.10.egg-info/PKG-INFO\n'}
[3.352333] (robot_perception) StdoutLine: {'line': b'-- Installing: /root/Dojo/install/robot_perception/local/lib/python3.10/dist-packages/robot_perception-0.2.0-py3.10.egg-info/top_level.txt\n'}
[3.352505] (robot_perception) StdoutLine: {'line': b'-- Installing: /root/Dojo/install/robot_perception/local/lib/python3.10/dist-packages/robot_perception\n'}
[3.352622] (robot_perception) StdoutLine: {'line': b'-- Installing: /root/Dojo/install/robot_perception/local/lib/python3.10/dist-packages/robot_perception/yolov8n.pt\n'}
[3.361112] (camera_ros) StdoutLine: {'line': b'-- Found OpenSSL: /usr/lib/x86_64-linux-gnu/libcrypto.so (found version "3.0.2")  \n'}
[3.363014] (robot_perception) StdoutLine: {'line': b'-- Installing: /root/Dojo/install/robot_perception/local/lib/python3.10/dist-packages/robot_perception/utils\n'}
[3.363299] (robot_perception) StdoutLine: {'line': b'-- Installing: /root/Dojo/install/robot_perception/local/lib/python3.10/dist-packages/robot_perception/utils/common.py\n'}
[3.363487] (robot_perception) StdoutLine: {'line': b'-- Installing: /root/Dojo/install/robot_perception/local/lib/python3.10/dist-packages/robot_perception/utils/__init__.py\n'}
[3.363645] (robot_perception) StdoutLine: {'line': b'-- Installing: /root/Dojo/install/robot_perception/local/lib/python3.10/dist-packages/robot_perception/utils/config.py\n'}
[3.363807] (robot_perception) StdoutLine: {'line': b'-- Installing: /root/Dojo/install/robot_perception/local/lib/python3.10/dist-packages/robot_perception/nodes\n'}
[3.364010] (robot_perception) StdoutLine: {'line': b'-- Installing: /root/Dojo/install/robot_perception/local/lib/python3.10/dist-packages/robot_perception/nodes/object_detector.py\n'}
[3.364156] (robot_perception) StdoutLine: {'line': b'-- Installing: /root/Dojo/install/robot_perception/local/lib/python3.10/dist-packages/robot_perception/nodes/perception_integrator.py\n'}
[3.364334] (robot_perception) StdoutLine: {'line': b'-- Installing: /root/Dojo/install/robot_perception/local/lib/python3.10/dist-packages/robot_perception/nodes/lidar_processor.py\n'}
[3.364556] (robot_perception) StdoutLine: {'line': b'-- Installing: /root/Dojo/install/robot_perception/local/lib/python3.10/dist-packages/robot_perception/nodes/camera_processor.py\n'}
[3.364732] (robot_perception) StdoutLine: {'line': b'-- Installing: /root/Dojo/install/robot_perception/local/lib/python3.10/dist-packages/robot_perception/nodes/__init__.py\n'}
[3.365213] (robot_perception) StdoutLine: {'line': b'-- Installing: /root/Dojo/install/robot_perception/local/lib/python3.10/dist-packages/robot_perception/__init__.py\n'}
[3.374393] (ros2arduino_bridge) Command: {'cmd': ['/usr/bin/python3', '-W', 'ignore:setup.py install is deprecated', '-W', 'ignore:easy_install command is deprecated', 'setup.py', 'develop', '--editable', '--build-directory', '/root/Dojo/build/ros2arduino_bridge/build', '--no-deps', 'symlink_data'], 'cwd': '/root/Dojo/build/ros2arduino_bridge', 'env': {'HOSTNAME': 'gareth-joel-HP-Pavilion-Gaming-Laptop-15-ec2xxx', 'SHLVL': '0', 'LD_LIBRARY_PATH': '/usr/lib/x86_64-linux-gnu/gazebo-11/plugins:/opt/ros/humble/opt/rviz_ogre_vendor/lib:/opt/ros/humble/lib/x86_64-linux-gnu:/opt/ros/humble/lib', 'HOME': '/root', 'OLDPWD': '/', 'ROS_PYTHON_VERSION': '3', 'ROS_DISTRO': 'humble', '_': '/usr/bin/colcon', 'ROS_VERSION': '2', 'TERM': 'xterm', 'ROS_LOCALHOST_ONLY': '0', 'QT_X11_NO_MITSHM': '1', 'PATH': '/opt/ros/humble/bin:/usr/local/sbin:/usr/local/bin:/usr/sbin:/usr/bin:/sbin:/bin', 'DISPLAY': ':0', 'LANG': 'C.UTF-8', 'AMENT_PREFIX_PATH': '/opt/ros/humble', 'PWD': '/root/Dojo/build/ros2arduino_bridge', 'LC_ALL': 'C.UTF-8', 'PYTHONPATH': '/root/Dojo/build/ros2arduino_bridge/prefix_override:/usr/lib/python3/dist-packages/colcon_core/task/python/colcon_distutils_commands:/root/Dojo/install/ros2arduino_bridge/lib/python3.10/site-packages:/opt/ros/humble/lib/python3.10/site-packages:/opt/ros/humble/local/lib/python3.10/dist-packages', 'COLCON': '1'}, 'shell': False}
[3.382349] (robot_sensors) Command: {'cmd': ['/usr/bin/python3', '-W', 'ignore:setup.py install is deprecated', '-W', 'ignore:easy_install command is deprecated', 'setup.py', 'develop', '--editable', '--build-directory', '/root/Dojo/build/robot_sensors/build', '--no-deps', 'symlink_data'], 'cwd': '/root/Dojo/build/robot_sensors', 'env': {'HOSTNAME': 'gareth-joel-HP-Pavilion-Gaming-Laptop-15-ec2xxx', 'SHLVL': '0', 'LD_LIBRARY_PATH': '/usr/lib/x86_64-linux-gnu/gazebo-11/plugins:/opt/ros/humble/opt/rviz_ogre_vendor/lib:/opt/ros/humble/lib/x86_64-linux-gnu:/opt/ros/humble/lib', 'HOME': '/root', 'OLDPWD': '/', 'ROS_PYTHON_VERSION': '3', 'ROS_DISTRO': 'humble', '_': '/usr/bin/colcon', 'ROS_VERSION': '2', 'TERM': 'xterm', 'ROS_LOCALHOST_ONLY': '0', 'QT_X11_NO_MITSHM': '1', 'PATH': '/opt/ros/humble/bin:/usr/local/sbin:/usr/local/bin:/usr/sbin:/usr/bin:/sbin:/bin', 'DISPLAY': ':0', 'LANG': 'C.UTF-8', 'AMENT_PREFIX_PATH': '/opt/ros/humble', 'PWD': '/root/Dojo/build/robot_sensors', 'LC_ALL': 'C.UTF-8', 'PYTHONPATH': '/root/Dojo/build/robot_sensors/prefix_override:/usr/lib/python3/dist-packages/colcon_core/task/python/colcon_distutils_commands:/root/Dojo/install/robot_sensors/lib/python3.10/site-packages:/opt/ros/humble/lib/python3.10/site-packages:/opt/ros/humble/local/lib/python3.10/dist-packages', 'COLCON': '1'}, 'shell': False}
[3.400975] (robot_description) StdoutLine: {'line': b'-- Found UUID: TRUE  \n'}
[3.408856] (robot_description) StdoutLine: {'line': b'-- Looking for ignition-msgs5 -- found version 5.8.1\n'}
[3.409160] (robot_description) StdoutLine: {'line': b'-- Searching for dependencies of ignition-msgs5\n'}
[3.410028] (-) TimerEvent: {}
[3.415560] (robot_interfaces) StdoutLine: {'line': b'-- Override CMake install command with custom implementation using symlinks instead of copying resources\n'}
[3.424382] (camera_ros) StdoutLine: {'line': b'-- Found FastRTPS: /opt/ros/humble/include  \n'}
[3.440586] (robot_perception) StdoutLine: {'line': b"Listing '/root/Dojo/install/robot_perception/local/lib/python3.10/dist-packages/robot_perception'...\n"}
[3.440910] (robot_perception) StdoutLine: {'line': b"Compiling '/root/Dojo/install/robot_perception/local/lib/python3.10/dist-packages/robot_perception/__init__.py'...\n"}
[3.441110] (robot_perception) StdoutLine: {'line': b"Listing '/root/Dojo/install/robot_perception/local/lib/python3.10/dist-packages/robot_perception/nodes'...\n"}
[3.441571] (robot_perception) StdoutLine: {'line': b"Compiling '/root/Dojo/install/robot_perception/local/lib/python3.10/dist-packages/robot_perception/nodes/__init__.py'...\n"}
[3.441756] (robot_perception) StdoutLine: {'line': b"Compiling '/root/Dojo/install/robot_perception/local/lib/python3.10/dist-packages/robot_perception/nodes/camera_processor.py'...\n"}
[3.441885] (robot_perception) StdoutLine: {'line': b"Compiling '/root/Dojo/install/robot_perception/local/lib/python3.10/dist-packages/robot_perception/nodes/lidar_processor.py'...\n"}
[3.442037] (robot_perception) StdoutLine: {'line': b"Compiling '/root/Dojo/install/robot_perception/local/lib/python3.10/dist-packages/robot_perception/nodes/object_detector.py'...\n"}
[3.442143] (robot_perception) StdoutLine: {'line': b"Compiling '/root/Dojo/install/robot_perception/local/lib/python3.10/dist-packages/robot_perception/nodes/perception_integrator.py'...\n"}
[3.442232] (robot_perception) StdoutLine: {'line': b"Listing '/root/Dojo/install/robot_perception/local/lib/python3.10/dist-packages/robot_perception/utils'...\n"}
[3.442318] (robot_perception) StdoutLine: {'line': b"Compiling '/root/Dojo/install/robot_perception/local/lib/python3.10/dist-packages/robot_perception/utils/__init__.py'...\n"}
[3.442400] (robot_perception) StdoutLine: {'line': b"Compiling '/root/Dojo/install/robot_perception/local/lib/python3.10/dist-packages/robot_perception/utils/common.py'...\n"}
[3.442481] (robot_perception) StdoutLine: {'line': b"Compiling '/root/Dojo/install/robot_perception/local/lib/python3.10/dist-packages/robot_perception/utils/config.py'...\n"}
[3.450026] (robot_perception) StdoutLine: {'line': b'-- Installing: /root/Dojo/install/robot_perception/share/robot_perception/launch\n'}
[3.450372] (robot_perception) StdoutLine: {'line': b'-- Installing: /root/Dojo/install/robot_perception/share/robot_perception/launch/robot_perception.launch.py\n'}
[3.450583] (robot_perception) StdoutLine: {'line': b'-- Installing: /root/Dojo/install/robot_perception/share/robot_perception/launch/perception.launch.py\n'}
[3.450785] (robot_perception) StdoutLine: {'line': b'-- Installing: /root/Dojo/install/robot_perception/share/robot_perception/launch/perception_integration.launch.py\n'}
[3.450995] (robot_perception) StdoutLine: {'line': b'-- Installing: /root/Dojo/install/robot_perception/share/robot_perception/launch/object_detector.launch.py\n'}
[3.451112] (robot_perception) StdoutLine: {'line': b'-- Installing: /root/Dojo/install/robot_perception/share/robot_perception/launch/perception_system.launch.py\n'}
[3.451256] (robot_perception) StdoutLine: {'line': b'-- Installing: /root/Dojo/install/robot_perception/share/robot_perception/config\n'}
[3.451451] (robot_perception) StdoutLine: {'line': b'-- Installing: /root/Dojo/install/robot_perception/share/robot_perception/config/robot_perception_params.yaml\n'}
[3.451739] (robot_perception) StdoutLine: {'line': b'-- Installing: /root/Dojo/install/robot_perception/share/robot_perception/config/perception_params.yaml\n'}
[3.451898] (robot_perception) StdoutLine: {'line': b'-- Installing: /root/Dojo/install/robot_perception/share/robot_perception/rviz\n'}
[3.452110] (robot_perception) StdoutLine: {'line': b'-- Installing: /root/Dojo/install/robot_perception/share/robot_perception/rviz/object_detection.rviz\n'}
[3.452241] (robot_perception) StdoutLine: {'line': b'-- Installing: /root/Dojo/install/robot_perception/share/robot_perception/rviz/perception_integration.rviz\n'}
[3.452584] (robot_perception) StdoutLine: {'line': b'-- Installing: /root/Dojo/install/robot_perception/share/robot_perception/resource\n'}
[3.452701] (robot_perception) StdoutLine: {'line': b'-- Installing: /root/Dojo/install/robot_perception/share/robot_perception/resource/robot_perception\n'}
[3.453073] (robot_perception) StdoutLine: {'line': b'-- Installing: /root/Dojo/install/robot_perception/share/robot_perception/CMakeLists.txt\n'}
[3.453207] (robot_perception) StdoutLine: {'line': b'-- Installing: /root/Dojo/install/robot_perception/share/robot_perception/package.xml\n'}
[3.453716] (robot_perception) StdoutLine: {'line': b'-- Installing: /root/Dojo/install/robot_perception/lib/local/lib/python3.10/dist-packages/robot_perception/setup.py\n'}
[3.454228] (robot_perception) StdoutLine: {'line': b'-- Installing: /root/Dojo/install/robot_perception/share/ament_index/resource_index/package_run_dependencies/robot_perception\n'}
[3.454556] (robot_perception) StdoutLine: {'line': b'-- Installing: /root/Dojo/install/robot_perception/share/ament_index/resource_index/parent_prefix_path/robot_perception\n'}
[3.455100] (robot_perception) StdoutLine: {'line': b'-- Installing: /root/Dojo/install/robot_perception/share/robot_perception/environment/ament_prefix_path.sh\n'}
[3.455359] (robot_description) StdoutLine: {'line': b'-- Looking for ignition-math6 -- found version 6.15.1\n'}
[3.455628] (robot_perception) StdoutLine: {'line': b'-- Installing: /root/Dojo/install/robot_perception/share/robot_perception/environment/ament_prefix_path.dsv\n'}
[3.455891] (robot_perception) StdoutLine: {'line': b'-- Installing: /root/Dojo/install/robot_perception/share/robot_perception/environment/path.sh\n'}
[3.456466] (robot_perception) StdoutLine: {'line': b'-- Installing: /root/Dojo/install/robot_perception/share/robot_perception/environment/path.dsv\n'}
[3.458781] (robot_perception) StdoutLine: {'line': b'-- Installing: /root/Dojo/install/robot_perception/share/robot_perception/local_setup.bash\n'}
[3.459143] (robot_perception) StdoutLine: {'line': b'-- Installing: /root/Dojo/install/robot_perception/share/robot_perception/local_setup.sh\n'}
[3.459343] (robot_perception) StdoutLine: {'line': b'-- Installing: /root/Dojo/install/robot_perception/share/robot_perception/local_setup.zsh\n'}
[3.459580] (robot_perception) StdoutLine: {'line': b'-- Installing: /root/Dojo/install/robot_perception/share/robot_perception/local_setup.dsv\n'}
[3.459760] (robot_perception) StdoutLine: {'line': b'-- Installing: /root/Dojo/install/robot_perception/share/robot_perception/package.dsv\n'}
[3.459952] (robot_perception) StdoutLine: {'line': b'-- Installing: /root/Dojo/install/robot_perception/share/ament_index/resource_index/packages/robot_perception\n'}
[3.462857] (robot_perception) StdoutLine: {'line': b'-- Installing: /root/Dojo/install/robot_perception/share/robot_perception/cmake/ament_cmake_export_dependencies-extras.cmake\n'}
[3.463297] (robot_perception) StdoutLine: {'line': b'-- Installing: /root/Dojo/install/robot_perception/share/robot_perception/cmake/robot_perceptionConfig.cmake\n'}
[3.464848] (robot_perception) StdoutLine: {'line': b'-- Installing: /root/Dojo/install/robot_perception/share/robot_perception/cmake/robot_perceptionConfig-version.cmake\n'}
[3.466225] (robot_perception) StdoutLine: {'line': b'-- Up-to-date: /root/Dojo/install/robot_perception/share/robot_perception/package.xml\n'}
[3.466641] (robot_hardware) Command: {'cmd': ['/usr/bin/python3', '-W', 'ignore:setup.py install is deprecated', '-W', 'ignore:easy_install command is deprecated', 'setup.py', 'develop', '--editable', '--build-directory', '/root/Dojo/build/robot_hardware/build', '--no-deps', 'symlink_data'], 'cwd': '/root/Dojo/build/robot_hardware', 'env': {'HOSTNAME': 'gareth-joel-HP-Pavilion-Gaming-Laptop-15-ec2xxx', 'SHLVL': '0', 'LD_LIBRARY_PATH': '/usr/lib/x86_64-linux-gnu/gazebo-11/plugins:/opt/ros/humble/opt/rviz_ogre_vendor/lib:/opt/ros/humble/lib/x86_64-linux-gnu:/opt/ros/humble/lib', 'HOME': '/root', 'OLDPWD': '/', 'ROS_PYTHON_VERSION': '3', 'ROS_DISTRO': 'humble', '_': '/usr/bin/colcon', 'ROS_VERSION': '2', 'TERM': 'xterm', 'ROS_LOCALHOST_ONLY': '0', 'QT_X11_NO_MITSHM': '1', 'PATH': '/opt/ros/humble/bin:/usr/local/sbin:/usr/local/bin:/usr/sbin:/usr/bin:/sbin:/bin', 'DISPLAY': ':0', 'LANG': 'C.UTF-8', 'AMENT_PREFIX_PATH': '/opt/ros/humble', 'PWD': '/root/Dojo/build/robot_hardware', 'LC_ALL': 'C.UTF-8', 'PYTHONPATH': '/root/Dojo/build/robot_hardware/prefix_override:/usr/lib/python3/dist-packages/colcon_core/task/python/colcon_distutils_commands:/root/Dojo/install/robot_hardware/lib/python3.10/site-packages:/opt/ros/humble/lib/python3.10/site-packages:/opt/ros/humble/local/lib/python3.10/dist-packages', 'COLCON': '1'}, 'shell': False}
[3.467617] (robot_description) StdoutLine: {'line': b"-- Checking for module 'tinyxml2'\n"}
[3.468985] (nv21_converter_pkg) Command: {'cmd': ['/usr/bin/python3', '-W', 'ignore:setup.py install is deprecated', '-W', 'ignore:easy_install command is deprecated', 'setup.py', 'develop', '--editable', '--build-directory', '/root/Dojo/build/nv21_converter_pkg/build', '--no-deps', 'symlink_data'], 'cwd': '/root/Dojo/build/nv21_converter_pkg', 'env': {'HOSTNAME': 'gareth-joel-HP-Pavilion-Gaming-Laptop-15-ec2xxx', 'SHLVL': '0', 'LD_LIBRARY_PATH': '/usr/lib/x86_64-linux-gnu/gazebo-11/plugins:/opt/ros/humble/opt/rviz_ogre_vendor/lib:/opt/ros/humble/lib/x86_64-linux-gnu:/opt/ros/humble/lib', 'HOME': '/root', 'OLDPWD': '/', 'ROS_PYTHON_VERSION': '3', 'ROS_DISTRO': 'humble', '_': '/usr/bin/colcon', 'ROS_VERSION': '2', 'TERM': 'xterm', 'ROS_LOCALHOST_ONLY': '0', 'QT_X11_NO_MITSHM': '1', 'PATH': '/opt/ros/humble/bin:/usr/local/sbin:/usr/local/bin:/usr/sbin:/usr/bin:/sbin:/bin', 'DISPLAY': ':0', 'LANG': 'C.UTF-8', 'AMENT_PREFIX_PATH': '/opt/ros/humble', 'PWD': '/root/Dojo/build/nv21_converter_pkg', 'LC_ALL': 'C.UTF-8', 'PYTHONPATH': '/root/Dojo/build/nv21_converter_pkg/prefix_override:/usr/lib/python3/dist-packages/colcon_core/task/python/colcon_distutils_commands:/root/Dojo/install/nv21_converter_pkg/lib/python3.10/site-packages:/opt/ros/humble/lib/python3.10/site-packages:/opt/ros/humble/local/lib/python3.10/dist-packages', 'COLCON': '1'}, 'shell': False}
[3.471397] (robot_perception) CommandEnded: {'returncode': 0}
[3.488636] (robot_interfaces) StdoutLine: {'line': b'-- Found builtin_interfaces: 1.2.2 (/opt/ros/humble/share/builtin_interfaces/cmake)\n'}
[3.489656] (robot_perception) JobEnded: {'identifier': 'robot_perception', 'rc': 0}
[3.493497] (robot_description) StdoutLine: {'line': b'--   Found tinyxml2, version 9.0.0\n'}
[3.499167] (vision_system) Command: {'cmd': ['/usr/bin/python3', '-W', 'ignore:setup.py install is deprecated', '-W', 'ignore:easy_install command is deprecated', 'setup.py', 'develop', '--editable', '--build-directory', '/root/Dojo/build/vision_system/build', '--no-deps', 'symlink_data'], 'cwd': '/root/Dojo/build/vision_system', 'env': {'HOSTNAME': 'gareth-joel-HP-Pavilion-Gaming-Laptop-15-ec2xxx', 'SHLVL': '0', 'LD_LIBRARY_PATH': '/usr/lib/x86_64-linux-gnu/gazebo-11/plugins:/opt/ros/humble/opt/rviz_ogre_vendor/lib:/opt/ros/humble/lib/x86_64-linux-gnu:/opt/ros/humble/lib', 'HOME': '/root', 'OLDPWD': '/', 'ROS_PYTHON_VERSION': '3', 'ROS_DISTRO': 'humble', '_': '/usr/bin/colcon', 'ROS_VERSION': '2', 'TERM': 'xterm', 'ROS_LOCALHOST_ONLY': '0', 'QT_X11_NO_MITSHM': '1', 'PATH': '/opt/ros/humble/bin:/usr/local/sbin:/usr/local/bin:/usr/sbin:/usr/bin:/sbin:/bin', 'DISPLAY': ':0', 'LANG': 'C.UTF-8', 'AMENT_PREFIX_PATH': '/opt/ros/humble', 'PWD': '/root/Dojo/build/vision_system', 'LC_ALL': 'C.UTF-8', 'PYTHONPATH': '/root/Dojo/build/vision_system/prefix_override:/usr/lib/python3/dist-packages/colcon_core/task/python/colcon_distutils_commands:/root/Dojo/install/vision_system/lib/python3.10/site-packages:/opt/ros/humble/lib/python3.10/site-packages:/opt/ros/humble/local/lib/python3.10/dist-packages', 'COLCON': '1'}, 'shell': False}
[3.510134] (-) TimerEvent: {}
[3.519843] (camera_ros) StdoutLine: {'line': b"-- Using RMW implementation 'rmw_fastrtps_cpp' as default\n"}
[3.539731] (camera_ros) StdoutLine: {'line': b'-- Looking for pthread.h\n'}
[3.547009] (robot_interfaces) StdoutLine: {'line': b'-- Found rosidl_generator_c: 3.1.7 (/opt/ros/humble/share/rosidl_generator_c/cmake)\n'}
[3.559519] (robot_interfaces) StdoutLine: {'line': b'-- Found rosidl_adapter: 3.1.7 (/opt/ros/humble/share/rosidl_adapter/cmake)\n'}
[3.564423] (robot_description) StdoutLine: {'line': b'-- Looking for ignition-msgs5 -- found version 5.8.1\n'}
[3.569347] (robot_description) StdoutLine: {'line': b'-- Looking for ignition-common3 -- found version 3.14.0\n'}
[3.569890] (robot_description) StdoutLine: {'line': b'-- Searching for dependencies of ignition-common3\n'}
[3.570198] (robot_description) StdoutLine: {'line': b'-- Looking for dlfcn.h - found\n'}
[3.570941] (robot_description) StdoutLine: {'line': b'-- Looking for libdl - found\n'}
[3.572430] (robot_description) StdoutLine: {'line': b'-- Found DL: TRUE  \n'}
[3.576829] (robot_interfaces) StdoutLine: {'line': b'-- Found rosidl_generator_cpp: 3.1.7 (/opt/ros/humble/share/rosidl_generator_cpp/cmake)\n'}
[3.589681] (robot_description) StdoutLine: {'line': b'-- Found tinyobjloader: /usr/lib/x86_64-linux-gnu/cmake/tinyobjloader/tinyobjloader-config.cmake (found version "2.0.0") \n'}
[3.590441] (robot_description) StdoutLine: {'line': b'-- Searching for <ignition-common3> component [graphics]\n'}
[3.596828] (robot_description) StdoutLine: {'line': b'-- Looking for ignition-common3-graphics -- found version 3.14.0\n'}
[3.597634] (robot_description) StdoutLine: {'line': b'-- Searching for dependencies of ignition-common3-graphics\n'}
[3.598197] (robot_description) StdoutLine: {'line': b'-- Looking for ignition-math6 -- found version 6.15.1\n'}
[3.598427] (robot_interfaces) StdoutLine: {'line': b'-- Using all available rosidl_typesupport_c: rosidl_typesupport_fastrtps_c;rosidl_typesupport_introspection_c\n'}
[3.604794] (robot_description) StdoutLine: {'line': b'-- Looking for ignition-fuel_tools4 -- found version 4.4.0\n'}
[3.605576] (robot_description) StdoutLine: {'line': b'-- Searching for dependencies of ignition-fuel_tools4\n'}
[3.610499] (-) TimerEvent: {}
[3.630782] (robot_interfaces) StdoutLine: {'line': b'-- Using all available rosidl_typesupport_cpp: rosidl_typesupport_fastrtps_cpp;rosidl_typesupport_introspection_cpp\n'}
[3.653587] (camera_ros) StdoutLine: {'line': b'-- Looking for pthread.h - found\n'}
[3.654254] (camera_ros) StdoutLine: {'line': b'-- Performing Test CMAKE_HAVE_LIBC_PTHREAD\n'}
[3.663452] (robot_interfaces) StdoutLine: {'line': b'-- Found std_msgs: 4.9.0 (/opt/ros/humble/share/std_msgs/cmake)\n'}
[3.686361] (robot_interfaces) StdoutLine: {'line': b'-- Found geometry_msgs: 4.9.0 (/opt/ros/humble/share/geometry_msgs/cmake)\n'}
[3.710610] (-) TimerEvent: {}
[3.713078] (robot_interfaces) StdoutLine: {'line': b'-- Found sensor_msgs: 4.9.0 (/opt/ros/humble/share/sensor_msgs/cmake)\n'}
[3.748612] (robot_interfaces) StdoutLine: {'line': b'-- Found rosidl_default_generators: 1.2.0 (/opt/ros/humble/share/rosidl_default_generators/cmake)\n'}
[3.773574] (robot_description) StdoutLine: {'line': b'-- Found CURL: /usr/lib/x86_64-linux-gnu/libcurl.so (found version "7.81.0")  \n'}
[3.778773] (camera_ros) StdoutLine: {'line': b'-- Performing Test CMAKE_HAVE_LIBC_PTHREAD - Success\n'}
[3.779621] (camera_ros) StdoutLine: {'line': b'-- Found Threads: TRUE  \n'}
[3.782060] (ros2arduino_bridge) StderrLine: {'line': b"/usr/local/lib/python3.10/dist-packages/setuptools/dist.py:770: UserWarning: Usage of dash-separated 'script-dir' will not be supported in future versions. Please use the underscore name 'script_dir' instead\n"}
[3.782394] (ros2arduino_bridge) StderrLine: {'line': b'  warnings.warn(\n'}
[3.794738] (robot_description) StdoutLine: {'line': b"-- Checking for module 'jsoncpp'\n"}
[3.810724] (-) TimerEvent: {}
[3.823861] (robot_description) StdoutLine: {'line': b'--   Found jsoncpp, version 1.9.5\n'}
[3.870294] (camera_ros) StdoutLine: {'line': b'-- Found rclcpp_components: 16.0.14 (/opt/ros/humble/share/rclcpp_components/cmake)\n'}
[3.872591] (arduino_bridge) StdoutLine: {'line': b'running develop\n'}
[3.875869] (robot_sensors) StdoutLine: {'line': b'running develop\n'}
[3.901052] (robot_description) StdoutLine: {'line': b'-- Found JSONCPP: TRUE  \n'}
[3.910826] (-) TimerEvent: {}
[3.911764] (robot_description) StdoutLine: {'line': b"-- Checking for module 'libzip'\n"}
[3.920035] (camera_ros) StdoutLine: {'line': b'-- Found sensor_msgs: 4.9.0 (/opt/ros/humble/share/sensor_msgs/cmake)\n'}
[3.925472] (ros2arduino_bridge) StdoutLine: {'line': b'running develop\n'}
[3.942512] (robot_description) StdoutLine: {'line': b'--   Found libzip, version 1.7.3\n'}
[3.960473] (nv21_converter_pkg) StdoutLine: {'line': b'running develop\n'}
[3.963508] (camera_ros) StdoutLine: {'line': b'-- Found camera_info_manager: 3.1.12 (/opt/ros/humble/share/camera_info_manager/cmake)\n'}
[3.989532] (camera_ros) StdoutLine: {'line': b'-- Found cv_bridge: 3.2.1 (/opt/ros/humble/share/cv_bridge/cmake)\n'}
[3.997257] (robot_hardware) StdoutLine: {'line': b'running develop\n'}
[4.004925] (camera_ros) StdoutLine: {'line': b"-- Checking for module 'libcamera>=0.1'\n"}
[4.011035] (-) TimerEvent: {}
[4.019686] (vision_system) StdoutLine: {'line': b'running develop\n'}
[4.020022] (robot_description) StdoutLine: {'line': b'-- Found ZIP: TRUE  \n'}
[4.020719] (robot_description) StdoutLine: {'line': b'-- Looking for ignition-common3 -- found version 3.14.0\n'}
[4.021615] (robot_description) StdoutLine: {'line': b'-- Looking for ignition-math6 -- found version 6.15.1\n'}
[4.022311] (robot_description) StdoutLine: {'line': b'-- Looking for ignition-msgs5 -- found version 5.8.1\n'}
[4.028078] (camera_ros) StdoutLine: {'line': b'--   Found libcamera, version 0.1.0\n'}
[4.032103] (robot_description) StdoutLine: {'line': b'-- Gazebo version: 11.10\n'}
[4.032816] (robot_description) StdoutLine: {'line': b"-- Checking for module 'tbb'\n"}
[4.057190] (robot_description) StdoutLine: {'line': b'--   Found tbb, version 2021.5.0\n'}
[4.058726] (robot_control) StdoutLine: {'line': b'-- Found Python3: /usr/bin/python3 (found version "3.10.12") found components: Interpreter Development Development.Module Development.Embed \n'}
[4.111123] (-) TimerEvent: {}
[4.153745] (robot_control) StdoutLine: {'line': b'-- Configuring done\n'}
[4.166533] (robot_control) StdoutLine: {'line': b'-- Generating done\n'}
[4.171035] (robot_control) StdoutLine: {'line': b'-- Build files have been written to: /root/Dojo/build/robot_control\n'}
[4.192623] (robot_control) CommandEnded: {'returncode': 0}
[4.193305] (robot_control) JobProgress: {'identifier': 'robot_control', 'progress': 'build'}
[4.193689] (robot_control) Command: {'cmd': ['/usr/bin/cmake', '--build', '/root/Dojo/build/robot_control', '--', '-j16', '-l16'], 'cwd': '/root/Dojo/build/robot_control', 'env': OrderedDict([('HOSTNAME', 'gareth-joel-HP-Pavilion-Gaming-Laptop-15-ec2xxx'), ('SHLVL', '0'), ('LD_LIBRARY_PATH', '/usr/lib/x86_64-linux-gnu/gazebo-11/plugins:/opt/ros/humble/opt/rviz_ogre_vendor/lib:/opt/ros/humble/lib/x86_64-linux-gnu:/opt/ros/humble/lib'), ('HOME', '/root'), ('OLDPWD', '/'), ('ROS_PYTHON_VERSION', '3'), ('ROS_DISTRO', 'humble'), ('_', '/usr/bin/colcon'), ('ROS_VERSION', '2'), ('TERM', 'xterm'), ('ROS_LOCALHOST_ONLY', '0'), ('QT_X11_NO_MITSHM', '1'), ('PATH', '/opt/ros/humble/bin:/usr/local/sbin:/usr/local/bin:/usr/sbin:/usr/bin:/sbin:/bin'), ('DISPLAY', ':0'), ('LANG', 'C.UTF-8'), ('AMENT_PREFIX_PATH', '/opt/ros/humble'), ('PWD', '/root/Dojo/build/robot_control'), ('LC_ALL', 'C.UTF-8'), ('PYTHONPATH', '/opt/ros/humble/lib/python3.10/site-packages:/opt/ros/humble/local/lib/python3.10/dist-packages'), ('COLCON', '1'), ('CMAKE_PREFIX_PATH', '/opt/ros/humble')]), 'shell': False}
[4.197444] (camera_ros) StdoutLine: {'line': b'-- Configuring done\n'}
[4.208497] (arduino_bridge) StdoutLine: {'line': b'running egg_info\n'}
[4.208810] (arduino_bridge) StdoutLine: {'line': b'creating arduino_bridge.egg-info\n'}
[4.211243] (-) TimerEvent: {}
[4.233963] (robot_sensors) StdoutLine: {'line': b'running egg_info\n'}
[4.234273] (robot_sensors) StdoutLine: {'line': b'creating robot_sensors.egg-info\n'}
[4.234673] (arduino_bridge) StdoutLine: {'line': b'writing arduino_bridge.egg-info/PKG-INFO\n'}
[4.235156] (arduino_bridge) StdoutLine: {'line': b'writing dependency_links to arduino_bridge.egg-info/dependency_links.txt\n'}
[4.235528] (arduino_bridge) StdoutLine: {'line': b'writing entry points to arduino_bridge.egg-info/entry_points.txt\n'}
[4.235927] (arduino_bridge) StdoutLine: {'line': b'writing requirements to arduino_bridge.egg-info/requires.txt\n'}
[4.236161] (arduino_bridge) StdoutLine: {'line': b'writing top-level names to arduino_bridge.egg-info/top_level.txt\n'}
[4.236355] (camera_ros) StdoutLine: {'line': b'-- Generating done\n'}
[4.236582] (arduino_bridge) StdoutLine: {'line': b"writing manifest file 'arduino_bridge.egg-info/SOURCES.txt'\n"}
[4.246020] (ros2arduino_bridge) StdoutLine: {'line': b'running egg_info\n'}
[4.246467] (ros2arduino_bridge) StdoutLine: {'line': b'creating ros2arduino_bridge.egg-info\n'}
[4.249351] (camera_ros) StdoutLine: {'line': b'-- Build files have been written to: /root/Dojo/build/camera_ros\n'}
[4.254816] (robot_sensors) StdoutLine: {'line': b'writing robot_sensors.egg-info/PKG-INFO\n'}
[4.255636] (robot_sensors) StdoutLine: {'line': b'writing dependency_links to robot_sensors.egg-info/dependency_links.txt\n'}
[4.255994] (robot_sensors) StdoutLine: {'line': b'writing entry points to robot_sensors.egg-info/entry_points.txt\n'}
[4.256456] (robot_description) StdoutLine: {'line': b'-- Configuring done\n'}
[4.256613] (robot_sensors) StdoutLine: {'line': b'writing requirements to robot_sensors.egg-info/requires.txt\n'}
[4.256762] (robot_sensors) StdoutLine: {'line': b'writing top-level names to robot_sensors.egg-info/top_level.txt\n'}
[4.256893] (robot_sensors) StdoutLine: {'line': b"writing manifest file 'robot_sensors.egg-info/SOURCES.txt'\n"}
[4.265275] (ros2arduino_bridge) StdoutLine: {'line': b'writing ros2arduino_bridge.egg-info/PKG-INFO\n'}
[4.265584] (ros2arduino_bridge) StdoutLine: {'line': b'writing dependency_links to ros2arduino_bridge.egg-info/dependency_links.txt\n'}
[4.265925] (ros2arduino_bridge) StdoutLine: {'line': b'writing entry points to ros2arduino_bridge.egg-info/entry_points.txt\n'}
[4.266237] (ros2arduino_bridge) StdoutLine: {'line': b'writing requirements to ros2arduino_bridge.egg-info/requires.txt\n'}
[4.266429] (ros2arduino_bridge) StdoutLine: {'line': b'writing top-level names to ros2arduino_bridge.egg-info/top_level.txt\n'}
[4.266556] (ros2arduino_bridge) StdoutLine: {'line': b"writing manifest file 'ros2arduino_bridge.egg-info/SOURCES.txt'\n"}
[4.268356] (robot_control) CommandEnded: {'returncode': 0}
[4.269085] (robot_control) JobProgress: {'identifier': 'robot_control', 'progress': 'install'}
[4.269621] (robot_control) Command: {'cmd': ['/usr/bin/cmake', '--install', '/root/Dojo/build/robot_control'], 'cwd': '/root/Dojo/build/robot_control', 'env': OrderedDict([('HOSTNAME', 'gareth-joel-HP-Pavilion-Gaming-Laptop-15-ec2xxx'), ('SHLVL', '0'), ('LD_LIBRARY_PATH', '/usr/lib/x86_64-linux-gnu/gazebo-11/plugins:/opt/ros/humble/opt/rviz_ogre_vendor/lib:/opt/ros/humble/lib/x86_64-linux-gnu:/opt/ros/humble/lib'), ('HOME', '/root'), ('OLDPWD', '/'), ('ROS_PYTHON_VERSION', '3'), ('ROS_DISTRO', 'humble'), ('_', '/usr/bin/colcon'), ('ROS_VERSION', '2'), ('TERM', 'xterm'), ('ROS_LOCALHOST_ONLY', '0'), ('QT_X11_NO_MITSHM', '1'), ('PATH', '/opt/ros/humble/bin:/usr/local/sbin:/usr/local/bin:/usr/sbin:/usr/bin:/sbin:/bin'), ('DISPLAY', ':0'), ('LANG', 'C.UTF-8'), ('AMENT_PREFIX_PATH', '/opt/ros/humble'), ('PWD', '/root/Dojo/build/robot_control'), ('LC_ALL', 'C.UTF-8'), ('PYTHONPATH', '/opt/ros/humble/lib/python3.10/site-packages:/opt/ros/humble/local/lib/python3.10/dist-packages'), ('COLCON', '1'), ('CMAKE_PREFIX_PATH', '/opt/ros/humble')]), 'shell': False}
[4.271475] (robot_description) StdoutLine: {'line': b'-- Generating done\n'}
[4.272469] (camera_ros) CommandEnded: {'returncode': 0}
[4.273054] (camera_ros) JobProgress: {'identifier': 'camera_ros', 'progress': 'build'}
[4.273363] (camera_ros) Command: {'cmd': ['/usr/bin/cmake', '--build', '/root/Dojo/build/camera_ros', '--', '-j16', '-l16'], 'cwd': '/root/Dojo/build/camera_ros', 'env': OrderedDict([('HOSTNAME', 'gareth-joel-HP-Pavilion-Gaming-Laptop-15-ec2xxx'), ('SHLVL', '0'), ('LD_LIBRARY_PATH', '/usr/lib/x86_64-linux-gnu/gazebo-11/plugins:/opt/ros/humble/opt/rviz_ogre_vendor/lib:/opt/ros/humble/lib/x86_64-linux-gnu:/opt/ros/humble/lib'), ('HOME', '/root'), ('OLDPWD', '/'), ('ROS_PYTHON_VERSION', '3'), ('ROS_DISTRO', 'humble'), ('_', '/usr/bin/colcon'), ('ROS_VERSION', '2'), ('TERM', 'xterm'), ('ROS_LOCALHOST_ONLY', '0'), ('QT_X11_NO_MITSHM', '1'), ('PATH', '/opt/ros/humble/bin:/usr/local/sbin:/usr/local/bin:/usr/sbin:/usr/bin:/sbin:/bin'), ('DISPLAY', ':0'), ('LANG', 'C.UTF-8'), ('AMENT_PREFIX_PATH', '/opt/ros/humble'), ('PWD', '/root/Dojo/build/camera_ros'), ('LC_ALL', 'C.UTF-8'), ('PYTHONPATH', '/opt/ros/humble/lib/python3.10/site-packages:/opt/ros/humble/local/lib/python3.10/dist-packages'), ('COLCON', '1'), ('CMAKE_PREFIX_PATH', '/opt/ros/humble')]), 'shell': False}
[4.275552] (robot_description) StdoutLine: {'line': b'-- Build files have been written to: /root/Dojo/build/robot_description\n'}
[4.281673] (arduino_bridge) StdoutLine: {'line': b"reading manifest file 'arduino_bridge.egg-info/SOURCES.txt'\n"}
[4.282328] (robot_control) StdoutLine: {'line': b'-- Install configuration: "Release"\n'}
[4.282549] (arduino_bridge) StdoutLine: {'line': b"writing manifest file 'arduino_bridge.egg-info/SOURCES.txt'\n"}
[4.283066] (robot_control) StdoutLine: {'line': b'-- Execute custom install script\n'}
[4.283759] (robot_control) StdoutLine: {'line': b'-- Symlinking: /root/Dojo/install/robot_control/share/robot_control/launch/control.launch.py\n'}
[4.295073] (nv21_converter_pkg) StdoutLine: {'line': b'running egg_info\n'}
[4.295343] (nv21_converter_pkg) StdoutLine: {'line': b'creating nv21_converter_pkg.egg-info\n'}
[4.298427] (robot_control) StdoutLine: {'line': b'-- Symlinking: /root/Dojo/install/robot_control/share/robot_control/launch/robot_control.launch.py\n'}
[4.299902] (robot_description) CommandEnded: {'returncode': 0}
[4.300431] (robot_sensors) StdoutLine: {'line': b"reading manifest file 'robot_sensors.egg-info/SOURCES.txt'\n"}
[4.301090] (robot_description) JobProgress: {'identifier': 'robot_description', 'progress': 'build'}
[4.301590] (robot_description) Command: {'cmd': ['/usr/bin/cmake', '--build', '/root/Dojo/build/robot_description', '--', '-j16', '-l16'], 'cwd': '/root/Dojo/build/robot_description', 'env': OrderedDict([('HOSTNAME', 'gareth-joel-HP-Pavilion-Gaming-Laptop-15-ec2xxx'), ('SHLVL', '0'), ('LD_LIBRARY_PATH', '/usr/lib/x86_64-linux-gnu/gazebo-11/plugins:/opt/ros/humble/opt/rviz_ogre_vendor/lib:/opt/ros/humble/lib/x86_64-linux-gnu:/opt/ros/humble/lib'), ('HOME', '/root'), ('OLDPWD', '/'), ('ROS_PYTHON_VERSION', '3'), ('ROS_DISTRO', 'humble'), ('_', '/usr/bin/colcon'), ('ROS_VERSION', '2'), ('TERM', 'xterm'), ('ROS_LOCALHOST_ONLY', '0'), ('QT_X11_NO_MITSHM', '1'), ('PATH', '/opt/ros/humble/bin:/usr/local/sbin:/usr/local/bin:/usr/sbin:/usr/bin:/sbin:/bin'), ('DISPLAY', ':0'), ('LANG', 'C.UTF-8'), ('AMENT_PREFIX_PATH', '/opt/ros/humble'), ('PWD', '/root/Dojo/build/robot_description'), ('LC_ALL', 'C.UTF-8'), ('PYTHONPATH', '/opt/ros/humble/lib/python3.10/site-packages:/opt/ros/humble/local/lib/python3.10/dist-packages'), ('COLCON', '1'), ('CMAKE_PREFIX_PATH', '/opt/ros/humble')]), 'shell': False}
[4.303771] (robot_sensors) StdoutLine: {'line': b"writing manifest file 'robot_sensors.egg-info/SOURCES.txt'\n"}
[4.304493] (arduino_bridge) StdoutLine: {'line': b'running build_ext\n'}
[4.304784] (arduino_bridge) StdoutLine: {'line': b'Creating /root/Dojo/install/arduino_bridge/lib/python3.10/site-packages/arduino-bridge.egg-link (link to .)\n'}
[4.305827] (arduino_bridge) StdoutLine: {'line': b'Installing arduino_bridge_node script to /root/Dojo/install/arduino_bridge/lib/arduino_bridge\n'}
[4.306791] (arduino_bridge) StdoutLine: {'line': b'Installing test_arduino_bridge script to /root/Dojo/install/arduino_bridge/lib/arduino_bridge\n'}
[4.307950] (arduino_bridge) StdoutLine: {'line': b'\n'}
[4.308841] (arduino_bridge) StdoutLine: {'line': b'Installed /root/Dojo/build/arduino_bridge\n'}
[4.308991] (arduino_bridge) StdoutLine: {'line': b'running symlink_data\n'}
[4.309128] (ros2arduino_bridge) StdoutLine: {'line': b"reading manifest file 'ros2arduino_bridge.egg-info/SOURCES.txt'\n"}
[4.309260] (arduino_bridge) StdoutLine: {'line': b'creating /root/Dojo/install/arduino_bridge/share/ament_index\n'}
[4.309381] (arduino_bridge) StdoutLine: {'line': b'creating /root/Dojo/install/arduino_bridge/share/ament_index/resource_index\n'}
[4.309501] (arduino_bridge) StdoutLine: {'line': b'creating /root/Dojo/install/arduino_bridge/share/ament_index/resource_index/packages\n'}
[4.309616] (arduino_bridge) StdoutLine: {'line': b'symbolically linking /root/Dojo/build/arduino_bridge/resource/arduino_bridge -> /root/Dojo/install/arduino_bridge/share/ament_index/resource_index/packages\n'}
[4.309747] (arduino_bridge) StdoutLine: {'line': b'symbolically linking /root/Dojo/build/arduino_bridge/package.xml -> /root/Dojo/install/arduino_bridge/share/arduino_bridge\n'}
[4.309867] (arduino_bridge) StdoutLine: {'line': b'creating /root/Dojo/install/arduino_bridge/share/arduino_bridge/launch\n'}
[4.309982] (arduino_bridge) StdoutLine: {'line': b'symbolically linking /root/Dojo/build/arduino_bridge/launch/arduino_bridge.launch.py -> /root/Dojo/install/arduino_bridge/share/arduino_bridge/launch\n'}
[4.310095] (arduino_bridge) StdoutLine: {'line': b'symbolically linking /root/Dojo/build/arduino_bridge/launch/test_arduino.launch.py -> /root/Dojo/install/arduino_bridge/share/arduino_bridge/launch\n'}
[4.310204] (arduino_bridge) StdoutLine: {'line': b'creating /root/Dojo/install/arduino_bridge/share/arduino_bridge/config\n'}
[4.310313] (arduino_bridge) StdoutLine: {'line': b'symbolically linking /root/Dojo/build/arduino_bridge/config/arduino_bridge_params.yaml -> /root/Dojo/install/arduino_bridge/share/arduino_bridge/config\n'}
[4.310425] (ros2arduino_bridge) StdoutLine: {'line': b"writing manifest file 'ros2arduino_bridge.egg-info/SOURCES.txt'\n"}
[4.311314] (-) TimerEvent: {}
[4.313324] (robot_control) StdoutLine: {'line': b'-- Symlinking: /root/Dojo/install/robot_control/share/robot_control/config/arduino.yaml\n'}
[4.317768] (nv21_converter_pkg) StdoutLine: {'line': b'writing nv21_converter_pkg.egg-info/PKG-INFO\n'}
[4.318291] (nv21_converter_pkg) StdoutLine: {'line': b'writing dependency_links to nv21_converter_pkg.egg-info/dependency_links.txt\n'}
[4.318904] (nv21_converter_pkg) StdoutLine: {'line': b'writing entry points to nv21_converter_pkg.egg-info/entry_points.txt\n'}
[4.319371] (nv21_converter_pkg) StdoutLine: {'line': b'writing requirements to nv21_converter_pkg.egg-info/requires.txt\n'}
[4.319574] (nv21_converter_pkg) StdoutLine: {'line': b'writing top-level names to nv21_converter_pkg.egg-info/top_level.txt\n'}
[4.319729] (nv21_converter_pkg) StdoutLine: {'line': b"writing manifest file 'nv21_converter_pkg.egg-info/SOURCES.txt'\n"}
[4.324869] (robot_sensors) StdoutLine: {'line': b'running build_ext\n'}
[4.325217] (robot_sensors) StdoutLine: {'line': b'Creating /root/Dojo/install/robot_sensors/lib/python3.10/site-packages/robot-sensors.egg-link (link to .)\n'}
[4.325979] (robot_sensors) StdoutLine: {'line': b'Installing camera_node script to /root/Dojo/install/robot_sensors/lib/robot_sensors\n'}
[4.326756] (robot_sensors) StdoutLine: {'line': b'\n'}
[4.327037] (robot_sensors) StdoutLine: {'line': b'Installed /root/Dojo/build/robot_sensors\n'}
[4.327206] (robot_sensors) StdoutLine: {'line': b'running symlink_data\n'}
[4.327597] (robot_sensors) StdoutLine: {'line': b'creating /root/Dojo/install/robot_sensors/share/ament_index\n'}
[4.328025] (robot_sensors) StdoutLine: {'line': b'creating /root/Dojo/install/robot_sensors/share/ament_index/resource_index\n'}
[4.328538] (robot_sensors) StdoutLine: {'line': b'creating /root/Dojo/install/robot_sensors/share/ament_index/resource_index/packages\n'}
[4.328699] (robot_sensors) StdoutLine: {'line': b'symbolically linking /root/Dojo/build/robot_sensors/resource/robot_sensors -> /root/Dojo/install/robot_sensors/share/ament_index/resource_index/packages\n'}
[4.328827] (robot_sensors) StdoutLine: {'line': b'symbolically linking /root/Dojo/build/robot_sensors/package.xml -> /root/Dojo/install/robot_sensors/share/robot_sensors\n'}
[4.328943] (robot_control) StdoutLine: {'line': b'-- Symlinking: /root/Dojo/install/robot_control/share/robot_control/config/controllers.yaml\n'}
[4.329061] (robot_sensors) StdoutLine: {'line': b'creating /root/Dojo/install/robot_sensors/share/robot_sensors/launch\n'}
[4.329146] (robot_sensors) StdoutLine: {'line': b'symbolically linking /root/Dojo/build/robot_sensors/launch/test_lidar.launch.py -> /root/Dojo/install/robot_sensors/share/robot_sensors/launch\n'}
[4.329225] (robot_sensors) StdoutLine: {'line': b'symbolically linking /root/Dojo/build/robot_sensors/launch/sensors.launch.py -> /root/Dojo/install/robot_sensors/share/robot_sensors/launch\n'}
[4.329664] (robot_sensors) StdoutLine: {'line': b'symbolically linking /root/Dojo/build/robot_sensors/launch/camera.launch.py -> /root/Dojo/install/robot_sensors/share/robot_sensors/launch\n'}
[4.329836] (robot_sensors) StdoutLine: {'line': b'creating /root/Dojo/install/robot_sensors/share/robot_sensors/config\n'}
[4.329938] (robot_sensors) StdoutLine: {'line': b'symbolically linking /root/Dojo/build/robot_sensors/config/robot_sensors_params.yaml -> /root/Dojo/install/robot_sensors/share/robot_sensors/config\n'}
[4.330030] (robot_sensors) StdoutLine: {'line': b'symbolically linking /root/Dojo/build/robot_sensors/config/laser_filter_config.yaml -> /root/Dojo/install/robot_sensors/share/robot_sensors/config\n'}
[4.333781] (ros2arduino_bridge) StdoutLine: {'line': b'running build_ext\n'}
[4.334076] (ros2arduino_bridge) StdoutLine: {'line': b'Creating /root/Dojo/install/ros2arduino_bridge/lib/python3.10/site-packages/ros2arduino-bridge.egg-link (link to .)\n'}
[4.334319] (ros2arduino_bridge) StdoutLine: {'line': b'Installing arduino_bridge script to /lib/ros2arduino_bridge\n'}
[4.334511] (ros2arduino_bridge) StdoutLine: {'line': b'\n'}
[4.334643] (ros2arduino_bridge) StdoutLine: {'line': b'Installed /root/Dojo/build/ros2arduino_bridge\n'}
[4.334756] (ros2arduino_bridge) StdoutLine: {'line': b'running symlink_data\n'}
[4.334914] (ros2arduino_bridge) StdoutLine: {'line': b'creating /root/Dojo/install/ros2arduino_bridge/share/ament_index\n'}
[4.335092] (ros2arduino_bridge) StdoutLine: {'line': b'creating /root/Dojo/install/ros2arduino_bridge/share/ament_index/resource_index\n'}
[4.335194] (ros2arduino_bridge) StdoutLine: {'line': b'creating /root/Dojo/install/ros2arduino_bridge/share/ament_index/resource_index/packages\n'}
[4.335716] (ros2arduino_bridge) StdoutLine: {'line': b'symbolically linking /root/Dojo/build/ros2arduino_bridge/resource/ros2arduino_bridge -> /root/Dojo/install/ros2arduino_bridge/share/ament_index/resource_index/packages\n'}
[4.336488] (ros2arduino_bridge) StdoutLine: {'line': b'symbolically linking /root/Dojo/build/ros2arduino_bridge/package.xml -> /root/Dojo/install/ros2arduino_bridge/share/ros2arduino_bridge\n'}
[4.336790] (ros2arduino_bridge) StdoutLine: {'line': b'creating /root/Dojo/install/ros2arduino_bridge/share/ros2arduino_bridge/launch\n'}
[4.337047] (ros2arduino_bridge) StdoutLine: {'line': b'symbolically linking /root/Dojo/build/ros2arduino_bridge/launch/ros2arduino_bridge.launch.py -> /root/Dojo/install/ros2arduino_bridge/share/ros2arduino_bridge/launch\n'}
[4.337293] (ros2arduino_bridge) StdoutLine: {'line': b'creating /root/Dojo/install/ros2arduino_bridge/share/ros2arduino_bridge/config\n'}
[4.337708] (ros2arduino_bridge) StdoutLine: {'line': b'symbolically linking /root/Dojo/build/ros2arduino_bridge/config/ros2arduino_bridge_params.yaml -> /root/Dojo/install/ros2arduino_bridge/share/ros2arduino_bridge/config\n'}
[4.341298] (robot_hardware) StdoutLine: {'line': b'running egg_info\n'}
[4.341918] (robot_hardware) StdoutLine: {'line': b'creating robot_hardware.egg-info\n'}
[4.348321] (robot_control) StdoutLine: {'line': b'-- Symlinking: /root/Dojo/install/robot_control/share/robot_control/config/robot_control_params.yaml\n'}
[4.359606] (camera_ros) StdoutLine: {'line': b'[  7%] \x1b[32mBuilding CXX object CMakeFiles/camera_node.dir/rclcpp_components/node_main_camera_node.cpp.o\x1b[0m\n'}
[4.360779] (camera_ros) StdoutLine: {'line': b'[ 23%] \x1b[32mBuilding CXX object CMakeFiles/utils.dir/src/pretty_print.cpp.o\x1b[0m\n'}
[4.361519] (camera_ros) StdoutLine: {'line': b'[ 23%] \x1b[32mBuilding CXX object CMakeFiles/param.dir/src/clamp.cpp.o\x1b[0m\n'}
[4.362511] (robot_control) StdoutLine: {'line': b'-- Symlinking: /root/Dojo/install/robot_control/share/robot_control/config/twist_mux.yaml\n'}
[4.364254] (camera_ros) StdoutLine: {'line': b'[ 30%] \x1b[32mBuilding CXX object CMakeFiles/utils.dir/src/format_mapping.cpp.o\x1b[0m\n'}
[4.368849] (robot_hardware) StdoutLine: {'line': b'writing robot_hardware.egg-info/PKG-INFO\n'}
[4.369193] (camera_ros) StdoutLine: {'line': b'[ 38%] \x1b[32mBuilding CXX object CMakeFiles/param.dir/src/cv_to_pv.cpp.o\x1b[0m\n'}
[4.370045] (robot_hardware) StdoutLine: {'line': b'writing dependency_links to robot_hardware.egg-info/dependency_links.txt\n'}
[4.370610] (robot_hardware) StdoutLine: {'line': b'writing entry points to robot_hardware.egg-info/entry_points.txt\n'}
[4.370919] (robot_hardware) StdoutLine: {'line': b'writing requirements to robot_hardware.egg-info/requires.txt\n'}
[4.376473] (robot_hardware) StdoutLine: {'line': b'writing top-level names to robot_hardware.egg-info/top_level.txt\n'}
[4.377870] (robot_hardware) StdoutLine: {'line': b"writing manifest file 'robot_hardware.egg-info/SOURCES.txt'\n"}
[4.378105] (nv21_converter_pkg) StdoutLine: {'line': b"reading manifest file 'nv21_converter_pkg.egg-info/SOURCES.txt'\n"}
[4.379309] (nv21_converter_pkg) StdoutLine: {'line': b"writing manifest file 'nv21_converter_pkg.egg-info/SOURCES.txt'\n"}
[4.380322] (camera_ros) StdoutLine: {'line': b'[ 46%] \x1b[32mBuilding CXX object CMakeFiles/param.dir/src/types.cpp.o\x1b[0m\n'}
[4.382794] (vision_system) StdoutLine: {'line': b'running egg_info\n'}
[4.383070] (vision_system) StdoutLine: {'line': b'creating vision_system.egg-info\n'}
[4.396808] (robot_description) CommandEnded: {'returncode': 0}
[4.397512] (robot_description) JobProgress: {'identifier': 'robot_description', 'progress': 'install'}
[4.397571] (robot_control) StdoutLine: {'line': b'-- Symlinking: /root/Dojo/install/robot_control/share/robot_control/package.xml\n'}
[4.406866] (robot_description) Command: {'cmd': ['/usr/bin/cmake', '--install', '/root/Dojo/build/robot_description'], 'cwd': '/root/Dojo/build/robot_description', 'env': OrderedDict([('HOSTNAME', 'gareth-joel-HP-Pavilion-Gaming-Laptop-15-ec2xxx'), ('SHLVL', '0'), ('LD_LIBRARY_PATH', '/usr/lib/x86_64-linux-gnu/gazebo-11/plugins:/opt/ros/humble/opt/rviz_ogre_vendor/lib:/opt/ros/humble/lib/x86_64-linux-gnu:/opt/ros/humble/lib'), ('HOME', '/root'), ('OLDPWD', '/'), ('ROS_PYTHON_VERSION', '3'), ('ROS_DISTRO', 'humble'), ('_', '/usr/bin/colcon'), ('ROS_VERSION', '2'), ('TERM', 'xterm'), ('ROS_LOCALHOST_ONLY', '0'), ('QT_X11_NO_MITSHM', '1'), ('PATH', '/opt/ros/humble/bin:/usr/local/sbin:/usr/local/bin:/usr/sbin:/usr/bin:/sbin:/bin'), ('DISPLAY', ':0'), ('LANG', 'C.UTF-8'), ('AMENT_PREFIX_PATH', '/opt/ros/humble'), ('PWD', '/root/Dojo/build/robot_description'), ('LC_ALL', 'C.UTF-8'), ('PYTHONPATH', '/opt/ros/humble/lib/python3.10/site-packages:/opt/ros/humble/local/lib/python3.10/dist-packages'), ('COLCON', '1'), ('CMAKE_PREFIX_PATH', '/opt/ros/humble')]), 'shell': False}
[4.407741] (camera_ros) StdoutLine: {'line': b'[ 53%] \x1b[32mBuilding CXX object CMakeFiles/param.dir/src/ParameterHandler.cpp.o\x1b[0m\n'}
[4.408631] (nv21_converter_pkg) StdoutLine: {'line': b'running build_ext\n'}
[4.408848] (nv21_converter_pkg) StdoutLine: {'line': b'Creating /root/Dojo/install/nv21_converter_pkg/lib/python3.10/site-packages/nv21-converter-pkg.egg-link (link to .)\n'}
[4.408965] (nv21_converter_pkg) StdoutLine: {'line': b'Installing nv21_converter script to /root/Dojo/install/nv21_converter_pkg/lib/nv21_converter_pkg\n'}
[4.411818] (vision_system) StdoutLine: {'line': b'writing vision_system.egg-info/PKG-INFO\n'}
[4.412037] (-) TimerEvent: {}
[4.412407] (vision_system) StdoutLine: {'line': b'writing dependency_links to vision_system.egg-info/dependency_links.txt\n'}
[4.412652] (vision_system) StdoutLine: {'line': b'writing entry points to vision_system.egg-info/entry_points.txt\n'}
[4.412834] (vision_system) StdoutLine: {'line': b'writing requirements to vision_system.egg-info/requires.txt\n'}
[4.417013] (vision_system) StdoutLine: {'line': b'writing top-level names to vision_system.egg-info/top_level.txt\n'}
[4.417490] (nv21_converter_pkg) StdoutLine: {'line': b'\n'}
[4.417676] (nv21_converter_pkg) StdoutLine: {'line': b'Installed /root/Dojo/build/nv21_converter_pkg\n'}
[4.419170] (nv21_converter_pkg) StdoutLine: {'line': b'running symlink_data\n'}
[4.419531] (nv21_converter_pkg) StdoutLine: {'line': b'creating /root/Dojo/install/nv21_converter_pkg/share/ament_index\n'}
[4.419861] (nv21_converter_pkg) StdoutLine: {'line': b'creating /root/Dojo/install/nv21_converter_pkg/share/ament_index/resource_index\n'}
[4.420237] (nv21_converter_pkg) StdoutLine: {'line': b'creating /root/Dojo/install/nv21_converter_pkg/share/ament_index/resource_index/packages\n'}
[4.420591] (nv21_converter_pkg) StdoutLine: {'line': b'symbolically linking /root/Dojo/build/nv21_converter_pkg/resource/nv21_converter_pkg -> /root/Dojo/install/nv21_converter_pkg/share/ament_index/resource_index/packages\n'}
[4.420912] (nv21_converter_pkg) StdoutLine: {'line': b'symbolically linking /root/Dojo/build/nv21_converter_pkg/package.xml -> /root/Dojo/install/nv21_converter_pkg/share/nv21_converter_pkg\n'}
[4.424969] (robot_control) StdoutLine: {'line': b'-- Symlinking: /root/Dojo/install/robot_control/share/robot_control/setup.py\n'}
[4.425216] (vision_system) StdoutLine: {'line': b"writing manifest file 'vision_system.egg-info/SOURCES.txt'\n"}
[4.425397] (camera_ros) StdoutLine: {'line': b'[ 61%] \x1b[32mBuilding CXX object CMakeFiles/param.dir/src/type_extent.cpp.o\x1b[0m\n'}
[4.427534] (camera_ros) StdoutLine: {'line': b'[ 69%] \x1b[32mBuilding CXX object CMakeFiles/param.dir/src/ParameterConflictHandler.cpp.o\x1b[0m\n'}
[4.429454] (robot_description) StdoutLine: {'line': b'-- Install configuration: "Release"\n'}
[4.432638] (robot_description) StdoutLine: {'line': b'-- Execute custom install script\n'}
[4.433145] (robot_hardware) StdoutLine: {'line': b"reading manifest file 'robot_hardware.egg-info/SOURCES.txt'\n"}
[4.434024] (robot_hardware) StdoutLine: {'line': b"writing manifest file 'robot_hardware.egg-info/SOURCES.txt'\n"}
[4.436853] (robot_description) StdoutLine: {'line': b'-- Symlinking: /root/Dojo/install/robot_description/share/robot_description/launch/description.launch.py\n'}
[4.439867] (camera_ros) StdoutLine: {'line': b'[ 76%] \x1b[32mBuilding CXX object CMakeFiles/param.dir/src/pv_to_cv.cpp.o\x1b[0m\n'}
[4.451263] (robot_control) StdoutLine: {'line': b'-- Symlinking: /root/Dojo/install/robot_control/share/robot_control/setup.cfg\n'}
[4.467868] (robot_hardware) StdoutLine: {'line': b'running build_ext\n'}
[4.468152] (robot_description) StdoutLine: {'line': b'-- Symlinking: /root/Dojo/install/robot_description/share/robot_description/launch/display.launch.py\n'}
[4.468280] (robot_hardware) StdoutLine: {'line': b'Creating /root/Dojo/install/robot_hardware/lib/python3.10/site-packages/robot-hardware.egg-link (link to .)\n'}
[4.468392] (robot_hardware) StdoutLine: {'line': b'Installing arduino_driver script to /root/Dojo/install/robot_hardware/lib/robot_hardware\n'}
[4.468495] (robot_hardware) StdoutLine: {'line': b'Installing camera_driver script to /root/Dojo/install/robot_hardware/lib/robot_hardware\n'}
[4.468586] (robot_hardware) StdoutLine: {'line': b'Installing hardware_manager script to /root/Dojo/install/robot_hardware/lib/robot_hardware\n'}
[4.468701] (robot_hardware) StdoutLine: {'line': b'Installing lidar_driver script to /root/Dojo/install/robot_hardware/lib/robot_hardware\n'}
[4.468838] (robot_hardware) StdoutLine: {'line': b'\n'}
[4.468959] (robot_hardware) StdoutLine: {'line': b'Installed /root/Dojo/build/robot_hardware\n'}
[4.469080] (robot_hardware) StdoutLine: {'line': b'running symlink_data\n'}
[4.469201] (robot_hardware) StdoutLine: {'line': b'creating /root/Dojo/install/robot_hardware/share/ament_index\n'}
[4.469305] (robot_hardware) StdoutLine: {'line': b'creating /root/Dojo/install/robot_hardware/share/ament_index/resource_index\n'}
[4.469408] (robot_hardware) StdoutLine: {'line': b'creating /root/Dojo/install/robot_hardware/share/ament_index/resource_index/packages\n'}
[4.469514] (robot_hardware) StdoutLine: {'line': b'symbolically linking /root/Dojo/build/robot_hardware/resource/robot_hardware -> /root/Dojo/install/robot_hardware/share/ament_index/resource_index/packages\n'}
[4.469711] (robot_hardware) StdoutLine: {'line': b'symbolically linking /root/Dojo/build/robot_hardware/package.xml -> /root/Dojo/install/robot_hardware/share/robot_hardware\n'}
[4.469823] (robot_hardware) StdoutLine: {'line': b'creating /root/Dojo/install/robot_hardware/share/robot_hardware/launch\n'}
[4.469917] (robot_hardware) StdoutLine: {'line': b'symbolically linking /root/Dojo/build/robot_hardware/launch/hardware.launch.py -> /root/Dojo/install/robot_hardware/share/robot_hardware/launch\n'}
[4.470017] (robot_hardware) StdoutLine: {'line': b'creating /root/Dojo/install/robot_hardware/share/robot_hardware/config\n'}
[4.470113] (robot_hardware) StdoutLine: {'line': b'symbolically linking /root/Dojo/build/robot_hardware/config/hardware.yaml -> /root/Dojo/install/robot_hardware/share/robot_hardware/config\n'}
[4.474872] (arduino_bridge) CommandEnded: {'returncode': 0}
[4.485052] (vision_system) StdoutLine: {'line': b"reading manifest file 'vision_system.egg-info/SOURCES.txt'\n"}
[4.490229] (vision_system) StdoutLine: {'line': b"writing manifest file 'vision_system.egg-info/SOURCES.txt'\n"}
[4.490430] (robot_control) StdoutLine: {'line': b'-- Symlinking: /root/Dojo/install/robot_control/share/ament_index/resource_index/package_run_dependencies/robot_control\n'}
[4.497252] (robot_description) StdoutLine: {'line': b'-- Symlinking: /root/Dojo/install/robot_description/share/robot_description/launch/robot_state_publisher.launch.py\n'}
[4.503745] (arduino_bridge) JobEnded: {'identifier': 'arduino_bridge', 'rc': 0}
[4.508897] (robot_interfaces) StdoutLine: {'line': b'-- Found ament_cmake_ros: 0.10.0 (/opt/ros/humble/share/ament_cmake_ros/cmake)\n'}
[4.509139] (ros2arduino_bridge) CommandEnded: {'returncode': 0}
[4.512967] (-) TimerEvent: {}
[4.517049] (vision_system) StdoutLine: {'line': b'running build_ext\n'}
[4.517544] (vision_system) StdoutLine: {'line': b'Creating /root/Dojo/install/vision_system/lib/python3.10/site-packages/vision-system.egg-link (link to .)\n'}
[4.517718] (vision_system) StdoutLine: {'line': b'Installing object_detector script to /root/Dojo/install/vision_system/lib/vision_system\n'}
[4.517892] (vision_system) StdoutLine: {'line': b'\n'}
[4.518023] (vision_system) StdoutLine: {'line': b'Installed /root/Dojo/build/vision_system\n'}
[4.518149] (vision_system) StdoutLine: {'line': b'running symlink_data\n'}
[4.518279] (vision_system) StdoutLine: {'line': b'creating /root/Dojo/install/vision_system/share/ament_index\n'}
[4.518404] (vision_system) StdoutLine: {'line': b'creating /root/Dojo/install/vision_system/share/ament_index/resource_index\n'}
[4.518526] (vision_system) StdoutLine: {'line': b'creating /root/Dojo/install/vision_system/share/ament_index/resource_index/packages\n'}
[4.518644] (vision_system) StdoutLine: {'line': b'symbolically linking /root/Dojo/build/vision_system/resource/vision_system -> /root/Dojo/install/vision_system/share/ament_index/resource_index/packages\n'}
[4.518793] (vision_system) StdoutLine: {'line': b'symbolically linking /root/Dojo/build/vision_system/package.xml -> /root/Dojo/install/vision_system/share/vision_system\n'}
[4.518918] (vision_system) StdoutLine: {'line': b'creating /root/Dojo/install/vision_system/share/vision_system/launch\n'}
[4.519038] (vision_system) StdoutLine: {'line': b'symbolically linking /root/Dojo/build/vision_system/launch/vision_system.launch.py -> /root/Dojo/install/vision_system/share/vision_system/launch\n'}
[4.519158] (vision_system) StdoutLine: {'line': b'creating /root/Dojo/install/vision_system/share/vision_system/config\n'}
[4.519273] (robot_control) StdoutLine: {'line': b'-- Symlinking: /root/Dojo/install/robot_control/share/ament_index/resource_index/parent_prefix_path/robot_control\n'}
[4.530742] (ros2arduino_bridge) JobEnded: {'identifier': 'ros2arduino_bridge', 'rc': 0}
[4.535713] (robot_sensors) CommandEnded: {'returncode': 0}
[4.541008] (robot_description) StdoutLine: {'line': b'-- Symlinking: /root/Dojo/install/robot_description/share/robot_description/config/robot_controllers.yaml\n'}
[4.548058] (robot_control) StdoutLine: {'line': b'-- Symlinking: /root/Dojo/install/robot_control/share/robot_control/environment/ament_prefix_path.sh\n'}
[4.554355] (robot_sensors) JobEnded: {'identifier': 'robot_sensors', 'rc': 0}
[4.560711] (nv21_converter_pkg) CommandEnded: {'returncode': 0}
[4.561210] (robot_description) StdoutLine: {'line': b'-- Symlinking: /root/Dojo/install/robot_description/share/robot_description/common_properties.xacro\n'}
[4.577309] (robot_description) StdoutLine: {'line': b'-- Symlinking: /root/Dojo/install/robot_description/share/robot_description/dojo_robot.gazebo\n'}
[4.582756] (robot_control) StdoutLine: {'line': b'-- Symlinking: /root/Dojo/install/robot_control/share/robot_control/environment/ament_prefix_path.dsv\n'}
[4.587236] (nv21_converter_pkg) JobEnded: {'identifier': 'nv21_converter_pkg', 'rc': 0}
[4.594005] (robot_description) StdoutLine: {'line': b'-- Symlinking: /root/Dojo/install/robot_description/share/robot_description/dojo_robot.urdf.xacro\n'}
[4.601362] (robot_control) StdoutLine: {'line': b'-- Symlinking: /root/Dojo/install/robot_control/share/robot_control/environment/path.sh\n'}
[4.614837] (robot_description) StdoutLine: {'line': b'-- Symlinking: /root/Dojo/install/robot_description/share/robot_description/robot.urdf\n'}
[4.615158] (-) TimerEvent: {}
[4.619627] (robot_hardware) CommandEnded: {'returncode': 0}
[4.626059] (robot_control) StdoutLine: {'line': b'-- Symlinking: /root/Dojo/install/robot_control/share/robot_control/environment/path.dsv\n'}
[4.629427] (robot_description) StdoutLine: {'line': b'-- Symlinking: /root/Dojo/install/robot_description/share/robot_description/robot.urdf.xacro\n'}
[4.633999] (robot_hardware) JobEnded: {'identifier': 'robot_hardware', 'rc': 0}
[4.637462] (vision_system) CommandEnded: {'returncode': 0}
[4.640718] (robot_control) StdoutLine: {'line': b'-- Symlinking: /root/Dojo/install/robot_control/share/robot_control/local_setup.bash\n'}
[4.647649] (robot_description) StdoutLine: {'line': b'-- Symlinking: /root/Dojo/install/robot_description/share/robot_description/robot.urdf.xacro.clean\n'}
[4.651462] (vision_system) JobEnded: {'identifier': 'vision_system', 'rc': 0}
[4.656764] (robot_control) StdoutLine: {'line': b'-- Symlinking: /root/Dojo/install/robot_control/share/robot_control/local_setup.sh\n'}
[4.665046] (robot_description) StdoutLine: {'line': b'-- Symlinking: /root/Dojo/install/robot_description/share/robot_description/sensors/rplidar.urdf.xacro\n'}
[4.672997] (robot_control) StdoutLine: {'line': b'-- Symlinking: /root/Dojo/install/robot_control/share/robot_control/local_setup.zsh\n'}
[4.686391] (robot_description) StdoutLine: {'line': b'-- Symlinking: /root/Dojo/install/robot_description/share/robot_description/display.rviz\n'}
[4.689592] (robot_control) StdoutLine: {'line': b'-- Symlinking: /root/Dojo/install/robot_control/share/robot_control/local_setup.dsv\n'}
[4.704417] (robot_description) StdoutLine: {'line': b'-- Symlinking: /root/Dojo/install/robot_description/share/robot_description/dojo_robot.rviz\n'}
[4.705769] (robot_control) StdoutLine: {'line': b'-- Symlinking: /root/Dojo/install/robot_control/share/robot_control/package.dsv\n'}
[4.715278] (-) TimerEvent: {}
[4.719317] (robot_control) StdoutLine: {'line': b'-- Symlinking: /root/Dojo/install/robot_control/share/ament_index/resource_index/packages/robot_control\n'}
[4.719815] (robot_description) StdoutLine: {'line': b'-- Symlinking: /root/Dojo/install/robot_description/share/robot_description/robot.rviz\n'}
[4.737131] (robot_description) StdoutLine: {'line': b'-- Symlinking: /root/Dojo/install/robot_description/lib//robot_description/__init__.py\n'}
[4.738736] (robot_control) StdoutLine: {'line': b'-- Symlinking: /root/Dojo/install/robot_control/share/robot_control/cmake/robot_controlConfig.cmake\n'}
[4.756889] (robot_control) StdoutLine: {'line': b'-- Symlinking: /root/Dojo/install/robot_control/share/robot_control/cmake/robot_controlConfig-version.cmake\n'}
[4.757509] (robot_description) StdoutLine: {'line': b'-- Symlinking: /root/Dojo/install/robot_description/lib/robot_description/display_robot.py\n'}
[4.772887] (robot_control) StdoutLine: {'line': b'-- Up-to-date symlink: /root/Dojo/install/robot_control/share/robot_control/package.xml\n'}
[4.773156] (robot_control) StdoutLine: {'line': b'-- Up-to-date: /robot_control\n'}
[4.773362] (robot_control) StdoutLine: {'line': b'-- Up-to-date: /robot_control/__init__.py\n'}
[4.773755] (robot_description) StdoutLine: {'line': b'-- Symlinking: /root/Dojo/install/robot_description/share/robot_description/package.xml\n'}
[4.778581] (robot_control) CommandEnded: {'returncode': 0}
[4.791872] (robot_description) StdoutLine: {'line': b'-- Symlinking: /root/Dojo/install/robot_description/share/robot_description/setup.py\n'}
[4.801050] (robot_control) JobEnded: {'identifier': 'robot_control', 'rc': 0}
[4.808805] (robot_description) StdoutLine: {'line': b'-- Symlinking: /root/Dojo/install/robot_description/share/robot_description/setup.cfg\n'}
[4.815493] (-) TimerEvent: {}
[4.826781] (robot_description) StdoutLine: {'line': b'-- Symlinking: /root/Dojo/install/robot_description/share/ament_index/resource_index/package_run_dependencies/robot_description\n'}
[4.844128] (robot_description) StdoutLine: {'line': b'-- Symlinking: /root/Dojo/install/robot_description/share/ament_index/resource_index/parent_prefix_path/robot_description\n'}
[4.863549] (robot_description) StdoutLine: {'line': b'-- Symlinking: /root/Dojo/install/robot_description/share/robot_description/environment/ament_prefix_path.sh\n'}
[4.884415] (robot_description) StdoutLine: {'line': b'-- Symlinking: /root/Dojo/install/robot_description/share/robot_description/environment/ament_prefix_path.dsv\n'}
[4.909349] (robot_description) StdoutLine: {'line': b'-- Symlinking: /root/Dojo/install/robot_description/share/robot_description/environment/path.sh\n'}
[4.915569] (-) TimerEvent: {}
[4.917498] (robot_description) StdoutLine: {'line': b'-- Symlinking: /root/Dojo/install/robot_description/share/robot_description/environment/path.dsv\n'}
[4.937048] (robot_description) StdoutLine: {'line': b'-- Symlinking: /root/Dojo/install/robot_description/share/robot_description/local_setup.bash\n'}
[4.958066] (robot_description) StdoutLine: {'line': b'-- Symlinking: /root/Dojo/install/robot_description/share/robot_description/local_setup.sh\n'}
[4.977754] (robot_description) StdoutLine: {'line': b'-- Symlinking: /root/Dojo/install/robot_description/share/robot_description/local_setup.zsh\n'}
[4.995313] (robot_description) StdoutLine: {'line': b'-- Symlinking: /root/Dojo/install/robot_description/share/robot_description/local_setup.dsv\n'}
[5.012946] (robot_description) StdoutLine: {'line': b'-- Symlinking: /root/Dojo/install/robot_description/share/robot_description/package.dsv\n'}
[5.015700] (-) TimerEvent: {}
[5.028432] (robot_description) StdoutLine: {'line': b'-- Symlinking: /root/Dojo/install/robot_description/share/ament_index/resource_index/packages/robot_description\n'}
[5.046863] (robot_description) StdoutLine: {'line': b'-- Symlinking: /root/Dojo/install/robot_description/share/robot_description/cmake/robot_descriptionConfig.cmake\n'}
[5.066716] (robot_description) StdoutLine: {'line': b'-- Symlinking: /root/Dojo/install/robot_description/share/robot_description/cmake/robot_descriptionConfig-version.cmake\n'}
[5.083800] (robot_description) StdoutLine: {'line': b'-- Up-to-date symlink: /root/Dojo/install/robot_description/share/robot_description/package.xml\n'}
[5.089052] (robot_description) CommandEnded: {'returncode': 0}
[5.116722] (-) TimerEvent: {}
[5.137475] (robot_description) JobEnded: {'identifier': 'robot_description', 'rc': 0}
[5.139501] (robot_navigation) JobStarted: {'identifier': 'robot_navigation'}
[5.152038] (robot_gazebo) JobStarted: {'identifier': 'robot_gazebo'}
[5.160080] (robot_launch) JobStarted: {'identifier': 'robot_launch'}
[5.174795] (robot_navigation) JobProgress: {'identifier': 'robot_navigation', 'progress': 'cmake'}
[5.177176] (robot_navigation) Command: {'cmd': ['/usr/bin/cmake', '/root/Dojo/src/robot_navigation', '-DCMAKE_BUILD_TYPE=Release', '-DBUILD_TESTING=OFF', '-DAMENT_CMAKE_SYMLINK_INSTALL=1', '-DCMAKE_INSTALL_PREFIX=/root/Dojo/install/robot_navigation'], 'cwd': '/root/Dojo/build/robot_navigation', 'env': OrderedDict([('HOSTNAME', 'gareth-joel-HP-Pavilion-Gaming-Laptop-15-ec2xxx'), ('SHLVL', '0'), ('LD_LIBRARY_PATH', '/usr/lib/x86_64-linux-gnu/gazebo-11/plugins:/opt/ros/humble/opt/rviz_ogre_vendor/lib:/opt/ros/humble/lib/x86_64-linux-gnu:/opt/ros/humble/lib'), ('HOME', '/root'), ('OLDPWD', '/'), ('ROS_PYTHON_VERSION', '3'), ('ROS_DISTRO', 'humble'), ('_', '/usr/bin/colcon'), ('ROS_VERSION', '2'), ('TERM', 'xterm'), ('ROS_LOCALHOST_ONLY', '0'), ('QT_X11_NO_MITSHM', '1'), ('PATH', '/opt/ros/humble/bin:/usr/local/sbin:/usr/local/bin:/usr/sbin:/usr/bin:/sbin:/bin'), ('DISPLAY', ':0'), ('LANG', 'C.UTF-8'), ('AMENT_PREFIX_PATH', '/root/Dojo/install/robot_description:/root/Dojo/install/robot_control:/opt/ros/humble'), ('PWD', '/root/Dojo/build/robot_navigation'), ('LC_ALL', 'C.UTF-8'), ('PYTHONPATH', '/opt/ros/humble/lib/python3.10/site-packages:/opt/ros/humble/local/lib/python3.10/dist-packages'), ('COLCON', '1'), ('CMAKE_PREFIX_PATH', '/root/Dojo/install/robot_description:/root/Dojo/install/robot_control:/opt/ros/humble')]), 'shell': False}
[5.181597] (robot_gazebo) JobProgress: {'identifier': 'robot_gazebo', 'progress': 'cmake'}
[5.181721] (robot_gazebo) Command: {'cmd': ['/usr/bin/cmake', '/root/Dojo/src/robot_gazebo', '-DCMAKE_BUILD_TYPE=Release', '-DBUILD_TESTING=OFF', '-DAMENT_CMAKE_SYMLINK_INSTALL=1', '-DCMAKE_INSTALL_PREFIX=/root/Dojo/install/robot_gazebo'], 'cwd': '/root/Dojo/build/robot_gazebo', 'env': OrderedDict([('HOSTNAME', 'gareth-joel-HP-Pavilion-Gaming-Laptop-15-ec2xxx'), ('SHLVL', '0'), ('LD_LIBRARY_PATH', '/usr/lib/x86_64-linux-gnu/gazebo-11/plugins:/opt/ros/humble/opt/rviz_ogre_vendor/lib:/opt/ros/humble/lib/x86_64-linux-gnu:/opt/ros/humble/lib'), ('HOME', '/root'), ('OLDPWD', '/'), ('ROS_PYTHON_VERSION', '3'), ('ROS_DISTRO', 'humble'), ('_', '/usr/bin/colcon'), ('ROS_VERSION', '2'), ('TERM', 'xterm'), ('ROS_LOCALHOST_ONLY', '0'), ('QT_X11_NO_MITSHM', '1'), ('PATH', '/opt/ros/humble/bin:/usr/local/sbin:/usr/local/bin:/usr/sbin:/usr/bin:/sbin:/bin'), ('DISPLAY', ':0'), ('LANG', 'C.UTF-8'), ('AMENT_PREFIX_PATH', '/root/Dojo/install/robot_description:/root/Dojo/install/robot_control:/opt/ros/humble'), ('PWD', '/root/Dojo/build/robot_gazebo'), ('LC_ALL', 'C.UTF-8'), ('PYTHONPATH', '/opt/ros/humble/lib/python3.10/site-packages:/opt/ros/humble/local/lib/python3.10/dist-packages'), ('COLCON', '1'), ('CMAKE_PREFIX_PATH', '/root/Dojo/install/robot_description:/root/Dojo/install/robot_control:/opt/ros/humble')]), 'shell': False}
[5.217739] (-) TimerEvent: {}
[5.312858] (robot_navigation) StdoutLine: {'line': b'-- The C compiler identification is GNU 11.4.0\n'}
[5.317846] (-) TimerEvent: {}
[5.326548] (robot_gazebo) StdoutLine: {'line': b'-- The C compiler identification is GNU 11.4.0\n'}
[5.417957] (-) TimerEvent: {}
[5.478773] (robot_gazebo) StdoutLine: {'line': b'-- The CXX compiler identification is GNU 11.4.0\n'}
[5.484023] (robot_navigation) StdoutLine: {'line': b'-- The CXX compiler identification is GNU 11.4.0\n'}
[5.496556] (robot_gazebo) StdoutLine: {'line': b'-- Detecting C compiler ABI info\n'}
[5.506096] (robot_navigation) StdoutLine: {'line': b'-- Detecting C compiler ABI info\n'}
[5.518075] (-) TimerEvent: {}
[5.619720] (-) TimerEvent: {}
[5.637803] (robot_gazebo) StdoutLine: {'line': b'-- Detecting C compiler ABI info - done\n'}
[5.646295] (robot_navigation) StdoutLine: {'line': b'-- Detecting C compiler ABI info - done\n'}
[5.652838] (robot_gazebo) StdoutLine: {'line': b'-- Check for working C compiler: /usr/bin/cc - skipped\n'}
[5.653636] (robot_gazebo) StdoutLine: {'line': b'-- Detecting C compile features\n'}
[5.654538] (robot_gazebo) StdoutLine: {'line': b'-- Detecting C compile features - done\n'}
[5.660844] (robot_gazebo) StdoutLine: {'line': b'-- Detecting CXX compiler ABI info\n'}
[5.661504] (robot_navigation) StdoutLine: {'line': b'-- Check for working C compiler: /usr/bin/cc - skipped\n'}
[5.662337] (robot_navigation) StdoutLine: {'line': b'-- Detecting C compile features\n'}
[5.663521] (robot_navigation) StdoutLine: {'line': b'-- Detecting C compile features - done\n'}
[5.668058] (robot_navigation) StdoutLine: {'line': b'-- Detecting CXX compiler ABI info\n'}
[5.670771] (robot_interfaces) StdoutLine: {'line': b'-- Using all available rosidl_typesupport_c: rosidl_typesupport_fastrtps_c;rosidl_typesupport_introspection_c\n'}
[5.720740] (-) TimerEvent: {}
[5.821158] (-) TimerEvent: {}
[5.841161] (robot_navigation) StdoutLine: {'line': b'-- Detecting CXX compiler ABI info - done\n'}
[5.865229] (robot_navigation) StdoutLine: {'line': b'-- Check for working CXX compiler: /usr/bin/c++ - skipped\n'}
[5.865685] (robot_navigation) StdoutLine: {'line': b'-- Detecting CXX compile features\n'}
[5.866251] (robot_navigation) StdoutLine: {'line': b'-- Detecting CXX compile features - done\n'}
[5.877595] (robot_navigation) StdoutLine: {'line': b'-- Found ament_cmake: 1.3.12 (/opt/ros/humble/share/ament_cmake/cmake)\n'}
[5.882814] (robot_gazebo) StdoutLine: {'line': b'-- Detecting CXX compiler ABI info - done\n'}
[5.897778] (robot_gazebo) StdoutLine: {'line': b'-- Check for working CXX compiler: /usr/bin/c++ - skipped\n'}
[5.898355] (robot_gazebo) StdoutLine: {'line': b'-- Detecting CXX compile features\n'}
[5.898943] (robot_gazebo) StdoutLine: {'line': b'-- Detecting CXX compile features - done\n'}
[5.910821] (robot_gazebo) StdoutLine: {'line': b'-- Found ament_cmake: 1.3.12 (/opt/ros/humble/share/ament_cmake/cmake)\n'}
[5.921278] (-) TimerEvent: {}
[6.021886] (-) TimerEvent: {}
[6.101870] (robot_interfaces) StdoutLine: {'line': b'-- Using all available rosidl_typesupport_cpp: rosidl_typesupport_fastrtps_cpp;rosidl_typesupport_introspection_cpp\n'}
[6.122731] (-) TimerEvent: {}
[6.156047] (robot_interfaces) StdoutLine: {'line': b'-- Found PythonInterp: /usr/bin/python3 (found suitable version "3.10.12", minimum required is "3.6") \n'}
[6.162393] (robot_interfaces) StdoutLine: {'line': b'-- Found python_cmake_module: 0.10.0 (/opt/ros/humble/share/python_cmake_module/cmake)\n'}
[6.203102] (robot_interfaces) StdoutLine: {'line': b'-- Found PythonLibs: /usr/lib/x86_64-linux-gnu/libpython3.10.so (found suitable version "3.10.12", minimum required is "3.5") \n'}
[6.203515] (camera_ros) StdoutLine: {'line': b'[ 76%] Built target utils\n'}
[6.203726] (robot_interfaces) StdoutLine: {'line': b'-- Using PYTHON_EXECUTABLE: /usr/bin/python3\n'}
[6.203889] (robot_interfaces) StdoutLine: {'line': b'-- Using PYTHON_INCLUDE_DIRS: /usr/include/python3.10\n'}
[6.204037] (robot_interfaces) StdoutLine: {'line': b'-- Using PYTHON_LIBRARIES: /usr/lib/x86_64-linux-gnu/libpython3.10.so\n'}
[6.222841] (-) TimerEvent: {}
[6.230356] (robot_interfaces) StdoutLine: {'line': b'-- Found PythonExtra: .so  \n'}
[6.323128] (-) TimerEvent: {}
[6.333594] (robot_interfaces) StdoutLine: {'line': b'-- Configuring done\n'}
[6.414603] (robot_interfaces) StdoutLine: {'line': b'-- Generating done\n'}
[6.423317] (-) TimerEvent: {}
[6.438917] (robot_interfaces) StdoutLine: {'line': b'-- Build files have been written to: /root/Dojo/build/robot_interfaces\n'}
[6.461887] (robot_interfaces) CommandEnded: {'returncode': 0}
[6.464222] (robot_interfaces) JobProgress: {'identifier': 'robot_interfaces', 'progress': 'build'}
[6.464840] (robot_interfaces) Command: {'cmd': ['/usr/bin/cmake', '--build', '/root/Dojo/build/robot_interfaces', '--', '-j16', '-l16'], 'cwd': '/root/Dojo/build/robot_interfaces', 'env': OrderedDict([('HOSTNAME', 'gareth-joel-HP-Pavilion-Gaming-Laptop-15-ec2xxx'), ('SHLVL', '0'), ('LD_LIBRARY_PATH', '/usr/lib/x86_64-linux-gnu/gazebo-11/plugins:/opt/ros/humble/opt/rviz_ogre_vendor/lib:/opt/ros/humble/lib/x86_64-linux-gnu:/opt/ros/humble/lib'), ('HOME', '/root'), ('OLDPWD', '/'), ('ROS_PYTHON_VERSION', '3'), ('ROS_DISTRO', 'humble'), ('_', '/usr/bin/colcon'), ('ROS_VERSION', '2'), ('TERM', 'xterm'), ('ROS_LOCALHOST_ONLY', '0'), ('QT_X11_NO_MITSHM', '1'), ('PATH', '/opt/ros/humble/bin:/usr/local/sbin:/usr/local/bin:/usr/sbin:/usr/bin:/sbin:/bin'), ('DISPLAY', ':0'), ('LANG', 'C.UTF-8'), ('AMENT_PREFIX_PATH', '/opt/ros/humble'), ('PWD', '/root/Dojo/build/robot_interfaces'), ('LC_ALL', 'C.UTF-8'), ('PYTHONPATH', '/opt/ros/humble/lib/python3.10/site-packages:/opt/ros/humble/local/lib/python3.10/dist-packages'), ('COLCON', '1'), ('CMAKE_PREFIX_PATH', '/opt/ros/humble')]), 'shell': False}
[6.523707] (-) TimerEvent: {}
[6.540728] (robot_interfaces) StdoutLine: {'line': b'[  1%] \x1b[34m\x1b[1mGenerating C code for ROS interfaces\x1b[0m\n'}
[6.559619] (robot_interfaces) StdoutLine: {'line': b'[  2%] \x1b[34m\x1b[1mGenerating C++ code for ROS interfaces\x1b[0m\n'}
[6.572740] (robot_interfaces) StdoutLine: {'line': b'[  2%] Built target ament_cmake_python_symlink_robot_interfaces\n'}
[6.623832] (-) TimerEvent: {}
[6.724210] (-) TimerEvent: {}
[6.824729] (-) TimerEvent: {}
[6.925141] (-) TimerEvent: {}
[6.964047] (robot_launch) Command: {'cmd': ['/usr/bin/python3', '-W', 'ignore:setup.py install is deprecated', '-W', 'ignore:easy_install command is deprecated', 'setup.py', 'develop', '--editable', '--build-directory', '/root/Dojo/build/robot_launch/build', '--no-deps', 'symlink_data'], 'cwd': '/root/Dojo/build/robot_launch', 'env': {'HOSTNAME': 'gareth-joel-HP-Pavilion-Gaming-Laptop-15-ec2xxx', 'SHLVL': '0', 'LD_LIBRARY_PATH': '/usr/lib/x86_64-linux-gnu/gazebo-11/plugins:/opt/ros/humble/opt/rviz_ogre_vendor/lib:/opt/ros/humble/lib/x86_64-linux-gnu:/opt/ros/humble/lib', 'HOME': '/root', 'OLDPWD': '/', 'ROS_PYTHON_VERSION': '3', 'ROS_DISTRO': 'humble', '_': '/usr/bin/colcon', 'ROS_VERSION': '2', 'TERM': 'xterm', 'ROS_LOCALHOST_ONLY': '0', 'QT_X11_NO_MITSHM': '1', 'PATH': '/opt/ros/humble/bin:/usr/local/sbin:/usr/local/bin:/usr/sbin:/usr/bin:/sbin:/bin', 'DISPLAY': ':0', 'LANG': 'C.UTF-8', 'AMENT_PREFIX_PATH': '/root/Dojo/install/ros2arduino_bridge:/root/Dojo/install/robot_sensors:/root/Dojo/install/robot_description:/root/Dojo/install/robot_control:/opt/ros/humble', 'PWD': '/root/Dojo/build/robot_launch', 'LC_ALL': 'C.UTF-8', 'PYTHONPATH': '/root/Dojo/build/robot_launch/prefix_override:/usr/lib/python3/dist-packages/colcon_core/task/python/colcon_distutils_commands:/root/Dojo/install/robot_launch/lib/python3.10/site-packages:/root/Dojo/build/ros2arduino_bridge:/root/Dojo/install/ros2arduino_bridge/lib/python3.10/site-packages:/root/Dojo/build/robot_sensors:/root/Dojo/install/robot_sensors/lib/python3.10/site-packages:/opt/ros/humble/lib/python3.10/site-packages:/opt/ros/humble/local/lib/python3.10/dist-packages', 'COLCON': '1', 'CMAKE_PREFIX_PATH': '/root/Dojo/install/robot_description:/root/Dojo/install/robot_control'}, 'shell': False}
[6.999985] (robot_navigation) StdoutLine: {'line': b'-- Found Python3: /usr/bin/python3 (found version "3.10.12") found components: Interpreter \n'}
[7.025252] (-) TimerEvent: {}
[7.095175] (robot_interfaces) StdoutLine: {'line': b'running egg_info\n'}
[7.096683] (robot_interfaces) StdoutLine: {'line': b'creating robot_interfaces.egg-info\n'}
[7.104644] (robot_navigation) StdoutLine: {'line': b'-- Override CMake install command with custom implementation using symlinks instead of copying resources\n'}
[7.118999] (robot_interfaces) StdoutLine: {'line': b'writing robot_interfaces.egg-info/PKG-INFO\n'}
[7.119297] (robot_interfaces) StdoutLine: {'line': b'writing dependency_links to robot_interfaces.egg-info/dependency_links.txt\n'}
[7.119598] (robot_interfaces) StdoutLine: {'line': b'writing top-level names to robot_interfaces.egg-info/top_level.txt\n'}
[7.119797] (robot_interfaces) StdoutLine: {'line': b"writing manifest file 'robot_interfaces.egg-info/SOURCES.txt'\n"}
[7.125351] (-) TimerEvent: {}
[7.146037] (robot_gazebo) StdoutLine: {'line': b'-- Found Python3: /usr/bin/python3 (found version "3.10.12") found components: Interpreter \n'}
[7.189404] (robot_interfaces) StdoutLine: {'line': b"reading manifest file 'robot_interfaces.egg-info/SOURCES.txt'\n"}
[7.190426] (robot_interfaces) StdoutLine: {'line': b"writing manifest file 'robot_interfaces.egg-info/SOURCES.txt'\n"}
[7.194647] (robot_navigation) StdoutLine: {'line': b'-- Found rclcpp: 16.0.14 (/opt/ros/humble/share/rclcpp/cmake)\n'}
[7.225489] (-) TimerEvent: {}
[7.239137] (robot_gazebo) StdoutLine: {'line': b'-- Override CMake install command with custom implementation using symlinks instead of copying resources\n'}
[7.271801] (robot_interfaces) StdoutLine: {'line': b'[  2%] Built target ament_cmake_python_build_robot_interfaces_egg\n'}
[7.300279] (robot_navigation) StdoutLine: {'line': b'-- Found rosidl_generator_c: 3.1.7 (/opt/ros/humble/share/rosidl_generator_c/cmake)\n'}
[7.312215] (robot_navigation) StdoutLine: {'line': b'-- Found rosidl_adapter: 3.1.7 (/opt/ros/humble/share/rosidl_adapter/cmake)\n'}
[7.323237] (robot_gazebo) StdoutLine: {'line': b'-- Found rclcpp: 16.0.14 (/opt/ros/humble/share/rclcpp/cmake)\n'}
[7.325585] (-) TimerEvent: {}
[7.332018] (robot_navigation) StdoutLine: {'line': b'-- Found rosidl_generator_cpp: 3.1.7 (/opt/ros/humble/share/rosidl_generator_cpp/cmake)\n'}
[7.358703] (robot_navigation) StdoutLine: {'line': b'-- Using all available rosidl_typesupport_c: rosidl_typesupport_fastrtps_c;rosidl_typesupport_introspection_c\n'}
[7.390731] (robot_navigation) StdoutLine: {'line': b'-- Using all available rosidl_typesupport_cpp: rosidl_typesupport_fastrtps_cpp;rosidl_typesupport_introspection_cpp\n'}
[7.425719] (-) TimerEvent: {}
[7.431762] (robot_gazebo) StdoutLine: {'line': b'-- Found rosidl_generator_c: 3.1.7 (/opt/ros/humble/share/rosidl_generator_c/cmake)\n'}
[7.447745] (robot_gazebo) StdoutLine: {'line': b'-- Found rosidl_adapter: 3.1.7 (/opt/ros/humble/share/rosidl_adapter/cmake)\n'}
[7.464604] (robot_gazebo) StdoutLine: {'line': b'-- Found rosidl_generator_cpp: 3.1.7 (/opt/ros/humble/share/rosidl_generator_cpp/cmake)\n'}
[7.493310] (robot_gazebo) StdoutLine: {'line': b'-- Using all available rosidl_typesupport_c: rosidl_typesupport_fastrtps_c;rosidl_typesupport_introspection_c\n'}
[7.498644] (robot_navigation) StdoutLine: {'line': b'-- Found rmw_implementation_cmake: 6.1.2 (/opt/ros/humble/share/rmw_implementation_cmake/cmake)\n'}
[7.501858] (robot_launch) StdoutLine: {'line': b'running develop\n'}
[7.507263] (robot_navigation) StdoutLine: {'line': b'-- Found rmw_fastrtps_cpp: 6.2.8 (/opt/ros/humble/share/rmw_fastrtps_cpp/cmake)\n'}
[7.525827] (-) TimerEvent: {}
[7.530694] (robot_gazebo) StdoutLine: {'line': b'-- Using all available rosidl_typesupport_cpp: rosidl_typesupport_fastrtps_cpp;rosidl_typesupport_introspection_cpp\n'}
[7.605976] (robot_gazebo) StdoutLine: {'line': b'-- Found rmw_implementation_cmake: 6.1.2 (/opt/ros/humble/share/rmw_implementation_cmake/cmake)\n'}
[7.612538] (robot_gazebo) StdoutLine: {'line': b'-- Found rmw_fastrtps_cpp: 6.2.8 (/opt/ros/humble/share/rmw_fastrtps_cpp/cmake)\n'}
[7.625933] (-) TimerEvent: {}
[7.691287] (robot_navigation) StdoutLine: {'line': b'-- Found OpenSSL: /usr/lib/x86_64-linux-gnu/libcrypto.so (found version "3.0.2")  \n'}
[7.726037] (-) TimerEvent: {}
[7.742989] (robot_navigation) StdoutLine: {'line': b'-- Found FastRTPS: /opt/ros/humble/include  \n'}
[7.767985] (robot_gazebo) StdoutLine: {'line': b'-- Found OpenSSL: /usr/lib/x86_64-linux-gnu/libcrypto.so (found version "3.0.2")  \n'}
[7.815019] (robot_gazebo) StdoutLine: {'line': b'-- Found FastRTPS: /opt/ros/humble/include  \n'}
[7.826167] (-) TimerEvent: {}
[7.827672] (robot_navigation) StdoutLine: {'line': b"-- Using RMW implementation 'rmw_fastrtps_cpp' as default\n"}
[7.829422] (robot_launch) StdoutLine: {'line': b'running egg_info\n'}
[7.829722] (robot_launch) StdoutLine: {'line': b'creating robot_launch.egg-info\n'}
[7.846120] (robot_navigation) StdoutLine: {'line': b'-- Looking for pthread.h\n'}
[7.847233] (robot_launch) StdoutLine: {'line': b'writing robot_launch.egg-info/PKG-INFO\n'}
[7.847603] (robot_launch) StdoutLine: {'line': b'writing dependency_links to robot_launch.egg-info/dependency_links.txt\n'}
[7.848000] (robot_launch) StdoutLine: {'line': b'writing requirements to robot_launch.egg-info/requires.txt\n'}
[7.848186] (robot_launch) StdoutLine: {'line': b'writing top-level names to robot_launch.egg-info/top_level.txt\n'}
[7.848374] (robot_launch) StdoutLine: {'line': b"writing manifest file 'robot_launch.egg-info/SOURCES.txt'\n"}
[7.887262] (robot_launch) StdoutLine: {'line': b"reading manifest file 'robot_launch.egg-info/SOURCES.txt'\n"}
[7.888043] (robot_launch) StdoutLine: {'line': b"writing manifest file 'robot_launch.egg-info/SOURCES.txt'\n"}
[7.889112] (robot_gazebo) StdoutLine: {'line': b"-- Using RMW implementation 'rmw_fastrtps_cpp' as default\n"}
[7.907751] (robot_gazebo) StdoutLine: {'line': b'-- Looking for pthread.h\n'}
[7.908129] (robot_launch) StdoutLine: {'line': b'running build_ext\n'}
[7.908357] (robot_launch) StdoutLine: {'line': b'Creating /root/Dojo/install/robot_launch/lib/python3.10/site-packages/robot-launch.egg-link (link to .)\n'}
[7.909147] (robot_launch) StdoutLine: {'line': b'\n'}
[7.909354] (robot_launch) StdoutLine: {'line': b'Installed /root/Dojo/build/robot_launch\n'}
[7.909504] (robot_launch) StdoutLine: {'line': b'running symlink_data\n'}
[7.909720] (robot_launch) StdoutLine: {'line': b'creating /root/Dojo/install/robot_launch/share/ament_index\n'}
[7.909914] (robot_launch) StdoutLine: {'line': b'creating /root/Dojo/install/robot_launch/share/ament_index/resource_index\n'}
[7.910051] (robot_launch) StdoutLine: {'line': b'creating /root/Dojo/install/robot_launch/share/ament_index/resource_index/packages\n'}
[7.910242] (robot_launch) StdoutLine: {'line': b'symbolically linking /root/Dojo/build/robot_launch/resource/robot_launch -> /root/Dojo/install/robot_launch/share/ament_index/resource_index/packages\n'}
[7.910383] (robot_launch) StdoutLine: {'line': b'symbolically linking /root/Dojo/build/robot_launch/package.xml -> /root/Dojo/install/robot_launch/share/robot_launch\n'}
[7.910516] (robot_launch) StdoutLine: {'line': b'creating /root/Dojo/install/robot_launch/share/robot_launch/launch\n'}
[7.911166] (robot_launch) StdoutLine: {'line': b'symbolically linking /root/Dojo/build/robot_launch/launch/robot_complete.launch.py -> /root/Dojo/install/robot_launch/share/robot_launch/launch\n'}
[7.927164] (-) TimerEvent: {}
[7.968305] (robot_navigation) StdoutLine: {'line': b'-- Looking for pthread.h - found\n'}
[7.968903] (robot_navigation) StdoutLine: {'line': b'-- Performing Test CMAKE_HAVE_LIBC_PTHREAD\n'}
[8.027278] (-) TimerEvent: {}
[8.044844] (robot_launch) CommandEnded: {'returncode': 0}
[8.053549] (robot_launch) JobEnded: {'identifier': 'robot_launch', 'rc': 0}
[8.058362] (robot_gazebo) StdoutLine: {'line': b'-- Looking for pthread.h - found\n'}
[8.058719] (robot_gazebo) StdoutLine: {'line': b'-- Performing Test CMAKE_HAVE_LIBC_PTHREAD\n'}
[8.096911] (robot_navigation) StdoutLine: {'line': b'-- Performing Test CMAKE_HAVE_LIBC_PTHREAD - Success\n'}
[8.098670] (robot_navigation) StdoutLine: {'line': b'-- Found Threads: TRUE  \n'}
[8.127376] (-) TimerEvent: {}
[8.150210] (robot_gazebo) StdoutLine: {'line': b'-- Performing Test CMAKE_HAVE_LIBC_PTHREAD - Success\n'}
[8.151826] (robot_gazebo) StdoutLine: {'line': b'-- Found Threads: TRUE  \n'}
[8.194584] (robot_navigation) StdoutLine: {'line': b'-- Found rclpy: 3.3.17 (/opt/ros/humble/share/rclpy/cmake)\n'}
[8.203496] (robot_navigation) StdoutLine: {'line': b'-- Found sensor_msgs: 4.9.0 (/opt/ros/humble/share/sensor_msgs/cmake)\n'}
[8.227510] (-) TimerEvent: {}
[8.252200] (robot_navigation) StdoutLine: {'line': b'-- Found nav_msgs: 4.9.0 (/opt/ros/humble/share/nav_msgs/cmake)\n'}
[8.261853] (robot_gazebo) StdoutLine: {'line': b'-- Found rclpy: 3.3.17 (/opt/ros/humble/share/rclpy/cmake)\n'}
[8.265753] (robot_gazebo) StdoutLine: {'line': b'-- Found sensor_msgs: 4.9.0 (/opt/ros/humble/share/sensor_msgs/cmake)\n'}
[8.266185] (robot_interfaces) StdoutLine: {'line': b'[  3%] \x1b[32mBuilding C object CMakeFiles/robot_interfaces__rosidl_generator_c.dir/rosidl_generator_c/robot_interfaces/msg/detail/motor_command__functions.c.o\x1b[0m\n'}
[8.266425] (robot_interfaces) StdoutLine: {'line': b'[  5%] \x1b[32mBuilding C object CMakeFiles/robot_interfaces__rosidl_generator_c.dir/rosidl_generator_c/robot_interfaces/msg/detail/hardware_status__functions.c.o\x1b[0m\n'}
[8.270450] (robot_interfaces) StdoutLine: {'line': b'[  6%] \x1b[32mBuilding C object CMakeFiles/robot_interfaces__rosidl_generator_c.dir/rosidl_generator_c/robot_interfaces/srv/detail/set_mode__functions.c.o\x1b[0m\n'}
[8.271695] (robot_interfaces) StdoutLine: {'line': b'[  7%] \x1b[32mBuilding C object CMakeFiles/robot_interfaces__rosidl_generator_c.dir/rosidl_generator_c/robot_interfaces/msg/detail/sensor_data__functions.c.o\x1b[0m\n'}
[8.277845] (robot_interfaces) StdoutLine: {'line': b'[  8%] \x1b[32mBuilding C object CMakeFiles/robot_interfaces__rosidl_generator_c.dir/rosidl_generator_c/robot_interfaces/srv/detail/calibration__functions.c.o\x1b[0m\n'}
[8.279915] (robot_interfaces) StdoutLine: {'line': b'[ 10%] \x1b[32mBuilding C object CMakeFiles/robot_interfaces__rosidl_generator_c.dir/rosidl_generator_c/robot_interfaces/msg/detail/robot_state__functions.c.o\x1b[0m\n'}
[8.290866] (robot_navigation) StdoutLine: {'line': b'-- Found tf2_ros: 0.25.16 (/opt/ros/humble/share/tf2_ros/cmake)\n'}
[8.306529] (robot_interfaces) StdoutLine: {'line': b'[ 11%] \x1b[32mBuilding C object CMakeFiles/robot_interfaces__rosidl_generator_c.dir/rosidl_generator_c/robot_interfaces/action/detail/navigation__functions.c.o\x1b[0m\n'}
[8.327637] (-) TimerEvent: {}
[8.343602] (robot_gazebo) StdoutLine: {'line': b'-- Found nav_msgs: 4.9.0 (/opt/ros/humble/share/nav_msgs/cmake)\n'}
[8.345954] (robot_interfaces) StdoutLine: {'line': b'[ 11%] Built target robot_interfaces__cpp\n'}
[8.366608] (robot_interfaces) StdoutLine: {'line': b'[ 13%] \x1b[34m\x1b[1mGenerating C++ introspection for ROS interfaces\x1b[0m\n'}
[8.366938] (robot_interfaces) StdoutLine: {'line': b'[ 13%] \x1b[34m\x1b[1mGenerating C++ type support for eProsima Fast-RTPS\x1b[0m\n'}
[8.367232] (robot_interfaces) StdoutLine: {'line': b'[ 15%] \x1b[34m\x1b[1mGenerating C++ type support dispatch for ROS interfaces\x1b[0m\n'}
[8.393446] (robot_gazebo) StdoutLine: {'line': b'-- Found tf2_ros: 0.25.16 (/opt/ros/humble/share/tf2_ros/cmake)\n'}
[8.427736] (-) TimerEvent: {}
[8.519060] (robot_navigation) StdoutLine: {'line': b'-- Found tf2_geometry_msgs: 0.25.16 (/opt/ros/humble/share/tf2_geometry_msgs/cmake)\n'}
[8.527841] (-) TimerEvent: {}
[8.554727] (robot_navigation) StdoutLine: {'line': b'-- Found eigen3_cmake_module: 0.1.1 (/opt/ros/humble/share/eigen3_cmake_module/cmake)\n'}
[8.556673] (robot_navigation) StdoutLine: {'line': b'-- Found Eigen3: TRUE (found version "3.4.0") \n'}
[8.556932] (robot_navigation) StdoutLine: {'line': b'-- Ensuring Eigen3 include directory is part of orocos-kdl CMake target\n'}
[8.564568] (robot_navigation) StdoutLine: {'line': b'-- Found navigation2: 1.1.18 (/opt/ros/humble/share/navigation2/cmake)\n'}
[8.569972] (robot_navigation) StdoutLine: {'line': b'-- Found nav2_common: 1.1.18 (/opt/ros/humble/share/nav2_common/cmake)\n'}
[8.574858] (robot_navigation) StdoutLine: {'line': b'-- Found nav2_util: 1.1.18 (/opt/ros/humble/share/nav2_util/cmake)\n'}
[8.587357] (robot_gazebo) StdoutLine: {'line': b'-- Found tf2_geometry_msgs: 0.25.16 (/opt/ros/humble/share/tf2_geometry_msgs/cmake)\n'}
[8.617094] (robot_gazebo) StdoutLine: {'line': b'-- Found eigen3_cmake_module: 0.1.1 (/opt/ros/humble/share/eigen3_cmake_module/cmake)\n'}
[8.618509] (robot_gazebo) StdoutLine: {'line': b'-- Found Eigen3: TRUE (found version "3.4.0") \n'}
[8.618746] (robot_gazebo) StdoutLine: {'line': b'-- Ensuring Eigen3 include directory is part of orocos-kdl CMake target\n'}
[8.624550] (robot_gazebo) StdoutLine: {'line': b'-- Found gazebo_ros: 3.9.0 (/opt/ros/humble/share/gazebo_ros/cmake)\n'}
[8.627984] (-) TimerEvent: {}
[8.642323] (robot_gazebo) StdoutLine: {'line': b'-- Found PkgConfig: /usr/bin/pkg-config (found version "0.29.2") \n'}
[8.643924] (robot_gazebo) StdoutLine: {'line': b"-- Checking for module 'bullet>=2.82'\n"}
[8.663468] (robot_gazebo) StdoutLine: {'line': b'--   Found bullet, version 3.05\n'}
[8.724066] (robot_navigation) StdoutLine: {'line': b'-- Found nav2_lifecycle_manager: 1.1.18 (/opt/ros/humble/share/nav2_lifecycle_manager/cmake)\n'}
[8.728077] (-) TimerEvent: {}
[8.788534] (robot_navigation) StdoutLine: {'line': b'-- Found nav2_amcl: 1.1.18 (/opt/ros/humble/share/nav2_amcl/cmake)\n'}
[8.828178] (-) TimerEvent: {}
[8.838093] (robot_interfaces) StdoutLine: {'line': b'[ 16%] \x1b[32m\x1b[1mLinking C shared library librobot_interfaces__rosidl_generator_c.so\x1b[0m\n'}
[8.845222] (robot_navigation) StdoutLine: {'line': b'-- Found nav2_behavior_tree: 1.1.18 (/opt/ros/humble/share/nav2_behavior_tree/cmake)\n'}
[8.855533] (robot_gazebo) StdoutLine: {'line': b'-- Found fcl: /usr/include (found suitable version "0.7.0", minimum required is "0.5.0") \n'}
[8.875364] (robot_navigation) StdoutLine: {'line': b'-- Found nav2_bt_navigator: 1.1.18 (/opt/ros/humble/share/nav2_bt_navigator/cmake)\n'}
[8.901335] (robot_interfaces) StdoutLine: {'line': b'[ 16%] Built target robot_interfaces__rosidl_generator_c\n'}
[8.918042] (robot_interfaces) StdoutLine: {'line': b'[ 20%] \x1b[34m\x1b[1mGenerating C type support for eProsima Fast-RTPS\x1b[0m\n'}
[8.918292] (robot_interfaces) StdoutLine: {'line': b'[ 20%] \x1b[34m\x1b[1mGenerating C introspection for ROS interfaces\x1b[0m\n'}
[8.918451] (robot_interfaces) StdoutLine: {'line': b'[ 20%] \x1b[34m\x1b[1mGenerating C type support dispatch for ROS interfaces\x1b[0m\n'}
[8.928288] (-) TimerEvent: {}
[8.954199] (robot_gazebo) StdoutLine: {'line': b'-- Found assimp: /usr/include (found version "5.2.0") \n'}
[9.007569] (robot_gazebo) StdoutLine: {'line': b'-- Found DART: /usr/include (Required is at least version "6.6") found components: dart \n'}
[9.028387] (-) TimerEvent: {}
[9.077447] (robot_gazebo) StdoutLine: {'line': b'-- Found Boost: /usr/lib/x86_64-linux-gnu/cmake/Boost-1.74.0/BoostConfig.cmake (found suitable version "1.74.0", minimum required is "1.40.0") found components: thread system filesystem program_options regex iostreams date_time \n'}
[9.085300] (robot_navigation) StdoutLine: {'line': b'-- Found nav2_controller: 1.1.18 (/opt/ros/humble/share/nav2_controller/cmake)\n'}
[9.102875] (robot_gazebo) StdoutLine: {'line': b'-- Found Protobuf: /usr/lib/x86_64-linux-gnu/libprotobuf.so (found version "3.12.4") \n'}
[9.120122] (robot_gazebo) StdoutLine: {'line': b'-- Looking for ignition-math6 -- found version 6.15.1\n'}
[9.128493] (-) TimerEvent: {}
[9.134994] (robot_gazebo) StdoutLine: {'line': b'-- Searching for dependencies of ignition-math6\n'}
[9.137191] (robot_gazebo) StdoutLine: {'line': b'-- Looking for OGRE...\n'}
[9.137964] (robot_gazebo) StdoutLine: {'line': b'-- OGRE_PREFIX_WATCH changed.\n'}
[9.148014] (robot_gazebo) StdoutLine: {'line': b"-- Checking for module 'OGRE'\n"}
[9.176563] (robot_gazebo) StdoutLine: {'line': b'--   Found OGRE, version 1.9.0\n'}
[9.189276] (robot_navigation) StdoutLine: {'line': b'-- Found nav2_planner: 1.1.18 (/opt/ros/humble/share/nav2_planner/cmake)\n'}
[9.228612] (-) TimerEvent: {}
[9.239973] (robot_navigation) StdoutLine: {'line': b'-- Found slam_toolbox: 2.6.10 (/opt/ros/humble/share/slam_toolbox/cmake)\n'}
[9.251402] (robot_gazebo) StdoutLine: {'line': b'-- Found Ogre Ghadamon (1.9.0)\n'}
[9.264300] (robot_gazebo) StdoutLine: {'line': b'-- Found OGRE: optimized;/usr/lib/x86_64-linux-gnu/libOgreMain.so;debug;/usr/lib/x86_64-linux-gnu/libOgreMain.so\n'}
[9.281278] (robot_gazebo) StdoutLine: {'line': b'-- Looking for OGRE_Paging...\n'}
[9.291376] (robot_gazebo) StdoutLine: {'line': b'-- Found OGRE_Paging: optimized;/usr/lib/x86_64-linux-gnu/libOgrePaging.so;debug;/usr/lib/x86_64-linux-gnu/libOgrePaging.so\n'}
[9.291646] (robot_gazebo) StdoutLine: {'line': b'-- Looking for OGRE_Terrain...\n'}
[9.299604] (robot_gazebo) StdoutLine: {'line': b'-- Found OGRE_Terrain: optimized;/usr/lib/x86_64-linux-gnu/libOgreTerrain.so;debug;/usr/lib/x86_64-linux-gnu/libOgreTerrain.so\n'}
[9.299848] (robot_gazebo) StdoutLine: {'line': b'-- Looking for OGRE_Property...\n'}
[9.305217] (robot_navigation) StdoutLine: {'line': b"-- Setting assimp_DIR to: '/opt/ros/humble/share/rviz_assimp_vendor/cmake/../../../opt/rviz_assimp_vendor/lib/cmake/assimp-4.1'\n"}
[9.307867] (robot_gazebo) StdoutLine: {'line': b'-- Found OGRE_Property: optimized;/usr/lib/x86_64-linux-gnu/libOgreProperty.so;debug;/usr/lib/x86_64-linux-gnu/libOgreProperty.so\n'}
[9.308158] (robot_gazebo) StdoutLine: {'line': b'-- Looking for OGRE_RTShaderSystem...\n'}
[9.316414] (robot_gazebo) StdoutLine: {'line': b'-- Found OGRE_RTShaderSystem: optimized;/usr/lib/x86_64-linux-gnu/libOgreRTShaderSystem.so;debug;/usr/lib/x86_64-linux-gnu/libOgreRTShaderSystem.so\n'}
[9.316686] (robot_gazebo) StdoutLine: {'line': b'-- Looking for OGRE_Volume...\n'}
[9.320672] (robot_navigation) StdoutLine: {'line': b"-- Setting OGRE_DIR to: '/opt/ros/humble/share/rviz_ogre_vendor/cmake/../../../opt/rviz_ogre_vendor/lib/OGRE/cmake'\n"}
[9.322540] (robot_navigation) StdoutLine: {'line': b'-- Found OGRE\n'}
[9.322787] (robot_navigation) StdoutLine: {'line': b'--   static     : OFF\n'}
[9.322905] (robot_navigation) StdoutLine: {'line': b'--   components : HLMS;MeshLodGenerator;Overlay;Paging;Property;RTShaderSystem;Terrain;Volume\n'}
[9.323011] (robot_navigation) StdoutLine: {'line': b'--   plugins    : Plugin_BSPSceneManager;Plugin_OctreeSceneManager;Plugin_PCZSceneManager;Plugin_ParticleFX;RenderSystem_GL;RenderSystem_GL3Plus;Codec_STBI\n'}
[9.323126] (robot_navigation) StdoutLine: {'line': b'--   media      : /opt/ros/humble/opt/rviz_ogre_vendor/share/OGRE/Media\n'}
[9.323252] (robot_navigation) StdoutLine: {'line': b'-- OGRE_LIBRARIES: OgreHLMS;OgreMeshLodGenerator;OgreOverlay;OgrePaging;OgreProperty;OgreRTShaderSystem;OgreTerrain;OgreVolume;OgreMain\n'}
[9.323519] (robot_navigation) StdoutLine: {'line': b'-- OGRE_LIBRARY_DIRS: /opt/ros/humble/opt/rviz_ogre_vendor/lib\n'}
[9.323706] (robot_navigation) StdoutLine: {'line': b'-- OGRE_PLUGINS: Plugin_BSPSceneManager;Plugin_OctreeSceneManager;Plugin_PCZSceneManager;Plugin_ParticleFX;RenderSystem_GL;RenderSystem_GL3Plus;Codec_STBI\n'}
[9.323984] (robot_navigation) StdoutLine: {'line': b'-- OGRE_PLUGIN_DIR: /opt/ros/humble/opt/rviz_ogre_vendor/lib/OGRE\n'}
[9.324139] (robot_navigation) StdoutLine: {'line': b'-- rviz_ogre_vendor::OgreOverlay for IMPORTED_LOCATION_RELEASE: /opt/ros/humble/opt/rviz_ogre_vendor/lib/libOgreOverlay.so\n'}
[9.324252] (robot_navigation) StdoutLine: {'line': b'-- rviz_ogre_vendor::OgreOverlay for IMPORTED_LOCATION_DEBUG: /opt/ros/humble/opt/rviz_ogre_vendor/lib/libOgreOverlay.so\n'}
[9.324351] (robot_navigation) StdoutLine: {'line': b'-- rviz_ogre_vendor::OgreMain for IMPORTED_LOCATION_RELEASE: /opt/ros/humble/opt/rviz_ogre_vendor/lib/libOgreMain.so\n'}
[9.324450] (robot_navigation) StdoutLine: {'line': b'-- rviz_ogre_vendor::OgreMain for IMPORTED_LOCATION_DEBUG: /opt/ros/humble/opt/rviz_ogre_vendor/lib/libOgreMain.so\n'}
[9.324549] (robot_gazebo) StdoutLine: {'line': b'-- Found OGRE_Volume: optimized;/usr/lib/x86_64-linux-gnu/libOgreVolume.so;debug;/usr/lib/x86_64-linux-gnu/libOgreVolume.so\n'}
[9.324704] (robot_gazebo) StdoutLine: {'line': b'-- Looking for OGRE_Overlay...\n'}
[9.328701] (-) TimerEvent: {}
[9.332531] (robot_gazebo) StdoutLine: {'line': b'-- Found OGRE_Overlay: optimized;/usr/lib/x86_64-linux-gnu/libOgreOverlay.so;debug;/usr/lib/x86_64-linux-gnu/libOgreOverlay.so\n'}
[9.343924] (robot_navigation) StdoutLine: {'line': b'-- Found ZLIB: /usr/lib/x86_64-linux-gnu/libz.so (found version "1.2.11") \n'}
[9.349654] (robot_navigation) StdoutLine: {'line': b'-- Found OpenGL: /usr/lib/x86_64-linux-gnu/libOpenGL.so   \n'}
[9.428807] (-) TimerEvent: {}
[9.457477] (robot_interfaces) StdoutLine: {'line': b'[ 24%] \x1b[32mBuilding CXX object CMakeFiles/robot_interfaces__rosidl_typesupport_cpp.dir/rosidl_typesupport_cpp/robot_interfaces/srv/set_mode__type_support.cpp.o\x1b[0m\n'}
[9.458114] (robot_interfaces) StdoutLine: {'line': b'[ 24%] \x1b[32mBuilding CXX object CMakeFiles/robot_interfaces__rosidl_typesupport_cpp.dir/rosidl_typesupport_cpp/robot_interfaces/srv/calibration__type_support.cpp.o\x1b[0m\n'}
[9.458795] (robot_interfaces) StdoutLine: {'line': b'[ 24%] \x1b[32mBuilding CXX object CMakeFiles/robot_interfaces__rosidl_typesupport_cpp.dir/rosidl_typesupport_cpp/robot_interfaces/msg/robot_state__type_support.cpp.o\x1b[0m\n'}
[9.460973] (robot_interfaces) StdoutLine: {'line': b'[ 25%] \x1b[32mBuilding CXX object CMakeFiles/robot_interfaces__rosidl_typesupport_cpp.dir/rosidl_typesupport_cpp/robot_interfaces/msg/motor_command__type_support.cpp.o\x1b[0m\n'}
[9.462851] (robot_interfaces) StdoutLine: {'line': b'[ 26%] \x1b[32mBuilding CXX object CMakeFiles/robot_interfaces__rosidl_typesupport_cpp.dir/rosidl_typesupport_cpp/robot_interfaces/msg/hardware_status__type_support.cpp.o\x1b[0m\n'}
[9.466104] (robot_interfaces) StdoutLine: {'line': b'[ 27%] \x1b[32mBuilding CXX object CMakeFiles/robot_interfaces__rosidl_typesupport_cpp.dir/rosidl_typesupport_cpp/robot_interfaces/action/navigation__type_support.cpp.o\x1b[0m\n'}
[9.467300] (robot_interfaces) StdoutLine: {'line': b'[ 29%] \x1b[32mBuilding CXX object CMakeFiles/robot_interfaces__rosidl_typesupport_cpp.dir/rosidl_typesupport_cpp/robot_interfaces/msg/sensor_data__type_support.cpp.o\x1b[0m\n'}
[9.525802] (robot_gazebo) StdoutLine: {'line': b'-- Looking for ignition-math6 -- found version 6.15.1\n'}
[9.528853] (-) TimerEvent: {}
[9.530723] (robot_gazebo) StdoutLine: {'line': b'-- Looking for ignition-transport8 -- found version 8.2.1\n'}
[9.533153] (robot_gazebo) StdoutLine: {'line': b'-- Searching for dependencies of ignition-transport8\n'}
[9.539563] (robot_navigation) StdoutLine: {'line': b'-- Found X11: /usr/include   \n'}
[9.540413] (robot_navigation) StdoutLine: {'line': b'-- Looking for XOpenDisplay in /usr/lib/x86_64-linux-gnu/libX11.so;/usr/lib/x86_64-linux-gnu/libXext.so\n'}
[9.606134] (robot_gazebo) StdoutLine: {'line': b'-- Found Protobuf: /usr/lib/x86_64-linux-gnu/libprotobuf.so (found suitable version "3.12.4", minimum required is "3") \n'}
[9.628981] (-) TimerEvent: {}
[9.695240] (robot_gazebo) StdoutLine: {'line': b'-- Config-file not installed for ZeroMQ -- checking for pkg-config\n'}
[9.716039] (robot_gazebo) StdoutLine: {'line': b"-- Checking for module 'libzmq >= 4'\n"}
[9.729087] (-) TimerEvent: {}
[9.745849] (robot_interfaces) StdoutLine: {'line': b'[ 30%] \x1b[32mBuilding CXX object CMakeFiles/robot_interfaces__rosidl_typesupport_introspection_cpp.dir/rosidl_typesupport_introspection_cpp/robot_interfaces/msg/detail/hardware_status__type_support.cpp.o\x1b[0m\n'}
[9.755191] (robot_interfaces) StdoutLine: {'line': b'[ 31%] \x1b[32mBuilding CXX object CMakeFiles/robot_interfaces__rosidl_typesupport_introspection_cpp.dir/rosidl_typesupport_introspection_cpp/robot_interfaces/msg/detail/robot_state__type_support.cpp.o\x1b[0m\n'}
[9.759668] (robot_interfaces) StdoutLine: {'line': b'[ 35%] \x1b[32mBuilding CXX object CMakeFiles/robot_interfaces__rosidl_typesupport_introspection_cpp.dir/rosidl_typesupport_introspection_cpp/robot_interfaces/msg/detail/motor_command__type_support.cpp.o\x1b[0m\n'}
[9.760536] (robot_interfaces) StdoutLine: {'line': b'[ 35%] \x1b[32mBuilding CXX object CMakeFiles/robot_interfaces__rosidl_typesupport_introspection_cpp.dir/rosidl_typesupport_introspection_cpp/robot_interfaces/srv/detail/calibration__type_support.cpp.o\x1b[0m\n'}
[9.763508] (robot_interfaces) StdoutLine: {'line': b'[ 35%] \x1b[32mBuilding CXX object CMakeFiles/robot_interfaces__rosidl_typesupport_introspection_cpp.dir/rosidl_typesupport_introspection_cpp/robot_interfaces/msg/detail/sensor_data__type_support.cpp.o\x1b[0m\n'}
[9.788998] (robot_gazebo) StdoutLine: {'line': b'--   Found libzmq , version 4.3.4\n'}
[9.826012] (robot_navigation) StdoutLine: {'line': b'-- Looking for XOpenDisplay in /usr/lib/x86_64-linux-gnu/libX11.so;/usr/lib/x86_64-linux-gnu/libXext.so - found\n'}
[9.826277] (robot_navigation) StdoutLine: {'line': b'-- Looking for gethostbyname\n'}
[9.829717] (-) TimerEvent: {}
[9.930070] (-) TimerEvent: {}
[9.967839] (robot_gazebo) StdoutLine: {'line': b'-- Found ZeroMQ: TRUE (Required is at least version "4") \n'}
[9.991411] (robot_gazebo) StdoutLine: {'line': b"-- Checking for module 'uuid'\n"}
[10.030220] (-) TimerEvent: {}
[10.055216] (robot_gazebo) StdoutLine: {'line': b'--   Found uuid, version 2.37.2\n'}
[10.072099] (robot_interfaces) StdoutLine: {'line': b'[ 36%] \x1b[32mBuilding CXX object CMakeFiles/robot_interfaces__rosidl_typesupport_introspection_cpp.dir/rosidl_typesupport_introspection_cpp/robot_interfaces/srv/detail/set_mode__type_support.cpp.o\x1b[0m\n'}
[10.100085] (robot_navigation) StdoutLine: {'line': b'-- Looking for gethostbyname - found\n'}
[10.103020] (robot_navigation) StdoutLine: {'line': b'-- Looking for connect\n'}
[10.103635] (robot_interfaces) StdoutLine: {'line': b'[ 37%] \x1b[32mBuilding CXX object CMakeFiles/robot_interfaces__rosidl_typesupport_introspection_cpp.dir/rosidl_typesupport_introspection_cpp/robot_interfaces/action/detail/navigation__type_support.cpp.o\x1b[0m\n'}
[10.130319] (-) TimerEvent: {}
[10.205761] (robot_interfaces) StdoutLine: {'line': b'[ 39%] \x1b[32mBuilding CXX object CMakeFiles/robot_interfaces__rosidl_typesupport_fastrtps_cpp.dir/rosidl_typesupport_fastrtps_cpp/robot_interfaces/srv/detail/dds_fastrtps/calibration__type_support.cpp.o\x1b[0m\n'}
[10.208944] (robot_interfaces) StdoutLine: {'line': b'[ 40%] \x1b[32mBuilding CXX object CMakeFiles/robot_interfaces__rosidl_typesupport_fastrtps_cpp.dir/rosidl_typesupport_fastrtps_cpp/robot_interfaces/msg/detail/dds_fastrtps/hardware_status__type_support.cpp.o\x1b[0m\n'}
[10.212408] (robot_interfaces) StdoutLine: {'line': b'[ 41%] \x1b[32mBuilding CXX object CMakeFiles/robot_interfaces__rosidl_typesupport_fastrtps_cpp.dir/rosidl_typesupport_fastrtps_cpp/robot_interfaces/msg/detail/dds_fastrtps/sensor_data__type_support.cpp.o\x1b[0m\n'}
[10.217516] (robot_interfaces) StdoutLine: {'line': b'[ 43%] \x1b[32mBuilding CXX object CMakeFiles/robot_interfaces__rosidl_typesupport_fastrtps_cpp.dir/rosidl_typesupport_fastrtps_cpp/robot_interfaces/msg/detail/dds_fastrtps/robot_state__type_support.cpp.o\x1b[0m\n'}
[10.230734] (robot_gazebo) StdoutLine: {'line': b'-- Found UUID: TRUE  \n'}
[10.231127] (-) TimerEvent: {}
[10.249805] (robot_gazebo) StdoutLine: {'line': b'-- Looking for ignition-msgs5 -- found version 5.8.1\n'}
[10.250201] (robot_gazebo) StdoutLine: {'line': b'-- Searching for dependencies of ignition-msgs5\n'}
[10.262289] (robot_interfaces) StdoutLine: {'line': b'[ 44%] \x1b[32mBuilding CXX object CMakeFiles/robot_interfaces__rosidl_typesupport_fastrtps_cpp.dir/rosidl_typesupport_fastrtps_cpp/robot_interfaces/msg/detail/dds_fastrtps/motor_command__type_support.cpp.o\x1b[0m\n'}
[10.331242] (-) TimerEvent: {}
[10.357577] (robot_gazebo) StdoutLine: {'line': b'-- Looking for ignition-math6 -- found version 6.15.1\n'}
[10.391359] (robot_gazebo) StdoutLine: {'line': b"-- Checking for module 'tinyxml2'\n"}
[10.488946] (robot_navigation) StdoutLine: {'line': b'-- Looking for connect - found\n'}
[10.489267] (-) TimerEvent: {}
[10.489525] (robot_navigation) StdoutLine: {'line': b'-- Looking for remove\n'}
[10.489774] (robot_gazebo) StdoutLine: {'line': b'--   Found tinyxml2, version 9.0.0\n'}
[10.590751] (-) TimerEvent: {}
[10.621575] (robot_gazebo) StdoutLine: {'line': b'-- Looking for ignition-msgs5 -- found version 5.8.1\n'}
[10.640977] (robot_gazebo) StdoutLine: {'line': b'-- Looking for ignition-common3 -- found version 3.14.0\n'}
[10.641286] (robot_gazebo) StdoutLine: {'line': b'-- Searching for dependencies of ignition-common3\n'}
[10.641847] (robot_gazebo) StdoutLine: {'line': b'-- Looking for dlfcn.h - found\n'}
[10.643366] (robot_gazebo) StdoutLine: {'line': b'-- Looking for libdl - found\n'}
[10.646084] (robot_gazebo) StdoutLine: {'line': b'-- Found DL: TRUE  \n'}
[10.671736] (robot_gazebo) StdoutLine: {'line': b'-- Found tinyobjloader: /usr/lib/x86_64-linux-gnu/cmake/tinyobjloader/tinyobjloader-config.cmake (found version "2.0.0") \n'}
[10.672669] (robot_gazebo) StdoutLine: {'line': b'-- Searching for <ignition-common3> component [graphics]\n'}
[10.680832] (robot_gazebo) StdoutLine: {'line': b'-- Looking for ignition-common3-graphics -- found version 3.14.0\n'}
[10.681805] (robot_gazebo) StdoutLine: {'line': b'-- Searching for dependencies of ignition-common3-graphics\n'}
[10.682464] (robot_gazebo) StdoutLine: {'line': b'-- Looking for ignition-math6 -- found version 6.15.1\n'}
[10.690862] (-) TimerEvent: {}
[10.691941] (robot_gazebo) StdoutLine: {'line': b'-- Looking for ignition-fuel_tools4 -- found version 4.4.0\n'}
[10.692897] (robot_gazebo) StdoutLine: {'line': b'-- Searching for dependencies of ignition-fuel_tools4\n'}
[10.724583] (robot_interfaces) StdoutLine: {'line': b'[ 45%] \x1b[32mBuilding CXX object CMakeFiles/robot_interfaces__rosidl_typesupport_fastrtps_cpp.dir/rosidl_typesupport_fastrtps_cpp/robot_interfaces/srv/detail/dds_fastrtps/set_mode__type_support.cpp.o\x1b[0m\n'}
[10.772903] (robot_navigation) StdoutLine: {'line': b'-- Looking for remove - found\n'}
[10.773530] (robot_navigation) StdoutLine: {'line': b'-- Looking for shmat\n'}
[10.790988] (-) TimerEvent: {}
[10.800261] (robot_interfaces) StdoutLine: {'line': b'[ 46%] \x1b[32m\x1b[1mLinking CXX shared library librobot_interfaces__rosidl_typesupport_cpp.so\x1b[0m\n'}
[10.891105] (-) TimerEvent: {}
[10.902284] (robot_interfaces) StdoutLine: {'line': b'[ 48%] \x1b[32mBuilding CXX object CMakeFiles/robot_interfaces__rosidl_typesupport_fastrtps_cpp.dir/rosidl_typesupport_fastrtps_cpp/robot_interfaces/action/detail/dds_fastrtps/navigation__type_support.cpp.o\x1b[0m\n'}
[10.949648] (robot_interfaces) StdoutLine: {'line': b'[ 48%] Built target robot_interfaces__rosidl_typesupport_cpp\n'}
[10.991232] (-) TimerEvent: {}
[11.033264] (robot_interfaces) StdoutLine: {'line': b'[ 49%] \x1b[32mBuilding CXX object CMakeFiles/robot_interfaces__rosidl_typesupport_c.dir/rosidl_typesupport_c/robot_interfaces/msg/hardware_status__type_support.cpp.o\x1b[0m\n'}
[11.048454] (robot_interfaces) StdoutLine: {'line': b'[ 50%] \x1b[32mBuilding CXX object CMakeFiles/robot_interfaces__rosidl_typesupport_c.dir/rosidl_typesupport_c/robot_interfaces/msg/sensor_data__type_support.cpp.o\x1b[0m\n'}
[11.055304] (robot_navigation) StdoutLine: {'line': b'-- Looking for shmat - found\n'}
[11.055809] (robot_navigation) StdoutLine: {'line': b'-- Looking for IceConnectionNumber in ICE\n'}
[11.067468] (robot_interfaces) StdoutLine: {'line': b'[ 51%] \x1b[32mBuilding CXX object CMakeFiles/robot_interfaces__rosidl_typesupport_c.dir/rosidl_typesupport_c/robot_interfaces/msg/motor_command__type_support.cpp.o\x1b[0m\n'}
[11.069251] (robot_gazebo) StdoutLine: {'line': b'-- Found CURL: /usr/lib/x86_64-linux-gnu/libcurl.so (found version "7.81.0")  \n'}
[11.076748] (robot_interfaces) StdoutLine: {'line': b'[ 53%] \x1b[32mBuilding CXX object CMakeFiles/robot_interfaces__rosidl_typesupport_c.dir/rosidl_typesupport_c/robot_interfaces/msg/robot_state__type_support.cpp.o\x1b[0m\n'}
[11.091354] (-) TimerEvent: {}
[11.102803] (robot_interfaces) StdoutLine: {'line': b'[ 54%] \x1b[32mBuilding CXX object CMakeFiles/robot_interfaces__rosidl_typesupport_c.dir/rosidl_typesupport_c/robot_interfaces/srv/calibration__type_support.cpp.o\x1b[0m\n'}
[11.103145] (robot_gazebo) StdoutLine: {'line': b"-- Checking for module 'jsoncpp'\n"}
[11.124761] (robot_interfaces) StdoutLine: {'line': b'[ 55%] \x1b[32mBuilding CXX object CMakeFiles/robot_interfaces__rosidl_typesupport_c.dir/rosidl_typesupport_c/robot_interfaces/srv/set_mode__type_support.cpp.o\x1b[0m\n'}
[11.148208] (robot_interfaces) StdoutLine: {'line': b'[ 56%] \x1b[32mBuilding CXX object CMakeFiles/robot_interfaces__rosidl_typesupport_fastrtps_c.dir/rosidl_typesupport_fastrtps_c/robot_interfaces/msg/detail/hardware_status__type_support_c.cpp.o\x1b[0m\n'}
[11.149030] (robot_interfaces) StdoutLine: {'line': b'[ 58%] \x1b[32mBuilding CXX object CMakeFiles/robot_interfaces__rosidl_typesupport_c.dir/rosidl_typesupport_c/robot_interfaces/action/navigation__type_support.cpp.o\x1b[0m\n'}
[11.160314] (robot_gazebo) StdoutLine: {'line': b'--   Found jsoncpp, version 1.9.5\n'}
[11.163268] (robot_interfaces) StdoutLine: {'line': b'[ 59%] \x1b[32mBuilding CXX object CMakeFiles/robot_interfaces__rosidl_typesupport_fastrtps_c.dir/rosidl_typesupport_fastrtps_c/robot_interfaces/msg/detail/sensor_data__type_support_c.cpp.o\x1b[0m\n'}
[11.175315] (camera_ros) StdoutLine: {'line': b'[ 84%] \x1b[32m\x1b[1mLinking CXX executable camera_node\x1b[0m\n'}
[11.191493] (-) TimerEvent: {}
[11.201156] (robot_interfaces) StdoutLine: {'line': b'[ 60%] \x1b[32mBuilding CXX object CMakeFiles/robot_interfaces__rosidl_typesupport_fastrtps_c.dir/rosidl_typesupport_fastrtps_c/robot_interfaces/msg/detail/motor_command__type_support_c.cpp.o\x1b[0m\n'}
[11.202715] (robot_interfaces) StdoutLine: {'line': b'[ 62%] \x1b[32mBuilding CXX object CMakeFiles/robot_interfaces__rosidl_typesupport_fastrtps_c.dir/rosidl_typesupport_fastrtps_c/robot_interfaces/msg/detail/robot_state__type_support_c.cpp.o\x1b[0m\n'}
[11.239739] (robot_interfaces) StdoutLine: {'line': b'[ 63%] \x1b[32mBuilding CXX object CMakeFiles/robot_interfaces__rosidl_typesupport_fastrtps_c.dir/rosidl_typesupport_fastrtps_c/robot_interfaces/srv/detail/calibration__type_support_c.cpp.o\x1b[0m\n'}
[11.249245] (robot_navigation) StdoutLine: {'line': b'-- Looking for IceConnectionNumber in ICE - found\n'}
[11.282836] (robot_interfaces) StdoutLine: {'line': b'[ 64%] \x1b[32mBuilding CXX object CMakeFiles/robot_interfaces__rosidl_typesupport_fastrtps_c.dir/rosidl_typesupport_fastrtps_c/robot_interfaces/srv/detail/set_mode__type_support_c.cpp.o\x1b[0m\n'}
[11.291620] (-) TimerEvent: {}
[11.313680] (robot_gazebo) StdoutLine: {'line': b'-- Found JSONCPP: TRUE  \n'}
[11.332594] (robot_gazebo) StdoutLine: {'line': b"-- Checking for module 'libzip'\n"}
[11.348735] (robot_interfaces) StdoutLine: {'line': b'[ 65%] \x1b[32mBuilding CXX object CMakeFiles/robot_interfaces__rosidl_typesupport_fastrtps_c.dir/rosidl_typesupport_fastrtps_c/robot_interfaces/action/detail/navigation__type_support_c.cpp.o\x1b[0m\n'}
[11.364635] (robot_interfaces) StdoutLine: {'line': b'[ 67%] \x1b[32m\x1b[1mLinking CXX shared library librobot_interfaces__rosidl_typesupport_c.so\x1b[0m\n'}
[11.391752] (-) TimerEvent: {}
[11.394927] (robot_gazebo) StdoutLine: {'line': b'--   Found libzip, version 1.7.3\n'}
[11.491973] (-) TimerEvent: {}
[11.541128] (robot_interfaces) StdoutLine: {'line': b'[ 67%] Built target robot_interfaces__rosidl_typesupport_c\n'}
[11.556930] (robot_interfaces) StdoutLine: {'line': b'[ 68%] \x1b[32m\x1b[1mLinking CXX shared library librobot_interfaces__rosidl_typesupport_introspection_cpp.so\x1b[0m\n'}
[11.560563] (robot_navigation) StdoutLine: {'line': b'-- library: /usr/lib/x86_64-linux-gnu/libcurl.so\n'}
[11.560843] (camera_ros) StdoutLine: {'line': b'[ 84%] Built target camera_node\n'}
[11.569894] (robot_gazebo) StdoutLine: {'line': b'-- Found ZIP: TRUE  \n'}
[11.570309] (robot_gazebo) StdoutLine: {'line': b'-- Looking for ignition-common3 -- found version 3.14.0\n'}
[11.571783] (robot_gazebo) StdoutLine: {'line': b'-- Looking for ignition-math6 -- found version 6.15.1\n'}
[11.573309] (robot_gazebo) StdoutLine: {'line': b'-- Looking for ignition-msgs5 -- found version 5.8.1\n'}
[11.584615] (robot_gazebo) StdoutLine: {'line': b'-- Gazebo version: 11.10\n'}
[11.587075] (robot_interfaces) StdoutLine: {'line': b'[ 70%] \x1b[32mBuilding C object CMakeFiles/robot_interfaces__rosidl_typesupport_introspection_c.dir/rosidl_typesupport_introspection_c/robot_interfaces/msg/detail/motor_command__type_support.c.o\x1b[0m\n'}
[11.587777] (robot_interfaces) StdoutLine: {'line': b'[ 70%] \x1b[32mBuilding C object CMakeFiles/robot_interfaces__rosidl_typesupport_introspection_c.dir/rosidl_typesupport_introspection_c/robot_interfaces/msg/detail/robot_state__type_support.c.o\x1b[0m\n'}
[11.588468] (robot_interfaces) StdoutLine: {'line': b'[ 72%] \x1b[32mBuilding C object CMakeFiles/robot_interfaces__rosidl_typesupport_introspection_c.dir/rosidl_typesupport_introspection_c/robot_interfaces/msg/detail/hardware_status__type_support.c.o\x1b[0m\n'}
[11.590396] (robot_gazebo) StdoutLine: {'line': b"-- Checking for module 'tbb'\n"}
[11.592019] (-) TimerEvent: {}
[11.593143] (robot_interfaces) StdoutLine: {'line': b'[ 73%] \x1b[32mBuilding C object CMakeFiles/robot_interfaces__rosidl_typesupport_introspection_c.dir/rosidl_typesupport_introspection_c/robot_interfaces/srv/detail/calibration__type_support.c.o\x1b[0m\n'}
[11.623388] (robot_gazebo) StdoutLine: {'line': b'--   Found tbb, version 2021.5.0\n'}
[11.629808] (robot_interfaces) StdoutLine: {'line': b'[ 74%] \x1b[32mBuilding C object CMakeFiles/robot_interfaces__rosidl_typesupport_introspection_c.dir/rosidl_typesupport_introspection_c/robot_interfaces/srv/detail/set_mode__type_support.c.o\x1b[0m\n'}
[11.646853] (robot_interfaces) StdoutLine: {'line': b'[ 75%] \x1b[32mBuilding C object CMakeFiles/robot_interfaces__rosidl_typesupport_introspection_c.dir/rosidl_typesupport_introspection_c/robot_interfaces/msg/detail/sensor_data__type_support.c.o\x1b[0m\n'}
[11.665393] (robot_interfaces) StdoutLine: {'line': b'[ 77%] \x1b[32mBuilding C object CMakeFiles/robot_interfaces__rosidl_typesupport_introspection_c.dir/rosidl_typesupport_introspection_c/robot_interfaces/action/detail/navigation__type_support.c.o\x1b[0m\n'}
[11.692159] (-) TimerEvent: {}
[11.779257] (robot_gazebo) StdoutLine: {'line': b'-- Found gazebo_ros2_control: 0.4.10 (/opt/ros/humble/share/gazebo_ros2_control/cmake)\n'}
[11.781356] (robot_navigation) StdoutLine: {'line': b'-- Found robot_localization: 3.5.3 (/opt/ros/humble/share/robot_localization/cmake)\n'}
[11.792287] (-) TimerEvent: {}
[11.802407] (robot_interfaces) StdoutLine: {'line': b'[ 78%] \x1b[32m\x1b[1mLinking C shared library librobot_interfaces__rosidl_typesupport_introspection_c.so\x1b[0m\n'}
[11.838961] (robot_interfaces) StdoutLine: {'line': b'[ 78%] Built target robot_interfaces__rosidl_typesupport_introspection_cpp\n'}
[11.866555] (robot_interfaces) StdoutLine: {'line': b'[ 78%] Built target robot_interfaces__rosidl_typesupport_introspection_c\n'}
[11.892395] (-) TimerEvent: {}
[11.992824] (-) TimerEvent: {}
[12.022139] (robot_gazebo) StdoutLine: {'line': b'-- Found gazebo_plugins: 3.9.0 (/opt/ros/humble/share/gazebo_plugins/cmake)\n'}
[12.059530] (robot_gazebo) StdoutLine: {'line': b'-- Found ros2_control: 2.51.0 (/opt/ros/humble/share/ros2_control/cmake)\n'}
[12.064159] (robot_gazebo) StdoutLine: {'line': b'-- Found ros2_controllers: 2.49.1 (/opt/ros/humble/share/ros2_controllers/cmake)\n'}
[12.069055] (robot_gazebo) StdoutLine: {'line': b'-- Found std_srvs: 4.9.0 (/opt/ros/humble/share/std_srvs/cmake)\n'}
[12.079888] (robot_gazebo) StdoutLine: {'line': b'-- Found robot_description: 1.0.0 (/root/Dojo/install/robot_description/share/robot_description/cmake)\n'}
[12.080425] (robot_gazebo) StdoutLine: {'line': b'-- Found robot_control: 1.0.0 (/root/Dojo/install/robot_control/share/robot_control/cmake)\n'}
[12.092976] (-) TimerEvent: {}
[12.179019] (robot_interfaces) StdoutLine: {'line': b'[ 79%] \x1b[32m\x1b[1mLinking CXX shared library librobot_interfaces__rosidl_typesupport_fastrtps_cpp.so\x1b[0m\n'}
[12.193049] (-) TimerEvent: {}
[12.202811] (robot_interfaces) StdoutLine: {'line': b'[ 81%] \x1b[32m\x1b[1mLinking CXX shared library librobot_interfaces__rosidl_typesupport_fastrtps_c.so\x1b[0m\n'}
[12.283372] (robot_interfaces) StdoutLine: {'line': b'[ 81%] Built target robot_interfaces__rosidl_typesupport_fastrtps_cpp\n'}
[12.293154] (-) TimerEvent: {}
[12.310647] (robot_interfaces) StdoutLine: {'line': b'[ 81%] Built target robot_interfaces__rosidl_typesupport_fastrtps_c\n'}
[12.335761] (robot_interfaces) StdoutLine: {'line': b'[ 81%] Built target robot_interfaces\n'}
[12.361600] (robot_interfaces) StdoutLine: {'line': b'[ 82%] \x1b[34m\x1b[1mGenerating Python code for ROS interfaces\x1b[0m\n'}
[12.393245] (-) TimerEvent: {}
[12.493504] (-) TimerEvent: {}
[12.576461] (camera_ros) StdoutLine: {'line': b'[ 84%] Built target param\n'}
[12.593599] (-) TimerEvent: {}
[12.600679] (camera_ros) StdoutLine: {'line': b'[ 92%] \x1b[32mBuilding CXX object CMakeFiles/camera_component.dir/src/CameraNode.cpp.o\x1b[0m\n'}
[12.693712] (-) TimerEvent: {}
[12.794021] (-) TimerEvent: {}
[12.894333] (-) TimerEvent: {}
[12.994671] (-) TimerEvent: {}
[13.094978] (-) TimerEvent: {}
[13.195291] (-) TimerEvent: {}
[13.236261] (robot_navigation) StdoutLine: {'line': b'-- Found Python3: /usr/bin/python3 (found version "3.10.12") found components: Interpreter Development Development.Module Development.Embed \n'}
[13.295379] (-) TimerEvent: {}
[13.314212] (robot_navigation) StdoutLine: {'line': b'-- Configuring done\n'}
[13.325794] (robot_navigation) StdoutLine: {'line': b'-- Generating done\n'}
[13.329115] (robot_navigation) StdoutLine: {'line': b'-- Build files have been written to: /root/Dojo/build/robot_navigation\n'}
[13.348229] (robot_navigation) CommandEnded: {'returncode': 0}
[13.348900] (robot_navigation) JobProgress: {'identifier': 'robot_navigation', 'progress': 'build'}
[13.350008] (robot_navigation) Command: {'cmd': ['/usr/bin/cmake', '--build', '/root/Dojo/build/robot_navigation', '--', '-j16', '-l16'], 'cwd': '/root/Dojo/build/robot_navigation', 'env': OrderedDict([('HOSTNAME', 'gareth-joel-HP-Pavilion-Gaming-Laptop-15-ec2xxx'), ('SHLVL', '0'), ('LD_LIBRARY_PATH', '/usr/lib/x86_64-linux-gnu/gazebo-11/plugins:/opt/ros/humble/opt/rviz_ogre_vendor/lib:/opt/ros/humble/lib/x86_64-linux-gnu:/opt/ros/humble/lib'), ('HOME', '/root'), ('OLDPWD', '/'), ('ROS_PYTHON_VERSION', '3'), ('ROS_DISTRO', 'humble'), ('_', '/usr/bin/colcon'), ('ROS_VERSION', '2'), ('TERM', 'xterm'), ('ROS_LOCALHOST_ONLY', '0'), ('QT_X11_NO_MITSHM', '1'), ('PATH', '/opt/ros/humble/bin:/usr/local/sbin:/usr/local/bin:/usr/sbin:/usr/bin:/sbin:/bin'), ('DISPLAY', ':0'), ('LANG', 'C.UTF-8'), ('AMENT_PREFIX_PATH', '/root/Dojo/install/robot_description:/root/Dojo/install/robot_control:/opt/ros/humble'), ('PWD', '/root/Dojo/build/robot_navigation'), ('LC_ALL', 'C.UTF-8'), ('PYTHONPATH', '/opt/ros/humble/lib/python3.10/site-packages:/opt/ros/humble/local/lib/python3.10/dist-packages'), ('COLCON', '1'), ('CMAKE_PREFIX_PATH', '/root/Dojo/install/robot_description:/root/Dojo/install/robot_control:/opt/ros/humble')]), 'shell': False}
[13.385259] (robot_gazebo) StdoutLine: {'line': b'-- Found Python3: /usr/bin/python3 (found version "3.10.12") found components: Interpreter Development Development.Module Development.Embed \n'}
[13.395484] (-) TimerEvent: {}
[13.404337] (robot_navigation) CommandEnded: {'returncode': 0}
[13.405021] (robot_navigation) JobProgress: {'identifier': 'robot_navigation', 'progress': 'install'}
[13.405369] (robot_navigation) Command: {'cmd': ['/usr/bin/cmake', '--install', '/root/Dojo/build/robot_navigation'], 'cwd': '/root/Dojo/build/robot_navigation', 'env': OrderedDict([('HOSTNAME', 'gareth-joel-HP-Pavilion-Gaming-Laptop-15-ec2xxx'), ('SHLVL', '0'), ('LD_LIBRARY_PATH', '/usr/lib/x86_64-linux-gnu/gazebo-11/plugins:/opt/ros/humble/opt/rviz_ogre_vendor/lib:/opt/ros/humble/lib/x86_64-linux-gnu:/opt/ros/humble/lib'), ('HOME', '/root'), ('OLDPWD', '/'), ('ROS_PYTHON_VERSION', '3'), ('ROS_DISTRO', 'humble'), ('_', '/usr/bin/colcon'), ('ROS_VERSION', '2'), ('TERM', 'xterm'), ('ROS_LOCALHOST_ONLY', '0'), ('QT_X11_NO_MITSHM', '1'), ('PATH', '/opt/ros/humble/bin:/usr/local/sbin:/usr/local/bin:/usr/sbin:/usr/bin:/sbin:/bin'), ('DISPLAY', ':0'), ('LANG', 'C.UTF-8'), ('AMENT_PREFIX_PATH', '/root/Dojo/install/robot_description:/root/Dojo/install/robot_control:/opt/ros/humble'), ('PWD', '/root/Dojo/build/robot_navigation'), ('LC_ALL', 'C.UTF-8'), ('PYTHONPATH', '/opt/ros/humble/lib/python3.10/site-packages:/opt/ros/humble/local/lib/python3.10/dist-packages'), ('COLCON', '1'), ('CMAKE_PREFIX_PATH', '/root/Dojo/install/robot_description:/root/Dojo/install/robot_control:/opt/ros/humble')]), 'shell': False}
[13.414746] (robot_navigation) StdoutLine: {'line': b'-- Install configuration: "Release"\n'}
[13.415239] (robot_navigation) StdoutLine: {'line': b'-- Execute custom install script\n'}
[13.415896] (robot_navigation) StdoutLine: {'line': b'-- Symlinking: /root/Dojo/install/robot_navigation/share/robot_navigation/launch/localization.launch.py\n'}
[13.426600] (robot_navigation) StdoutLine: {'line': b'-- Symlinking: /root/Dojo/install/robot_navigation/share/robot_navigation/launch/map_server.launch.py\n'}
[13.436702] (robot_navigation) StdoutLine: {'line': b'-- Symlinking: /root/Dojo/install/robot_navigation/share/robot_navigation/launch/nav2.launch.py\n'}
[13.447724] (robot_navigation) StdoutLine: {'line': b'-- Symlinking: /root/Dojo/install/robot_navigation/share/robot_navigation/launch/navigation.launch.py\n'}
[13.462120] (robot_navigation) StdoutLine: {'line': b'-- Symlinking: /root/Dojo/install/robot_navigation/share/robot_navigation/config/bt_navigator_params.yaml\n'}
[13.469001] (robot_gazebo) StdoutLine: {'line': b'-- Configuring done\n'}
[13.475022] (robot_navigation) StdoutLine: {'line': b'-- Symlinking: /root/Dojo/install/robot_navigation/share/robot_navigation/config/controller_params.yaml\n'}
[13.483050] (robot_gazebo) StdoutLine: {'line': b'-- Generating done\n'}
[13.487499] (robot_gazebo) StdoutLine: {'line': b'-- Build files have been written to: /root/Dojo/build/robot_gazebo\n'}
[13.488224] (robot_navigation) StdoutLine: {'line': b'-- Symlinking: /root/Dojo/install/robot_navigation/share/robot_navigation/config/costmap_common_params.yaml\n'}
[13.495593] (-) TimerEvent: {}
[13.501269] (robot_navigation) StdoutLine: {'line': b'-- Symlinking: /root/Dojo/install/robot_navigation/share/robot_navigation/config/global_costmap_params.yaml\n'}
[13.512738] (robot_gazebo) CommandEnded: {'returncode': 0}
[13.513602] (robot_gazebo) JobProgress: {'identifier': 'robot_gazebo', 'progress': 'build'}
[13.514475] (robot_gazebo) Command: {'cmd': ['/usr/bin/cmake', '--build', '/root/Dojo/build/robot_gazebo', '--', '-j16', '-l16'], 'cwd': '/root/Dojo/build/robot_gazebo', 'env': OrderedDict([('HOSTNAME', 'gareth-joel-HP-Pavilion-Gaming-Laptop-15-ec2xxx'), ('SHLVL', '0'), ('LD_LIBRARY_PATH', '/usr/lib/x86_64-linux-gnu/gazebo-11/plugins:/opt/ros/humble/opt/rviz_ogre_vendor/lib:/opt/ros/humble/lib/x86_64-linux-gnu:/opt/ros/humble/lib'), ('HOME', '/root'), ('OLDPWD', '/'), ('ROS_PYTHON_VERSION', '3'), ('ROS_DISTRO', 'humble'), ('_', '/usr/bin/colcon'), ('ROS_VERSION', '2'), ('TERM', 'xterm'), ('ROS_LOCALHOST_ONLY', '0'), ('QT_X11_NO_MITSHM', '1'), ('PATH', '/opt/ros/humble/bin:/usr/local/sbin:/usr/local/bin:/usr/sbin:/usr/bin:/sbin:/bin'), ('DISPLAY', ':0'), ('LANG', 'C.UTF-8'), ('AMENT_PREFIX_PATH', '/root/Dojo/install/robot_description:/root/Dojo/install/robot_control:/opt/ros/humble'), ('PWD', '/root/Dojo/build/robot_gazebo'), ('LC_ALL', 'C.UTF-8'), ('PYTHONPATH', '/opt/ros/humble/lib/python3.10/site-packages:/opt/ros/humble/local/lib/python3.10/dist-packages'), ('COLCON', '1'), ('CMAKE_PREFIX_PATH', '/root/Dojo/install/robot_description:/root/Dojo/install/robot_control:/opt/ros/humble')]), 'shell': False}
[13.516019] (robot_navigation) StdoutLine: {'line': b'-- Symlinking: /root/Dojo/install/robot_navigation/share/robot_navigation/config/local_costmap_params.yaml\n'}
[13.528695] (robot_navigation) StdoutLine: {'line': b'-- Symlinking: /root/Dojo/install/robot_navigation/share/robot_navigation/config/localization_params.yaml\n'}
[13.541567] (robot_navigation) StdoutLine: {'line': b'-- Symlinking: /root/Dojo/install/robot_navigation/share/robot_navigation/config/map_server_params.yaml\n'}
[13.554512] (robot_navigation) StdoutLine: {'line': b'-- Symlinking: /root/Dojo/install/robot_navigation/share/robot_navigation/config/nav2_params.yaml\n'}
[13.567054] (robot_navigation) StdoutLine: {'line': b'-- Symlinking: /root/Dojo/install/robot_navigation/share/robot_navigation/config/planner_params.yaml\n'}
[13.580525] (robot_navigation) StdoutLine: {'line': b'-- Symlinking: /root/Dojo/install/robot_navigation/share/robot_navigation/package.xml\n'}
[13.582618] (robot_gazebo) CommandEnded: {'returncode': 0}
[13.583346] (robot_gazebo) JobProgress: {'identifier': 'robot_gazebo', 'progress': 'install'}
[13.583783] (robot_gazebo) Command: {'cmd': ['/usr/bin/cmake', '--install', '/root/Dojo/build/robot_gazebo'], 'cwd': '/root/Dojo/build/robot_gazebo', 'env': OrderedDict([('HOSTNAME', 'gareth-joel-HP-Pavilion-Gaming-Laptop-15-ec2xxx'), ('SHLVL', '0'), ('LD_LIBRARY_PATH', '/usr/lib/x86_64-linux-gnu/gazebo-11/plugins:/opt/ros/humble/opt/rviz_ogre_vendor/lib:/opt/ros/humble/lib/x86_64-linux-gnu:/opt/ros/humble/lib'), ('HOME', '/root'), ('OLDPWD', '/'), ('ROS_PYTHON_VERSION', '3'), ('ROS_DISTRO', 'humble'), ('_', '/usr/bin/colcon'), ('ROS_VERSION', '2'), ('TERM', 'xterm'), ('ROS_LOCALHOST_ONLY', '0'), ('QT_X11_NO_MITSHM', '1'), ('PATH', '/opt/ros/humble/bin:/usr/local/sbin:/usr/local/bin:/usr/sbin:/usr/bin:/sbin:/bin'), ('DISPLAY', ':0'), ('LANG', 'C.UTF-8'), ('AMENT_PREFIX_PATH', '/root/Dojo/install/robot_description:/root/Dojo/install/robot_control:/opt/ros/humble'), ('PWD', '/root/Dojo/build/robot_gazebo'), ('LC_ALL', 'C.UTF-8'), ('PYTHONPATH', '/opt/ros/humble/lib/python3.10/site-packages:/opt/ros/humble/local/lib/python3.10/dist-packages'), ('COLCON', '1'), ('CMAKE_PREFIX_PATH', '/root/Dojo/install/robot_description:/root/Dojo/install/robot_control:/opt/ros/humble')]), 'shell': False}
[13.593033] (robot_navigation) StdoutLine: {'line': b'-- Symlinking: /root/Dojo/install/robot_navigation/share/robot_navigation/setup.py\n'}
[13.595016] (robot_gazebo) StdoutLine: {'line': b'-- Install configuration: "Release"\n'}
[13.595688] (-) TimerEvent: {}
[13.595974] (robot_gazebo) StdoutLine: {'line': b'-- Execute custom install script\n'}
[13.596530] (robot_gazebo) StdoutLine: {'line': b'-- Symlinking: /root/Dojo/install/robot_gazebo/share/robot_gazebo/launch/gazebo.launch.py\n'}
[13.605960] (robot_navigation) StdoutLine: {'line': b'-- Symlinking: /root/Dojo/install/robot_navigation/share/robot_navigation/setup.cfg\n'}
[13.608491] (robot_gazebo) StdoutLine: {'line': b'-- Symlinking: /root/Dojo/install/robot_gazebo/share/robot_gazebo/launch/simulation.launch.py\n'}
[13.619503] (robot_navigation) StdoutLine: {'line': b'-- Up-to-date symlink: /root/Dojo/install/robot_navigation/share/robot_navigation/launch/localization.launch.py\n'}
[13.619842] (robot_navigation) StdoutLine: {'line': b'-- Up-to-date symlink: /root/Dojo/install/robot_navigation/share/robot_navigation/launch/map_server.launch.py\n'}
[13.620031] (robot_navigation) StdoutLine: {'line': b'-- Up-to-date symlink: /root/Dojo/install/robot_navigation/share/robot_navigation/launch/nav2.launch.py\n'}
[13.620172] (robot_navigation) StdoutLine: {'line': b'-- Up-to-date symlink: /root/Dojo/install/robot_navigation/share/robot_navigation/launch/navigation.launch.py\n'}
[13.620334] (robot_navigation) StdoutLine: {'line': b'-- Symlinking: /root/Dojo/install/robot_navigation/share/ament_index/resource_index/package_run_dependencies/robot_navigation\n'}
[13.620512] (robot_gazebo) StdoutLine: {'line': b'-- Symlinking: /root/Dojo/install/robot_gazebo/share/robot_gazebo/launch/unified_simulation.launch.py\n'}
[13.633208] (robot_navigation) StdoutLine: {'line': b'-- Symlinking: /root/Dojo/install/robot_navigation/share/ament_index/resource_index/parent_prefix_path/robot_navigation\n'}
[13.633519] (robot_gazebo) StdoutLine: {'line': b'-- Symlinking: /root/Dojo/install/robot_gazebo/share/robot_gazebo/config/diff_drive_controller.yaml\n'}
[13.646919] (robot_gazebo) StdoutLine: {'line': b'-- Symlinking: /root/Dojo/install/robot_gazebo/share/robot_gazebo/config/ekf_config.yaml\n'}
[13.647228] (robot_navigation) StdoutLine: {'line': b'-- Symlinking: /root/Dojo/install/robot_navigation/share/robot_navigation/environment/ament_prefix_path.sh\n'}
[13.660159] (robot_gazebo) StdoutLine: {'line': b'-- Symlinking: /root/Dojo/install/robot_gazebo/share/robot_gazebo/config/gazebo_controllers.yaml\n'}
[13.660577] (robot_navigation) StdoutLine: {'line': b'-- Symlinking: /root/Dojo/install/robot_navigation/share/robot_navigation/environment/ament_prefix_path.dsv\n'}
[13.672465] (robot_gazebo) StdoutLine: {'line': b'-- Symlinking: /root/Dojo/install/robot_gazebo/share/robot_gazebo/config/ros2_control.yaml\n'}
[13.672801] (robot_navigation) StdoutLine: {'line': b'-- Symlinking: /root/Dojo/install/robot_navigation/share/robot_navigation/environment/path.sh\n'}
[13.684899] (robot_gazebo) StdoutLine: {'line': b'-- Symlinking: /root/Dojo/install/robot_gazebo/share/robot_gazebo/config/slam_config.yaml\n'}
[13.685188] (robot_navigation) StdoutLine: {'line': b'-- Symlinking: /root/Dojo/install/robot_navigation/share/robot_navigation/environment/path.dsv\n'}
[13.695793] (-) TimerEvent: {}
[13.697416] (robot_navigation) StdoutLine: {'line': b'-- Symlinking: /root/Dojo/install/robot_navigation/share/robot_navigation/local_setup.bash\n'}
[13.699207] (robot_gazebo) StdoutLine: {'line': b'-- Symlinking: /root/Dojo/install/robot_gazebo/share/robot_gazebo/worlds/agriculture.world\n'}
[13.710797] (robot_navigation) StdoutLine: {'line': b'-- Symlinking: /root/Dojo/install/robot_navigation/share/robot_navigation/local_setup.sh\n'}
[13.712835] (robot_gazebo) StdoutLine: {'line': b'-- Symlinking: /root/Dojo/install/robot_gazebo/share/robot_gazebo/worlds/azcar.world\n'}
[13.725147] (robot_gazebo) StdoutLine: {'line': b'-- Symlinking: /root/Dojo/install/robot_gazebo/share/robot_gazebo/worlds/barrels.world\n'}
[13.725461] (robot_navigation) StdoutLine: {'line': b'-- Symlinking: /root/Dojo/install/robot_navigation/share/robot_navigation/local_setup.zsh\n'}
[13.737427] (robot_gazebo) StdoutLine: {'line': b'-- Symlinking: /root/Dojo/install/robot_gazebo/share/robot_gazebo/worlds/canyonview_field.world\n'}
[13.737752] (robot_navigation) StdoutLine: {'line': b'-- Symlinking: /root/Dojo/install/robot_navigation/share/robot_navigation/local_setup.dsv\n'}
[13.750189] (robot_gazebo) StdoutLine: {'line': b'-- Symlinking: /root/Dojo/install/robot_gazebo/share/robot_gazebo/worlds/city_osm_roundabout.world\n'}
[13.750477] (robot_navigation) StdoutLine: {'line': b'-- Symlinking: /root/Dojo/install/robot_navigation/share/robot_navigation/package.dsv\n'}
[13.763772] (robot_gazebo) StdoutLine: {'line': b'-- Symlinking: /root/Dojo/install/robot_gazebo/share/robot_gazebo/worlds/city_osm_roundabout_combined.world\n'}
[13.764453] (robot_navigation) StdoutLine: {'line': b'-- Symlinking: /root/Dojo/install/robot_navigation/share/ament_index/resource_index/packages/robot_navigation\n'}
[13.776633] (robot_gazebo) StdoutLine: {'line': b'-- Symlinking: /root/Dojo/install/robot_gazebo/share/robot_gazebo/worlds/cyberzoo.world\n'}
[13.777331] (robot_navigation) StdoutLine: {'line': b'-- Symlinking: /root/Dojo/install/robot_navigation/share/robot_navigation/cmake/ament_cmake_export_include_directories-extras.cmake\n'}
[13.789556] (robot_gazebo) StdoutLine: {'line': b'-- Symlinking: /root/Dojo/install/robot_gazebo/share/robot_gazebo/worlds/cyberzoo2019_orange_poles.world\n'}
[13.790378] (robot_navigation) StdoutLine: {'line': b'-- Symlinking: /root/Dojo/install/robot_navigation/share/robot_navigation/cmake/ament_cmake_export_dependencies-extras.cmake\n'}
[13.795896] (-) TimerEvent: {}
[13.802331] (robot_gazebo) StdoutLine: {'line': b'-- Symlinking: /root/Dojo/install/robot_gazebo/share/robot_gazebo/worlds/cyberzoo2019_orange_poles_panels.world\n'}
[13.802679] (robot_navigation) StdoutLine: {'line': b'-- Symlinking: /root/Dojo/install/robot_navigation/share/robot_navigation/cmake/robot_navigationConfig.cmake\n'}
[13.815578] (robot_navigation) StdoutLine: {'line': b'-- Symlinking: /root/Dojo/install/robot_navigation/share/robot_navigation/cmake/robot_navigationConfig-version.cmake\n'}
[13.815878] (robot_gazebo) StdoutLine: {'line': b'-- Symlinking: /root/Dojo/install/robot_gazebo/share/robot_gazebo/worlds/cyberzoo2019_orange_poles_panels_mats.world\n'}
[13.828880] (robot_navigation) StdoutLine: {'line': b'-- Up-to-date symlink: /root/Dojo/install/robot_navigation/share/robot_navigation/package.xml\n'}
[13.829176] (robot_navigation) StdoutLine: {'line': b'-- Up-to-date: /robot_navigation\n'}
[13.829410] (robot_navigation) StdoutLine: {'line': b'-- Up-to-date: /robot_navigation/__init__.py\n'}
[13.829653] (robot_gazebo) StdoutLine: {'line': b'-- Symlinking: /root/Dojo/install/robot_gazebo/share/robot_gazebo/worlds/cyberzoo2019_ralphthesis2020.world\n'}
[13.831775] (robot_navigation) CommandEnded: {'returncode': 0}
[13.842883] (robot_gazebo) StdoutLine: {'line': b'-- Symlinking: /root/Dojo/install/robot_gazebo/share/robot_gazebo/worlds/cyberzoo_4_panels.world\n'}
[13.847759] (robot_navigation) JobEnded: {'identifier': 'robot_navigation', 'rc': 0}
[13.849288] (robot_bringup) JobStarted: {'identifier': 'robot_bringup'}
[13.855590] (robot_gazebo) StdoutLine: {'line': b'-- Symlinking: /root/Dojo/install/robot_gazebo/share/robot_gazebo/worlds/cyberzoo_orange_poles.world\n'}
[13.861925] (robot_bringup) JobProgress: {'identifier': 'robot_bringup', 'progress': 'cmake'}
[13.863472] (robot_bringup) Command: {'cmd': ['/usr/bin/cmake', '/root/Dojo/src/robot_bringup', '-DCMAKE_BUILD_TYPE=Release', '-DBUILD_TESTING=OFF', '-DAMENT_CMAKE_SYMLINK_INSTALL=1', '-DCMAKE_INSTALL_PREFIX=/root/Dojo/install/robot_bringup'], 'cwd': '/root/Dojo/build/robot_bringup', 'env': OrderedDict([('HOSTNAME', 'gareth-joel-HP-Pavilion-Gaming-Laptop-15-ec2xxx'), ('SHLVL', '0'), ('LD_LIBRARY_PATH', '/usr/lib/x86_64-linux-gnu/gazebo-11/plugins:/opt/ros/humble/opt/rviz_ogre_vendor/lib:/opt/ros/humble/lib/x86_64-linux-gnu:/opt/ros/humble/lib'), ('HOME', '/root'), ('OLDPWD', '/'), ('ROS_PYTHON_VERSION', '3'), ('ROS_DISTRO', 'humble'), ('_', '/usr/bin/colcon'), ('ROS_VERSION', '2'), ('TERM', 'xterm'), ('ROS_LOCALHOST_ONLY', '0'), ('QT_X11_NO_MITSHM', '1'), ('PATH', '/opt/ros/humble/bin:/usr/local/sbin:/usr/local/bin:/usr/sbin:/usr/bin:/sbin:/bin'), ('DISPLAY', ':0'), ('LANG', 'C.UTF-8'), ('AMENT_PREFIX_PATH', '/root/Dojo/install/robot_navigation:/root/Dojo/install/robot_hardware:/root/Dojo/install/robot_description:/root/Dojo/install/robot_control:/opt/ros/humble'), ('PWD', '/root/Dojo/build/robot_bringup'), ('LC_ALL', 'C.UTF-8'), ('PYTHONPATH', '/root/Dojo/build/robot_hardware:/root/Dojo/install/robot_hardware/lib/python3.10/site-packages:/opt/ros/humble/lib/python3.10/site-packages:/opt/ros/humble/local/lib/python3.10/dist-packages'), ('COLCON', '1'), ('CMAKE_PREFIX_PATH', '/root/Dojo/install/robot_navigation:/root/Dojo/install/robot_perception:/root/Dojo/install/robot_description:/root/Dojo/install/robot_control:/opt/ros/humble')]), 'shell': False}
[13.868789] (robot_gazebo) StdoutLine: {'line': b'-- Symlinking: /root/Dojo/install/robot_gazebo/share/robot_gazebo/worlds/cyberzoo_panel.world\n'}
[13.883557] (robot_gazebo) StdoutLine: {'line': b'-- Symlinking: /root/Dojo/install/robot_gazebo/share/robot_gazebo/worlds/demo_world.world\n'}
[13.895996] (-) TimerEvent: {}
[13.897556] (robot_gazebo) StdoutLine: {'line': b'-- Symlinking: /root/Dojo/install/robot_gazebo/share/robot_gazebo/worlds/dojo_world.world\n'}
[13.912008] (robot_gazebo) StdoutLine: {'line': b'-- Symlinking: /root/Dojo/install/robot_gazebo/share/robot_gazebo/worlds/drone_race_track_2018_actual.world\n'}
[13.925090] (robot_gazebo) StdoutLine: {'line': b'-- Symlinking: /root/Dojo/install/robot_gazebo/share/robot_gazebo/worlds/drone_race_track_2018_actual_with_gatepapers.world\n'}
[13.937933] (robot_gazebo) StdoutLine: {'line': b'-- Symlinking: /root/Dojo/install/robot_gazebo/share/robot_gazebo/worlds/empty.world\n'}
[13.940764] (robot_bringup) StdoutLine: {'line': b'-- The C compiler identification is GNU 11.4.0\n'}
[13.950975] (robot_gazebo) StdoutLine: {'line': b'-- Symlinking: /root/Dojo/install/robot_gazebo/share/robot_gazebo/worlds/empty_aerial_manipulation.world\n'}
[13.964901] (robot_gazebo) StdoutLine: {'line': b'-- Symlinking: /root/Dojo/install/robot_gazebo/share/robot_gazebo/worlds/fetchit_challenge_arena_montreal2019.world\n'}
[13.978045] (robot_gazebo) StdoutLine: {'line': b'-- Symlinking: /root/Dojo/install/robot_gazebo/share/robot_gazebo/worlds/fetchit_challenge_arena_montreal2019_highlights.world\n'}
[13.990738] (robot_gazebo) StdoutLine: {'line': b'-- Symlinking: /root/Dojo/install/robot_gazebo/share/robot_gazebo/worlds/fetchit_challenge_arena_montreal2019_onlylights.world\n'}
[13.996085] (-) TimerEvent: {}
[14.003836] (robot_gazebo) StdoutLine: {'line': b'-- Symlinking: /root/Dojo/install/robot_gazebo/share/robot_gazebo/worlds/fetchit_challenge_assembly.world\n'}
[14.017622] (robot_gazebo) StdoutLine: {'line': b'-- Symlinking: /root/Dojo/install/robot_gazebo/share/robot_gazebo/worlds/fetchit_challenge_atrezzo.world\n'}
[14.019755] (robot_bringup) StdoutLine: {'line': b'-- The CXX compiler identification is GNU 11.4.0\n'}
[14.030305] (robot_bringup) StdoutLine: {'line': b'-- Detecting C compiler ABI info\n'}
[14.031438] (robot_gazebo) StdoutLine: {'line': b'-- Symlinking: /root/Dojo/install/robot_gazebo/share/robot_gazebo/worlds/fetchit_challenge_simple.world\n'}
[14.044275] (robot_gazebo) StdoutLine: {'line': b'-- Symlinking: /root/Dojo/install/robot_gazebo/share/robot_gazebo/worlds/fetchit_challenge_simple_highlights.world\n'}
[14.056339] (robot_gazebo) StdoutLine: {'line': b'-- Symlinking: /root/Dojo/install/robot_gazebo/share/robot_gazebo/worlds/fetchit_challenge_tests.world\n'}
[14.069271] (robot_gazebo) StdoutLine: {'line': b'-- Symlinking: /root/Dojo/install/robot_gazebo/share/robot_gazebo/worlds/fetchit_challenge_tests_lowlights.world\n'}
[14.082389] (robot_gazebo) StdoutLine: {'line': b'-- Symlinking: /root/Dojo/install/robot_gazebo/share/robot_gazebo/worlds/hemicyl.world\n'}
[14.095371] (robot_gazebo) StdoutLine: {'line': b'-- Symlinking: /root/Dojo/install/robot_gazebo/share/robot_gazebo/worlds/house.world\n'}
[14.096175] (-) TimerEvent: {}
[14.108222] (robot_gazebo) StdoutLine: {'line': b'-- Symlinking: /root/Dojo/install/robot_gazebo/share/robot_gazebo/worlds/inspection.world\n'}
[14.121655] (robot_gazebo) StdoutLine: {'line': b'-- Symlinking: /root/Dojo/install/robot_gazebo/share/robot_gazebo/worlds/neighborhood.world\n'}
[14.127698] (robot_bringup) StdoutLine: {'line': b'-- Detecting C compiler ABI info - done\n'}
[14.134750] (robot_gazebo) StdoutLine: {'line': b'-- Symlinking: /root/Dojo/install/robot_gazebo/share/robot_gazebo/worlds/office_cpr.world\n'}
[14.137115] (robot_bringup) StdoutLine: {'line': b'-- Check for working C compiler: /usr/bin/cc - skipped\n'}
[14.137457] (robot_bringup) StdoutLine: {'line': b'-- Detecting C compile features\n'}
[14.138037] (robot_bringup) StdoutLine: {'line': b'-- Detecting C compile features - done\n'}
[14.142714] (robot_bringup) StdoutLine: {'line': b'-- Detecting CXX compiler ABI info\n'}
[14.150120] (robot_gazebo) StdoutLine: {'line': b'-- Symlinking: /root/Dojo/install/robot_gazebo/share/robot_gazebo/worlds/office_cpr_construction.world\n'}
[14.169585] (robot_gazebo) StdoutLine: {'line': b'-- Symlinking: /root/Dojo/install/robot_gazebo/share/robot_gazebo/worlds/office_earthquake.world\n'}
[14.186051] (robot_gazebo) StdoutLine: {'line': b'-- Symlinking: /root/Dojo/install/robot_gazebo/share/robot_gazebo/worlds/office_env_large.world\n'}
[14.196322] (-) TimerEvent: {}
[14.202173] (robot_gazebo) StdoutLine: {'line': b'-- Symlinking: /root/Dojo/install/robot_gazebo/share/robot_gazebo/worlds/office_small.world\n'}
[14.215504] (robot_gazebo) StdoutLine: {'line': b'-- Symlinking: /root/Dojo/install/robot_gazebo/share/robot_gazebo/worlds/outdoor.world\n'}
[14.229460] (robot_gazebo) StdoutLine: {'line': b'-- Symlinking: /root/Dojo/install/robot_gazebo/share/robot_gazebo/worlds/powerplant.world\n'}
[14.244931] (robot_gazebo) StdoutLine: {'line': b'-- Symlinking: /root/Dojo/install/robot_gazebo/share/robot_gazebo/worlds/rubble.world\n'}
[14.258403] (robot_gazebo) StdoutLine: {'line': b'-- Symlinking: /root/Dojo/install/robot_gazebo/share/robot_gazebo/worlds/simple_env_1.world\n'}
[14.266246] (robot_bringup) StdoutLine: {'line': b'-- Detecting CXX compiler ABI info - done\n'}
[14.271491] (robot_gazebo) StdoutLine: {'line': b'-- Symlinking: /root/Dojo/install/robot_gazebo/share/robot_gazebo/worlds/simple_env_2.world\n'}
[14.276263] (robot_bringup) StdoutLine: {'line': b'-- Check for working CXX compiler: /usr/bin/c++ - skipped\n'}
[14.276688] (robot_bringup) StdoutLine: {'line': b'-- Detecting CXX compile features\n'}
[14.277400] (robot_bringup) StdoutLine: {'line': b'-- Detecting CXX compile features - done\n'}
[14.284031] (robot_bringup) StdoutLine: {'line': b'-- Found ament_cmake: 1.3.12 (/opt/ros/humble/share/ament_cmake/cmake)\n'}
[14.284734] (robot_gazebo) StdoutLine: {'line': b'-- Symlinking: /root/Dojo/install/robot_gazebo/share/robot_gazebo/worlds/simple_env_3.world\n'}
[14.296414] (-) TimerEvent: {}
[14.298618] (robot_gazebo) StdoutLine: {'line': b'-- Symlinking: /root/Dojo/install/robot_gazebo/share/robot_gazebo/worlds/skidpan.world\n'}
[14.312749] (robot_gazebo) StdoutLine: {'line': b'-- Symlinking: /root/Dojo/install/robot_gazebo/share/robot_gazebo/worlds/small_city.world\n'}
[14.326054] (robot_gazebo) StdoutLine: {'line': b'-- Symlinking: /root/Dojo/install/robot_gazebo/share/robot_gazebo/worlds/test_city.world\n'}
[14.338689] (robot_gazebo) StdoutLine: {'line': b'-- Symlinking: /root/Dojo/install/robot_gazebo/share/robot_gazebo/worlds/test_zone.world\n'}
[14.351698] (robot_gazebo) StdoutLine: {'line': b'-- Symlinking: /root/Dojo/install/robot_gazebo/share/robot_gazebo/worlds/wall_aerial_manipulation.world\n'}
[14.365150] (robot_gazebo) StdoutLine: {'line': b'-- Symlinking: /root/Dojo/install/robot_gazebo/share/robot_gazebo/worlds/warehouse.world\n'}
[14.379854] (robot_gazebo) StdoutLine: {'line': b'-- Symlinking: /root/Dojo/install/robot_gazebo/share/robot_gazebo/worlds/waypoint.world\n'}
[14.394341] (robot_gazebo) StdoutLine: {'line': b'-- Symlinking: /root/Dojo/install/robot_gazebo/share/robot_gazebo/worlds/workshop_example.world\n'}
[14.396507] (-) TimerEvent: {}
[14.408464] (robot_gazebo) StdoutLine: {'line': b'-- Symlinking: /root/Dojo/install/robot_gazebo/share/robot_gazebo/worlds/yosemite.world\n'}
[14.428088] (robot_gazebo) StdoutLine: {'line': b'-- Symlinking: /root/Dojo/install/robot_gazebo/lib/robot_gazebo/spawn_robot.py\n'}
[14.441120] (robot_gazebo) StdoutLine: {'line': b'-- Symlinking: /root/Dojo/install/robot_gazebo/share/robot_gazebo/package.xml\n'}
[14.453897] (robot_gazebo) StdoutLine: {'line': b'-- Symlinking: /root/Dojo/install/robot_gazebo/share/robot_gazebo/setup.py\n'}
[14.467038] (robot_gazebo) StdoutLine: {'line': b'-- Symlinking: /root/Dojo/install/robot_gazebo/share/robot_gazebo/setup.cfg\n'}
[14.481330] (robot_gazebo) StdoutLine: {'line': b'-- Symlinking: /root/Dojo/install/robot_gazebo/share/ament_index/resource_index/package_run_dependencies/robot_gazebo\n'}
[14.495090] (robot_gazebo) StdoutLine: {'line': b'-- Symlinking: /root/Dojo/install/robot_gazebo/share/ament_index/resource_index/parent_prefix_path/robot_gazebo\n'}
[14.496584] (-) TimerEvent: {}
[14.508582] (robot_gazebo) StdoutLine: {'line': b'-- Symlinking: /root/Dojo/install/robot_gazebo/share/robot_gazebo/environment/ament_prefix_path.sh\n'}
[14.521844] (robot_gazebo) StdoutLine: {'line': b'-- Symlinking: /root/Dojo/install/robot_gazebo/share/robot_gazebo/environment/ament_prefix_path.dsv\n'}
[14.535252] (robot_gazebo) StdoutLine: {'line': b'-- Symlinking: /root/Dojo/install/robot_gazebo/share/robot_gazebo/environment/path.sh\n'}
[14.549064] (robot_gazebo) StdoutLine: {'line': b'-- Symlinking: /root/Dojo/install/robot_gazebo/share/robot_gazebo/environment/path.dsv\n'}
[14.562978] (robot_gazebo) StdoutLine: {'line': b'-- Symlinking: /root/Dojo/install/robot_gazebo/share/robot_gazebo/local_setup.bash\n'}
[14.576254] (robot_gazebo) StdoutLine: {'line': b'-- Symlinking: /root/Dojo/install/robot_gazebo/share/robot_gazebo/local_setup.sh\n'}
[14.589711] (robot_gazebo) StdoutLine: {'line': b'-- Symlinking: /root/Dojo/install/robot_gazebo/share/robot_gazebo/local_setup.zsh\n'}
[14.596717] (-) TimerEvent: {}
[14.602894] (robot_gazebo) StdoutLine: {'line': b'-- Symlinking: /root/Dojo/install/robot_gazebo/share/robot_gazebo/local_setup.dsv\n'}
[14.616974] (robot_gazebo) StdoutLine: {'line': b'-- Symlinking: /root/Dojo/install/robot_gazebo/share/robot_gazebo/package.dsv\n'}
[14.630642] (robot_gazebo) StdoutLine: {'line': b'-- Symlinking: /root/Dojo/install/robot_gazebo/share/ament_index/resource_index/packages/robot_gazebo\n'}
[14.644408] (robot_gazebo) StdoutLine: {'line': b'-- Symlinking: /root/Dojo/install/robot_gazebo/share/robot_gazebo/cmake/robot_gazebo-extras.cmake\n'}
[14.657418] (robot_gazebo) StdoutLine: {'line': b'-- Symlinking: /root/Dojo/install/robot_gazebo/share/robot_gazebo/cmake/ament_cmake_export_include_directories-extras.cmake\n'}
[14.670390] (robot_gazebo) StdoutLine: {'line': b'-- Symlinking: /root/Dojo/install/robot_gazebo/share/robot_gazebo/cmake/ament_cmake_export_dependencies-extras.cmake\n'}
[14.683844] (robot_gazebo) StdoutLine: {'line': b'-- Symlinking: /root/Dojo/install/robot_gazebo/share/robot_gazebo/cmake/robot_gazeboConfig.cmake\n'}
[14.696816] (-) TimerEvent: {}
[14.697343] (robot_gazebo) StdoutLine: {'line': b'-- Symlinking: /root/Dojo/install/robot_gazebo/share/robot_gazebo/cmake/robot_gazeboConfig-version.cmake\n'}
[14.711570] (robot_gazebo) StdoutLine: {'line': b'-- Up-to-date symlink: /root/Dojo/install/robot_gazebo/share/robot_gazebo/package.xml\n'}
[14.711970] (robot_gazebo) StdoutLine: {'line': b'-- Up-to-date: /robot_gazebo\n'}
[14.712111] (robot_gazebo) StdoutLine: {'line': b'-- Up-to-date: /robot_gazebo/__init__.py\n'}
[14.712308] (robot_gazebo) StdoutLine: {'line': b'-- Up-to-date: /robot_gazebo/cmd_vel_relay.py\n'}
[14.714736] (robot_gazebo) CommandEnded: {'returncode': 0}
[14.731214] (robot_gazebo) JobEnded: {'identifier': 'robot_gazebo', 'rc': 0}
[14.796945] (-) TimerEvent: {}
[14.832197] (robot_interfaces) StdoutLine: {'line': b'[ 82%] Built target robot_interfaces__py\n'}
[14.864411] (robot_interfaces) StdoutLine: {'line': b'[ 83%] \x1b[32mBuilding C object CMakeFiles/robot_interfaces__rosidl_generator_py.dir/rosidl_generator_py/robot_interfaces/msg/_sensor_data_s.c.o\x1b[0m\n'}
[14.864750] (robot_interfaces) StdoutLine: {'line': b'[ 84%] \x1b[32mBuilding C object CMakeFiles/robot_interfaces__rosidl_generator_py.dir/rosidl_generator_py/robot_interfaces/srv/_calibration_s.c.o\x1b[0m\n'}
[14.865148] (robot_interfaces) StdoutLine: {'line': b'[ 86%] \x1b[32mBuilding C object CMakeFiles/robot_interfaces__rosidl_generator_py.dir/rosidl_generator_py/robot_interfaces/msg/_hardware_status_s.c.o\x1b[0m\n'}
[14.865379] (robot_interfaces) StdoutLine: {'line': b'[ 87%] \x1b[32mBuilding C object CMakeFiles/robot_interfaces__rosidl_generator_py.dir/rosidl_generator_py/robot_interfaces/msg/_motor_command_s.c.o\x1b[0m\n'}
[14.866297] (robot_interfaces) StdoutLine: {'line': b'[ 88%] \x1b[32mBuilding C object CMakeFiles/robot_interfaces__rosidl_generator_py.dir/rosidl_generator_py/robot_interfaces/srv/_set_mode_s.c.o\x1b[0m\n'}
[14.866558] (robot_interfaces) StdoutLine: {'line': b'[ 89%] \x1b[32mBuilding C object CMakeFiles/robot_interfaces__rosidl_generator_py.dir/rosidl_generator_py/robot_interfaces/action/_navigation_s.c.o\x1b[0m\n'}
[14.867356] (robot_interfaces) StdoutLine: {'line': b'[ 91%] \x1b[32mBuilding C object CMakeFiles/robot_interfaces__rosidl_generator_py.dir/rosidl_generator_py/robot_interfaces/msg/_robot_state_s.c.o\x1b[0m\n'}
[14.897052] (-) TimerEvent: {}
[14.997417] (-) TimerEvent: {}
[15.097834] (-) TimerEvent: {}
[15.198212] (-) TimerEvent: {}
[15.228454] (robot_interfaces) StdoutLine: {'line': b'[ 92%] \x1b[32m\x1b[1mLinking C shared library rosidl_generator_py/robot_interfaces/librobot_interfaces__rosidl_generator_py.so\x1b[0m\n'}
[15.295817] (robot_interfaces) StdoutLine: {'line': b'[ 92%] Built target robot_interfaces__rosidl_generator_py\n'}
[15.298305] (-) TimerEvent: {}
[15.315468] (robot_bringup) StdoutLine: {'line': b'-- Found Python3: /usr/bin/python3 (found version "3.10.12") found components: Interpreter \n'}
[15.325205] (robot_interfaces) StdoutLine: {'line': b'[ 96%] \x1b[32mBuilding C object CMakeFiles/robot_interfaces__rosidl_typesupport_fastrtps_c__pyext.dir/rosidl_generator_py/robot_interfaces/_robot_interfaces_s.ep.rosidl_typesupport_fastrtps_c.c.o\x1b[0m\n'}
[15.325468] (robot_interfaces) StdoutLine: {'line': b'[ 96%] \x1b[32mBuilding C object CMakeFiles/robot_interfaces__rosidl_typesupport_introspection_c__pyext.dir/rosidl_generator_py/robot_interfaces/_robot_interfaces_s.ep.rosidl_typesupport_introspection_c.c.o\x1b[0m\n'}
[15.325713] (robot_interfaces) StdoutLine: {'line': b'[ 96%] \x1b[32mBuilding C object CMakeFiles/robot_interfaces__rosidl_typesupport_c__pyext.dir/rosidl_generator_py/robot_interfaces/_robot_interfaces_s.ep.rosidl_typesupport_c.c.o\x1b[0m\n'}
[15.398422] (-) TimerEvent: {}
[15.406882] (robot_bringup) StdoutLine: {'line': b'-- Override CMake install command with custom implementation using symlinks instead of copying resources\n'}
[15.498543] (-) TimerEvent: {}
[15.571450] (robot_bringup) StdoutLine: {'line': b'-- Configuring done\n'}
[15.575807] (robot_bringup) StdoutLine: {'line': b'-- Generating done\n'}
[15.577851] (robot_bringup) StdoutLine: {'line': b'-- Build files have been written to: /root/Dojo/build/robot_bringup\n'}
[15.583857] (robot_bringup) CommandEnded: {'returncode': 0}
[15.584542] (robot_bringup) JobProgress: {'identifier': 'robot_bringup', 'progress': 'build'}
[15.585500] (robot_bringup) Command: {'cmd': ['/usr/bin/cmake', '--build', '/root/Dojo/build/robot_bringup', '--', '-j16', '-l16'], 'cwd': '/root/Dojo/build/robot_bringup', 'env': OrderedDict([('HOSTNAME', 'gareth-joel-HP-Pavilion-Gaming-Laptop-15-ec2xxx'), ('SHLVL', '0'), ('LD_LIBRARY_PATH', '/usr/lib/x86_64-linux-gnu/gazebo-11/plugins:/opt/ros/humble/opt/rviz_ogre_vendor/lib:/opt/ros/humble/lib/x86_64-linux-gnu:/opt/ros/humble/lib'), ('HOME', '/root'), ('OLDPWD', '/'), ('ROS_PYTHON_VERSION', '3'), ('ROS_DISTRO', 'humble'), ('_', '/usr/bin/colcon'), ('ROS_VERSION', '2'), ('TERM', 'xterm'), ('ROS_LOCALHOST_ONLY', '0'), ('QT_X11_NO_MITSHM', '1'), ('PATH', '/opt/ros/humble/bin:/usr/local/sbin:/usr/local/bin:/usr/sbin:/usr/bin:/sbin:/bin'), ('DISPLAY', ':0'), ('LANG', 'C.UTF-8'), ('AMENT_PREFIX_PATH', '/root/Dojo/install/robot_navigation:/root/Dojo/install/robot_hardware:/root/Dojo/install/robot_description:/root/Dojo/install/robot_control:/opt/ros/humble'), ('PWD', '/root/Dojo/build/robot_bringup'), ('LC_ALL', 'C.UTF-8'), ('PYTHONPATH', '/root/Dojo/build/robot_hardware:/root/Dojo/install/robot_hardware/lib/python3.10/site-packages:/opt/ros/humble/lib/python3.10/site-packages:/opt/ros/humble/local/lib/python3.10/dist-packages'), ('COLCON', '1'), ('CMAKE_PREFIX_PATH', '/root/Dojo/install/robot_navigation:/root/Dojo/install/robot_perception:/root/Dojo/install/robot_description:/root/Dojo/install/robot_control:/opt/ros/humble')]), 'shell': False}
[15.598671] (-) TimerEvent: {}
[15.640592] (robot_bringup) CommandEnded: {'returncode': 0}
[15.641437] (robot_bringup) JobProgress: {'identifier': 'robot_bringup', 'progress': 'install'}
[15.642000] (robot_bringup) Command: {'cmd': ['/usr/bin/cmake', '--install', '/root/Dojo/build/robot_bringup'], 'cwd': '/root/Dojo/build/robot_bringup', 'env': OrderedDict([('HOSTNAME', 'gareth-joel-HP-Pavilion-Gaming-Laptop-15-ec2xxx'), ('SHLVL', '0'), ('LD_LIBRARY_PATH', '/usr/lib/x86_64-linux-gnu/gazebo-11/plugins:/opt/ros/humble/opt/rviz_ogre_vendor/lib:/opt/ros/humble/lib/x86_64-linux-gnu:/opt/ros/humble/lib'), ('HOME', '/root'), ('OLDPWD', '/'), ('ROS_PYTHON_VERSION', '3'), ('ROS_DISTRO', 'humble'), ('_', '/usr/bin/colcon'), ('ROS_VERSION', '2'), ('TERM', 'xterm'), ('ROS_LOCALHOST_ONLY', '0'), ('QT_X11_NO_MITSHM', '1'), ('PATH', '/opt/ros/humble/bin:/usr/local/sbin:/usr/local/bin:/usr/sbin:/usr/bin:/sbin:/bin'), ('DISPLAY', ':0'), ('LANG', 'C.UTF-8'), ('AMENT_PREFIX_PATH', '/root/Dojo/install/robot_navigation:/root/Dojo/install/robot_hardware:/root/Dojo/install/robot_description:/root/Dojo/install/robot_control:/opt/ros/humble'), ('PWD', '/root/Dojo/build/robot_bringup'), ('LC_ALL', 'C.UTF-8'), ('PYTHONPATH', '/root/Dojo/build/robot_hardware:/root/Dojo/install/robot_hardware/lib/python3.10/site-packages:/opt/ros/humble/lib/python3.10/site-packages:/opt/ros/humble/local/lib/python3.10/dist-packages'), ('COLCON', '1'), ('CMAKE_PREFIX_PATH', '/root/Dojo/install/robot_navigation:/root/Dojo/install/robot_perception:/root/Dojo/install/robot_description:/root/Dojo/install/robot_control:/opt/ros/humble')]), 'shell': False}
[15.652685] (robot_bringup) StdoutLine: {'line': b'-- Install configuration: "Release"\n'}
[15.653303] (robot_bringup) StdoutLine: {'line': b'-- Execute custom install script\n'}
[15.654076] (robot_bringup) StdoutLine: {'line': b'-- Symlinking: /root/Dojo/install/robot_bringup/share/robot_bringup/launch/bringup.launch.py\n'}
[15.667220] (robot_bringup) StdoutLine: {'line': b'-- Symlinking: /root/Dojo/install/robot_bringup/share/robot_bringup/launch/bringup.launch.py.backup\n'}
[15.683849] (robot_bringup) StdoutLine: {'line': b'-- Symlinking: /root/Dojo/install/robot_bringup/share/robot_bringup/launch/rviz.launch.py\n'}
[15.698758] (-) TimerEvent: {}
[15.700921] (robot_bringup) StdoutLine: {'line': b'-- Symlinking: /root/Dojo/install/robot_bringup/share/ament_index/resource_index/package_run_dependencies/robot_bringup\n'}
[15.708538] (robot_interfaces) StdoutLine: {'line': b'[ 97%] \x1b[32m\x1b[1mLinking C shared library rosidl_generator_py/robot_interfaces/robot_interfaces_s__rosidl_typesupport_introspection_c.cpython-310-x86_64-linux-gnu.so\x1b[0m\n'}
[15.709229] (robot_interfaces) StdoutLine: {'line': b'[ 98%] \x1b[32m\x1b[1mLinking C shared library rosidl_generator_py/robot_interfaces/robot_interfaces_s__rosidl_typesupport_fastrtps_c.cpython-310-x86_64-linux-gnu.so\x1b[0m\n'}
[15.718075] (robot_bringup) StdoutLine: {'line': b'-- Symlinking: /root/Dojo/install/robot_bringup/share/ament_index/resource_index/parent_prefix_path/robot_bringup\n'}
[15.720728] (robot_interfaces) StdoutLine: {'line': b'[100%] \x1b[32m\x1b[1mLinking C shared library rosidl_generator_py/robot_interfaces/robot_interfaces_s__rosidl_typesupport_c.cpython-310-x86_64-linux-gnu.so\x1b[0m\n'}
[15.736688] (robot_bringup) StdoutLine: {'line': b'-- Symlinking: /root/Dojo/install/robot_bringup/share/robot_bringup/environment/ament_prefix_path.sh\n'}
[15.754615] (robot_bringup) StdoutLine: {'line': b'-- Symlinking: /root/Dojo/install/robot_bringup/share/robot_bringup/environment/ament_prefix_path.dsv\n'}
[15.772122] (robot_bringup) StdoutLine: {'line': b'-- Symlinking: /root/Dojo/install/robot_bringup/share/robot_bringup/environment/path.sh\n'}
[15.788806] (robot_bringup) StdoutLine: {'line': b'-- Symlinking: /root/Dojo/install/robot_bringup/share/robot_bringup/environment/path.dsv\n'}
[15.795414] (robot_interfaces) StdoutLine: {'line': b'[100%] Built target robot_interfaces__rosidl_typesupport_introspection_c__pyext\n'}
[15.798948] (robot_interfaces) StdoutLine: {'line': b'[100%] Built target robot_interfaces__rosidl_typesupport_fastrtps_c__pyext\n'}
[15.799264] (-) TimerEvent: {}
[15.800919] (robot_bringup) StdoutLine: {'line': b'-- Symlinking: /root/Dojo/install/robot_bringup/share/robot_bringup/local_setup.bash\n'}
[15.805960] (robot_interfaces) StdoutLine: {'line': b'[100%] Built target robot_interfaces__rosidl_typesupport_c__pyext\n'}
[15.814150] (robot_bringup) StdoutLine: {'line': b'-- Symlinking: /root/Dojo/install/robot_bringup/share/robot_bringup/local_setup.sh\n'}
[15.825194] (robot_interfaces) CommandEnded: {'returncode': 0}
[15.825914] (robot_interfaces) JobProgress: {'identifier': 'robot_interfaces', 'progress': 'install'}
[15.826166] (robot_interfaces) Command: {'cmd': ['/usr/bin/cmake', '--install', '/root/Dojo/build/robot_interfaces'], 'cwd': '/root/Dojo/build/robot_interfaces', 'env': OrderedDict([('HOSTNAME', 'gareth-joel-HP-Pavilion-Gaming-Laptop-15-ec2xxx'), ('SHLVL', '0'), ('LD_LIBRARY_PATH', '/usr/lib/x86_64-linux-gnu/gazebo-11/plugins:/opt/ros/humble/opt/rviz_ogre_vendor/lib:/opt/ros/humble/lib/x86_64-linux-gnu:/opt/ros/humble/lib'), ('HOME', '/root'), ('OLDPWD', '/'), ('ROS_PYTHON_VERSION', '3'), ('ROS_DISTRO', 'humble'), ('_', '/usr/bin/colcon'), ('ROS_VERSION', '2'), ('TERM', 'xterm'), ('ROS_LOCALHOST_ONLY', '0'), ('QT_X11_NO_MITSHM', '1'), ('PATH', '/opt/ros/humble/bin:/usr/local/sbin:/usr/local/bin:/usr/sbin:/usr/bin:/sbin:/bin'), ('DISPLAY', ':0'), ('LANG', 'C.UTF-8'), ('AMENT_PREFIX_PATH', '/opt/ros/humble'), ('PWD', '/root/Dojo/build/robot_interfaces'), ('LC_ALL', 'C.UTF-8'), ('PYTHONPATH', '/opt/ros/humble/lib/python3.10/site-packages:/opt/ros/humble/local/lib/python3.10/dist-packages'), ('COLCON', '1'), ('CMAKE_PREFIX_PATH', '/opt/ros/humble')]), 'shell': False}
[15.827321] (robot_bringup) StdoutLine: {'line': b'-- Symlinking: /root/Dojo/install/robot_bringup/share/robot_bringup/local_setup.zsh\n'}
[15.837918] (robot_interfaces) StdoutLine: {'line': b'-- Install configuration: "Release"\n'}
[15.838639] (robot_interfaces) StdoutLine: {'line': b'-- Execute custom install script\n'}
[15.838868] (robot_bringup) StdoutLine: {'line': b'-- Symlinking: /root/Dojo/install/robot_bringup/share/robot_bringup/local_setup.dsv\n'}
[15.839096] (robot_interfaces) StdoutLine: {'line': b'-- Symlinking: /root/Dojo/install/robot_interfaces/share/ament_index/resource_index/rosidl_interfaces/robot_interfaces\n'}
[15.851741] (robot_bringup) StdoutLine: {'line': b'-- Symlinking: /root/Dojo/install/robot_bringup/share/robot_bringup/package.dsv\n'}
[15.852874] (robot_interfaces) StdoutLine: {'line': b'-- Symlinking: /root/Dojo/install/robot_interfaces/include/robot_interfaces/robot_interfaces/action/detail/navigation__functions.h\n'}
[15.864738] (robot_bringup) StdoutLine: {'line': b'-- Symlinking: /root/Dojo/install/robot_bringup/share/ament_index/resource_index/packages/robot_bringup\n'}
[15.865820] (robot_interfaces) StdoutLine: {'line': b'-- Symlinking: /root/Dojo/install/robot_interfaces/include/robot_interfaces/robot_interfaces/action/detail/navigation__struct.h\n'}
[15.878653] (robot_interfaces) StdoutLine: {'line': b'-- Symlinking: /root/Dojo/install/robot_interfaces/include/robot_interfaces/robot_interfaces/action/detail/navigation__type_support.h\n'}
[15.879226] (robot_bringup) StdoutLine: {'line': b'-- Symlinking: /root/Dojo/install/robot_bringup/share/robot_bringup/cmake/robot_bringupConfig.cmake\n'}
[15.891975] (robot_bringup) StdoutLine: {'line': b'-- Symlinking: /root/Dojo/install/robot_bringup/share/robot_bringup/cmake/robot_bringupConfig-version.cmake\n'}
[15.892422] (robot_interfaces) StdoutLine: {'line': b'-- Symlinking: /root/Dojo/install/robot_interfaces/include/robot_interfaces/robot_interfaces/action/navigation.h\n'}
[15.899397] (-) TimerEvent: {}
[15.905021] (robot_interfaces) StdoutLine: {'line': b'-- Symlinking: /root/Dojo/install/robot_interfaces/include/robot_interfaces/robot_interfaces/msg/detail/hardware_status__functions.h\n'}
[15.905353] (robot_bringup) StdoutLine: {'line': b'-- Symlinking: /root/Dojo/install/robot_bringup/share/robot_bringup/package.xml\n'}
[15.918902] (robot_interfaces) StdoutLine: {'line': b'-- Symlinking: /root/Dojo/install/robot_interfaces/include/robot_interfaces/robot_interfaces/msg/detail/hardware_status__struct.h\n'}
[15.922951] (robot_bringup) CommandEnded: {'returncode': 0}
[15.934009] (robot_interfaces) StdoutLine: {'line': b'-- Symlinking: /root/Dojo/install/robot_interfaces/include/robot_interfaces/robot_interfaces/msg/detail/hardware_status__type_support.h\n'}
[15.938129] (robot_bringup) JobEnded: {'identifier': 'robot_bringup', 'rc': 0}
[15.947944] (robot_interfaces) StdoutLine: {'line': b'-- Symlinking: /root/Dojo/install/robot_interfaces/include/robot_interfaces/robot_interfaces/msg/detail/motor_command__functions.h\n'}
[15.962366] (robot_interfaces) StdoutLine: {'line': b'-- Symlinking: /root/Dojo/install/robot_interfaces/include/robot_interfaces/robot_interfaces/msg/detail/motor_command__struct.h\n'}
[15.975967] (robot_interfaces) StdoutLine: {'line': b'-- Symlinking: /root/Dojo/install/robot_interfaces/include/robot_interfaces/robot_interfaces/msg/detail/motor_command__type_support.h\n'}
[15.988768] (robot_interfaces) StdoutLine: {'line': b'-- Symlinking: /root/Dojo/install/robot_interfaces/include/robot_interfaces/robot_interfaces/msg/detail/robot_state__functions.h\n'}
[15.999507] (-) TimerEvent: {}
[16.002010] (robot_interfaces) StdoutLine: {'line': b'-- Symlinking: /root/Dojo/install/robot_interfaces/include/robot_interfaces/robot_interfaces/msg/detail/robot_state__struct.h\n'}
[16.015862] (robot_interfaces) StdoutLine: {'line': b'-- Symlinking: /root/Dojo/install/robot_interfaces/include/robot_interfaces/robot_interfaces/msg/detail/robot_state__type_support.h\n'}
[16.029212] (robot_interfaces) StdoutLine: {'line': b'-- Symlinking: /root/Dojo/install/robot_interfaces/include/robot_interfaces/robot_interfaces/msg/detail/sensor_data__functions.h\n'}
[16.041992] (robot_interfaces) StdoutLine: {'line': b'-- Symlinking: /root/Dojo/install/robot_interfaces/include/robot_interfaces/robot_interfaces/msg/detail/sensor_data__struct.h\n'}
[16.054526] (robot_interfaces) StdoutLine: {'line': b'-- Symlinking: /root/Dojo/install/robot_interfaces/include/robot_interfaces/robot_interfaces/msg/detail/sensor_data__type_support.h\n'}
[16.067383] (robot_interfaces) StdoutLine: {'line': b'-- Symlinking: /root/Dojo/install/robot_interfaces/include/robot_interfaces/robot_interfaces/msg/hardware_status.h\n'}
[16.081038] (robot_interfaces) StdoutLine: {'line': b'-- Symlinking: /root/Dojo/install/robot_interfaces/include/robot_interfaces/robot_interfaces/msg/motor_command.h\n'}
[16.094390] (robot_interfaces) StdoutLine: {'line': b'-- Symlinking: /root/Dojo/install/robot_interfaces/include/robot_interfaces/robot_interfaces/msg/robot_state.h\n'}
[16.099594] (-) TimerEvent: {}
[16.107389] (robot_interfaces) StdoutLine: {'line': b'-- Symlinking: /root/Dojo/install/robot_interfaces/include/robot_interfaces/robot_interfaces/msg/rosidl_generator_c__visibility_control.h\n'}
[16.121032] (robot_interfaces) StdoutLine: {'line': b'-- Symlinking: /root/Dojo/install/robot_interfaces/include/robot_interfaces/robot_interfaces/msg/sensor_data.h\n'}
[16.134018] (robot_interfaces) StdoutLine: {'line': b'-- Symlinking: /root/Dojo/install/robot_interfaces/include/robot_interfaces/robot_interfaces/srv/calibration.h\n'}
[16.147329] (robot_interfaces) StdoutLine: {'line': b'-- Symlinking: /root/Dojo/install/robot_interfaces/include/robot_interfaces/robot_interfaces/srv/detail/calibration__functions.h\n'}
[16.160938] (robot_interfaces) StdoutLine: {'line': b'-- Symlinking: /root/Dojo/install/robot_interfaces/include/robot_interfaces/robot_interfaces/srv/detail/calibration__struct.h\n'}
[16.173559] (robot_interfaces) StdoutLine: {'line': b'-- Symlinking: /root/Dojo/install/robot_interfaces/include/robot_interfaces/robot_interfaces/srv/detail/calibration__type_support.h\n'}
[16.186428] (robot_interfaces) StdoutLine: {'line': b'-- Symlinking: /root/Dojo/install/robot_interfaces/include/robot_interfaces/robot_interfaces/srv/detail/set_mode__functions.h\n'}
[16.199369] (robot_interfaces) StdoutLine: {'line': b'-- Symlinking: /root/Dojo/install/robot_interfaces/include/robot_interfaces/robot_interfaces/srv/detail/set_mode__struct.h\n'}
[16.199670] (-) TimerEvent: {}
[16.213028] (robot_interfaces) StdoutLine: {'line': b'-- Symlinking: /root/Dojo/install/robot_interfaces/include/robot_interfaces/robot_interfaces/srv/detail/set_mode__type_support.h\n'}
[16.226442] (robot_interfaces) StdoutLine: {'line': b'-- Symlinking: /root/Dojo/install/robot_interfaces/include/robot_interfaces/robot_interfaces/srv/set_mode.h\n'}
[16.239170] (robot_interfaces) StdoutLine: {'line': b'-- Symlinking: /root/Dojo/install/robot_interfaces/share/robot_interfaces/environment/library_path.sh\n'}
[16.252254] (robot_interfaces) StdoutLine: {'line': b'-- Symlinking: /root/Dojo/install/robot_interfaces/share/robot_interfaces/environment/library_path.dsv\n'}
[16.265764] (robot_interfaces) StdoutLine: {'line': b'-- Symlinking: /root/Dojo/install/robot_interfaces/include/robot_interfaces/robot_interfaces/action/detail/navigation__rosidl_typesupport_fastrtps_c.h\n'}
[16.278552] (robot_interfaces) StdoutLine: {'line': b'-- Symlinking: /root/Dojo/install/robot_interfaces/include/robot_interfaces/robot_interfaces/msg/detail/hardware_status__rosidl_typesupport_fastrtps_c.h\n'}
[16.291426] (robot_interfaces) StdoutLine: {'line': b'-- Symlinking: /root/Dojo/install/robot_interfaces/include/robot_interfaces/robot_interfaces/msg/detail/motor_command__rosidl_typesupport_fastrtps_c.h\n'}
[16.299777] (-) TimerEvent: {}
[16.304626] (robot_interfaces) StdoutLine: {'line': b'-- Symlinking: /root/Dojo/install/robot_interfaces/include/robot_interfaces/robot_interfaces/msg/detail/robot_state__rosidl_typesupport_fastrtps_c.h\n'}
[16.317980] (robot_interfaces) StdoutLine: {'line': b'-- Symlinking: /root/Dojo/install/robot_interfaces/include/robot_interfaces/robot_interfaces/msg/detail/sensor_data__rosidl_typesupport_fastrtps_c.h\n'}
[16.332075] (robot_interfaces) StdoutLine: {'line': b'-- Symlinking: /root/Dojo/install/robot_interfaces/include/robot_interfaces/robot_interfaces/msg/rosidl_typesupport_fastrtps_c__visibility_control.h\n'}
[16.345250] (robot_interfaces) StdoutLine: {'line': b'-- Symlinking: /root/Dojo/install/robot_interfaces/include/robot_interfaces/robot_interfaces/srv/detail/calibration__rosidl_typesupport_fastrtps_c.h\n'}
[16.359138] (robot_interfaces) StdoutLine: {'line': b'-- Symlinking: /root/Dojo/install/robot_interfaces/include/robot_interfaces/robot_interfaces/srv/detail/set_mode__rosidl_typesupport_fastrtps_c.h\n'}
[16.373151] (robot_interfaces) StdoutLine: {'line': b'-- Symlinking: /root/Dojo/install/robot_interfaces/include/robot_interfaces/robot_interfaces/action/detail/navigation__builder.hpp\n'}
[16.387069] (robot_interfaces) StdoutLine: {'line': b'-- Symlinking: /root/Dojo/install/robot_interfaces/include/robot_interfaces/robot_interfaces/action/detail/navigation__struct.hpp\n'}
[16.399887] (-) TimerEvent: {}
[16.400401] (robot_interfaces) StdoutLine: {'line': b'-- Symlinking: /root/Dojo/install/robot_interfaces/include/robot_interfaces/robot_interfaces/action/detail/navigation__traits.hpp\n'}
[16.414236] (robot_interfaces) StdoutLine: {'line': b'-- Symlinking: /root/Dojo/install/robot_interfaces/include/robot_interfaces/robot_interfaces/action/detail/navigation__type_support.hpp\n'}
[16.427282] (robot_interfaces) StdoutLine: {'line': b'-- Symlinking: /root/Dojo/install/robot_interfaces/include/robot_interfaces/robot_interfaces/action/navigation.hpp\n'}
[16.440104] (robot_interfaces) StdoutLine: {'line': b'-- Symlinking: /root/Dojo/install/robot_interfaces/include/robot_interfaces/robot_interfaces/msg/detail/hardware_status__builder.hpp\n'}
[16.452682] (robot_interfaces) StdoutLine: {'line': b'-- Symlinking: /root/Dojo/install/robot_interfaces/include/robot_interfaces/robot_interfaces/msg/detail/hardware_status__struct.hpp\n'}
[16.467481] (robot_interfaces) StdoutLine: {'line': b'-- Symlinking: /root/Dojo/install/robot_interfaces/include/robot_interfaces/robot_interfaces/msg/detail/hardware_status__traits.hpp\n'}
[16.487385] (robot_interfaces) StdoutLine: {'line': b'-- Symlinking: /root/Dojo/install/robot_interfaces/include/robot_interfaces/robot_interfaces/msg/detail/hardware_status__type_support.hpp\n'}
[16.500030] (-) TimerEvent: {}
[16.506407] (robot_interfaces) StdoutLine: {'line': b'-- Symlinking: /root/Dojo/install/robot_interfaces/include/robot_interfaces/robot_interfaces/msg/detail/motor_command__builder.hpp\n'}
[16.524816] (robot_interfaces) StdoutLine: {'line': b'-- Symlinking: /root/Dojo/install/robot_interfaces/include/robot_interfaces/robot_interfaces/msg/detail/motor_command__struct.hpp\n'}
[16.543755] (robot_interfaces) StdoutLine: {'line': b'-- Symlinking: /root/Dojo/install/robot_interfaces/include/robot_interfaces/robot_interfaces/msg/detail/motor_command__traits.hpp\n'}
[16.562219] (robot_interfaces) StdoutLine: {'line': b'-- Symlinking: /root/Dojo/install/robot_interfaces/include/robot_interfaces/robot_interfaces/msg/detail/motor_command__type_support.hpp\n'}
[16.580768] (robot_interfaces) StdoutLine: {'line': b'-- Symlinking: /root/Dojo/install/robot_interfaces/include/robot_interfaces/robot_interfaces/msg/detail/robot_state__builder.hpp\n'}
[16.599049] (robot_interfaces) StdoutLine: {'line': b'-- Symlinking: /root/Dojo/install/robot_interfaces/include/robot_interfaces/robot_interfaces/msg/detail/robot_state__struct.hpp\n'}
[16.600121] (-) TimerEvent: {}
[16.616816] (robot_interfaces) StdoutLine: {'line': b'-- Symlinking: /root/Dojo/install/robot_interfaces/include/robot_interfaces/robot_interfaces/msg/detail/robot_state__traits.hpp\n'}
[16.634643] (robot_interfaces) StdoutLine: {'line': b'-- Symlinking: /root/Dojo/install/robot_interfaces/include/robot_interfaces/robot_interfaces/msg/detail/robot_state__type_support.hpp\n'}
[16.652896] (robot_interfaces) StdoutLine: {'line': b'-- Symlinking: /root/Dojo/install/robot_interfaces/include/robot_interfaces/robot_interfaces/msg/detail/sensor_data__builder.hpp\n'}
[16.671369] (robot_interfaces) StdoutLine: {'line': b'-- Symlinking: /root/Dojo/install/robot_interfaces/include/robot_interfaces/robot_interfaces/msg/detail/sensor_data__struct.hpp\n'}
[16.689188] (robot_interfaces) StdoutLine: {'line': b'-- Symlinking: /root/Dojo/install/robot_interfaces/include/robot_interfaces/robot_interfaces/msg/detail/sensor_data__traits.hpp\n'}
[16.700249] (-) TimerEvent: {}
[16.706978] (robot_interfaces) StdoutLine: {'line': b'-- Symlinking: /root/Dojo/install/robot_interfaces/include/robot_interfaces/robot_interfaces/msg/detail/sensor_data__type_support.hpp\n'}
[16.725814] (robot_interfaces) StdoutLine: {'line': b'-- Symlinking: /root/Dojo/install/robot_interfaces/include/robot_interfaces/robot_interfaces/msg/hardware_status.hpp\n'}
[16.743448] (robot_interfaces) StdoutLine: {'line': b'-- Symlinking: /root/Dojo/install/robot_interfaces/include/robot_interfaces/robot_interfaces/msg/motor_command.hpp\n'}
[16.762004] (robot_interfaces) StdoutLine: {'line': b'-- Symlinking: /root/Dojo/install/robot_interfaces/include/robot_interfaces/robot_interfaces/msg/robot_state.hpp\n'}
[16.780916] (robot_interfaces) StdoutLine: {'line': b'-- Symlinking: /root/Dojo/install/robot_interfaces/include/robot_interfaces/robot_interfaces/msg/rosidl_generator_cpp__visibility_control.hpp\n'}
[16.800113] (robot_interfaces) StdoutLine: {'line': b'-- Symlinking: /root/Dojo/install/robot_interfaces/include/robot_interfaces/robot_interfaces/msg/sensor_data.hpp\n'}
[16.800403] (-) TimerEvent: {}
[16.819561] (robot_interfaces) StdoutLine: {'line': b'-- Symlinking: /root/Dojo/install/robot_interfaces/include/robot_interfaces/robot_interfaces/srv/calibration.hpp\n'}
[16.838092] (robot_interfaces) StdoutLine: {'line': b'-- Symlinking: /root/Dojo/install/robot_interfaces/include/robot_interfaces/robot_interfaces/srv/detail/calibration__builder.hpp\n'}
[16.856261] (robot_interfaces) StdoutLine: {'line': b'-- Symlinking: /root/Dojo/install/robot_interfaces/include/robot_interfaces/robot_interfaces/srv/detail/calibration__struct.hpp\n'}
[16.874470] (robot_interfaces) StdoutLine: {'line': b'-- Symlinking: /root/Dojo/install/robot_interfaces/include/robot_interfaces/robot_interfaces/srv/detail/calibration__traits.hpp\n'}
[16.893988] (robot_interfaces) StdoutLine: {'line': b'-- Symlinking: /root/Dojo/install/robot_interfaces/include/robot_interfaces/robot_interfaces/srv/detail/calibration__type_support.hpp\n'}
[16.900514] (-) TimerEvent: {}
[16.912494] (robot_interfaces) StdoutLine: {'line': b'-- Symlinking: /root/Dojo/install/robot_interfaces/include/robot_interfaces/robot_interfaces/srv/detail/set_mode__builder.hpp\n'}
[16.930428] (robot_interfaces) StdoutLine: {'line': b'-- Symlinking: /root/Dojo/install/robot_interfaces/include/robot_interfaces/robot_interfaces/srv/detail/set_mode__struct.hpp\n'}
[16.948772] (robot_interfaces) StdoutLine: {'line': b'-- Symlinking: /root/Dojo/install/robot_interfaces/include/robot_interfaces/robot_interfaces/srv/detail/set_mode__traits.hpp\n'}
[16.966447] (robot_interfaces) StdoutLine: {'line': b'-- Symlinking: /root/Dojo/install/robot_interfaces/include/robot_interfaces/robot_interfaces/srv/detail/set_mode__type_support.hpp\n'}
[16.984949] (robot_interfaces) StdoutLine: {'line': b'-- Symlinking: /root/Dojo/install/robot_interfaces/include/robot_interfaces/robot_interfaces/srv/set_mode.hpp\n'}
[17.000689] (-) TimerEvent: {}
[17.004469] (robot_interfaces) StdoutLine: {'line': b'-- Symlinking: /root/Dojo/install/robot_interfaces/include/robot_interfaces/robot_interfaces/action/detail/navigation__rosidl_typesupport_fastrtps_cpp.hpp\n'}
[17.023234] (robot_interfaces) StdoutLine: {'line': b'-- Symlinking: /root/Dojo/install/robot_interfaces/include/robot_interfaces/robot_interfaces/msg/detail/hardware_status__rosidl_typesupport_fastrtps_cpp.hpp\n'}
[17.042056] (robot_interfaces) StdoutLine: {'line': b'-- Symlinking: /root/Dojo/install/robot_interfaces/include/robot_interfaces/robot_interfaces/msg/detail/motor_command__rosidl_typesupport_fastrtps_cpp.hpp\n'}
[17.061104] (robot_interfaces) StdoutLine: {'line': b'-- Symlinking: /root/Dojo/install/robot_interfaces/include/robot_interfaces/robot_interfaces/msg/detail/robot_state__rosidl_typesupport_fastrtps_cpp.hpp\n'}
[17.079499] (robot_interfaces) StdoutLine: {'line': b'-- Symlinking: /root/Dojo/install/robot_interfaces/include/robot_interfaces/robot_interfaces/msg/detail/sensor_data__rosidl_typesupport_fastrtps_cpp.hpp\n'}
[17.099162] (robot_interfaces) StdoutLine: {'line': b'-- Symlinking: /root/Dojo/install/robot_interfaces/include/robot_interfaces/robot_interfaces/msg/rosidl_typesupport_fastrtps_cpp__visibility_control.h\n'}
[17.100732] (-) TimerEvent: {}
[17.117943] (robot_interfaces) StdoutLine: {'line': b'-- Symlinking: /root/Dojo/install/robot_interfaces/include/robot_interfaces/robot_interfaces/srv/detail/calibration__rosidl_typesupport_fastrtps_cpp.hpp\n'}
[17.136283] (robot_interfaces) StdoutLine: {'line': b'-- Symlinking: /root/Dojo/install/robot_interfaces/include/robot_interfaces/robot_interfaces/srv/detail/set_mode__rosidl_typesupport_fastrtps_cpp.hpp\n'}
[17.155080] (robot_interfaces) StdoutLine: {'line': b'-- Symlinking: /root/Dojo/install/robot_interfaces/include/robot_interfaces/robot_interfaces/action/detail/navigation__rosidl_typesupport_introspection_c.h\n'}
[17.173205] (robot_interfaces) StdoutLine: {'line': b'-- Symlinking: /root/Dojo/install/robot_interfaces/include/robot_interfaces/robot_interfaces/msg/detail/hardware_status__rosidl_typesupport_introspection_c.h\n'}
[17.191831] (robot_interfaces) StdoutLine: {'line': b'-- Symlinking: /root/Dojo/install/robot_interfaces/include/robot_interfaces/robot_interfaces/msg/detail/motor_command__rosidl_typesupport_introspection_c.h\n'}
[17.200935] (-) TimerEvent: {}
[17.209972] (robot_interfaces) StdoutLine: {'line': b'-- Symlinking: /root/Dojo/install/robot_interfaces/include/robot_interfaces/robot_interfaces/msg/detail/robot_state__rosidl_typesupport_introspection_c.h\n'}
[17.228028] (robot_interfaces) StdoutLine: {'line': b'-- Symlinking: /root/Dojo/install/robot_interfaces/include/robot_interfaces/robot_interfaces/msg/detail/sensor_data__rosidl_typesupport_introspection_c.h\n'}
[17.246209] (robot_interfaces) StdoutLine: {'line': b'-- Symlinking: /root/Dojo/install/robot_interfaces/include/robot_interfaces/robot_interfaces/msg/rosidl_typesupport_introspection_c__visibility_control.h\n'}
[17.264905] (robot_interfaces) StdoutLine: {'line': b'-- Symlinking: /root/Dojo/install/robot_interfaces/include/robot_interfaces/robot_interfaces/srv/detail/calibration__rosidl_typesupport_introspection_c.h\n'}
[17.282825] (robot_interfaces) StdoutLine: {'line': b'-- Symlinking: /root/Dojo/install/robot_interfaces/include/robot_interfaces/robot_interfaces/srv/detail/set_mode__rosidl_typesupport_introspection_c.h\n'}
[17.301056] (-) TimerEvent: {}
[17.301736] (robot_interfaces) StdoutLine: {'line': b'-- Symlinking: /root/Dojo/install/robot_interfaces/include/robot_interfaces/robot_interfaces/action/detail/navigation__rosidl_typesupport_introspection_cpp.hpp\n'}
[17.320327] (robot_interfaces) StdoutLine: {'line': b'-- Symlinking: /root/Dojo/install/robot_interfaces/include/robot_interfaces/robot_interfaces/msg/detail/hardware_status__rosidl_typesupport_introspection_cpp.hpp\n'}
[17.337911] (robot_interfaces) StdoutLine: {'line': b'-- Symlinking: /root/Dojo/install/robot_interfaces/include/robot_interfaces/robot_interfaces/msg/detail/motor_command__rosidl_typesupport_introspection_cpp.hpp\n'}
[17.355771] (robot_interfaces) StdoutLine: {'line': b'-- Symlinking: /root/Dojo/install/robot_interfaces/include/robot_interfaces/robot_interfaces/msg/detail/robot_state__rosidl_typesupport_introspection_cpp.hpp\n'}
[17.374206] (robot_interfaces) StdoutLine: {'line': b'-- Symlinking: /root/Dojo/install/robot_interfaces/include/robot_interfaces/robot_interfaces/msg/detail/sensor_data__rosidl_typesupport_introspection_cpp.hpp\n'}
[17.392654] (robot_interfaces) StdoutLine: {'line': b'-- Symlinking: /root/Dojo/install/robot_interfaces/include/robot_interfaces/robot_interfaces/srv/detail/calibration__rosidl_typesupport_introspection_cpp.hpp\n'}
[17.401171] (-) TimerEvent: {}
[17.411636] (robot_interfaces) StdoutLine: {'line': b'-- Symlinking: /root/Dojo/install/robot_interfaces/include/robot_interfaces/robot_interfaces/srv/detail/set_mode__rosidl_typesupport_introspection_cpp.hpp\n'}
[17.429651] (robot_interfaces) StdoutLine: {'line': b'-- Symlinking: /root/Dojo/install/robot_interfaces/share/robot_interfaces/environment/pythonpath.sh\n'}
[17.447387] (robot_interfaces) StdoutLine: {'line': b'-- Symlinking: /root/Dojo/install/robot_interfaces/share/robot_interfaces/environment/pythonpath.dsv\n'}
[17.466445] (robot_interfaces) StdoutLine: {'line': b'-- Symlinking: /root/Dojo/install/robot_interfaces/local/lib/python3.10/dist-packages/robot_interfaces-1.0.0-py3.10.egg-info/PKG-INFO\n'}
[17.485028] (robot_interfaces) StdoutLine: {'line': b'-- Symlinking: /root/Dojo/install/robot_interfaces/local/lib/python3.10/dist-packages/robot_interfaces-1.0.0-py3.10.egg-info/SOURCES.txt\n'}
[17.501290] (-) TimerEvent: {}
[17.503155] (robot_interfaces) StdoutLine: {'line': b'-- Symlinking: /root/Dojo/install/robot_interfaces/local/lib/python3.10/dist-packages/robot_interfaces-1.0.0-py3.10.egg-info/dependency_links.txt\n'}
[17.522176] (robot_interfaces) StdoutLine: {'line': b'-- Symlinking: /root/Dojo/install/robot_interfaces/local/lib/python3.10/dist-packages/robot_interfaces-1.0.0-py3.10.egg-info/top_level.txt\n'}
[17.542386] (robot_interfaces) StdoutLine: {'line': b'-- Symlinking: /root/Dojo/install/robot_interfaces/local/lib/python3.10/dist-packages/robot_interfaces/__init__.py\n'}
[17.561518] (robot_interfaces) StdoutLine: {'line': b'-- Symlinking: /root/Dojo/install/robot_interfaces/local/lib/python3.10/dist-packages/robot_interfaces/_robot_interfaces_s.ep.rosidl_typesupport_c.c\n'}
[17.581416] (robot_interfaces) StdoutLine: {'line': b'-- Symlinking: /root/Dojo/install/robot_interfaces/local/lib/python3.10/dist-packages/robot_interfaces/_robot_interfaces_s.ep.rosidl_typesupport_fastrtps_c.c\n'}
[17.600306] (robot_interfaces) StdoutLine: {'line': b'-- Symlinking: /root/Dojo/install/robot_interfaces/local/lib/python3.10/dist-packages/robot_interfaces/_robot_interfaces_s.ep.rosidl_typesupport_introspection_c.c\n'}
[17.601374] (-) TimerEvent: {}
[17.619212] (robot_interfaces) StdoutLine: {'line': b'-- Symlinking: /root/Dojo/install/robot_interfaces/local/lib/python3.10/dist-packages/robot_interfaces/action/__init__.py\n'}
[17.637179] (robot_interfaces) StdoutLine: {'line': b'-- Symlinking: /root/Dojo/install/robot_interfaces/local/lib/python3.10/dist-packages/robot_interfaces/action/_navigation.py\n'}
[17.656109] (robot_interfaces) StdoutLine: {'line': b'-- Symlinking: /root/Dojo/install/robot_interfaces/local/lib/python3.10/dist-packages/robot_interfaces/action/_navigation_s.c\n'}
[17.674322] (robot_interfaces) StdoutLine: {'line': b'-- Symlinking: /root/Dojo/install/robot_interfaces/local/lib/python3.10/dist-packages/robot_interfaces/librobot_interfaces__rosidl_generator_py.so\n'}
[17.692722] (robot_interfaces) StdoutLine: {'line': b'-- Symlinking: /root/Dojo/install/robot_interfaces/local/lib/python3.10/dist-packages/robot_interfaces/msg/__init__.py\n'}
[17.701518] (-) TimerEvent: {}
[17.711733] (robot_interfaces) StdoutLine: {'line': b'-- Symlinking: /root/Dojo/install/robot_interfaces/local/lib/python3.10/dist-packages/robot_interfaces/msg/_hardware_status.py\n'}
[17.730140] (robot_interfaces) StdoutLine: {'line': b'-- Symlinking: /root/Dojo/install/robot_interfaces/local/lib/python3.10/dist-packages/robot_interfaces/msg/_hardware_status_s.c\n'}
[17.748865] (robot_interfaces) StdoutLine: {'line': b'-- Symlinking: /root/Dojo/install/robot_interfaces/local/lib/python3.10/dist-packages/robot_interfaces/msg/_motor_command.py\n'}
[17.767474] (robot_interfaces) StdoutLine: {'line': b'-- Symlinking: /root/Dojo/install/robot_interfaces/local/lib/python3.10/dist-packages/robot_interfaces/msg/_motor_command_s.c\n'}
[17.787484] (robot_interfaces) StdoutLine: {'line': b'-- Symlinking: /root/Dojo/install/robot_interfaces/local/lib/python3.10/dist-packages/robot_interfaces/msg/_robot_state.py\n'}
[17.801651] (-) TimerEvent: {}
[17.805622] (robot_interfaces) StdoutLine: {'line': b'-- Symlinking: /root/Dojo/install/robot_interfaces/local/lib/python3.10/dist-packages/robot_interfaces/msg/_robot_state_s.c\n'}
[17.823993] (robot_interfaces) StdoutLine: {'line': b'-- Symlinking: /root/Dojo/install/robot_interfaces/local/lib/python3.10/dist-packages/robot_interfaces/msg/_sensor_data.py\n'}
[17.842196] (robot_interfaces) StdoutLine: {'line': b'-- Symlinking: /root/Dojo/install/robot_interfaces/local/lib/python3.10/dist-packages/robot_interfaces/msg/_sensor_data_s.c\n'}
[17.861396] (robot_interfaces) StdoutLine: {'line': b'-- Symlinking: /root/Dojo/install/robot_interfaces/local/lib/python3.10/dist-packages/robot_interfaces/robot_interfaces_s__rosidl_typesupport_c.cpython-310-x86_64-linux-gnu.so\n'}
[17.880476] (robot_interfaces) StdoutLine: {'line': b'-- Symlinking: /root/Dojo/install/robot_interfaces/local/lib/python3.10/dist-packages/robot_interfaces/robot_interfaces_s__rosidl_typesupport_fastrtps_c.cpython-310-x86_64-linux-gnu.so\n'}
[17.899777] (robot_interfaces) StdoutLine: {'line': b'-- Symlinking: /root/Dojo/install/robot_interfaces/local/lib/python3.10/dist-packages/robot_interfaces/robot_interfaces_s__rosidl_typesupport_introspection_c.cpython-310-x86_64-linux-gnu.so\n'}
[17.901701] (-) TimerEvent: {}
[17.918944] (robot_interfaces) StdoutLine: {'line': b'-- Symlinking: /root/Dojo/install/robot_interfaces/local/lib/python3.10/dist-packages/robot_interfaces/srv/__init__.py\n'}
[17.937315] (robot_interfaces) StdoutLine: {'line': b'-- Symlinking: /root/Dojo/install/robot_interfaces/local/lib/python3.10/dist-packages/robot_interfaces/srv/_calibration.py\n'}
[17.956173] (robot_interfaces) StdoutLine: {'line': b'-- Symlinking: /root/Dojo/install/robot_interfaces/local/lib/python3.10/dist-packages/robot_interfaces/srv/_calibration_s.c\n'}
[17.974778] (robot_interfaces) StdoutLine: {'line': b'-- Symlinking: /root/Dojo/install/robot_interfaces/local/lib/python3.10/dist-packages/robot_interfaces/srv/_set_mode.py\n'}
[17.994635] (robot_interfaces) StdoutLine: {'line': b'-- Symlinking: /root/Dojo/install/robot_interfaces/local/lib/python3.10/dist-packages/robot_interfaces/srv/_set_mode_s.c\n'}
[18.001856] (-) TimerEvent: {}
[18.014131] (robot_interfaces) StdoutLine: {'line': b'-- Up-to-date symlink: /root/Dojo/install/robot_interfaces/local/lib/python3.10/dist-packages/robot_interfaces/robot_interfaces_s__rosidl_typesupport_fastrtps_c.cpython-310-x86_64-linux-gnu.so\n'}
[18.014596] (robot_interfaces) StdoutLine: {'line': b'-- Up-to-date symlink: /root/Dojo/install/robot_interfaces/local/lib/python3.10/dist-packages/robot_interfaces/robot_interfaces_s__rosidl_typesupport_introspection_c.cpython-310-x86_64-linux-gnu.so\n'}
[18.015359] (robot_interfaces) StdoutLine: {'line': b'-- Up-to-date symlink: /root/Dojo/install/robot_interfaces/local/lib/python3.10/dist-packages/robot_interfaces/robot_interfaces_s__rosidl_typesupport_c.cpython-310-x86_64-linux-gnu.so\n'}
[18.015873] (robot_interfaces) StdoutLine: {'line': b'-- Symlinking: /root/Dojo/install/robot_interfaces/share/robot_interfaces/msg/HardwareStatus.idl\n'}
[18.033509] (robot_interfaces) StdoutLine: {'line': b'-- Symlinking: /root/Dojo/install/robot_interfaces/share/robot_interfaces/msg/SensorData.idl\n'}
[18.051364] (robot_interfaces) StdoutLine: {'line': b'-- Symlinking: /root/Dojo/install/robot_interfaces/share/robot_interfaces/msg/MotorCommand.idl\n'}
[18.069939] (robot_interfaces) StdoutLine: {'line': b'-- Symlinking: /root/Dojo/install/robot_interfaces/share/robot_interfaces/msg/RobotState.idl\n'}
[18.088370] (robot_interfaces) StdoutLine: {'line': b'-- Symlinking: /root/Dojo/install/robot_interfaces/share/robot_interfaces/srv/Calibration.idl\n'}
[18.101968] (-) TimerEvent: {}
[18.106576] (robot_interfaces) StdoutLine: {'line': b'-- Symlinking: /root/Dojo/install/robot_interfaces/share/robot_interfaces/srv/SetMode.idl\n'}
[18.125508] (robot_interfaces) StdoutLine: {'line': b'-- Symlinking: /root/Dojo/install/robot_interfaces/share/robot_interfaces/action/Navigation.idl\n'}
[18.145625] (robot_interfaces) StdoutLine: {'line': b'-- Symlinking: /root/Dojo/install/robot_interfaces/share/robot_interfaces/msg/HardwareStatus.msg\n'}
[18.164508] (robot_interfaces) StdoutLine: {'line': b'-- Symlinking: /root/Dojo/install/robot_interfaces/share/robot_interfaces/msg/SensorData.msg\n'}
[18.182768] (robot_interfaces) StdoutLine: {'line': b'-- Symlinking: /root/Dojo/install/robot_interfaces/share/robot_interfaces/msg/MotorCommand.msg\n'}
[18.200967] (robot_interfaces) StdoutLine: {'line': b'-- Symlinking: /root/Dojo/install/robot_interfaces/share/robot_interfaces/msg/RobotState.msg\n'}
[18.202065] (-) TimerEvent: {}
[18.218718] (robot_interfaces) StdoutLine: {'line': b'-- Symlinking: /root/Dojo/install/robot_interfaces/share/robot_interfaces/srv/Calibration.srv\n'}
[18.236369] (robot_interfaces) StdoutLine: {'line': b'-- Symlinking: /root/Dojo/install/robot_interfaces/share/robot_interfaces/srv/Calibration_Request.msg\n'}
[18.254979] (robot_interfaces) StdoutLine: {'line': b'-- Symlinking: /root/Dojo/install/robot_interfaces/share/robot_interfaces/srv/Calibration_Response.msg\n'}
[18.273834] (robot_interfaces) StdoutLine: {'line': b'-- Symlinking: /root/Dojo/install/robot_interfaces/share/robot_interfaces/srv/SetMode.srv\n'}
[18.292049] (robot_interfaces) StdoutLine: {'line': b'-- Symlinking: /root/Dojo/install/robot_interfaces/share/robot_interfaces/srv/SetMode_Request.msg\n'}
[18.302195] (-) TimerEvent: {}
[18.310285] (robot_interfaces) StdoutLine: {'line': b'-- Symlinking: /root/Dojo/install/robot_interfaces/share/robot_interfaces/srv/SetMode_Response.msg\n'}
[18.329491] (robot_interfaces) StdoutLine: {'line': b'-- Symlinking: /root/Dojo/install/robot_interfaces/share/robot_interfaces/action/Navigation.action\n'}
[18.347935] (robot_interfaces) StdoutLine: {'line': b'-- Symlinking: /root/Dojo/install/robot_interfaces/share/ament_index/resource_index/package_run_dependencies/robot_interfaces\n'}
[18.366723] (robot_interfaces) StdoutLine: {'line': b'-- Symlinking: /root/Dojo/install/robot_interfaces/share/ament_index/resource_index/parent_prefix_path/robot_interfaces\n'}
[18.386079] (robot_interfaces) StdoutLine: {'line': b'-- Symlinking: /root/Dojo/install/robot_interfaces/share/robot_interfaces/environment/ament_prefix_path.sh\n'}
[18.395676] (robot_interfaces) StdoutLine: {'line': b'-- Symlinking: /root/Dojo/install/robot_interfaces/share/robot_interfaces/environment/ament_prefix_path.dsv\n'}
[18.402294] (-) TimerEvent: {}
[18.405314] (robot_interfaces) StdoutLine: {'line': b'-- Symlinking: /root/Dojo/install/robot_interfaces/share/robot_interfaces/environment/path.sh\n'}
[18.416207] (robot_interfaces) StdoutLine: {'line': b'-- Symlinking: /root/Dojo/install/robot_interfaces/share/robot_interfaces/environment/path.dsv\n'}
[18.426017] (robot_interfaces) StdoutLine: {'line': b'-- Symlinking: /root/Dojo/install/robot_interfaces/share/robot_interfaces/local_setup.bash\n'}
[18.436070] (robot_interfaces) StdoutLine: {'line': b'-- Symlinking: /root/Dojo/install/robot_interfaces/share/robot_interfaces/local_setup.sh\n'}
[18.446337] (robot_interfaces) StdoutLine: {'line': b'-- Symlinking: /root/Dojo/install/robot_interfaces/share/robot_interfaces/local_setup.zsh\n'}
[18.456286] (robot_interfaces) StdoutLine: {'line': b'-- Symlinking: /root/Dojo/install/robot_interfaces/share/robot_interfaces/local_setup.dsv\n'}
[18.465889] (robot_interfaces) StdoutLine: {'line': b'-- Symlinking: /root/Dojo/install/robot_interfaces/share/robot_interfaces/package.dsv\n'}
[18.475724] (robot_interfaces) StdoutLine: {'line': b'-- Symlinking: /root/Dojo/install/robot_interfaces/share/ament_index/resource_index/packages/robot_interfaces\n'}
[18.485770] (robot_interfaces) StdoutLine: {'line': b'-- Symlinking: /root/Dojo/install/robot_interfaces/share/robot_interfaces/cmake/rosidl_cmake-extras.cmake\n'}
[18.496114] (robot_interfaces) StdoutLine: {'line': b'-- Symlinking: /root/Dojo/install/robot_interfaces/share/robot_interfaces/cmake/ament_cmake_export_dependencies-extras.cmake\n'}
[18.502389] (-) TimerEvent: {}
[18.505504] (robot_interfaces) StdoutLine: {'line': b'-- Symlinking: /root/Dojo/install/robot_interfaces/share/robot_interfaces/cmake/ament_cmake_export_include_directories-extras.cmake\n'}
[18.515362] (robot_interfaces) StdoutLine: {'line': b'-- Symlinking: /root/Dojo/install/robot_interfaces/share/robot_interfaces/cmake/ament_cmake_export_libraries-extras.cmake\n'}
[18.525084] (robot_interfaces) StdoutLine: {'line': b'-- Symlinking: /root/Dojo/install/robot_interfaces/share/robot_interfaces/cmake/ament_cmake_export_targets-extras.cmake\n'}
[18.534920] (robot_interfaces) StdoutLine: {'line': b'-- Symlinking: /root/Dojo/install/robot_interfaces/share/robot_interfaces/cmake/rosidl_cmake_export_typesupport_targets-extras.cmake\n'}
[18.545243] (robot_interfaces) StdoutLine: {'line': b'-- Symlinking: /root/Dojo/install/robot_interfaces/share/robot_interfaces/cmake/rosidl_cmake_export_typesupport_libraries-extras.cmake\n'}
[18.554590] (robot_interfaces) StdoutLine: {'line': b'-- Symlinking: /root/Dojo/install/robot_interfaces/share/robot_interfaces/cmake/robot_interfacesConfig.cmake\n'}
[18.564536] (robot_interfaces) StdoutLine: {'line': b'-- Symlinking: /root/Dojo/install/robot_interfaces/share/robot_interfaces/cmake/robot_interfacesConfig-version.cmake\n'}
[18.575318] (robot_interfaces) StdoutLine: {'line': b'-- Symlinking: /root/Dojo/install/robot_interfaces/share/robot_interfaces/package.xml\n'}
[18.587582] (robot_interfaces) StdoutLine: {'line': b'-- Installing: /root/Dojo/install/robot_interfaces/lib/librobot_interfaces__rosidl_generator_c.so\n'}
[18.588144] (robot_interfaces) StdoutLine: {'line': b'-- Set runtime path of "/root/Dojo/install/robot_interfaces/lib/librobot_interfaces__rosidl_generator_c.so" to ""\n'}
[18.588356] (robot_interfaces) StdoutLine: {'line': b'-- Installing: /root/Dojo/install/robot_interfaces/lib/librobot_interfaces__rosidl_typesupport_fastrtps_c.so\n'}
[18.588846] (robot_interfaces) StdoutLine: {'line': b'-- Set runtime path of "/root/Dojo/install/robot_interfaces/lib/librobot_interfaces__rosidl_typesupport_fastrtps_c.so" to ""\n'}
[18.589013] (robot_interfaces) StdoutLine: {'line': b'-- Installing: /root/Dojo/install/robot_interfaces/lib/librobot_interfaces__rosidl_typesupport_fastrtps_cpp.so\n'}
[18.589635] (robot_interfaces) StdoutLine: {'line': b'-- Set runtime path of "/root/Dojo/install/robot_interfaces/lib/librobot_interfaces__rosidl_typesupport_fastrtps_cpp.so" to ""\n'}
[18.589796] (robot_interfaces) StdoutLine: {'line': b'-- Installing: /root/Dojo/install/robot_interfaces/lib/librobot_interfaces__rosidl_typesupport_introspection_c.so\n'}
[18.590448] (robot_interfaces) StdoutLine: {'line': b'-- Set runtime path of "/root/Dojo/install/robot_interfaces/lib/librobot_interfaces__rosidl_typesupport_introspection_c.so" to ""\n'}
[18.590601] (robot_interfaces) StdoutLine: {'line': b'-- Installing: /root/Dojo/install/robot_interfaces/lib/librobot_interfaces__rosidl_typesupport_c.so\n'}
[18.591134] (robot_interfaces) StdoutLine: {'line': b'-- Set runtime path of "/root/Dojo/install/robot_interfaces/lib/librobot_interfaces__rosidl_typesupport_c.so" to ""\n'}
[18.591271] (robot_interfaces) StdoutLine: {'line': b'-- Installing: /root/Dojo/install/robot_interfaces/lib/librobot_interfaces__rosidl_typesupport_introspection_cpp.so\n'}
[18.592054] (robot_interfaces) StdoutLine: {'line': b'-- Set runtime path of "/root/Dojo/install/robot_interfaces/lib/librobot_interfaces__rosidl_typesupport_introspection_cpp.so" to ""\n'}
[18.592215] (robot_interfaces) StdoutLine: {'line': b'-- Installing: /root/Dojo/install/robot_interfaces/lib/librobot_interfaces__rosidl_typesupport_cpp.so\n'}
[18.592811] (robot_interfaces) StdoutLine: {'line': b'-- Set runtime path of "/root/Dojo/install/robot_interfaces/lib/librobot_interfaces__rosidl_typesupport_cpp.so" to ""\n'}
[18.602489] (-) TimerEvent: {}
[18.645967] (robot_interfaces) StdoutLine: {'line': b"Listing '/root/Dojo/install/robot_interfaces/local/lib/python3.10/dist-packages/robot_interfaces'...\n"}
[18.646168] (robot_interfaces) StdoutLine: {'line': b"Compiling '/root/Dojo/install/robot_interfaces/local/lib/python3.10/dist-packages/robot_interfaces/__init__.py'...\n"}
[18.646272] (robot_interfaces) StdoutLine: {'line': b"Listing '/root/Dojo/install/robot_interfaces/local/lib/python3.10/dist-packages/robot_interfaces/action'...\n"}
[18.646358] (robot_interfaces) StdoutLine: {'line': b"Compiling '/root/Dojo/install/robot_interfaces/local/lib/python3.10/dist-packages/robot_interfaces/action/__init__.py'...\n"}
[18.646425] (robot_interfaces) StdoutLine: {'line': b"Compiling '/root/Dojo/install/robot_interfaces/local/lib/python3.10/dist-packages/robot_interfaces/action/_navigation.py'...\n"}
[18.646485] (robot_interfaces) StdoutLine: {'line': b"Listing '/root/Dojo/install/robot_interfaces/local/lib/python3.10/dist-packages/robot_interfaces/msg'...\n"}
[18.646553] (robot_interfaces) StdoutLine: {'line': b"Compiling '/root/Dojo/install/robot_interfaces/local/lib/python3.10/dist-packages/robot_interfaces/msg/__init__.py'...\n"}
[18.646616] (robot_interfaces) StdoutLine: {'line': b"Compiling '/root/Dojo/install/robot_interfaces/local/lib/python3.10/dist-packages/robot_interfaces/msg/_hardware_status.py'...\n"}
[18.646696] (robot_interfaces) StdoutLine: {'line': b"Compiling '/root/Dojo/install/robot_interfaces/local/lib/python3.10/dist-packages/robot_interfaces/msg/_motor_command.py'...\n"}
[18.646783] (robot_interfaces) StdoutLine: {'line': b"Compiling '/root/Dojo/install/robot_interfaces/local/lib/python3.10/dist-packages/robot_interfaces/msg/_robot_state.py'...\n"}
[18.646856] (robot_interfaces) StdoutLine: {'line': b"Compiling '/root/Dojo/install/robot_interfaces/local/lib/python3.10/dist-packages/robot_interfaces/msg/_sensor_data.py'...\n"}
[18.646930] (robot_interfaces) StdoutLine: {'line': b"Listing '/root/Dojo/install/robot_interfaces/local/lib/python3.10/dist-packages/robot_interfaces/srv'...\n"}
[18.647003] (robot_interfaces) StdoutLine: {'line': b"Compiling '/root/Dojo/install/robot_interfaces/local/lib/python3.10/dist-packages/robot_interfaces/srv/__init__.py'...\n"}
[18.647076] (robot_interfaces) StdoutLine: {'line': b"Compiling '/root/Dojo/install/robot_interfaces/local/lib/python3.10/dist-packages/robot_interfaces/srv/_calibration.py'...\n"}
[18.647133] (robot_interfaces) StdoutLine: {'line': b"Compiling '/root/Dojo/install/robot_interfaces/local/lib/python3.10/dist-packages/robot_interfaces/srv/_set_mode.py'...\n"}
[18.651784] (robot_interfaces) StdoutLine: {'line': b'-- Installing: /root/Dojo/install/robot_interfaces/lib/librobot_interfaces__rosidl_generator_py.so\n'}
[18.652421] (robot_interfaces) StdoutLine: {'line': b'-- Set runtime path of "/root/Dojo/install/robot_interfaces/lib/librobot_interfaces__rosidl_generator_py.so" to ""\n'}
[18.652605] (robot_interfaces) StdoutLine: {'line': b'-- Installing: /root/Dojo/install/robot_interfaces/share/robot_interfaces/cmake/export_robot_interfaces__rosidl_generator_cExport.cmake\n'}
[18.652756] (robot_interfaces) StdoutLine: {'line': b'-- Installing: /root/Dojo/install/robot_interfaces/share/robot_interfaces/cmake/export_robot_interfaces__rosidl_generator_cExport-release.cmake\n'}
[18.652930] (robot_interfaces) StdoutLine: {'line': b'-- Installing: /root/Dojo/install/robot_interfaces/share/robot_interfaces/cmake/export_robot_interfaces__rosidl_typesupport_fastrtps_cExport.cmake\n'}
[18.653138] (robot_interfaces) StdoutLine: {'line': b'-- Installing: /root/Dojo/install/robot_interfaces/share/robot_interfaces/cmake/export_robot_interfaces__rosidl_typesupport_fastrtps_cExport-release.cmake\n'}
[18.653309] (robot_interfaces) StdoutLine: {'line': b'-- Installing: /root/Dojo/install/robot_interfaces/share/robot_interfaces/cmake/export_robot_interfaces__rosidl_generator_cppExport.cmake\n'}
[18.653479] (robot_interfaces) StdoutLine: {'line': b'-- Installing: /root/Dojo/install/robot_interfaces/share/robot_interfaces/cmake/export_robot_interfaces__rosidl_typesupport_fastrtps_cppExport.cmake\n'}
[18.653643] (robot_interfaces) StdoutLine: {'line': b'-- Installing: /root/Dojo/install/robot_interfaces/share/robot_interfaces/cmake/export_robot_interfaces__rosidl_typesupport_fastrtps_cppExport-release.cmake\n'}
[18.653825] (robot_interfaces) StdoutLine: {'line': b'-- Installing: /root/Dojo/install/robot_interfaces/share/robot_interfaces/cmake/robot_interfaces__rosidl_typesupport_introspection_cExport.cmake\n'}
[18.653985] (robot_interfaces) StdoutLine: {'line': b'-- Installing: /root/Dojo/install/robot_interfaces/share/robot_interfaces/cmake/robot_interfaces__rosidl_typesupport_introspection_cExport-release.cmake\n'}
[18.654154] (robot_interfaces) StdoutLine: {'line': b'-- Installing: /root/Dojo/install/robot_interfaces/share/robot_interfaces/cmake/robot_interfaces__rosidl_typesupport_cExport.cmake\n'}
[18.654322] (robot_interfaces) StdoutLine: {'line': b'-- Installing: /root/Dojo/install/robot_interfaces/share/robot_interfaces/cmake/robot_interfaces__rosidl_typesupport_cExport-release.cmake\n'}
[18.654489] (robot_interfaces) StdoutLine: {'line': b'-- Installing: /root/Dojo/install/robot_interfaces/share/robot_interfaces/cmake/robot_interfaces__rosidl_typesupport_introspection_cppExport.cmake\n'}
[18.654654] (robot_interfaces) StdoutLine: {'line': b'-- Installing: /root/Dojo/install/robot_interfaces/share/robot_interfaces/cmake/robot_interfaces__rosidl_typesupport_introspection_cppExport-release.cmake\n'}
[18.654827] (robot_interfaces) StdoutLine: {'line': b'-- Installing: /root/Dojo/install/robot_interfaces/share/robot_interfaces/cmake/robot_interfaces__rosidl_typesupport_cppExport.cmake\n'}
[18.655019] (robot_interfaces) StdoutLine: {'line': b'-- Installing: /root/Dojo/install/robot_interfaces/share/robot_interfaces/cmake/robot_interfaces__rosidl_typesupport_cppExport-release.cmake\n'}
[18.655201] (robot_interfaces) StdoutLine: {'line': b'-- Installing: /root/Dojo/install/robot_interfaces/share/robot_interfaces/cmake/export_robot_interfaces__rosidl_generator_pyExport.cmake\n'}
[18.655381] (robot_interfaces) StdoutLine: {'line': b'-- Installing: /root/Dojo/install/robot_interfaces/share/robot_interfaces/cmake/export_robot_interfaces__rosidl_generator_pyExport-release.cmake\n'}
[18.657944] (robot_interfaces) CommandEnded: {'returncode': 0}
[18.672533] (robot_interfaces) JobEnded: {'identifier': 'robot_interfaces', 'rc': 0}
[18.702592] (-) TimerEvent: {}
[18.802886] (-) TimerEvent: {}
[18.903148] (-) TimerEvent: {}
[19.003407] (-) TimerEvent: {}
[19.103689] (-) TimerEvent: {}
[19.203917] (-) TimerEvent: {}
[19.304175] (-) TimerEvent: {}
[19.404437] (-) TimerEvent: {}
[19.504720] (-) TimerEvent: {}
[19.605010] (-) TimerEvent: {}
[19.705302] (-) TimerEvent: {}
[19.805592] (-) TimerEvent: {}
[19.905944] (-) TimerEvent: {}
[20.006272] (-) TimerEvent: {}
[20.106632] (-) TimerEvent: {}
[20.207006] (-) TimerEvent: {}
[20.307303] (-) TimerEvent: {}
[20.407625] (-) TimerEvent: {}
[20.507982] (-) TimerEvent: {}
[20.608328] (-) TimerEvent: {}
[20.708736] (-) TimerEvent: {}
[20.809152] (-) TimerEvent: {}
[20.909501] (-) TimerEvent: {}
[21.009770] (-) TimerEvent: {}
[21.110034] (-) TimerEvent: {}
[21.210301] (-) TimerEvent: {}
[21.310564] (-) TimerEvent: {}
[21.410851] (-) TimerEvent: {}
[21.511130] (-) TimerEvent: {}
[21.611396] (-) TimerEvent: {}
[21.711667] (-) TimerEvent: {}
[21.811929] (-) TimerEvent: {}
[21.912192] (-) TimerEvent: {}
[22.012444] (-) TimerEvent: {}
[22.112716] (-) TimerEvent: {}
[22.212992] (-) TimerEvent: {}
[22.313261] (-) TimerEvent: {}
[22.413540] (-) TimerEvent: {}
[22.513833] (-) TimerEvent: {}
[22.614130] (-) TimerEvent: {}
[22.714430] (-) TimerEvent: {}
[22.814718] (-) TimerEvent: {}
[22.914982] (-) TimerEvent: {}
[23.015243] (-) TimerEvent: {}
[23.115519] (-) TimerEvent: {}
[23.215832] (-) TimerEvent: {}
[23.316095] (-) TimerEvent: {}
[23.416366] (-) TimerEvent: {}
[23.516653] (-) TimerEvent: {}
[23.616940] (-) TimerEvent: {}
[23.717200] (-) TimerEvent: {}
[23.817451] (-) TimerEvent: {}
[23.917709] (-) TimerEvent: {}
[24.017973] (-) TimerEvent: {}
[24.118233] (-) TimerEvent: {}
[24.218494] (-) TimerEvent: {}
[24.318747] (-) TimerEvent: {}
[24.419029] (-) TimerEvent: {}
[24.519358] (-) TimerEvent: {}
[24.619619] (-) TimerEvent: {}
[24.719900] (-) TimerEvent: {}
[24.820165] (-) TimerEvent: {}
[24.920422] (-) TimerEvent: {}
[25.020693] (-) TimerEvent: {}
[25.120950] (-) TimerEvent: {}
[25.221203] (-) TimerEvent: {}
[25.222866] (camera_ros) StdoutLine: {'line': b'[100%] \x1b[32m\x1b[1mLinking CXX shared library libcamera_component.so\x1b[0m\n'}
[25.321278] (-) TimerEvent: {}
[25.387417] (camera_ros) StdoutLine: {'line': b'[100%] Built target camera_component\n'}
[25.400291] (camera_ros) CommandEnded: {'returncode': 0}
[25.400934] (camera_ros) JobProgress: {'identifier': 'camera_ros', 'progress': 'install'}
[25.401169] (camera_ros) Command: {'cmd': ['/usr/bin/cmake', '--install', '/root/Dojo/build/camera_ros'], 'cwd': '/root/Dojo/build/camera_ros', 'env': OrderedDict([('HOSTNAME', 'gareth-joel-HP-Pavilion-Gaming-Laptop-15-ec2xxx'), ('SHLVL', '0'), ('LD_LIBRARY_PATH', '/usr/lib/x86_64-linux-gnu/gazebo-11/plugins:/opt/ros/humble/opt/rviz_ogre_vendor/lib:/opt/ros/humble/lib/x86_64-linux-gnu:/opt/ros/humble/lib'), ('HOME', '/root'), ('OLDPWD', '/'), ('ROS_PYTHON_VERSION', '3'), ('ROS_DISTRO', 'humble'), ('_', '/usr/bin/colcon'), ('ROS_VERSION', '2'), ('TERM', 'xterm'), ('ROS_LOCALHOST_ONLY', '0'), ('QT_X11_NO_MITSHM', '1'), ('PATH', '/opt/ros/humble/bin:/usr/local/sbin:/usr/local/bin:/usr/sbin:/usr/bin:/sbin:/bin'), ('DISPLAY', ':0'), ('LANG', 'C.UTF-8'), ('AMENT_PREFIX_PATH', '/opt/ros/humble'), ('PWD', '/root/Dojo/build/camera_ros'), ('LC_ALL', 'C.UTF-8'), ('PYTHONPATH', '/opt/ros/humble/lib/python3.10/site-packages:/opt/ros/humble/local/lib/python3.10/dist-packages'), ('COLCON', '1'), ('CMAKE_PREFIX_PATH', '/opt/ros/humble')]), 'shell': False}
[25.409092] (camera_ros) StdoutLine: {'line': b'-- Install configuration: "Release"\n'}
[25.409499] (camera_ros) StdoutLine: {'line': b'-- Execute custom install script\n'}
[25.409934] (camera_ros) StdoutLine: {'line': b'-- Symlinking: /root/Dojo/install/camera_ros/lib/camera_ros/camera_node\n'}
[25.419098] (camera_ros) StdoutLine: {'line': b'-- Symlinking: /root/Dojo/install/camera_ros/share/camera_ros/environment/library_path.sh\n'}
[25.421343] (-) TimerEvent: {}
[25.428607] (camera_ros) StdoutLine: {'line': b'-- Symlinking: /root/Dojo/install/camera_ros/share/camera_ros/environment/library_path.dsv\n'}
[25.437756] (camera_ros) StdoutLine: {'line': b'-- Symlinking: /root/Dojo/install/camera_ros/share/camera_ros//launch/camera.launch.py\n'}
[25.447495] (camera_ros) StdoutLine: {'line': b'-- Symlinking: /root/Dojo/install/camera_ros/share/ament_index/resource_index/package_run_dependencies/camera_ros\n'}
[25.456532] (camera_ros) StdoutLine: {'line': b'-- Symlinking: /root/Dojo/install/camera_ros/share/ament_index/resource_index/parent_prefix_path/camera_ros\n'}
[25.465739] (camera_ros) StdoutLine: {'line': b'-- Symlinking: /root/Dojo/install/camera_ros/share/camera_ros/environment/ament_prefix_path.sh\n'}
[25.474969] (camera_ros) StdoutLine: {'line': b'-- Symlinking: /root/Dojo/install/camera_ros/share/camera_ros/environment/ament_prefix_path.dsv\n'}
[25.483992] (camera_ros) StdoutLine: {'line': b'-- Symlinking: /root/Dojo/install/camera_ros/share/camera_ros/environment/path.sh\n'}
[25.493431] (camera_ros) StdoutLine: {'line': b'-- Symlinking: /root/Dojo/install/camera_ros/share/camera_ros/environment/path.dsv\n'}
[25.502304] (camera_ros) StdoutLine: {'line': b'-- Symlinking: /root/Dojo/install/camera_ros/share/camera_ros/local_setup.bash\n'}
[25.511676] (camera_ros) StdoutLine: {'line': b'-- Symlinking: /root/Dojo/install/camera_ros/share/camera_ros/local_setup.sh\n'}
[25.520424] (camera_ros) StdoutLine: {'line': b'-- Symlinking: /root/Dojo/install/camera_ros/share/camera_ros/local_setup.zsh\n'}
[25.521423] (-) TimerEvent: {}
[25.529681] (camera_ros) StdoutLine: {'line': b'-- Symlinking: /root/Dojo/install/camera_ros/share/camera_ros/local_setup.dsv\n'}
[25.538557] (camera_ros) StdoutLine: {'line': b'-- Symlinking: /root/Dojo/install/camera_ros/share/camera_ros/package.dsv\n'}
[25.547861] (camera_ros) StdoutLine: {'line': b'-- Symlinking: /root/Dojo/install/camera_ros/share/ament_index/resource_index/packages/camera_ros\n'}
[25.556959] (camera_ros) StdoutLine: {'line': b'-- Symlinking: /root/Dojo/install/camera_ros/share/ament_index/resource_index/rclcpp_components/camera_ros\n'}
[25.566508] (camera_ros) StdoutLine: {'line': b'-- Symlinking: /root/Dojo/install/camera_ros/share/camera_ros/cmake/ament_cmake_export_targets-extras.cmake\n'}
[25.575638] (camera_ros) StdoutLine: {'line': b'-- Symlinking: /root/Dojo/install/camera_ros/share/camera_ros/cmake/ament_cmake_export_dependencies-extras.cmake\n'}
[25.584697] (camera_ros) StdoutLine: {'line': b'-- Symlinking: /root/Dojo/install/camera_ros/share/camera_ros/cmake/camera_rosConfig.cmake\n'}
[25.594251] (camera_ros) StdoutLine: {'line': b'-- Symlinking: /root/Dojo/install/camera_ros/share/camera_ros/cmake/camera_rosConfig-version.cmake\n'}
[25.603383] (camera_ros) StdoutLine: {'line': b'-- Symlinking: /root/Dojo/install/camera_ros/share/camera_ros/package.xml\n'}
[25.613234] (camera_ros) StdoutLine: {'line': b'-- Installing: /root/Dojo/install/camera_ros/lib/libcamera_component.so\n'}
[25.614679] (camera_ros) StdoutLine: {'line': b'-- Set runtime path of "/root/Dojo/install/camera_ros/lib/libcamera_component.so" to ""\n'}
[25.614833] (camera_ros) StdoutLine: {'line': b'-- Installing: /root/Dojo/install/camera_ros/share/camera_ros/cmake/camera_componentTargetsExport.cmake\n'}
[25.614947] (camera_ros) StdoutLine: {'line': b'-- Installing: /root/Dojo/install/camera_ros/share/camera_ros/cmake/camera_componentTargetsExport-release.cmake\n'}
[25.616995] (camera_ros) CommandEnded: {'returncode': 0}
[25.621606] (-) TimerEvent: {}
[25.630043] (camera_ros) JobEnded: {'identifier': 'camera_ros', 'rc': 0}
[25.630677] (-) EventReactorShutdown: {}
