[0.100s] DEBUG:colcon:Command line arguments: ['/usr/bin/colcon', 'build', '--symlink-install', '--event-handlers', 'console_direct+', '--cmake-args', '-DCMAKE_BUILD_TYPE=Release', '-DBUILD_TESTING=OFF']
[0.100s] DEBUG:colcon:Parsed command line arguments: Namespace(log_base=None, log_level=None, verb_name='build', build_base='build', install_base='install', merge_install=False, symlink_install=True, test_result_base=None, continue_on_error=False, executor='parallel', parallel_workers=16, event_handlers=['console_direct+'], ignore_user_meta=False, metas=['./colcon.meta'], base_paths=['.'], packages_ignore=None, packages_ignore_regex=None, paths=None, packages_up_to=None, packages_up_to_regex=None, packages_above=None, packages_above_and_dependencies=None, packages_above_depth=None, packages_select_by_dep=None, packages_skip_by_dep=None, packages_skip_up_to=None, packages_select_build_failed=False, packages_skip_build_finished=False, packages_select_test_failures=False, packages_skip_test_passed=False, packages_select=None, packages_skip=None, packages_select_regex=None, packages_skip_regex=None, packages_start=None, packages_end=None, cmake_args=['-DCMAKE_BUILD_TYPE=Release', '-DBUILD_TESTING=OFF'], cmake_target=None, cmake_target_skip_unavailable=False, cmake_clean_cache=False, cmake_clean_first=False, cmake_force_configure=False, ament_cmake_args=None, catkin_cmake_args=None, catkin_skip_building_tests=False, mixin_files=None, mixin=None, verb_parser=<colcon_mixin.mixin.mixin_argument.MixinArgumentDecorator object at 0x7961f31d5cf0>, verb_extension=<colcon_core.verb.build.BuildVerb object at 0x7961f3357340>, main=<bound method BuildVerb.main of <colcon_core.verb.build.BuildVerb object at 0x7961f3357340>>, mixin_verb=('build',))
[0.315s] Level 1:colcon.colcon_core.package_discovery:discover_packages(colcon_meta) check parameters
[0.316s] INFO:colcon.colcon_metadata.package_discovery.colcon_meta:Using configuration from '/root/.colcon/metadata/default/Gazebo.meta'
[0.316s] INFO:colcon.colcon_metadata.package_discovery.colcon_meta:Using configuration from '/root/.colcon/metadata/default/fastdds.meta'
[0.316s] INFO:colcon.colcon_metadata.package_discovery.colcon_meta:Using configuration from '/root/.colcon/metadata/default/fastrtps.meta'
[0.316s] Level 1:colcon.colcon_core.package_discovery:discover_packages(recursive) check parameters
[0.316s] Level 1:colcon.colcon_core.package_discovery:discover_packages(ignore) check parameters
[0.316s] Level 1:colcon.colcon_core.package_discovery:discover_packages(path) check parameters
[0.316s] Level 1:colcon.colcon_core.package_discovery:discover_packages(colcon_meta) discover
[0.316s] Level 1:colcon.colcon_core.package_discovery:discover_packages(recursive) discover
[0.316s] INFO:colcon.colcon_core.package_discovery:Crawling recursively for packages in '/root/Dojo'
[0.317s] Level 1:colcon.colcon_core.package_identification:_identify(.) by extensions ['ignore', 'ignore_ament_install']
[0.317s] Level 1:colcon.colcon_core.package_identification:_identify(.) by extension 'ignore'
[0.317s] Level 1:colcon.colcon_core.package_identification:_identify(.) by extension 'ignore_ament_install'
[0.317s] Level 1:colcon.colcon_core.package_identification:_identify(.) by extensions ['colcon_pkg']
[0.317s] Level 1:colcon.colcon_core.package_identification:_identify(.) by extension 'colcon_pkg'
[0.317s] Level 1:colcon.colcon_core.package_identification:_identify(.) by extensions ['colcon_meta']
[0.317s] Level 1:colcon.colcon_core.package_identification:_identify(.) by extension 'colcon_meta'
[0.317s] Level 1:colcon.colcon_core.package_identification:_identify(.) by extensions ['ros']
[0.317s] Level 1:colcon.colcon_core.package_identification:_identify(.) by extension 'ros'
[0.328s] Level 1:colcon.colcon_core.package_identification:_identify(.) by extensions ['cmake', 'python']
[0.328s] Level 1:colcon.colcon_core.package_identification:_identify(.) by extension 'cmake'
[0.328s] Level 1:colcon.colcon_core.package_identification:_identify(.) by extension 'python'
[0.328s] Level 1:colcon.colcon_core.package_identification:_identify(.) by extensions ['python_setup_py']
[0.328s] Level 1:colcon.colcon_core.package_identification:_identify(.) by extension 'python_setup_py'
[0.328s] Level 1:colcon.colcon_core.package_identification:_identify(backup_packages) by extensions ['ignore', 'ignore_ament_install']
[0.328s] Level 1:colcon.colcon_core.package_identification:_identify(backup_packages) by extension 'ignore'
[0.328s] Level 1:colcon.colcon_core.package_identification:_identify(backup_packages) by extension 'ignore_ament_install'
[0.328s] Level 1:colcon.colcon_core.package_identification:_identify(backup_packages) by extensions ['colcon_pkg']
[0.328s] Level 1:colcon.colcon_core.package_identification:_identify(backup_packages) by extension 'colcon_pkg'
[0.328s] Level 1:colcon.colcon_core.package_identification:_identify(backup_packages) by extensions ['colcon_meta']
[0.328s] Level 1:colcon.colcon_core.package_identification:_identify(backup_packages) by extension 'colcon_meta'
[0.328s] Level 1:colcon.colcon_core.package_identification:_identify(backup_packages) by extensions ['ros']
[0.328s] Level 1:colcon.colcon_core.package_identification:_identify(backup_packages) by extension 'ros'
[0.328s] Level 1:colcon.colcon_core.package_identification:_identify(backup_packages) by extensions ['cmake', 'python']
[0.328s] Level 1:colcon.colcon_core.package_identification:_identify(backup_packages) by extension 'cmake'
[0.328s] Level 1:colcon.colcon_core.package_identification:_identify(backup_packages) by extension 'python'
[0.328s] Level 1:colcon.colcon_core.package_identification:_identify(backup_packages) by extensions ['python_setup_py']
[0.328s] Level 1:colcon.colcon_core.package_identification:_identify(backup_packages) by extension 'python_setup_py'
[0.329s] Level 1:colcon.colcon_core.package_identification:_identify(backup_packages/arduino_bridge) by extensions ['ignore', 'ignore_ament_install']
[0.329s] Level 1:colcon.colcon_core.package_identification:_identify(backup_packages/arduino_bridge) by extension 'ignore'
[0.329s] Level 1:colcon.colcon_core.package_identification:_identify(backup_packages/arduino_bridge) by extension 'ignore_ament_install'
[0.329s] Level 1:colcon.colcon_core.package_identification:_identify(backup_packages/arduino_bridge) by extensions ['colcon_pkg']
[0.329s] Level 1:colcon.colcon_core.package_identification:_identify(backup_packages/arduino_bridge) by extension 'colcon_pkg'
[0.329s] Level 1:colcon.colcon_core.package_identification:_identify(backup_packages/arduino_bridge) by extensions ['colcon_meta']
[0.329s] Level 1:colcon.colcon_core.package_identification:_identify(backup_packages/arduino_bridge) by extension 'colcon_meta'
[0.329s] Level 1:colcon.colcon_core.package_identification:_identify(backup_packages/arduino_bridge) by extensions ['ros']
[0.329s] Level 1:colcon.colcon_core.package_identification:_identify(backup_packages/arduino_bridge) by extension 'ros'
[0.331s] DEBUG:colcon.colcon_core.package_identification:Package 'backup_packages/arduino_bridge' with type 'ros.ament_python' and name 'arduino_bridge'
[0.331s] Level 1:colcon.colcon_core.package_identification:_identify(backup_packages/camera_ws) by extensions ['ignore', 'ignore_ament_install']
[0.331s] Level 1:colcon.colcon_core.package_identification:_identify(backup_packages/camera_ws) by extension 'ignore'
[0.332s] Level 1:colcon.colcon_core.package_identification:_identify(backup_packages/camera_ws) by extension 'ignore_ament_install'
[0.332s] Level 1:colcon.colcon_core.package_identification:_identify(backup_packages/camera_ws) by extensions ['colcon_pkg']
[0.332s] Level 1:colcon.colcon_core.package_identification:_identify(backup_packages/camera_ws) by extension 'colcon_pkg'
[0.332s] Level 1:colcon.colcon_core.package_identification:_identify(backup_packages/camera_ws) by extensions ['colcon_meta']
[0.332s] Level 1:colcon.colcon_core.package_identification:_identify(backup_packages/camera_ws) by extension 'colcon_meta'
[0.332s] Level 1:colcon.colcon_core.package_identification:_identify(backup_packages/camera_ws) by extensions ['ros']
[0.332s] Level 1:colcon.colcon_core.package_identification:_identify(backup_packages/camera_ws) by extension 'ros'
[0.332s] Level 1:colcon.colcon_core.package_identification:_identify(backup_packages/camera_ws) by extensions ['cmake', 'python']
[0.332s] Level 1:colcon.colcon_core.package_identification:_identify(backup_packages/camera_ws) by extension 'cmake'
[0.332s] Level 1:colcon.colcon_core.package_identification:_identify(backup_packages/camera_ws) by extension 'python'
[0.332s] Level 1:colcon.colcon_core.package_identification:_identify(backup_packages/camera_ws) by extensions ['python_setup_py']
[0.332s] Level 1:colcon.colcon_core.package_identification:_identify(backup_packages/camera_ws) by extension 'python_setup_py'
[0.332s] Level 1:colcon.colcon_core.package_identification:_identify(backup_packages/camera_ws/build) by extensions ['ignore', 'ignore_ament_install']
[0.332s] Level 1:colcon.colcon_core.package_identification:_identify(backup_packages/camera_ws/build) by extension 'ignore'
[0.332s] Level 1:colcon.colcon_core.package_identification:_identify(backup_packages/camera_ws/build) ignored
[0.332s] Level 1:colcon.colcon_core.package_identification:_identify(backup_packages/camera_ws/install) by extensions ['ignore', 'ignore_ament_install']
[0.332s] Level 1:colcon.colcon_core.package_identification:_identify(backup_packages/camera_ws/install) by extension 'ignore'
[0.332s] Level 1:colcon.colcon_core.package_identification:_identify(backup_packages/camera_ws/install) ignored
[0.332s] Level 1:colcon.colcon_core.package_identification:_identify(backup_packages/camera_ws/log) by extensions ['ignore', 'ignore_ament_install']
[0.332s] Level 1:colcon.colcon_core.package_identification:_identify(backup_packages/camera_ws/log) by extension 'ignore'
[0.332s] Level 1:colcon.colcon_core.package_identification:_identify(backup_packages/camera_ws/log) ignored
[0.333s] Level 1:colcon.colcon_core.package_identification:_identify(backup_packages/camera_ws/src) by extensions ['ignore', 'ignore_ament_install']
[0.333s] Level 1:colcon.colcon_core.package_identification:_identify(backup_packages/camera_ws/src) by extension 'ignore'
[0.333s] Level 1:colcon.colcon_core.package_identification:_identify(backup_packages/camera_ws/src) by extension 'ignore_ament_install'
[0.333s] Level 1:colcon.colcon_core.package_identification:_identify(backup_packages/camera_ws/src) by extensions ['colcon_pkg']
[0.333s] Level 1:colcon.colcon_core.package_identification:_identify(backup_packages/camera_ws/src) by extension 'colcon_pkg'
[0.333s] Level 1:colcon.colcon_core.package_identification:_identify(backup_packages/camera_ws/src) by extensions ['colcon_meta']
[0.333s] Level 1:colcon.colcon_core.package_identification:_identify(backup_packages/camera_ws/src) by extension 'colcon_meta'
[0.333s] Level 1:colcon.colcon_core.package_identification:_identify(backup_packages/camera_ws/src) by extensions ['ros']
[0.333s] Level 1:colcon.colcon_core.package_identification:_identify(backup_packages/camera_ws/src) by extension 'ros'
[0.333s] Level 1:colcon.colcon_core.package_identification:_identify(backup_packages/camera_ws/src) by extensions ['cmake', 'python']
[0.333s] Level 1:colcon.colcon_core.package_identification:_identify(backup_packages/camera_ws/src) by extension 'cmake'
[0.333s] Level 1:colcon.colcon_core.package_identification:_identify(backup_packages/camera_ws/src) by extension 'python'
[0.333s] Level 1:colcon.colcon_core.package_identification:_identify(backup_packages/camera_ws/src) by extensions ['python_setup_py']
[0.333s] Level 1:colcon.colcon_core.package_identification:_identify(backup_packages/camera_ws/src) by extension 'python_setup_py'
[0.333s] Level 1:colcon.colcon_core.package_identification:_identify(backup_packages/camera_ws/src/camera_ros) by extensions ['ignore', 'ignore_ament_install']
[0.333s] Level 1:colcon.colcon_core.package_identification:_identify(backup_packages/camera_ws/src/camera_ros) by extension 'ignore'
[0.333s] Level 1:colcon.colcon_core.package_identification:_identify(backup_packages/camera_ws/src/camera_ros) by extension 'ignore_ament_install'
[0.333s] Level 1:colcon.colcon_core.package_identification:_identify(backup_packages/camera_ws/src/camera_ros) by extensions ['colcon_pkg']
[0.333s] Level 1:colcon.colcon_core.package_identification:_identify(backup_packages/camera_ws/src/camera_ros) by extension 'colcon_pkg'
[0.333s] Level 1:colcon.colcon_core.package_identification:_identify(backup_packages/camera_ws/src/camera_ros) by extensions ['colcon_meta']
[0.333s] Level 1:colcon.colcon_core.package_identification:_identify(backup_packages/camera_ws/src/camera_ros) by extension 'colcon_meta'
[0.333s] Level 1:colcon.colcon_core.package_identification:_identify(backup_packages/camera_ws/src/camera_ros) by extensions ['ros']
[0.333s] Level 1:colcon.colcon_core.package_identification:_identify(backup_packages/camera_ws/src/camera_ros) by extension 'ros'
[0.336s] DEBUG:colcon.colcon_core.package_identification:Package 'backup_packages/camera_ws/src/camera_ros' with type 'ros.ament_cmake' and name 'camera_ros'
[0.336s] Level 1:colcon.colcon_core.package_identification:_identify(backup_packages/camera_ws/src/libcamera) by extensions ['ignore', 'ignore_ament_install']
[0.336s] Level 1:colcon.colcon_core.package_identification:_identify(backup_packages/camera_ws/src/libcamera) by extension 'ignore'
[0.336s] Level 1:colcon.colcon_core.package_identification:_identify(backup_packages/camera_ws/src/libcamera) by extension 'ignore_ament_install'
[0.336s] Level 1:colcon.colcon_core.package_identification:_identify(backup_packages/camera_ws/src/libcamera) by extensions ['colcon_pkg']
[0.336s] Level 1:colcon.colcon_core.package_identification:_identify(backup_packages/camera_ws/src/libcamera) by extension 'colcon_pkg'
[0.336s] Level 1:colcon.colcon_core.package_identification:_identify(backup_packages/camera_ws/src/libcamera) by extensions ['colcon_meta']
[0.336s] Level 1:colcon.colcon_core.package_identification:_identify(backup_packages/camera_ws/src/libcamera) by extension 'colcon_meta'
[0.336s] Level 1:colcon.colcon_core.package_identification:_identify(backup_packages/camera_ws/src/libcamera) by extensions ['ros']
[0.336s] Level 1:colcon.colcon_core.package_identification:_identify(backup_packages/camera_ws/src/libcamera) by extension 'ros'
[0.336s] Level 1:colcon.colcon_core.package_identification:_identify(backup_packages/camera_ws/src/libcamera) by extensions ['cmake', 'python']
[0.336s] Level 1:colcon.colcon_core.package_identification:_identify(backup_packages/camera_ws/src/libcamera) by extension 'cmake'
[0.336s] Level 1:colcon.colcon_core.package_identification:_identify(backup_packages/camera_ws/src/libcamera) by extension 'python'
[0.336s] Level 1:colcon.colcon_core.package_identification:_identify(backup_packages/camera_ws/src/libcamera) by extensions ['python_setup_py']
[0.336s] Level 1:colcon.colcon_core.package_identification:_identify(backup_packages/camera_ws/src/libcamera) by extension 'python_setup_py'
[0.336s] Level 1:colcon.colcon_core.package_identification:_identify(backup_packages/camera_ws/src/libcamera/Documentation) by extensions ['ignore', 'ignore_ament_install']
[0.336s] Level 1:colcon.colcon_core.package_identification:_identify(backup_packages/camera_ws/src/libcamera/Documentation) by extension 'ignore'
[0.336s] Level 1:colcon.colcon_core.package_identification:_identify(backup_packages/camera_ws/src/libcamera/Documentation) by extension 'ignore_ament_install'
[0.336s] Level 1:colcon.colcon_core.package_identification:_identify(backup_packages/camera_ws/src/libcamera/Documentation) by extensions ['colcon_pkg']
[0.336s] Level 1:colcon.colcon_core.package_identification:_identify(backup_packages/camera_ws/src/libcamera/Documentation) by extension 'colcon_pkg'
[0.336s] Level 1:colcon.colcon_core.package_identification:_identify(backup_packages/camera_ws/src/libcamera/Documentation) by extensions ['colcon_meta']
[0.337s] Level 1:colcon.colcon_core.package_identification:_identify(backup_packages/camera_ws/src/libcamera/Documentation) by extension 'colcon_meta'
[0.337s] Level 1:colcon.colcon_core.package_identification:_identify(backup_packages/camera_ws/src/libcamera/Documentation) by extensions ['ros']
[0.337s] Level 1:colcon.colcon_core.package_identification:_identify(backup_packages/camera_ws/src/libcamera/Documentation) by extension 'ros'
[0.337s] Level 1:colcon.colcon_core.package_identification:_identify(backup_packages/camera_ws/src/libcamera/Documentation) by extensions ['cmake', 'python']
[0.337s] Level 1:colcon.colcon_core.package_identification:_identify(backup_packages/camera_ws/src/libcamera/Documentation) by extension 'cmake'
[0.337s] Level 1:colcon.colcon_core.package_identification:_identify(backup_packages/camera_ws/src/libcamera/Documentation) by extension 'python'
[0.337s] Level 1:colcon.colcon_core.package_identification:_identify(backup_packages/camera_ws/src/libcamera/Documentation) by extensions ['python_setup_py']
[0.337s] Level 1:colcon.colcon_core.package_identification:_identify(backup_packages/camera_ws/src/libcamera/Documentation) by extension 'python_setup_py'
[0.337s] Level 1:colcon.colcon_core.package_identification:_identify(backup_packages/camera_ws/src/libcamera/Documentation/api-html) by extensions ['ignore', 'ignore_ament_install']
[0.337s] Level 1:colcon.colcon_core.package_identification:_identify(backup_packages/camera_ws/src/libcamera/Documentation/api-html) by extension 'ignore'
[0.337s] Level 1:colcon.colcon_core.package_identification:_identify(backup_packages/camera_ws/src/libcamera/Documentation/api-html) by extension 'ignore_ament_install'
[0.337s] Level 1:colcon.colcon_core.package_identification:_identify(backup_packages/camera_ws/src/libcamera/Documentation/api-html) by extensions ['colcon_pkg']
[0.337s] Level 1:colcon.colcon_core.package_identification:_identify(backup_packages/camera_ws/src/libcamera/Documentation/api-html) by extension 'colcon_pkg'
[0.337s] Level 1:colcon.colcon_core.package_identification:_identify(backup_packages/camera_ws/src/libcamera/Documentation/api-html) by extensions ['colcon_meta']
[0.337s] Level 1:colcon.colcon_core.package_identification:_identify(backup_packages/camera_ws/src/libcamera/Documentation/api-html) by extension 'colcon_meta'
[0.337s] Level 1:colcon.colcon_core.package_identification:_identify(backup_packages/camera_ws/src/libcamera/Documentation/api-html) by extensions ['ros']
[0.337s] Level 1:colcon.colcon_core.package_identification:_identify(backup_packages/camera_ws/src/libcamera/Documentation/api-html) by extension 'ros'
[0.337s] Level 1:colcon.colcon_core.package_identification:_identify(backup_packages/camera_ws/src/libcamera/Documentation/api-html) by extensions ['cmake', 'python']
[0.337s] Level 1:colcon.colcon_core.package_identification:_identify(backup_packages/camera_ws/src/libcamera/Documentation/api-html) by extension 'cmake'
[0.337s] Level 1:colcon.colcon_core.package_identification:_identify(backup_packages/camera_ws/src/libcamera/Documentation/api-html) by extension 'python'
[0.337s] Level 1:colcon.colcon_core.package_identification:_identify(backup_packages/camera_ws/src/libcamera/Documentation/api-html) by extensions ['python_setup_py']
[0.337s] Level 1:colcon.colcon_core.package_identification:_identify(backup_packages/camera_ws/src/libcamera/Documentation/api-html) by extension 'python_setup_py'
[0.337s] Level 1:colcon.colcon_core.package_identification:_identify(backup_packages/camera_ws/src/libcamera/Documentation/design) by extensions ['ignore', 'ignore_ament_install']
[0.337s] Level 1:colcon.colcon_core.package_identification:_identify(backup_packages/camera_ws/src/libcamera/Documentation/design) by extension 'ignore'
[0.338s] Level 1:colcon.colcon_core.package_identification:_identify(backup_packages/camera_ws/src/libcamera/Documentation/design) by extension 'ignore_ament_install'
[0.338s] Level 1:colcon.colcon_core.package_identification:_identify(backup_packages/camera_ws/src/libcamera/Documentation/design) by extensions ['colcon_pkg']
[0.338s] Level 1:colcon.colcon_core.package_identification:_identify(backup_packages/camera_ws/src/libcamera/Documentation/design) by extension 'colcon_pkg'
[0.338s] Level 1:colcon.colcon_core.package_identification:_identify(backup_packages/camera_ws/src/libcamera/Documentation/design) by extensions ['colcon_meta']
[0.338s] Level 1:colcon.colcon_core.package_identification:_identify(backup_packages/camera_ws/src/libcamera/Documentation/design) by extension 'colcon_meta'
[0.338s] Level 1:colcon.colcon_core.package_identification:_identify(backup_packages/camera_ws/src/libcamera/Documentation/design) by extensions ['ros']
[0.338s] Level 1:colcon.colcon_core.package_identification:_identify(backup_packages/camera_ws/src/libcamera/Documentation/design) by extension 'ros'
[0.338s] Level 1:colcon.colcon_core.package_identification:_identify(backup_packages/camera_ws/src/libcamera/Documentation/design) by extensions ['cmake', 'python']
[0.338s] Level 1:colcon.colcon_core.package_identification:_identify(backup_packages/camera_ws/src/libcamera/Documentation/design) by extension 'cmake'
[0.338s] Level 1:colcon.colcon_core.package_identification:_identify(backup_packages/camera_ws/src/libcamera/Documentation/design) by extension 'python'
[0.338s] Level 1:colcon.colcon_core.package_identification:_identify(backup_packages/camera_ws/src/libcamera/Documentation/design) by extensions ['python_setup_py']
[0.338s] Level 1:colcon.colcon_core.package_identification:_identify(backup_packages/camera_ws/src/libcamera/Documentation/design) by extension 'python_setup_py'
[0.338s] Level 1:colcon.colcon_core.package_identification:_identify(backup_packages/camera_ws/src/libcamera/Documentation/guides) by extensions ['ignore', 'ignore_ament_install']
[0.338s] Level 1:colcon.colcon_core.package_identification:_identify(backup_packages/camera_ws/src/libcamera/Documentation/guides) by extension 'ignore'
[0.338s] Level 1:colcon.colcon_core.package_identification:_identify(backup_packages/camera_ws/src/libcamera/Documentation/guides) by extension 'ignore_ament_install'
[0.338s] Level 1:colcon.colcon_core.package_identification:_identify(backup_packages/camera_ws/src/libcamera/Documentation/guides) by extensions ['colcon_pkg']
[0.338s] Level 1:colcon.colcon_core.package_identification:_identify(backup_packages/camera_ws/src/libcamera/Documentation/guides) by extension 'colcon_pkg'
[0.338s] Level 1:colcon.colcon_core.package_identification:_identify(backup_packages/camera_ws/src/libcamera/Documentation/guides) by extensions ['colcon_meta']
[0.338s] Level 1:colcon.colcon_core.package_identification:_identify(backup_packages/camera_ws/src/libcamera/Documentation/guides) by extension 'colcon_meta'
[0.338s] Level 1:colcon.colcon_core.package_identification:_identify(backup_packages/camera_ws/src/libcamera/Documentation/guides) by extensions ['ros']
[0.338s] Level 1:colcon.colcon_core.package_identification:_identify(backup_packages/camera_ws/src/libcamera/Documentation/guides) by extension 'ros'
[0.338s] Level 1:colcon.colcon_core.package_identification:_identify(backup_packages/camera_ws/src/libcamera/Documentation/guides) by extensions ['cmake', 'python']
[0.338s] Level 1:colcon.colcon_core.package_identification:_identify(backup_packages/camera_ws/src/libcamera/Documentation/guides) by extension 'cmake'
[0.338s] Level 1:colcon.colcon_core.package_identification:_identify(backup_packages/camera_ws/src/libcamera/Documentation/guides) by extension 'python'
[0.338s] Level 1:colcon.colcon_core.package_identification:_identify(backup_packages/camera_ws/src/libcamera/Documentation/guides) by extensions ['python_setup_py']
[0.338s] Level 1:colcon.colcon_core.package_identification:_identify(backup_packages/camera_ws/src/libcamera/Documentation/guides) by extension 'python_setup_py'
[0.339s] Level 1:colcon.colcon_core.package_identification:_identify(backup_packages/camera_ws/src/libcamera/Documentation/images) by extensions ['ignore', 'ignore_ament_install']
[0.339s] Level 1:colcon.colcon_core.package_identification:_identify(backup_packages/camera_ws/src/libcamera/Documentation/images) by extension 'ignore'
[0.339s] Level 1:colcon.colcon_core.package_identification:_identify(backup_packages/camera_ws/src/libcamera/Documentation/images) by extension 'ignore_ament_install'
[0.339s] Level 1:colcon.colcon_core.package_identification:_identify(backup_packages/camera_ws/src/libcamera/Documentation/images) by extensions ['colcon_pkg']
[0.339s] Level 1:colcon.colcon_core.package_identification:_identify(backup_packages/camera_ws/src/libcamera/Documentation/images) by extension 'colcon_pkg'
[0.339s] Level 1:colcon.colcon_core.package_identification:_identify(backup_packages/camera_ws/src/libcamera/Documentation/images) by extensions ['colcon_meta']
[0.339s] Level 1:colcon.colcon_core.package_identification:_identify(backup_packages/camera_ws/src/libcamera/Documentation/images) by extension 'colcon_meta'
[0.339s] Level 1:colcon.colcon_core.package_identification:_identify(backup_packages/camera_ws/src/libcamera/Documentation/images) by extensions ['ros']
[0.339s] Level 1:colcon.colcon_core.package_identification:_identify(backup_packages/camera_ws/src/libcamera/Documentation/images) by extension 'ros'
[0.339s] Level 1:colcon.colcon_core.package_identification:_identify(backup_packages/camera_ws/src/libcamera/Documentation/images) by extensions ['cmake', 'python']
[0.339s] Level 1:colcon.colcon_core.package_identification:_identify(backup_packages/camera_ws/src/libcamera/Documentation/images) by extension 'cmake'
[0.339s] Level 1:colcon.colcon_core.package_identification:_identify(backup_packages/camera_ws/src/libcamera/Documentation/images) by extension 'python'
[0.339s] Level 1:colcon.colcon_core.package_identification:_identify(backup_packages/camera_ws/src/libcamera/Documentation/images) by extensions ['python_setup_py']
[0.339s] Level 1:colcon.colcon_core.package_identification:_identify(backup_packages/camera_ws/src/libcamera/Documentation/images) by extension 'python_setup_py'
[0.339s] Level 1:colcon.colcon_core.package_identification:_identify(backup_packages/camera_ws/src/libcamera/Documentation/images/rotation) by extensions ['ignore', 'ignore_ament_install']
[0.339s] Level 1:colcon.colcon_core.package_identification:_identify(backup_packages/camera_ws/src/libcamera/Documentation/images/rotation) by extension 'ignore'
[0.339s] Level 1:colcon.colcon_core.package_identification:_identify(backup_packages/camera_ws/src/libcamera/Documentation/images/rotation) by extension 'ignore_ament_install'
[0.339s] Level 1:colcon.colcon_core.package_identification:_identify(backup_packages/camera_ws/src/libcamera/Documentation/images/rotation) by extensions ['colcon_pkg']
[0.339s] Level 1:colcon.colcon_core.package_identification:_identify(backup_packages/camera_ws/src/libcamera/Documentation/images/rotation) by extension 'colcon_pkg'
[0.339s] Level 1:colcon.colcon_core.package_identification:_identify(backup_packages/camera_ws/src/libcamera/Documentation/images/rotation) by extensions ['colcon_meta']
[0.339s] Level 1:colcon.colcon_core.package_identification:_identify(backup_packages/camera_ws/src/libcamera/Documentation/images/rotation) by extension 'colcon_meta'
[0.339s] Level 1:colcon.colcon_core.package_identification:_identify(backup_packages/camera_ws/src/libcamera/Documentation/images/rotation) by extensions ['ros']
[0.339s] Level 1:colcon.colcon_core.package_identification:_identify(backup_packages/camera_ws/src/libcamera/Documentation/images/rotation) by extension 'ros'
[0.339s] Level 1:colcon.colcon_core.package_identification:_identify(backup_packages/camera_ws/src/libcamera/Documentation/images/rotation) by extensions ['cmake', 'python']
[0.339s] Level 1:colcon.colcon_core.package_identification:_identify(backup_packages/camera_ws/src/libcamera/Documentation/images/rotation) by extension 'cmake'
[0.339s] Level 1:colcon.colcon_core.package_identification:_identify(backup_packages/camera_ws/src/libcamera/Documentation/images/rotation) by extension 'python'
[0.340s] Level 1:colcon.colcon_core.package_identification:_identify(backup_packages/camera_ws/src/libcamera/Documentation/images/rotation) by extensions ['python_setup_py']
[0.340s] Level 1:colcon.colcon_core.package_identification:_identify(backup_packages/camera_ws/src/libcamera/Documentation/images/rotation) by extension 'python_setup_py'
[0.340s] Level 1:colcon.colcon_core.package_identification:_identify(backup_packages/camera_ws/src/libcamera/Documentation/internal-api-html) by extensions ['ignore', 'ignore_ament_install']
[0.340s] Level 1:colcon.colcon_core.package_identification:_identify(backup_packages/camera_ws/src/libcamera/Documentation/internal-api-html) by extension 'ignore'
[0.340s] Level 1:colcon.colcon_core.package_identification:_identify(backup_packages/camera_ws/src/libcamera/Documentation/internal-api-html) by extension 'ignore_ament_install'
[0.340s] Level 1:colcon.colcon_core.package_identification:_identify(backup_packages/camera_ws/src/libcamera/Documentation/internal-api-html) by extensions ['colcon_pkg']
[0.340s] Level 1:colcon.colcon_core.package_identification:_identify(backup_packages/camera_ws/src/libcamera/Documentation/internal-api-html) by extension 'colcon_pkg'
[0.340s] Level 1:colcon.colcon_core.package_identification:_identify(backup_packages/camera_ws/src/libcamera/Documentation/internal-api-html) by extensions ['colcon_meta']
[0.340s] Level 1:colcon.colcon_core.package_identification:_identify(backup_packages/camera_ws/src/libcamera/Documentation/internal-api-html) by extension 'colcon_meta'
[0.340s] Level 1:colcon.colcon_core.package_identification:_identify(backup_packages/camera_ws/src/libcamera/Documentation/internal-api-html) by extensions ['ros']
[0.340s] Level 1:colcon.colcon_core.package_identification:_identify(backup_packages/camera_ws/src/libcamera/Documentation/internal-api-html) by extension 'ros'
[0.340s] Level 1:colcon.colcon_core.package_identification:_identify(backup_packages/camera_ws/src/libcamera/Documentation/internal-api-html) by extensions ['cmake', 'python']
[0.340s] Level 1:colcon.colcon_core.package_identification:_identify(backup_packages/camera_ws/src/libcamera/Documentation/internal-api-html) by extension 'cmake'
[0.340s] Level 1:colcon.colcon_core.package_identification:_identify(backup_packages/camera_ws/src/libcamera/Documentation/internal-api-html) by extension 'python'
[0.340s] Level 1:colcon.colcon_core.package_identification:_identify(backup_packages/camera_ws/src/libcamera/Documentation/internal-api-html) by extensions ['python_setup_py']
[0.340s] Level 1:colcon.colcon_core.package_identification:_identify(backup_packages/camera_ws/src/libcamera/Documentation/internal-api-html) by extension 'python_setup_py'
[0.340s] Level 1:colcon.colcon_core.package_identification:_identify(backup_packages/camera_ws/src/libcamera/Documentation/theme) by extensions ['ignore', 'ignore_ament_install']
[0.340s] Level 1:colcon.colcon_core.package_identification:_identify(backup_packages/camera_ws/src/libcamera/Documentation/theme) by extension 'ignore'
[0.340s] Level 1:colcon.colcon_core.package_identification:_identify(backup_packages/camera_ws/src/libcamera/Documentation/theme) by extension 'ignore_ament_install'
[0.340s] Level 1:colcon.colcon_core.package_identification:_identify(backup_packages/camera_ws/src/libcamera/Documentation/theme) by extensions ['colcon_pkg']
[0.340s] Level 1:colcon.colcon_core.package_identification:_identify(backup_packages/camera_ws/src/libcamera/Documentation/theme) by extension 'colcon_pkg'
[0.340s] Level 1:colcon.colcon_core.package_identification:_identify(backup_packages/camera_ws/src/libcamera/Documentation/theme) by extensions ['colcon_meta']
[0.340s] Level 1:colcon.colcon_core.package_identification:_identify(backup_packages/camera_ws/src/libcamera/Documentation/theme) by extension 'colcon_meta'
[0.340s] Level 1:colcon.colcon_core.package_identification:_identify(backup_packages/camera_ws/src/libcamera/Documentation/theme) by extensions ['ros']
[0.340s] Level 1:colcon.colcon_core.package_identification:_identify(backup_packages/camera_ws/src/libcamera/Documentation/theme) by extension 'ros'
[0.341s] Level 1:colcon.colcon_core.package_identification:_identify(backup_packages/camera_ws/src/libcamera/Documentation/theme) by extensions ['cmake', 'python']
[0.341s] Level 1:colcon.colcon_core.package_identification:_identify(backup_packages/camera_ws/src/libcamera/Documentation/theme) by extension 'cmake'
[0.341s] Level 1:colcon.colcon_core.package_identification:_identify(backup_packages/camera_ws/src/libcamera/Documentation/theme) by extension 'python'
[0.341s] Level 1:colcon.colcon_core.package_identification:_identify(backup_packages/camera_ws/src/libcamera/Documentation/theme) by extensions ['python_setup_py']
[0.341s] Level 1:colcon.colcon_core.package_identification:_identify(backup_packages/camera_ws/src/libcamera/Documentation/theme) by extension 'python_setup_py'
[0.341s] Level 1:colcon.colcon_core.package_identification:_identify(backup_packages/camera_ws/src/libcamera/Documentation/theme/static) by extensions ['ignore', 'ignore_ament_install']
[0.341s] Level 1:colcon.colcon_core.package_identification:_identify(backup_packages/camera_ws/src/libcamera/Documentation/theme/static) by extension 'ignore'
[0.341s] Level 1:colcon.colcon_core.package_identification:_identify(backup_packages/camera_ws/src/libcamera/Documentation/theme/static) by extension 'ignore_ament_install'
[0.341s] Level 1:colcon.colcon_core.package_identification:_identify(backup_packages/camera_ws/src/libcamera/Documentation/theme/static) by extensions ['colcon_pkg']
[0.341s] Level 1:colcon.colcon_core.package_identification:_identify(backup_packages/camera_ws/src/libcamera/Documentation/theme/static) by extension 'colcon_pkg'
[0.341s] Level 1:colcon.colcon_core.package_identification:_identify(backup_packages/camera_ws/src/libcamera/Documentation/theme/static) by extensions ['colcon_meta']
[0.341s] Level 1:colcon.colcon_core.package_identification:_identify(backup_packages/camera_ws/src/libcamera/Documentation/theme/static) by extension 'colcon_meta'
[0.341s] Level 1:colcon.colcon_core.package_identification:_identify(backup_packages/camera_ws/src/libcamera/Documentation/theme/static) by extensions ['ros']
[0.341s] Level 1:colcon.colcon_core.package_identification:_identify(backup_packages/camera_ws/src/libcamera/Documentation/theme/static) by extension 'ros'
[0.341s] Level 1:colcon.colcon_core.package_identification:_identify(backup_packages/camera_ws/src/libcamera/Documentation/theme/static) by extensions ['cmake', 'python']
[0.341s] Level 1:colcon.colcon_core.package_identification:_identify(backup_packages/camera_ws/src/libcamera/Documentation/theme/static) by extension 'cmake'
[0.341s] Level 1:colcon.colcon_core.package_identification:_identify(backup_packages/camera_ws/src/libcamera/Documentation/theme/static) by extension 'python'
[0.341s] Level 1:colcon.colcon_core.package_identification:_identify(backup_packages/camera_ws/src/libcamera/Documentation/theme/static) by extensions ['python_setup_py']
[0.341s] Level 1:colcon.colcon_core.package_identification:_identify(backup_packages/camera_ws/src/libcamera/Documentation/theme/static) by extension 'python_setup_py'
[0.341s] Level 1:colcon.colcon_core.package_identification:_identify(backup_packages/camera_ws/src/libcamera/Documentation/theme/static/css) by extensions ['ignore', 'ignore_ament_install']
[0.341s] Level 1:colcon.colcon_core.package_identification:_identify(backup_packages/camera_ws/src/libcamera/Documentation/theme/static/css) by extension 'ignore'
[0.341s] Level 1:colcon.colcon_core.package_identification:_identify(backup_packages/camera_ws/src/libcamera/Documentation/theme/static/css) by extension 'ignore_ament_install'
[0.341s] Level 1:colcon.colcon_core.package_identification:_identify(backup_packages/camera_ws/src/libcamera/Documentation/theme/static/css) by extensions ['colcon_pkg']
[0.341s] Level 1:colcon.colcon_core.package_identification:_identify(backup_packages/camera_ws/src/libcamera/Documentation/theme/static/css) by extension 'colcon_pkg'
[0.341s] Level 1:colcon.colcon_core.package_identification:_identify(backup_packages/camera_ws/src/libcamera/Documentation/theme/static/css) by extensions ['colcon_meta']
[0.341s] Level 1:colcon.colcon_core.package_identification:_identify(backup_packages/camera_ws/src/libcamera/Documentation/theme/static/css) by extension 'colcon_meta'
[0.342s] Level 1:colcon.colcon_core.package_identification:_identify(backup_packages/camera_ws/src/libcamera/Documentation/theme/static/css) by extensions ['ros']
[0.342s] Level 1:colcon.colcon_core.package_identification:_identify(backup_packages/camera_ws/src/libcamera/Documentation/theme/static/css) by extension 'ros'
[0.342s] Level 1:colcon.colcon_core.package_identification:_identify(backup_packages/camera_ws/src/libcamera/Documentation/theme/static/css) by extensions ['cmake', 'python']
[0.342s] Level 1:colcon.colcon_core.package_identification:_identify(backup_packages/camera_ws/src/libcamera/Documentation/theme/static/css) by extension 'cmake'
[0.342s] Level 1:colcon.colcon_core.package_identification:_identify(backup_packages/camera_ws/src/libcamera/Documentation/theme/static/css) by extension 'python'
[0.342s] Level 1:colcon.colcon_core.package_identification:_identify(backup_packages/camera_ws/src/libcamera/Documentation/theme/static/css) by extensions ['python_setup_py']
[0.342s] Level 1:colcon.colcon_core.package_identification:_identify(backup_packages/camera_ws/src/libcamera/Documentation/theme/static/css) by extension 'python_setup_py'
[0.342s] Level 1:colcon.colcon_core.package_identification:_identify(backup_packages/camera_ws/src/libcamera/LICENSES) by extensions ['ignore', 'ignore_ament_install']
[0.342s] Level 1:colcon.colcon_core.package_identification:_identify(backup_packages/camera_ws/src/libcamera/LICENSES) by extension 'ignore'
[0.342s] Level 1:colcon.colcon_core.package_identification:_identify(backup_packages/camera_ws/src/libcamera/LICENSES) by extension 'ignore_ament_install'
[0.342s] Level 1:colcon.colcon_core.package_identification:_identify(backup_packages/camera_ws/src/libcamera/LICENSES) by extensions ['colcon_pkg']
[0.342s] Level 1:colcon.colcon_core.package_identification:_identify(backup_packages/camera_ws/src/libcamera/LICENSES) by extension 'colcon_pkg'
[0.342s] Level 1:colcon.colcon_core.package_identification:_identify(backup_packages/camera_ws/src/libcamera/LICENSES) by extensions ['colcon_meta']
[0.342s] Level 1:colcon.colcon_core.package_identification:_identify(backup_packages/camera_ws/src/libcamera/LICENSES) by extension 'colcon_meta'
[0.342s] Level 1:colcon.colcon_core.package_identification:_identify(backup_packages/camera_ws/src/libcamera/LICENSES) by extensions ['ros']
[0.342s] Level 1:colcon.colcon_core.package_identification:_identify(backup_packages/camera_ws/src/libcamera/LICENSES) by extension 'ros'
[0.342s] Level 1:colcon.colcon_core.package_identification:_identify(backup_packages/camera_ws/src/libcamera/LICENSES) by extensions ['cmake', 'python']
[0.342s] Level 1:colcon.colcon_core.package_identification:_identify(backup_packages/camera_ws/src/libcamera/LICENSES) by extension 'cmake'
[0.342s] Level 1:colcon.colcon_core.package_identification:_identify(backup_packages/camera_ws/src/libcamera/LICENSES) by extension 'python'
[0.342s] Level 1:colcon.colcon_core.package_identification:_identify(backup_packages/camera_ws/src/libcamera/LICENSES) by extensions ['python_setup_py']
[0.342s] Level 1:colcon.colcon_core.package_identification:_identify(backup_packages/camera_ws/src/libcamera/LICENSES) by extension 'python_setup_py'
[0.342s] Level 1:colcon.colcon_core.package_identification:_identify(backup_packages/camera_ws/src/libcamera/include) by extensions ['ignore', 'ignore_ament_install']
[0.342s] Level 1:colcon.colcon_core.package_identification:_identify(backup_packages/camera_ws/src/libcamera/include) by extension 'ignore'
[0.342s] Level 1:colcon.colcon_core.package_identification:_identify(backup_packages/camera_ws/src/libcamera/include) by extension 'ignore_ament_install'
[0.343s] Level 1:colcon.colcon_core.package_identification:_identify(backup_packages/camera_ws/src/libcamera/include) by extensions ['colcon_pkg']
[0.343s] Level 1:colcon.colcon_core.package_identification:_identify(backup_packages/camera_ws/src/libcamera/include) by extension 'colcon_pkg'
[0.343s] Level 1:colcon.colcon_core.package_identification:_identify(backup_packages/camera_ws/src/libcamera/include) by extensions ['colcon_meta']
[0.343s] Level 1:colcon.colcon_core.package_identification:_identify(backup_packages/camera_ws/src/libcamera/include) by extension 'colcon_meta'
[0.343s] Level 1:colcon.colcon_core.package_identification:_identify(backup_packages/camera_ws/src/libcamera/include) by extensions ['ros']
[0.343s] Level 1:colcon.colcon_core.package_identification:_identify(backup_packages/camera_ws/src/libcamera/include) by extension 'ros'
[0.343s] Level 1:colcon.colcon_core.package_identification:_identify(backup_packages/camera_ws/src/libcamera/include) by extensions ['cmake', 'python']
[0.343s] Level 1:colcon.colcon_core.package_identification:_identify(backup_packages/camera_ws/src/libcamera/include) by extension 'cmake'
[0.343s] Level 1:colcon.colcon_core.package_identification:_identify(backup_packages/camera_ws/src/libcamera/include) by extension 'python'
[0.343s] Level 1:colcon.colcon_core.package_identification:_identify(backup_packages/camera_ws/src/libcamera/include) by extensions ['python_setup_py']
[0.343s] Level 1:colcon.colcon_core.package_identification:_identify(backup_packages/camera_ws/src/libcamera/include) by extension 'python_setup_py'
[0.343s] Level 1:colcon.colcon_core.package_identification:_identify(backup_packages/camera_ws/src/libcamera/include/android) by extensions ['ignore', 'ignore_ament_install']
[0.343s] Level 1:colcon.colcon_core.package_identification:_identify(backup_packages/camera_ws/src/libcamera/include/android) by extension 'ignore'
[0.343s] Level 1:colcon.colcon_core.package_identification:_identify(backup_packages/camera_ws/src/libcamera/include/android) by extension 'ignore_ament_install'
[0.343s] Level 1:colcon.colcon_core.package_identification:_identify(backup_packages/camera_ws/src/libcamera/include/android) by extensions ['colcon_pkg']
[0.343s] Level 1:colcon.colcon_core.package_identification:_identify(backup_packages/camera_ws/src/libcamera/include/android) by extension 'colcon_pkg'
[0.343s] Level 1:colcon.colcon_core.package_identification:_identify(backup_packages/camera_ws/src/libcamera/include/android) by extensions ['colcon_meta']
[0.343s] Level 1:colcon.colcon_core.package_identification:_identify(backup_packages/camera_ws/src/libcamera/include/android) by extension 'colcon_meta'
[0.343s] Level 1:colcon.colcon_core.package_identification:_identify(backup_packages/camera_ws/src/libcamera/include/android) by extensions ['ros']
[0.343s] Level 1:colcon.colcon_core.package_identification:_identify(backup_packages/camera_ws/src/libcamera/include/android) by extension 'ros'
[0.343s] Level 1:colcon.colcon_core.package_identification:_identify(backup_packages/camera_ws/src/libcamera/include/android) by extensions ['cmake', 'python']
[0.343s] Level 1:colcon.colcon_core.package_identification:_identify(backup_packages/camera_ws/src/libcamera/include/android) by extension 'cmake'
[0.343s] Level 1:colcon.colcon_core.package_identification:_identify(backup_packages/camera_ws/src/libcamera/include/android) by extension 'python'
[0.343s] Level 1:colcon.colcon_core.package_identification:_identify(backup_packages/camera_ws/src/libcamera/include/android) by extensions ['python_setup_py']
[0.343s] Level 1:colcon.colcon_core.package_identification:_identify(backup_packages/camera_ws/src/libcamera/include/android) by extension 'python_setup_py'
[0.343s] Level 1:colcon.colcon_core.package_identification:_identify(backup_packages/camera_ws/src/libcamera/include/android/hardware) by extensions ['ignore', 'ignore_ament_install']
[0.344s] Level 1:colcon.colcon_core.package_identification:_identify(backup_packages/camera_ws/src/libcamera/include/android/hardware) by extension 'ignore'
[0.344s] Level 1:colcon.colcon_core.package_identification:_identify(backup_packages/camera_ws/src/libcamera/include/android/hardware) by extension 'ignore_ament_install'
[0.344s] Level 1:colcon.colcon_core.package_identification:_identify(backup_packages/camera_ws/src/libcamera/include/android/hardware) by extensions ['colcon_pkg']
[0.344s] Level 1:colcon.colcon_core.package_identification:_identify(backup_packages/camera_ws/src/libcamera/include/android/hardware) by extension 'colcon_pkg'
[0.344s] Level 1:colcon.colcon_core.package_identification:_identify(backup_packages/camera_ws/src/libcamera/include/android/hardware) by extensions ['colcon_meta']
[0.344s] Level 1:colcon.colcon_core.package_identification:_identify(backup_packages/camera_ws/src/libcamera/include/android/hardware) by extension 'colcon_meta'
[0.344s] Level 1:colcon.colcon_core.package_identification:_identify(backup_packages/camera_ws/src/libcamera/include/android/hardware) by extensions ['ros']
[0.344s] Level 1:colcon.colcon_core.package_identification:_identify(backup_packages/camera_ws/src/libcamera/include/android/hardware) by extension 'ros'
[0.344s] Level 1:colcon.colcon_core.package_identification:_identify(backup_packages/camera_ws/src/libcamera/include/android/hardware) by extensions ['cmake', 'python']
[0.344s] Level 1:colcon.colcon_core.package_identification:_identify(backup_packages/camera_ws/src/libcamera/include/android/hardware) by extension 'cmake'
[0.344s] Level 1:colcon.colcon_core.package_identification:_identify(backup_packages/camera_ws/src/libcamera/include/android/hardware) by extension 'python'
[0.344s] Level 1:colcon.colcon_core.package_identification:_identify(backup_packages/camera_ws/src/libcamera/include/android/hardware) by extensions ['python_setup_py']
[0.344s] Level 1:colcon.colcon_core.package_identification:_identify(backup_packages/camera_ws/src/libcamera/include/android/hardware) by extension 'python_setup_py'
[0.344s] Level 1:colcon.colcon_core.package_identification:_identify(backup_packages/camera_ws/src/libcamera/include/android/hardware/libhardware) by extensions ['ignore', 'ignore_ament_install']
[0.344s] Level 1:colcon.colcon_core.package_identification:_identify(backup_packages/camera_ws/src/libcamera/include/android/hardware/libhardware) by extension 'ignore'
[0.344s] Level 1:colcon.colcon_core.package_identification:_identify(backup_packages/camera_ws/src/libcamera/include/android/hardware/libhardware) by extension 'ignore_ament_install'
[0.344s] Level 1:colcon.colcon_core.package_identification:_identify(backup_packages/camera_ws/src/libcamera/include/android/hardware/libhardware) by extensions ['colcon_pkg']
[0.344s] Level 1:colcon.colcon_core.package_identification:_identify(backup_packages/camera_ws/src/libcamera/include/android/hardware/libhardware) by extension 'colcon_pkg'
[0.344s] Level 1:colcon.colcon_core.package_identification:_identify(backup_packages/camera_ws/src/libcamera/include/android/hardware/libhardware) by extensions ['colcon_meta']
[0.344s] Level 1:colcon.colcon_core.package_identification:_identify(backup_packages/camera_ws/src/libcamera/include/android/hardware/libhardware) by extension 'colcon_meta'
[0.344s] Level 1:colcon.colcon_core.package_identification:_identify(backup_packages/camera_ws/src/libcamera/include/android/hardware/libhardware) by extensions ['ros']
[0.344s] Level 1:colcon.colcon_core.package_identification:_identify(backup_packages/camera_ws/src/libcamera/include/android/hardware/libhardware) by extension 'ros'
[0.344s] Level 1:colcon.colcon_core.package_identification:_identify(backup_packages/camera_ws/src/libcamera/include/android/hardware/libhardware) by extensions ['cmake', 'python']
[0.344s] Level 1:colcon.colcon_core.package_identification:_identify(backup_packages/camera_ws/src/libcamera/include/android/hardware/libhardware) by extension 'cmake'
[0.344s] Level 1:colcon.colcon_core.package_identification:_identify(backup_packages/camera_ws/src/libcamera/include/android/hardware/libhardware) by extension 'python'
[0.344s] Level 1:colcon.colcon_core.package_identification:_identify(backup_packages/camera_ws/src/libcamera/include/android/hardware/libhardware) by extensions ['python_setup_py']
[0.345s] Level 1:colcon.colcon_core.package_identification:_identify(backup_packages/camera_ws/src/libcamera/include/android/hardware/libhardware) by extension 'python_setup_py'
[0.345s] Level 1:colcon.colcon_core.package_identification:_identify(backup_packages/camera_ws/src/libcamera/include/android/hardware/libhardware/include) by extensions ['ignore', 'ignore_ament_install']
[0.345s] Level 1:colcon.colcon_core.package_identification:_identify(backup_packages/camera_ws/src/libcamera/include/android/hardware/libhardware/include) by extension 'ignore'
[0.345s] Level 1:colcon.colcon_core.package_identification:_identify(backup_packages/camera_ws/src/libcamera/include/android/hardware/libhardware/include) by extension 'ignore_ament_install'
[0.345s] Level 1:colcon.colcon_core.package_identification:_identify(backup_packages/camera_ws/src/libcamera/include/android/hardware/libhardware/include) by extensions ['colcon_pkg']
[0.345s] Level 1:colcon.colcon_core.package_identification:_identify(backup_packages/camera_ws/src/libcamera/include/android/hardware/libhardware/include) by extension 'colcon_pkg'
[0.345s] Level 1:colcon.colcon_core.package_identification:_identify(backup_packages/camera_ws/src/libcamera/include/android/hardware/libhardware/include) by extensions ['colcon_meta']
[0.345s] Level 1:colcon.colcon_core.package_identification:_identify(backup_packages/camera_ws/src/libcamera/include/android/hardware/libhardware/include) by extension 'colcon_meta'
[0.345s] Level 1:colcon.colcon_core.package_identification:_identify(backup_packages/camera_ws/src/libcamera/include/android/hardware/libhardware/include) by extensions ['ros']
[0.345s] Level 1:colcon.colcon_core.package_identification:_identify(backup_packages/camera_ws/src/libcamera/include/android/hardware/libhardware/include) by extension 'ros'
[0.345s] Level 1:colcon.colcon_core.package_identification:_identify(backup_packages/camera_ws/src/libcamera/include/android/hardware/libhardware/include) by extensions ['cmake', 'python']
[0.345s] Level 1:colcon.colcon_core.package_identification:_identify(backup_packages/camera_ws/src/libcamera/include/android/hardware/libhardware/include) by extension 'cmake'
[0.345s] Level 1:colcon.colcon_core.package_identification:_identify(backup_packages/camera_ws/src/libcamera/include/android/hardware/libhardware/include) by extension 'python'
[0.345s] Level 1:colcon.colcon_core.package_identification:_identify(backup_packages/camera_ws/src/libcamera/include/android/hardware/libhardware/include) by extensions ['python_setup_py']
[0.345s] Level 1:colcon.colcon_core.package_identification:_identify(backup_packages/camera_ws/src/libcamera/include/android/hardware/libhardware/include) by extension 'python_setup_py'
[0.345s] Level 1:colcon.colcon_core.package_identification:_identify(backup_packages/camera_ws/src/libcamera/include/android/hardware/libhardware/include/hardware) by extensions ['ignore', 'ignore_ament_install']
[0.345s] Level 1:colcon.colcon_core.package_identification:_identify(backup_packages/camera_ws/src/libcamera/include/android/hardware/libhardware/include/hardware) by extension 'ignore'
[0.345s] Level 1:colcon.colcon_core.package_identification:_identify(backup_packages/camera_ws/src/libcamera/include/android/hardware/libhardware/include/hardware) by extension 'ignore_ament_install'
[0.345s] Level 1:colcon.colcon_core.package_identification:_identify(backup_packages/camera_ws/src/libcamera/include/android/hardware/libhardware/include/hardware) by extensions ['colcon_pkg']
[0.345s] Level 1:colcon.colcon_core.package_identification:_identify(backup_packages/camera_ws/src/libcamera/include/android/hardware/libhardware/include/hardware) by extension 'colcon_pkg'
[0.345s] Level 1:colcon.colcon_core.package_identification:_identify(backup_packages/camera_ws/src/libcamera/include/android/hardware/libhardware/include/hardware) by extensions ['colcon_meta']
[0.345s] Level 1:colcon.colcon_core.package_identification:_identify(backup_packages/camera_ws/src/libcamera/include/android/hardware/libhardware/include/hardware) by extension 'colcon_meta'
[0.345s] Level 1:colcon.colcon_core.package_identification:_identify(backup_packages/camera_ws/src/libcamera/include/android/hardware/libhardware/include/hardware) by extensions ['ros']
[0.345s] Level 1:colcon.colcon_core.package_identification:_identify(backup_packages/camera_ws/src/libcamera/include/android/hardware/libhardware/include/hardware) by extension 'ros'
[0.346s] Level 1:colcon.colcon_core.package_identification:_identify(backup_packages/camera_ws/src/libcamera/include/android/hardware/libhardware/include/hardware) by extensions ['cmake', 'python']
[0.346s] Level 1:colcon.colcon_core.package_identification:_identify(backup_packages/camera_ws/src/libcamera/include/android/hardware/libhardware/include/hardware) by extension 'cmake'
[0.346s] Level 1:colcon.colcon_core.package_identification:_identify(backup_packages/camera_ws/src/libcamera/include/android/hardware/libhardware/include/hardware) by extension 'python'
[0.346s] Level 1:colcon.colcon_core.package_identification:_identify(backup_packages/camera_ws/src/libcamera/include/android/hardware/libhardware/include/hardware) by extensions ['python_setup_py']
[0.346s] Level 1:colcon.colcon_core.package_identification:_identify(backup_packages/camera_ws/src/libcamera/include/android/hardware/libhardware/include/hardware) by extension 'python_setup_py'
[0.346s] Level 1:colcon.colcon_core.package_identification:_identify(backup_packages/camera_ws/src/libcamera/include/android/metadata) by extensions ['ignore', 'ignore_ament_install']
[0.346s] Level 1:colcon.colcon_core.package_identification:_identify(backup_packages/camera_ws/src/libcamera/include/android/metadata) by extension 'ignore'
[0.346s] Level 1:colcon.colcon_core.package_identification:_identify(backup_packages/camera_ws/src/libcamera/include/android/metadata) by extension 'ignore_ament_install'
[0.346s] Level 1:colcon.colcon_core.package_identification:_identify(backup_packages/camera_ws/src/libcamera/include/android/metadata) by extensions ['colcon_pkg']
[0.346s] Level 1:colcon.colcon_core.package_identification:_identify(backup_packages/camera_ws/src/libcamera/include/android/metadata) by extension 'colcon_pkg'
[0.346s] Level 1:colcon.colcon_core.package_identification:_identify(backup_packages/camera_ws/src/libcamera/include/android/metadata) by extensions ['colcon_meta']
[0.346s] Level 1:colcon.colcon_core.package_identification:_identify(backup_packages/camera_ws/src/libcamera/include/android/metadata) by extension 'colcon_meta'
[0.346s] Level 1:colcon.colcon_core.package_identification:_identify(backup_packages/camera_ws/src/libcamera/include/android/metadata) by extensions ['ros']
[0.346s] Level 1:colcon.colcon_core.package_identification:_identify(backup_packages/camera_ws/src/libcamera/include/android/metadata) by extension 'ros'
[0.346s] Level 1:colcon.colcon_core.package_identification:_identify(backup_packages/camera_ws/src/libcamera/include/android/metadata) by extensions ['cmake', 'python']
[0.346s] Level 1:colcon.colcon_core.package_identification:_identify(backup_packages/camera_ws/src/libcamera/include/android/metadata) by extension 'cmake'
[0.346s] Level 1:colcon.colcon_core.package_identification:_identify(backup_packages/camera_ws/src/libcamera/include/android/metadata) by extension 'python'
[0.346s] Level 1:colcon.colcon_core.package_identification:_identify(backup_packages/camera_ws/src/libcamera/include/android/metadata) by extensions ['python_setup_py']
[0.346s] Level 1:colcon.colcon_core.package_identification:_identify(backup_packages/camera_ws/src/libcamera/include/android/metadata) by extension 'python_setup_py'
[0.346s] Level 1:colcon.colcon_core.package_identification:_identify(backup_packages/camera_ws/src/libcamera/include/android/metadata/system) by extensions ['ignore', 'ignore_ament_install']
[0.346s] Level 1:colcon.colcon_core.package_identification:_identify(backup_packages/camera_ws/src/libcamera/include/android/metadata/system) by extension 'ignore'
[0.346s] Level 1:colcon.colcon_core.package_identification:_identify(backup_packages/camera_ws/src/libcamera/include/android/metadata/system) by extension 'ignore_ament_install'
[0.346s] Level 1:colcon.colcon_core.package_identification:_identify(backup_packages/camera_ws/src/libcamera/include/android/metadata/system) by extensions ['colcon_pkg']
[0.346s] Level 1:colcon.colcon_core.package_identification:_identify(backup_packages/camera_ws/src/libcamera/include/android/metadata/system) by extension 'colcon_pkg'
[0.347s] Level 1:colcon.colcon_core.package_identification:_identify(backup_packages/camera_ws/src/libcamera/include/android/metadata/system) by extensions ['colcon_meta']
[0.347s] Level 1:colcon.colcon_core.package_identification:_identify(backup_packages/camera_ws/src/libcamera/include/android/metadata/system) by extension 'colcon_meta'
[0.347s] Level 1:colcon.colcon_core.package_identification:_identify(backup_packages/camera_ws/src/libcamera/include/android/metadata/system) by extensions ['ros']
[0.347s] Level 1:colcon.colcon_core.package_identification:_identify(backup_packages/camera_ws/src/libcamera/include/android/metadata/system) by extension 'ros'
[0.347s] Level 1:colcon.colcon_core.package_identification:_identify(backup_packages/camera_ws/src/libcamera/include/android/metadata/system) by extensions ['cmake', 'python']
[0.347s] Level 1:colcon.colcon_core.package_identification:_identify(backup_packages/camera_ws/src/libcamera/include/android/metadata/system) by extension 'cmake'
[0.347s] Level 1:colcon.colcon_core.package_identification:_identify(backup_packages/camera_ws/src/libcamera/include/android/metadata/system) by extension 'python'
[0.347s] Level 1:colcon.colcon_core.package_identification:_identify(backup_packages/camera_ws/src/libcamera/include/android/metadata/system) by extensions ['python_setup_py']
[0.347s] Level 1:colcon.colcon_core.package_identification:_identify(backup_packages/camera_ws/src/libcamera/include/android/metadata/system) by extension 'python_setup_py'
[0.347s] Level 1:colcon.colcon_core.package_identification:_identify(backup_packages/camera_ws/src/libcamera/include/android/system) by extensions ['ignore', 'ignore_ament_install']
[0.347s] Level 1:colcon.colcon_core.package_identification:_identify(backup_packages/camera_ws/src/libcamera/include/android/system) by extension 'ignore'
[0.347s] Level 1:colcon.colcon_core.package_identification:_identify(backup_packages/camera_ws/src/libcamera/include/android/system) by extension 'ignore_ament_install'
[0.347s] Level 1:colcon.colcon_core.package_identification:_identify(backup_packages/camera_ws/src/libcamera/include/android/system) by extensions ['colcon_pkg']
[0.347s] Level 1:colcon.colcon_core.package_identification:_identify(backup_packages/camera_ws/src/libcamera/include/android/system) by extension 'colcon_pkg'
[0.347s] Level 1:colcon.colcon_core.package_identification:_identify(backup_packages/camera_ws/src/libcamera/include/android/system) by extensions ['colcon_meta']
[0.347s] Level 1:colcon.colcon_core.package_identification:_identify(backup_packages/camera_ws/src/libcamera/include/android/system) by extension 'colcon_meta'
[0.347s] Level 1:colcon.colcon_core.package_identification:_identify(backup_packages/camera_ws/src/libcamera/include/android/system) by extensions ['ros']
[0.347s] Level 1:colcon.colcon_core.package_identification:_identify(backup_packages/camera_ws/src/libcamera/include/android/system) by extension 'ros'
[0.347s] Level 1:colcon.colcon_core.package_identification:_identify(backup_packages/camera_ws/src/libcamera/include/android/system) by extensions ['cmake', 'python']
[0.347s] Level 1:colcon.colcon_core.package_identification:_identify(backup_packages/camera_ws/src/libcamera/include/android/system) by extension 'cmake'
[0.347s] Level 1:colcon.colcon_core.package_identification:_identify(backup_packages/camera_ws/src/libcamera/include/android/system) by extension 'python'
[0.347s] Level 1:colcon.colcon_core.package_identification:_identify(backup_packages/camera_ws/src/libcamera/include/android/system) by extensions ['python_setup_py']
[0.347s] Level 1:colcon.colcon_core.package_identification:_identify(backup_packages/camera_ws/src/libcamera/include/android/system) by extension 'python_setup_py'
[0.347s] Level 1:colcon.colcon_core.package_identification:_identify(backup_packages/camera_ws/src/libcamera/include/android/system/core) by extensions ['ignore', 'ignore_ament_install']
[0.347s] Level 1:colcon.colcon_core.package_identification:_identify(backup_packages/camera_ws/src/libcamera/include/android/system/core) by extension 'ignore'
[0.348s] Level 1:colcon.colcon_core.package_identification:_identify(backup_packages/camera_ws/src/libcamera/include/android/system/core) by extension 'ignore_ament_install'
[0.348s] Level 1:colcon.colcon_core.package_identification:_identify(backup_packages/camera_ws/src/libcamera/include/android/system/core) by extensions ['colcon_pkg']
[0.348s] Level 1:colcon.colcon_core.package_identification:_identify(backup_packages/camera_ws/src/libcamera/include/android/system/core) by extension 'colcon_pkg'
[0.348s] Level 1:colcon.colcon_core.package_identification:_identify(backup_packages/camera_ws/src/libcamera/include/android/system/core) by extensions ['colcon_meta']
[0.348s] Level 1:colcon.colcon_core.package_identification:_identify(backup_packages/camera_ws/src/libcamera/include/android/system/core) by extension 'colcon_meta'
[0.348s] Level 1:colcon.colcon_core.package_identification:_identify(backup_packages/camera_ws/src/libcamera/include/android/system/core) by extensions ['ros']
[0.348s] Level 1:colcon.colcon_core.package_identification:_identify(backup_packages/camera_ws/src/libcamera/include/android/system/core) by extension 'ros'
[0.348s] Level 1:colcon.colcon_core.package_identification:_identify(backup_packages/camera_ws/src/libcamera/include/android/system/core) by extensions ['cmake', 'python']
[0.348s] Level 1:colcon.colcon_core.package_identification:_identify(backup_packages/camera_ws/src/libcamera/include/android/system/core) by extension 'cmake'
[0.348s] Level 1:colcon.colcon_core.package_identification:_identify(backup_packages/camera_ws/src/libcamera/include/android/system/core) by extension 'python'
[0.348s] Level 1:colcon.colcon_core.package_identification:_identify(backup_packages/camera_ws/src/libcamera/include/android/system/core) by extensions ['python_setup_py']
[0.348s] Level 1:colcon.colcon_core.package_identification:_identify(backup_packages/camera_ws/src/libcamera/include/android/system/core) by extension 'python_setup_py'
[0.348s] Level 1:colcon.colcon_core.package_identification:_identify(backup_packages/camera_ws/src/libcamera/include/android/system/core/include) by extensions ['ignore', 'ignore_ament_install']
[0.348s] Level 1:colcon.colcon_core.package_identification:_identify(backup_packages/camera_ws/src/libcamera/include/android/system/core/include) by extension 'ignore'
[0.348s] Level 1:colcon.colcon_core.package_identification:_identify(backup_packages/camera_ws/src/libcamera/include/android/system/core/include) by extension 'ignore_ament_install'
[0.348s] Level 1:colcon.colcon_core.package_identification:_identify(backup_packages/camera_ws/src/libcamera/include/android/system/core/include) by extensions ['colcon_pkg']
[0.348s] Level 1:colcon.colcon_core.package_identification:_identify(backup_packages/camera_ws/src/libcamera/include/android/system/core/include) by extension 'colcon_pkg'
[0.348s] Level 1:colcon.colcon_core.package_identification:_identify(backup_packages/camera_ws/src/libcamera/include/android/system/core/include) by extensions ['colcon_meta']
[0.348s] Level 1:colcon.colcon_core.package_identification:_identify(backup_packages/camera_ws/src/libcamera/include/android/system/core/include) by extension 'colcon_meta'
[0.348s] Level 1:colcon.colcon_core.package_identification:_identify(backup_packages/camera_ws/src/libcamera/include/android/system/core/include) by extensions ['ros']
[0.348s] Level 1:colcon.colcon_core.package_identification:_identify(backup_packages/camera_ws/src/libcamera/include/android/system/core/include) by extension 'ros'
[0.348s] Level 1:colcon.colcon_core.package_identification:_identify(backup_packages/camera_ws/src/libcamera/include/android/system/core/include) by extensions ['cmake', 'python']
[0.348s] Level 1:colcon.colcon_core.package_identification:_identify(backup_packages/camera_ws/src/libcamera/include/android/system/core/include) by extension 'cmake'
[0.349s] Level 1:colcon.colcon_core.package_identification:_identify(backup_packages/camera_ws/src/libcamera/include/android/system/core/include) by extension 'python'
[0.349s] Level 1:colcon.colcon_core.package_identification:_identify(backup_packages/camera_ws/src/libcamera/include/android/system/core/include) by extensions ['python_setup_py']
[0.349s] Level 1:colcon.colcon_core.package_identification:_identify(backup_packages/camera_ws/src/libcamera/include/android/system/core/include) by extension 'python_setup_py'
[0.349s] Level 1:colcon.colcon_core.package_identification:_identify(backup_packages/camera_ws/src/libcamera/include/android/system/core/include/android) by extensions ['ignore', 'ignore_ament_install']
[0.349s] Level 1:colcon.colcon_core.package_identification:_identify(backup_packages/camera_ws/src/libcamera/include/android/system/core/include/android) by extension 'ignore'
[0.349s] Level 1:colcon.colcon_core.package_identification:_identify(backup_packages/camera_ws/src/libcamera/include/android/system/core/include/android) by extension 'ignore_ament_install'
[0.349s] Level 1:colcon.colcon_core.package_identification:_identify(backup_packages/camera_ws/src/libcamera/include/android/system/core/include/android) by extensions ['colcon_pkg']
[0.349s] Level 1:colcon.colcon_core.package_identification:_identify(backup_packages/camera_ws/src/libcamera/include/android/system/core/include/android) by extension 'colcon_pkg'
[0.349s] Level 1:colcon.colcon_core.package_identification:_identify(backup_packages/camera_ws/src/libcamera/include/android/system/core/include/android) by extensions ['colcon_meta']
[0.349s] Level 1:colcon.colcon_core.package_identification:_identify(backup_packages/camera_ws/src/libcamera/include/android/system/core/include/android) by extension 'colcon_meta'
[0.349s] Level 1:colcon.colcon_core.package_identification:_identify(backup_packages/camera_ws/src/libcamera/include/android/system/core/include/android) by extensions ['ros']
[0.349s] Level 1:colcon.colcon_core.package_identification:_identify(backup_packages/camera_ws/src/libcamera/include/android/system/core/include/android) by extension 'ros'
[0.349s] Level 1:colcon.colcon_core.package_identification:_identify(backup_packages/camera_ws/src/libcamera/include/android/system/core/include/android) by extensions ['cmake', 'python']
[0.349s] Level 1:colcon.colcon_core.package_identification:_identify(backup_packages/camera_ws/src/libcamera/include/android/system/core/include/android) by extension 'cmake'
[0.349s] Level 1:colcon.colcon_core.package_identification:_identify(backup_packages/camera_ws/src/libcamera/include/android/system/core/include/android) by extension 'python'
[0.349s] Level 1:colcon.colcon_core.package_identification:_identify(backup_packages/camera_ws/src/libcamera/include/android/system/core/include/android) by extensions ['python_setup_py']
[0.349s] Level 1:colcon.colcon_core.package_identification:_identify(backup_packages/camera_ws/src/libcamera/include/android/system/core/include/android) by extension 'python_setup_py'
[0.349s] Level 1:colcon.colcon_core.package_identification:_identify(backup_packages/camera_ws/src/libcamera/include/android/system/core/include/cutils) by extensions ['ignore', 'ignore_ament_install']
[0.349s] Level 1:colcon.colcon_core.package_identification:_identify(backup_packages/camera_ws/src/libcamera/include/android/system/core/include/cutils) by extension 'ignore'
[0.349s] Level 1:colcon.colcon_core.package_identification:_identify(backup_packages/camera_ws/src/libcamera/include/android/system/core/include/cutils) by extension 'ignore_ament_install'
[0.349s] Level 1:colcon.colcon_core.package_identification:_identify(backup_packages/camera_ws/src/libcamera/include/android/system/core/include/cutils) by extensions ['colcon_pkg']
[0.349s] Level 1:colcon.colcon_core.package_identification:_identify(backup_packages/camera_ws/src/libcamera/include/android/system/core/include/cutils) by extension 'colcon_pkg'
[0.349s] Level 1:colcon.colcon_core.package_identification:_identify(backup_packages/camera_ws/src/libcamera/include/android/system/core/include/cutils) by extensions ['colcon_meta']
[0.349s] Level 1:colcon.colcon_core.package_identification:_identify(backup_packages/camera_ws/src/libcamera/include/android/system/core/include/cutils) by extension 'colcon_meta'
[0.350s] Level 1:colcon.colcon_core.package_identification:_identify(backup_packages/camera_ws/src/libcamera/include/android/system/core/include/cutils) by extensions ['ros']
[0.350s] Level 1:colcon.colcon_core.package_identification:_identify(backup_packages/camera_ws/src/libcamera/include/android/system/core/include/cutils) by extension 'ros'
[0.350s] Level 1:colcon.colcon_core.package_identification:_identify(backup_packages/camera_ws/src/libcamera/include/android/system/core/include/cutils) by extensions ['cmake', 'python']
[0.350s] Level 1:colcon.colcon_core.package_identification:_identify(backup_packages/camera_ws/src/libcamera/include/android/system/core/include/cutils) by extension 'cmake'
[0.350s] Level 1:colcon.colcon_core.package_identification:_identify(backup_packages/camera_ws/src/libcamera/include/android/system/core/include/cutils) by extension 'python'
[0.350s] Level 1:colcon.colcon_core.package_identification:_identify(backup_packages/camera_ws/src/libcamera/include/android/system/core/include/cutils) by extensions ['python_setup_py']
[0.350s] Level 1:colcon.colcon_core.package_identification:_identify(backup_packages/camera_ws/src/libcamera/include/android/system/core/include/cutils) by extension 'python_setup_py'
[0.350s] Level 1:colcon.colcon_core.package_identification:_identify(backup_packages/camera_ws/src/libcamera/include/android/system/core/include/system) by extensions ['ignore', 'ignore_ament_install']
[0.350s] Level 1:colcon.colcon_core.package_identification:_identify(backup_packages/camera_ws/src/libcamera/include/android/system/core/include/system) by extension 'ignore'
[0.350s] Level 1:colcon.colcon_core.package_identification:_identify(backup_packages/camera_ws/src/libcamera/include/android/system/core/include/system) by extension 'ignore_ament_install'
[0.350s] Level 1:colcon.colcon_core.package_identification:_identify(backup_packages/camera_ws/src/libcamera/include/android/system/core/include/system) by extensions ['colcon_pkg']
[0.350s] Level 1:colcon.colcon_core.package_identification:_identify(backup_packages/camera_ws/src/libcamera/include/android/system/core/include/system) by extension 'colcon_pkg'
[0.350s] Level 1:colcon.colcon_core.package_identification:_identify(backup_packages/camera_ws/src/libcamera/include/android/system/core/include/system) by extensions ['colcon_meta']
[0.350s] Level 1:colcon.colcon_core.package_identification:_identify(backup_packages/camera_ws/src/libcamera/include/android/system/core/include/system) by extension 'colcon_meta'
[0.350s] Level 1:colcon.colcon_core.package_identification:_identify(backup_packages/camera_ws/src/libcamera/include/android/system/core/include/system) by extensions ['ros']
[0.350s] Level 1:colcon.colcon_core.package_identification:_identify(backup_packages/camera_ws/src/libcamera/include/android/system/core/include/system) by extension 'ros'
[0.350s] Level 1:colcon.colcon_core.package_identification:_identify(backup_packages/camera_ws/src/libcamera/include/android/system/core/include/system) by extensions ['cmake', 'python']
[0.350s] Level 1:colcon.colcon_core.package_identification:_identify(backup_packages/camera_ws/src/libcamera/include/android/system/core/include/system) by extension 'cmake'
[0.350s] Level 1:colcon.colcon_core.package_identification:_identify(backup_packages/camera_ws/src/libcamera/include/android/system/core/include/system) by extension 'python'
[0.350s] Level 1:colcon.colcon_core.package_identification:_identify(backup_packages/camera_ws/src/libcamera/include/android/system/core/include/system) by extensions ['python_setup_py']
[0.350s] Level 1:colcon.colcon_core.package_identification:_identify(backup_packages/camera_ws/src/libcamera/include/android/system/core/include/system) by extension 'python_setup_py'
[0.350s] Level 1:colcon.colcon_core.package_identification:_identify(backup_packages/camera_ws/src/libcamera/include/libcamera) by extensions ['ignore', 'ignore_ament_install']
[0.351s] Level 1:colcon.colcon_core.package_identification:_identify(backup_packages/camera_ws/src/libcamera/include/libcamera) by extension 'ignore'
[0.351s] Level 1:colcon.colcon_core.package_identification:_identify(backup_packages/camera_ws/src/libcamera/include/libcamera) by extension 'ignore_ament_install'
[0.351s] Level 1:colcon.colcon_core.package_identification:_identify(backup_packages/camera_ws/src/libcamera/include/libcamera) by extensions ['colcon_pkg']
[0.351s] Level 1:colcon.colcon_core.package_identification:_identify(backup_packages/camera_ws/src/libcamera/include/libcamera) by extension 'colcon_pkg'
[0.351s] Level 1:colcon.colcon_core.package_identification:_identify(backup_packages/camera_ws/src/libcamera/include/libcamera) by extensions ['colcon_meta']
[0.351s] Level 1:colcon.colcon_core.package_identification:_identify(backup_packages/camera_ws/src/libcamera/include/libcamera) by extension 'colcon_meta'
[0.351s] Level 1:colcon.colcon_core.package_identification:_identify(backup_packages/camera_ws/src/libcamera/include/libcamera) by extensions ['ros']
[0.351s] Level 1:colcon.colcon_core.package_identification:_identify(backup_packages/camera_ws/src/libcamera/include/libcamera) by extension 'ros'
[0.351s] Level 1:colcon.colcon_core.package_identification:_identify(backup_packages/camera_ws/src/libcamera/include/libcamera) by extensions ['cmake', 'python']
[0.351s] Level 1:colcon.colcon_core.package_identification:_identify(backup_packages/camera_ws/src/libcamera/include/libcamera) by extension 'cmake'
[0.351s] Level 1:colcon.colcon_core.package_identification:_identify(backup_packages/camera_ws/src/libcamera/include/libcamera) by extension 'python'
[0.351s] Level 1:colcon.colcon_core.package_identification:_identify(backup_packages/camera_ws/src/libcamera/include/libcamera) by extensions ['python_setup_py']
[0.351s] Level 1:colcon.colcon_core.package_identification:_identify(backup_packages/camera_ws/src/libcamera/include/libcamera) by extension 'python_setup_py'
[0.351s] Level 1:colcon.colcon_core.package_identification:_identify(backup_packages/camera_ws/src/libcamera/include/libcamera/base) by extensions ['ignore', 'ignore_ament_install']
[0.351s] Level 1:colcon.colcon_core.package_identification:_identify(backup_packages/camera_ws/src/libcamera/include/libcamera/base) by extension 'ignore'
[0.351s] Level 1:colcon.colcon_core.package_identification:_identify(backup_packages/camera_ws/src/libcamera/include/libcamera/base) by extension 'ignore_ament_install'
[0.351s] Level 1:colcon.colcon_core.package_identification:_identify(backup_packages/camera_ws/src/libcamera/include/libcamera/base) by extensions ['colcon_pkg']
[0.351s] Level 1:colcon.colcon_core.package_identification:_identify(backup_packages/camera_ws/src/libcamera/include/libcamera/base) by extension 'colcon_pkg'
[0.351s] Level 1:colcon.colcon_core.package_identification:_identify(backup_packages/camera_ws/src/libcamera/include/libcamera/base) by extensions ['colcon_meta']
[0.351s] Level 1:colcon.colcon_core.package_identification:_identify(backup_packages/camera_ws/src/libcamera/include/libcamera/base) by extension 'colcon_meta'
[0.351s] Level 1:colcon.colcon_core.package_identification:_identify(backup_packages/camera_ws/src/libcamera/include/libcamera/base) by extensions ['ros']
[0.351s] Level 1:colcon.colcon_core.package_identification:_identify(backup_packages/camera_ws/src/libcamera/include/libcamera/base) by extension 'ros'
[0.351s] Level 1:colcon.colcon_core.package_identification:_identify(backup_packages/camera_ws/src/libcamera/include/libcamera/base) by extensions ['cmake', 'python']
[0.351s] Level 1:colcon.colcon_core.package_identification:_identify(backup_packages/camera_ws/src/libcamera/include/libcamera/base) by extension 'cmake'
[0.351s] Level 1:colcon.colcon_core.package_identification:_identify(backup_packages/camera_ws/src/libcamera/include/libcamera/base) by extension 'python'
[0.351s] Level 1:colcon.colcon_core.package_identification:_identify(backup_packages/camera_ws/src/libcamera/include/libcamera/base) by extensions ['python_setup_py']
[0.352s] Level 1:colcon.colcon_core.package_identification:_identify(backup_packages/camera_ws/src/libcamera/include/libcamera/base) by extension 'python_setup_py'
[0.352s] Level 1:colcon.colcon_core.package_identification:_identify(backup_packages/camera_ws/src/libcamera/include/libcamera/internal) by extensions ['ignore', 'ignore_ament_install']
[0.352s] Level 1:colcon.colcon_core.package_identification:_identify(backup_packages/camera_ws/src/libcamera/include/libcamera/internal) by extension 'ignore'
[0.352s] Level 1:colcon.colcon_core.package_identification:_identify(backup_packages/camera_ws/src/libcamera/include/libcamera/internal) by extension 'ignore_ament_install'
[0.352s] Level 1:colcon.colcon_core.package_identification:_identify(backup_packages/camera_ws/src/libcamera/include/libcamera/internal) by extensions ['colcon_pkg']
[0.352s] Level 1:colcon.colcon_core.package_identification:_identify(backup_packages/camera_ws/src/libcamera/include/libcamera/internal) by extension 'colcon_pkg'
[0.352s] Level 1:colcon.colcon_core.package_identification:_identify(backup_packages/camera_ws/src/libcamera/include/libcamera/internal) by extensions ['colcon_meta']
[0.352s] Level 1:colcon.colcon_core.package_identification:_identify(backup_packages/camera_ws/src/libcamera/include/libcamera/internal) by extension 'colcon_meta'
[0.352s] Level 1:colcon.colcon_core.package_identification:_identify(backup_packages/camera_ws/src/libcamera/include/libcamera/internal) by extensions ['ros']
[0.352s] Level 1:colcon.colcon_core.package_identification:_identify(backup_packages/camera_ws/src/libcamera/include/libcamera/internal) by extension 'ros'
[0.352s] Level 1:colcon.colcon_core.package_identification:_identify(backup_packages/camera_ws/src/libcamera/include/libcamera/internal) by extensions ['cmake', 'python']
[0.352s] Level 1:colcon.colcon_core.package_identification:_identify(backup_packages/camera_ws/src/libcamera/include/libcamera/internal) by extension 'cmake'
[0.352s] Level 1:colcon.colcon_core.package_identification:_identify(backup_packages/camera_ws/src/libcamera/include/libcamera/internal) by extension 'python'
[0.352s] Level 1:colcon.colcon_core.package_identification:_identify(backup_packages/camera_ws/src/libcamera/include/libcamera/internal) by extensions ['python_setup_py']
[0.352s] Level 1:colcon.colcon_core.package_identification:_identify(backup_packages/camera_ws/src/libcamera/include/libcamera/internal) by extension 'python_setup_py'
[0.352s] Level 1:colcon.colcon_core.package_identification:_identify(backup_packages/camera_ws/src/libcamera/include/libcamera/internal/converter) by extensions ['ignore', 'ignore_ament_install']
[0.352s] Level 1:colcon.colcon_core.package_identification:_identify(backup_packages/camera_ws/src/libcamera/include/libcamera/internal/converter) by extension 'ignore'
[0.352s] Level 1:colcon.colcon_core.package_identification:_identify(backup_packages/camera_ws/src/libcamera/include/libcamera/internal/converter) by extension 'ignore_ament_install'
[0.352s] Level 1:colcon.colcon_core.package_identification:_identify(backup_packages/camera_ws/src/libcamera/include/libcamera/internal/converter) by extensions ['colcon_pkg']
[0.352s] Level 1:colcon.colcon_core.package_identification:_identify(backup_packages/camera_ws/src/libcamera/include/libcamera/internal/converter) by extension 'colcon_pkg'
[0.352s] Level 1:colcon.colcon_core.package_identification:_identify(backup_packages/camera_ws/src/libcamera/include/libcamera/internal/converter) by extensions ['colcon_meta']
[0.352s] Level 1:colcon.colcon_core.package_identification:_identify(backup_packages/camera_ws/src/libcamera/include/libcamera/internal/converter) by extension 'colcon_meta'
[0.353s] Level 1:colcon.colcon_core.package_identification:_identify(backup_packages/camera_ws/src/libcamera/include/libcamera/internal/converter) by extensions ['ros']
[0.353s] Level 1:colcon.colcon_core.package_identification:_identify(backup_packages/camera_ws/src/libcamera/include/libcamera/internal/converter) by extension 'ros'
[0.353s] Level 1:colcon.colcon_core.package_identification:_identify(backup_packages/camera_ws/src/libcamera/include/libcamera/internal/converter) by extensions ['cmake', 'python']
[0.353s] Level 1:colcon.colcon_core.package_identification:_identify(backup_packages/camera_ws/src/libcamera/include/libcamera/internal/converter) by extension 'cmake'
[0.353s] Level 1:colcon.colcon_core.package_identification:_identify(backup_packages/camera_ws/src/libcamera/include/libcamera/internal/converter) by extension 'python'
[0.353s] Level 1:colcon.colcon_core.package_identification:_identify(backup_packages/camera_ws/src/libcamera/include/libcamera/internal/converter) by extensions ['python_setup_py']
[0.353s] Level 1:colcon.colcon_core.package_identification:_identify(backup_packages/camera_ws/src/libcamera/include/libcamera/internal/converter) by extension 'python_setup_py'
[0.353s] Level 1:colcon.colcon_core.package_identification:_identify(backup_packages/camera_ws/src/libcamera/include/libcamera/internal/software_isp) by extensions ['ignore', 'ignore_ament_install']
[0.353s] Level 1:colcon.colcon_core.package_identification:_identify(backup_packages/camera_ws/src/libcamera/include/libcamera/internal/software_isp) by extension 'ignore'
[0.353s] Level 1:colcon.colcon_core.package_identification:_identify(backup_packages/camera_ws/src/libcamera/include/libcamera/internal/software_isp) by extension 'ignore_ament_install'
[0.353s] Level 1:colcon.colcon_core.package_identification:_identify(backup_packages/camera_ws/src/libcamera/include/libcamera/internal/software_isp) by extensions ['colcon_pkg']
[0.353s] Level 1:colcon.colcon_core.package_identification:_identify(backup_packages/camera_ws/src/libcamera/include/libcamera/internal/software_isp) by extension 'colcon_pkg'
[0.353s] Level 1:colcon.colcon_core.package_identification:_identify(backup_packages/camera_ws/src/libcamera/include/libcamera/internal/software_isp) by extensions ['colcon_meta']
[0.353s] Level 1:colcon.colcon_core.package_identification:_identify(backup_packages/camera_ws/src/libcamera/include/libcamera/internal/software_isp) by extension 'colcon_meta'
[0.353s] Level 1:colcon.colcon_core.package_identification:_identify(backup_packages/camera_ws/src/libcamera/include/libcamera/internal/software_isp) by extensions ['ros']
[0.353s] Level 1:colcon.colcon_core.package_identification:_identify(backup_packages/camera_ws/src/libcamera/include/libcamera/internal/software_isp) by extension 'ros'
[0.353s] Level 1:colcon.colcon_core.package_identification:_identify(backup_packages/camera_ws/src/libcamera/include/libcamera/internal/software_isp) by extensions ['cmake', 'python']
[0.353s] Level 1:colcon.colcon_core.package_identification:_identify(backup_packages/camera_ws/src/libcamera/include/libcamera/internal/software_isp) by extension 'cmake'
[0.353s] Level 1:colcon.colcon_core.package_identification:_identify(backup_packages/camera_ws/src/libcamera/include/libcamera/internal/software_isp) by extension 'python'
[0.353s] Level 1:colcon.colcon_core.package_identification:_identify(backup_packages/camera_ws/src/libcamera/include/libcamera/internal/software_isp) by extensions ['python_setup_py']
[0.353s] Level 1:colcon.colcon_core.package_identification:_identify(backup_packages/camera_ws/src/libcamera/include/libcamera/internal/software_isp) by extension 'python_setup_py'
[0.353s] Level 1:colcon.colcon_core.package_identification:_identify(backup_packages/camera_ws/src/libcamera/include/libcamera/internal/tracepoints) by extensions ['ignore', 'ignore_ament_install']
[0.354s] Level 1:colcon.colcon_core.package_identification:_identify(backup_packages/camera_ws/src/libcamera/include/libcamera/internal/tracepoints) by extension 'ignore'
[0.354s] Level 1:colcon.colcon_core.package_identification:_identify(backup_packages/camera_ws/src/libcamera/include/libcamera/internal/tracepoints) by extension 'ignore_ament_install'
[0.354s] Level 1:colcon.colcon_core.package_identification:_identify(backup_packages/camera_ws/src/libcamera/include/libcamera/internal/tracepoints) by extensions ['colcon_pkg']
[0.354s] Level 1:colcon.colcon_core.package_identification:_identify(backup_packages/camera_ws/src/libcamera/include/libcamera/internal/tracepoints) by extension 'colcon_pkg'
[0.354s] Level 1:colcon.colcon_core.package_identification:_identify(backup_packages/camera_ws/src/libcamera/include/libcamera/internal/tracepoints) by extensions ['colcon_meta']
[0.354s] Level 1:colcon.colcon_core.package_identification:_identify(backup_packages/camera_ws/src/libcamera/include/libcamera/internal/tracepoints) by extension 'colcon_meta'
[0.354s] Level 1:colcon.colcon_core.package_identification:_identify(backup_packages/camera_ws/src/libcamera/include/libcamera/internal/tracepoints) by extensions ['ros']
[0.354s] Level 1:colcon.colcon_core.package_identification:_identify(backup_packages/camera_ws/src/libcamera/include/libcamera/internal/tracepoints) by extension 'ros'
[0.354s] Level 1:colcon.colcon_core.package_identification:_identify(backup_packages/camera_ws/src/libcamera/include/libcamera/internal/tracepoints) by extensions ['cmake', 'python']
[0.354s] Level 1:colcon.colcon_core.package_identification:_identify(backup_packages/camera_ws/src/libcamera/include/libcamera/internal/tracepoints) by extension 'cmake'
[0.354s] Level 1:colcon.colcon_core.package_identification:_identify(backup_packages/camera_ws/src/libcamera/include/libcamera/internal/tracepoints) by extension 'python'
[0.354s] Level 1:colcon.colcon_core.package_identification:_identify(backup_packages/camera_ws/src/libcamera/include/libcamera/internal/tracepoints) by extensions ['python_setup_py']
[0.354s] Level 1:colcon.colcon_core.package_identification:_identify(backup_packages/camera_ws/src/libcamera/include/libcamera/internal/tracepoints) by extension 'python_setup_py'
[0.354s] Level 1:colcon.colcon_core.package_identification:_identify(backup_packages/camera_ws/src/libcamera/include/libcamera/ipa) by extensions ['ignore', 'ignore_ament_install']
[0.354s] Level 1:colcon.colcon_core.package_identification:_identify(backup_packages/camera_ws/src/libcamera/include/libcamera/ipa) by extension 'ignore'
[0.354s] Level 1:colcon.colcon_core.package_identification:_identify(backup_packages/camera_ws/src/libcamera/include/libcamera/ipa) by extension 'ignore_ament_install'
[0.354s] Level 1:colcon.colcon_core.package_identification:_identify(backup_packages/camera_ws/src/libcamera/include/libcamera/ipa) by extensions ['colcon_pkg']
[0.354s] Level 1:colcon.colcon_core.package_identification:_identify(backup_packages/camera_ws/src/libcamera/include/libcamera/ipa) by extension 'colcon_pkg'
[0.354s] Level 1:colcon.colcon_core.package_identification:_identify(backup_packages/camera_ws/src/libcamera/include/libcamera/ipa) by extensions ['colcon_meta']
[0.354s] Level 1:colcon.colcon_core.package_identification:_identify(backup_packages/camera_ws/src/libcamera/include/libcamera/ipa) by extension 'colcon_meta'
[0.354s] Level 1:colcon.colcon_core.package_identification:_identify(backup_packages/camera_ws/src/libcamera/include/libcamera/ipa) by extensions ['ros']
[0.354s] Level 1:colcon.colcon_core.package_identification:_identify(backup_packages/camera_ws/src/libcamera/include/libcamera/ipa) by extension 'ros'
[0.354s] Level 1:colcon.colcon_core.package_identification:_identify(backup_packages/camera_ws/src/libcamera/include/libcamera/ipa) by extensions ['cmake', 'python']
[0.354s] Level 1:colcon.colcon_core.package_identification:_identify(backup_packages/camera_ws/src/libcamera/include/libcamera/ipa) by extension 'cmake'
[0.354s] Level 1:colcon.colcon_core.package_identification:_identify(backup_packages/camera_ws/src/libcamera/include/libcamera/ipa) by extension 'python'
[0.354s] Level 1:colcon.colcon_core.package_identification:_identify(backup_packages/camera_ws/src/libcamera/include/libcamera/ipa) by extensions ['python_setup_py']
[0.355s] Level 1:colcon.colcon_core.package_identification:_identify(backup_packages/camera_ws/src/libcamera/include/libcamera/ipa) by extension 'python_setup_py'
[0.355s] Level 1:colcon.colcon_core.package_identification:_identify(backup_packages/camera_ws/src/libcamera/include/linux) by extensions ['ignore', 'ignore_ament_install']
[0.355s] Level 1:colcon.colcon_core.package_identification:_identify(backup_packages/camera_ws/src/libcamera/include/linux) by extension 'ignore'
[0.355s] Level 1:colcon.colcon_core.package_identification:_identify(backup_packages/camera_ws/src/libcamera/include/linux) by extension 'ignore_ament_install'
[0.355s] Level 1:colcon.colcon_core.package_identification:_identify(backup_packages/camera_ws/src/libcamera/include/linux) by extensions ['colcon_pkg']
[0.355s] Level 1:colcon.colcon_core.package_identification:_identify(backup_packages/camera_ws/src/libcamera/include/linux) by extension 'colcon_pkg'
[0.355s] Level 1:colcon.colcon_core.package_identification:_identify(backup_packages/camera_ws/src/libcamera/include/linux) by extensions ['colcon_meta']
[0.355s] Level 1:colcon.colcon_core.package_identification:_identify(backup_packages/camera_ws/src/libcamera/include/linux) by extension 'colcon_meta'
[0.355s] Level 1:colcon.colcon_core.package_identification:_identify(backup_packages/camera_ws/src/libcamera/include/linux) by extensions ['ros']
[0.355s] Level 1:colcon.colcon_core.package_identification:_identify(backup_packages/camera_ws/src/libcamera/include/linux) by extension 'ros'
[0.355s] Level 1:colcon.colcon_core.package_identification:_identify(backup_packages/camera_ws/src/libcamera/include/linux) by extensions ['cmake', 'python']
[0.355s] Level 1:colcon.colcon_core.package_identification:_identify(backup_packages/camera_ws/src/libcamera/include/linux) by extension 'cmake'
[0.355s] Level 1:colcon.colcon_core.package_identification:_identify(backup_packages/camera_ws/src/libcamera/include/linux) by extension 'python'
[0.355s] Level 1:colcon.colcon_core.package_identification:_identify(backup_packages/camera_ws/src/libcamera/include/linux) by extensions ['python_setup_py']
[0.355s] Level 1:colcon.colcon_core.package_identification:_identify(backup_packages/camera_ws/src/libcamera/include/linux) by extension 'python_setup_py'
[0.355s] Level 1:colcon.colcon_core.package_identification:_identify(backup_packages/camera_ws/src/libcamera/src) by extensions ['ignore', 'ignore_ament_install']
[0.355s] Level 1:colcon.colcon_core.package_identification:_identify(backup_packages/camera_ws/src/libcamera/src) by extension 'ignore'
[0.355s] Level 1:colcon.colcon_core.package_identification:_identify(backup_packages/camera_ws/src/libcamera/src) by extension 'ignore_ament_install'
[0.355s] Level 1:colcon.colcon_core.package_identification:_identify(backup_packages/camera_ws/src/libcamera/src) by extensions ['colcon_pkg']
[0.355s] Level 1:colcon.colcon_core.package_identification:_identify(backup_packages/camera_ws/src/libcamera/src) by extension 'colcon_pkg'
[0.355s] Level 1:colcon.colcon_core.package_identification:_identify(backup_packages/camera_ws/src/libcamera/src) by extensions ['colcon_meta']
[0.355s] Level 1:colcon.colcon_core.package_identification:_identify(backup_packages/camera_ws/src/libcamera/src) by extension 'colcon_meta'
[0.355s] Level 1:colcon.colcon_core.package_identification:_identify(backup_packages/camera_ws/src/libcamera/src) by extensions ['ros']
[0.355s] Level 1:colcon.colcon_core.package_identification:_identify(backup_packages/camera_ws/src/libcamera/src) by extension 'ros'
[0.356s] Level 1:colcon.colcon_core.package_identification:_identify(backup_packages/camera_ws/src/libcamera/src) by extensions ['cmake', 'python']
[0.356s] Level 1:colcon.colcon_core.package_identification:_identify(backup_packages/camera_ws/src/libcamera/src) by extension 'cmake'
[0.356s] Level 1:colcon.colcon_core.package_identification:_identify(backup_packages/camera_ws/src/libcamera/src) by extension 'python'
[0.356s] Level 1:colcon.colcon_core.package_identification:_identify(backup_packages/camera_ws/src/libcamera/src) by extensions ['python_setup_py']
[0.356s] Level 1:colcon.colcon_core.package_identification:_identify(backup_packages/camera_ws/src/libcamera/src) by extension 'python_setup_py'
[0.356s] Level 1:colcon.colcon_core.package_identification:_identify(backup_packages/camera_ws/src/libcamera/src/android) by extensions ['ignore', 'ignore_ament_install']
[0.356s] Level 1:colcon.colcon_core.package_identification:_identify(backup_packages/camera_ws/src/libcamera/src/android) by extension 'ignore'
[0.356s] Level 1:colcon.colcon_core.package_identification:_identify(backup_packages/camera_ws/src/libcamera/src/android) by extension 'ignore_ament_install'
[0.356s] Level 1:colcon.colcon_core.package_identification:_identify(backup_packages/camera_ws/src/libcamera/src/android) by extensions ['colcon_pkg']
[0.356s] Level 1:colcon.colcon_core.package_identification:_identify(backup_packages/camera_ws/src/libcamera/src/android) by extension 'colcon_pkg'
[0.356s] Level 1:colcon.colcon_core.package_identification:_identify(backup_packages/camera_ws/src/libcamera/src/android) by extensions ['colcon_meta']
[0.356s] Level 1:colcon.colcon_core.package_identification:_identify(backup_packages/camera_ws/src/libcamera/src/android) by extension 'colcon_meta'
[0.356s] Level 1:colcon.colcon_core.package_identification:_identify(backup_packages/camera_ws/src/libcamera/src/android) by extensions ['ros']
[0.356s] Level 1:colcon.colcon_core.package_identification:_identify(backup_packages/camera_ws/src/libcamera/src/android) by extension 'ros'
[0.356s] Level 1:colcon.colcon_core.package_identification:_identify(backup_packages/camera_ws/src/libcamera/src/android) by extensions ['cmake', 'python']
[0.356s] Level 1:colcon.colcon_core.package_identification:_identify(backup_packages/camera_ws/src/libcamera/src/android) by extension 'cmake'
[0.356s] Level 1:colcon.colcon_core.package_identification:_identify(backup_packages/camera_ws/src/libcamera/src/android) by extension 'python'
[0.356s] Level 1:colcon.colcon_core.package_identification:_identify(backup_packages/camera_ws/src/libcamera/src/android) by extensions ['python_setup_py']
[0.356s] Level 1:colcon.colcon_core.package_identification:_identify(backup_packages/camera_ws/src/libcamera/src/android) by extension 'python_setup_py'
[0.356s] Level 1:colcon.colcon_core.package_identification:_identify(backup_packages/camera_ws/src/libcamera/src/android/cros) by extensions ['ignore', 'ignore_ament_install']
[0.356s] Level 1:colcon.colcon_core.package_identification:_identify(backup_packages/camera_ws/src/libcamera/src/android/cros) by extension 'ignore'
[0.356s] Level 1:colcon.colcon_core.package_identification:_identify(backup_packages/camera_ws/src/libcamera/src/android/cros) by extension 'ignore_ament_install'
[0.356s] Level 1:colcon.colcon_core.package_identification:_identify(backup_packages/camera_ws/src/libcamera/src/android/cros) by extensions ['colcon_pkg']
[0.356s] Level 1:colcon.colcon_core.package_identification:_identify(backup_packages/camera_ws/src/libcamera/src/android/cros) by extension 'colcon_pkg'
[0.356s] Level 1:colcon.colcon_core.package_identification:_identify(backup_packages/camera_ws/src/libcamera/src/android/cros) by extensions ['colcon_meta']
[0.356s] Level 1:colcon.colcon_core.package_identification:_identify(backup_packages/camera_ws/src/libcamera/src/android/cros) by extension 'colcon_meta'
[0.357s] Level 1:colcon.colcon_core.package_identification:_identify(backup_packages/camera_ws/src/libcamera/src/android/cros) by extensions ['ros']
[0.357s] Level 1:colcon.colcon_core.package_identification:_identify(backup_packages/camera_ws/src/libcamera/src/android/cros) by extension 'ros'
[0.357s] Level 1:colcon.colcon_core.package_identification:_identify(backup_packages/camera_ws/src/libcamera/src/android/cros) by extensions ['cmake', 'python']
[0.357s] Level 1:colcon.colcon_core.package_identification:_identify(backup_packages/camera_ws/src/libcamera/src/android/cros) by extension 'cmake'
[0.357s] Level 1:colcon.colcon_core.package_identification:_identify(backup_packages/camera_ws/src/libcamera/src/android/cros) by extension 'python'
[0.357s] Level 1:colcon.colcon_core.package_identification:_identify(backup_packages/camera_ws/src/libcamera/src/android/cros) by extensions ['python_setup_py']
[0.357s] Level 1:colcon.colcon_core.package_identification:_identify(backup_packages/camera_ws/src/libcamera/src/android/cros) by extension 'python_setup_py'
[0.357s] Level 1:colcon.colcon_core.package_identification:_identify(backup_packages/camera_ws/src/libcamera/src/android/data) by extensions ['ignore', 'ignore_ament_install']
[0.357s] Level 1:colcon.colcon_core.package_identification:_identify(backup_packages/camera_ws/src/libcamera/src/android/data) by extension 'ignore'
[0.357s] Level 1:colcon.colcon_core.package_identification:_identify(backup_packages/camera_ws/src/libcamera/src/android/data) by extension 'ignore_ament_install'
[0.357s] Level 1:colcon.colcon_core.package_identification:_identify(backup_packages/camera_ws/src/libcamera/src/android/data) by extensions ['colcon_pkg']
[0.357s] Level 1:colcon.colcon_core.package_identification:_identify(backup_packages/camera_ws/src/libcamera/src/android/data) by extension 'colcon_pkg'
[0.357s] Level 1:colcon.colcon_core.package_identification:_identify(backup_packages/camera_ws/src/libcamera/src/android/data) by extensions ['colcon_meta']
[0.357s] Level 1:colcon.colcon_core.package_identification:_identify(backup_packages/camera_ws/src/libcamera/src/android/data) by extension 'colcon_meta'
[0.357s] Level 1:colcon.colcon_core.package_identification:_identify(backup_packages/camera_ws/src/libcamera/src/android/data) by extensions ['ros']
[0.357s] Level 1:colcon.colcon_core.package_identification:_identify(backup_packages/camera_ws/src/libcamera/src/android/data) by extension 'ros'
[0.357s] Level 1:colcon.colcon_core.package_identification:_identify(backup_packages/camera_ws/src/libcamera/src/android/data) by extensions ['cmake', 'python']
[0.357s] Level 1:colcon.colcon_core.package_identification:_identify(backup_packages/camera_ws/src/libcamera/src/android/data) by extension 'cmake'
[0.357s] Level 1:colcon.colcon_core.package_identification:_identify(backup_packages/camera_ws/src/libcamera/src/android/data) by extension 'python'
[0.357s] Level 1:colcon.colcon_core.package_identification:_identify(backup_packages/camera_ws/src/libcamera/src/android/data) by extensions ['python_setup_py']
[0.357s] Level 1:colcon.colcon_core.package_identification:_identify(backup_packages/camera_ws/src/libcamera/src/android/data) by extension 'python_setup_py'
[0.357s] Level 1:colcon.colcon_core.package_identification:_identify(backup_packages/camera_ws/src/libcamera/src/android/data/nautilus) by extensions ['ignore', 'ignore_ament_install']
[0.358s] Level 1:colcon.colcon_core.package_identification:_identify(backup_packages/camera_ws/src/libcamera/src/android/data/nautilus) by extension 'ignore'
[0.358s] Level 1:colcon.colcon_core.package_identification:_identify(backup_packages/camera_ws/src/libcamera/src/android/data/nautilus) by extension 'ignore_ament_install'
[0.358s] Level 1:colcon.colcon_core.package_identification:_identify(backup_packages/camera_ws/src/libcamera/src/android/data/nautilus) by extensions ['colcon_pkg']
[0.358s] Level 1:colcon.colcon_core.package_identification:_identify(backup_packages/camera_ws/src/libcamera/src/android/data/nautilus) by extension 'colcon_pkg'
[0.358s] Level 1:colcon.colcon_core.package_identification:_identify(backup_packages/camera_ws/src/libcamera/src/android/data/nautilus) by extensions ['colcon_meta']
[0.358s] Level 1:colcon.colcon_core.package_identification:_identify(backup_packages/camera_ws/src/libcamera/src/android/data/nautilus) by extension 'colcon_meta'
[0.358s] Level 1:colcon.colcon_core.package_identification:_identify(backup_packages/camera_ws/src/libcamera/src/android/data/nautilus) by extensions ['ros']
[0.358s] Level 1:colcon.colcon_core.package_identification:_identify(backup_packages/camera_ws/src/libcamera/src/android/data/nautilus) by extension 'ros'
[0.358s] Level 1:colcon.colcon_core.package_identification:_identify(backup_packages/camera_ws/src/libcamera/src/android/data/nautilus) by extensions ['cmake', 'python']
[0.358s] Level 1:colcon.colcon_core.package_identification:_identify(backup_packages/camera_ws/src/libcamera/src/android/data/nautilus) by extension 'cmake'
[0.358s] Level 1:colcon.colcon_core.package_identification:_identify(backup_packages/camera_ws/src/libcamera/src/android/data/nautilus) by extension 'python'
[0.358s] Level 1:colcon.colcon_core.package_identification:_identify(backup_packages/camera_ws/src/libcamera/src/android/data/nautilus) by extensions ['python_setup_py']
[0.358s] Level 1:colcon.colcon_core.package_identification:_identify(backup_packages/camera_ws/src/libcamera/src/android/data/nautilus) by extension 'python_setup_py'
[0.358s] Level 1:colcon.colcon_core.package_identification:_identify(backup_packages/camera_ws/src/libcamera/src/android/data/soraka) by extensions ['ignore', 'ignore_ament_install']
[0.358s] Level 1:colcon.colcon_core.package_identification:_identify(backup_packages/camera_ws/src/libcamera/src/android/data/soraka) by extension 'ignore'
[0.358s] Level 1:colcon.colcon_core.package_identification:_identify(backup_packages/camera_ws/src/libcamera/src/android/data/soraka) by extension 'ignore_ament_install'
[0.358s] Level 1:colcon.colcon_core.package_identification:_identify(backup_packages/camera_ws/src/libcamera/src/android/data/soraka) by extensions ['colcon_pkg']
[0.358s] Level 1:colcon.colcon_core.package_identification:_identify(backup_packages/camera_ws/src/libcamera/src/android/data/soraka) by extension 'colcon_pkg'
[0.358s] Level 1:colcon.colcon_core.package_identification:_identify(backup_packages/camera_ws/src/libcamera/src/android/data/soraka) by extensions ['colcon_meta']
[0.358s] Level 1:colcon.colcon_core.package_identification:_identify(backup_packages/camera_ws/src/libcamera/src/android/data/soraka) by extension 'colcon_meta'
[0.358s] Level 1:colcon.colcon_core.package_identification:_identify(backup_packages/camera_ws/src/libcamera/src/android/data/soraka) by extensions ['ros']
[0.358s] Level 1:colcon.colcon_core.package_identification:_identify(backup_packages/camera_ws/src/libcamera/src/android/data/soraka) by extension 'ros'
[0.358s] Level 1:colcon.colcon_core.package_identification:_identify(backup_packages/camera_ws/src/libcamera/src/android/data/soraka) by extensions ['cmake', 'python']
[0.359s] Level 1:colcon.colcon_core.package_identification:_identify(backup_packages/camera_ws/src/libcamera/src/android/data/soraka) by extension 'cmake'
[0.359s] Level 1:colcon.colcon_core.package_identification:_identify(backup_packages/camera_ws/src/libcamera/src/android/data/soraka) by extension 'python'
[0.359s] Level 1:colcon.colcon_core.package_identification:_identify(backup_packages/camera_ws/src/libcamera/src/android/data/soraka) by extensions ['python_setup_py']
[0.359s] Level 1:colcon.colcon_core.package_identification:_identify(backup_packages/camera_ws/src/libcamera/src/android/data/soraka) by extension 'python_setup_py'
[0.359s] Level 1:colcon.colcon_core.package_identification:_identify(backup_packages/camera_ws/src/libcamera/src/android/jpeg) by extensions ['ignore', 'ignore_ament_install']
[0.359s] Level 1:colcon.colcon_core.package_identification:_identify(backup_packages/camera_ws/src/libcamera/src/android/jpeg) by extension 'ignore'
[0.359s] Level 1:colcon.colcon_core.package_identification:_identify(backup_packages/camera_ws/src/libcamera/src/android/jpeg) by extension 'ignore_ament_install'
[0.359s] Level 1:colcon.colcon_core.package_identification:_identify(backup_packages/camera_ws/src/libcamera/src/android/jpeg) by extensions ['colcon_pkg']
[0.359s] Level 1:colcon.colcon_core.package_identification:_identify(backup_packages/camera_ws/src/libcamera/src/android/jpeg) by extension 'colcon_pkg'
[0.359s] Level 1:colcon.colcon_core.package_identification:_identify(backup_packages/camera_ws/src/libcamera/src/android/jpeg) by extensions ['colcon_meta']
[0.359s] Level 1:colcon.colcon_core.package_identification:_identify(backup_packages/camera_ws/src/libcamera/src/android/jpeg) by extension 'colcon_meta'
[0.359s] Level 1:colcon.colcon_core.package_identification:_identify(backup_packages/camera_ws/src/libcamera/src/android/jpeg) by extensions ['ros']
[0.359s] Level 1:colcon.colcon_core.package_identification:_identify(backup_packages/camera_ws/src/libcamera/src/android/jpeg) by extension 'ros'
[0.359s] Level 1:colcon.colcon_core.package_identification:_identify(backup_packages/camera_ws/src/libcamera/src/android/jpeg) by extensions ['cmake', 'python']
[0.359s] Level 1:colcon.colcon_core.package_identification:_identify(backup_packages/camera_ws/src/libcamera/src/android/jpeg) by extension 'cmake'
[0.359s] Level 1:colcon.colcon_core.package_identification:_identify(backup_packages/camera_ws/src/libcamera/src/android/jpeg) by extension 'python'
[0.359s] Level 1:colcon.colcon_core.package_identification:_identify(backup_packages/camera_ws/src/libcamera/src/android/jpeg) by extensions ['python_setup_py']
[0.359s] Level 1:colcon.colcon_core.package_identification:_identify(backup_packages/camera_ws/src/libcamera/src/android/jpeg) by extension 'python_setup_py'
[0.359s] Level 1:colcon.colcon_core.package_identification:_identify(backup_packages/camera_ws/src/libcamera/src/android/metadata) by extensions ['ignore', 'ignore_ament_install']
[0.359s] Level 1:colcon.colcon_core.package_identification:_identify(backup_packages/camera_ws/src/libcamera/src/android/metadata) by extension 'ignore'
[0.360s] Level 1:colcon.colcon_core.package_identification:_identify(backup_packages/camera_ws/src/libcamera/src/android/metadata) by extension 'ignore_ament_install'
[0.360s] Level 1:colcon.colcon_core.package_identification:_identify(backup_packages/camera_ws/src/libcamera/src/android/metadata) by extensions ['colcon_pkg']
[0.360s] Level 1:colcon.colcon_core.package_identification:_identify(backup_packages/camera_ws/src/libcamera/src/android/metadata) by extension 'colcon_pkg'
[0.360s] Level 1:colcon.colcon_core.package_identification:_identify(backup_packages/camera_ws/src/libcamera/src/android/metadata) by extensions ['colcon_meta']
[0.360s] Level 1:colcon.colcon_core.package_identification:_identify(backup_packages/camera_ws/src/libcamera/src/android/metadata) by extension 'colcon_meta'
[0.360s] Level 1:colcon.colcon_core.package_identification:_identify(backup_packages/camera_ws/src/libcamera/src/android/metadata) by extensions ['ros']
[0.360s] Level 1:colcon.colcon_core.package_identification:_identify(backup_packages/camera_ws/src/libcamera/src/android/metadata) by extension 'ros'
[0.360s] Level 1:colcon.colcon_core.package_identification:_identify(backup_packages/camera_ws/src/libcamera/src/android/metadata) by extensions ['cmake', 'python']
[0.360s] Level 1:colcon.colcon_core.package_identification:_identify(backup_packages/camera_ws/src/libcamera/src/android/metadata) by extension 'cmake'
[0.360s] Level 1:colcon.colcon_core.package_identification:_identify(backup_packages/camera_ws/src/libcamera/src/android/metadata) by extension 'python'
[0.360s] Level 1:colcon.colcon_core.package_identification:_identify(backup_packages/camera_ws/src/libcamera/src/android/metadata) by extensions ['python_setup_py']
[0.360s] Level 1:colcon.colcon_core.package_identification:_identify(backup_packages/camera_ws/src/libcamera/src/android/metadata) by extension 'python_setup_py'
[0.360s] Level 1:colcon.colcon_core.package_identification:_identify(backup_packages/camera_ws/src/libcamera/src/android/mm) by extensions ['ignore', 'ignore_ament_install']
[0.360s] Level 1:colcon.colcon_core.package_identification:_identify(backup_packages/camera_ws/src/libcamera/src/android/mm) by extension 'ignore'
[0.360s] Level 1:colcon.colcon_core.package_identification:_identify(backup_packages/camera_ws/src/libcamera/src/android/mm) by extension 'ignore_ament_install'
[0.360s] Level 1:colcon.colcon_core.package_identification:_identify(backup_packages/camera_ws/src/libcamera/src/android/mm) by extensions ['colcon_pkg']
[0.360s] Level 1:colcon.colcon_core.package_identification:_identify(backup_packages/camera_ws/src/libcamera/src/android/mm) by extension 'colcon_pkg'
[0.360s] Level 1:colcon.colcon_core.package_identification:_identify(backup_packages/camera_ws/src/libcamera/src/android/mm) by extensions ['colcon_meta']
[0.360s] Level 1:colcon.colcon_core.package_identification:_identify(backup_packages/camera_ws/src/libcamera/src/android/mm) by extension 'colcon_meta'
[0.360s] Level 1:colcon.colcon_core.package_identification:_identify(backup_packages/camera_ws/src/libcamera/src/android/mm) by extensions ['ros']
[0.360s] Level 1:colcon.colcon_core.package_identification:_identify(backup_packages/camera_ws/src/libcamera/src/android/mm) by extension 'ros'
[0.360s] Level 1:colcon.colcon_core.package_identification:_identify(backup_packages/camera_ws/src/libcamera/src/android/mm) by extensions ['cmake', 'python']
[0.360s] Level 1:colcon.colcon_core.package_identification:_identify(backup_packages/camera_ws/src/libcamera/src/android/mm) by extension 'cmake'
[0.360s] Level 1:colcon.colcon_core.package_identification:_identify(backup_packages/camera_ws/src/libcamera/src/android/mm) by extension 'python'
[0.360s] Level 1:colcon.colcon_core.package_identification:_identify(backup_packages/camera_ws/src/libcamera/src/android/mm) by extensions ['python_setup_py']
[0.361s] Level 1:colcon.colcon_core.package_identification:_identify(backup_packages/camera_ws/src/libcamera/src/android/mm) by extension 'python_setup_py'
[0.361s] Level 1:colcon.colcon_core.package_identification:_identify(backup_packages/camera_ws/src/libcamera/src/android/yuv) by extensions ['ignore', 'ignore_ament_install']
[0.361s] Level 1:colcon.colcon_core.package_identification:_identify(backup_packages/camera_ws/src/libcamera/src/android/yuv) by extension 'ignore'
[0.361s] Level 1:colcon.colcon_core.package_identification:_identify(backup_packages/camera_ws/src/libcamera/src/android/yuv) by extension 'ignore_ament_install'
[0.361s] Level 1:colcon.colcon_core.package_identification:_identify(backup_packages/camera_ws/src/libcamera/src/android/yuv) by extensions ['colcon_pkg']
[0.361s] Level 1:colcon.colcon_core.package_identification:_identify(backup_packages/camera_ws/src/libcamera/src/android/yuv) by extension 'colcon_pkg'
[0.361s] Level 1:colcon.colcon_core.package_identification:_identify(backup_packages/camera_ws/src/libcamera/src/android/yuv) by extensions ['colcon_meta']
[0.361s] Level 1:colcon.colcon_core.package_identification:_identify(backup_packages/camera_ws/src/libcamera/src/android/yuv) by extension 'colcon_meta'
[0.361s] Level 1:colcon.colcon_core.package_identification:_identify(backup_packages/camera_ws/src/libcamera/src/android/yuv) by extensions ['ros']
[0.361s] Level 1:colcon.colcon_core.package_identification:_identify(backup_packages/camera_ws/src/libcamera/src/android/yuv) by extension 'ros'
[0.361s] Level 1:colcon.colcon_core.package_identification:_identify(backup_packages/camera_ws/src/libcamera/src/android/yuv) by extensions ['cmake', 'python']
[0.361s] Level 1:colcon.colcon_core.package_identification:_identify(backup_packages/camera_ws/src/libcamera/src/android/yuv) by extension 'cmake'
[0.361s] Level 1:colcon.colcon_core.package_identification:_identify(backup_packages/camera_ws/src/libcamera/src/android/yuv) by extension 'python'
[0.361s] Level 1:colcon.colcon_core.package_identification:_identify(backup_packages/camera_ws/src/libcamera/src/android/yuv) by extensions ['python_setup_py']
[0.361s] Level 1:colcon.colcon_core.package_identification:_identify(backup_packages/camera_ws/src/libcamera/src/android/yuv) by extension 'python_setup_py'
[0.361s] Level 1:colcon.colcon_core.package_identification:_identify(backup_packages/camera_ws/src/libcamera/src/apps) by extensions ['ignore', 'ignore_ament_install']
[0.362s] Level 1:colcon.colcon_core.package_identification:_identify(backup_packages/camera_ws/src/libcamera/src/apps) by extension 'ignore'
[0.362s] Level 1:colcon.colcon_core.package_identification:_identify(backup_packages/camera_ws/src/libcamera/src/apps) by extension 'ignore_ament_install'
[0.362s] Level 1:colcon.colcon_core.package_identification:_identify(backup_packages/camera_ws/src/libcamera/src/apps) by extensions ['colcon_pkg']
[0.362s] Level 1:colcon.colcon_core.package_identification:_identify(backup_packages/camera_ws/src/libcamera/src/apps) by extension 'colcon_pkg'
[0.362s] Level 1:colcon.colcon_core.package_identification:_identify(backup_packages/camera_ws/src/libcamera/src/apps) by extensions ['colcon_meta']
[0.362s] Level 1:colcon.colcon_core.package_identification:_identify(backup_packages/camera_ws/src/libcamera/src/apps) by extension 'colcon_meta'
[0.362s] Level 1:colcon.colcon_core.package_identification:_identify(backup_packages/camera_ws/src/libcamera/src/apps) by extensions ['ros']
[0.362s] Level 1:colcon.colcon_core.package_identification:_identify(backup_packages/camera_ws/src/libcamera/src/apps) by extension 'ros'
[0.362s] Level 1:colcon.colcon_core.package_identification:_identify(backup_packages/camera_ws/src/libcamera/src/apps) by extensions ['cmake', 'python']
[0.362s] Level 1:colcon.colcon_core.package_identification:_identify(backup_packages/camera_ws/src/libcamera/src/apps) by extension 'cmake'
[0.362s] Level 1:colcon.colcon_core.package_identification:_identify(backup_packages/camera_ws/src/libcamera/src/apps) by extension 'python'
[0.362s] Level 1:colcon.colcon_core.package_identification:_identify(backup_packages/camera_ws/src/libcamera/src/apps) by extensions ['python_setup_py']
[0.362s] Level 1:colcon.colcon_core.package_identification:_identify(backup_packages/camera_ws/src/libcamera/src/apps) by extension 'python_setup_py'
[0.362s] Level 1:colcon.colcon_core.package_identification:_identify(backup_packages/camera_ws/src/libcamera/src/apps/cam) by extensions ['ignore', 'ignore_ament_install']
[0.362s] Level 1:colcon.colcon_core.package_identification:_identify(backup_packages/camera_ws/src/libcamera/src/apps/cam) by extension 'ignore'
[0.362s] Level 1:colcon.colcon_core.package_identification:_identify(backup_packages/camera_ws/src/libcamera/src/apps/cam) by extension 'ignore_ament_install'
[0.362s] Level 1:colcon.colcon_core.package_identification:_identify(backup_packages/camera_ws/src/libcamera/src/apps/cam) by extensions ['colcon_pkg']
[0.362s] Level 1:colcon.colcon_core.package_identification:_identify(backup_packages/camera_ws/src/libcamera/src/apps/cam) by extension 'colcon_pkg'
[0.362s] Level 1:colcon.colcon_core.package_identification:_identify(backup_packages/camera_ws/src/libcamera/src/apps/cam) by extensions ['colcon_meta']
[0.362s] Level 1:colcon.colcon_core.package_identification:_identify(backup_packages/camera_ws/src/libcamera/src/apps/cam) by extension 'colcon_meta'
[0.362s] Level 1:colcon.colcon_core.package_identification:_identify(backup_packages/camera_ws/src/libcamera/src/apps/cam) by extensions ['ros']
[0.362s] Level 1:colcon.colcon_core.package_identification:_identify(backup_packages/camera_ws/src/libcamera/src/apps/cam) by extension 'ros'
[0.362s] Level 1:colcon.colcon_core.package_identification:_identify(backup_packages/camera_ws/src/libcamera/src/apps/cam) by extensions ['cmake', 'python']
[0.362s] Level 1:colcon.colcon_core.package_identification:_identify(backup_packages/camera_ws/src/libcamera/src/apps/cam) by extension 'cmake'
[0.363s] Level 1:colcon.colcon_core.package_identification:_identify(backup_packages/camera_ws/src/libcamera/src/apps/cam) by extension 'python'
[0.363s] Level 1:colcon.colcon_core.package_identification:_identify(backup_packages/camera_ws/src/libcamera/src/apps/cam) by extensions ['python_setup_py']
[0.363s] Level 1:colcon.colcon_core.package_identification:_identify(backup_packages/camera_ws/src/libcamera/src/apps/cam) by extension 'python_setup_py'
[0.363s] Level 1:colcon.colcon_core.package_identification:_identify(backup_packages/camera_ws/src/libcamera/src/apps/common) by extensions ['ignore', 'ignore_ament_install']
[0.363s] Level 1:colcon.colcon_core.package_identification:_identify(backup_packages/camera_ws/src/libcamera/src/apps/common) by extension 'ignore'
[0.363s] Level 1:colcon.colcon_core.package_identification:_identify(backup_packages/camera_ws/src/libcamera/src/apps/common) by extension 'ignore_ament_install'
[0.363s] Level 1:colcon.colcon_core.package_identification:_identify(backup_packages/camera_ws/src/libcamera/src/apps/common) by extensions ['colcon_pkg']
[0.363s] Level 1:colcon.colcon_core.package_identification:_identify(backup_packages/camera_ws/src/libcamera/src/apps/common) by extension 'colcon_pkg'
[0.363s] Level 1:colcon.colcon_core.package_identification:_identify(backup_packages/camera_ws/src/libcamera/src/apps/common) by extensions ['colcon_meta']
[0.363s] Level 1:colcon.colcon_core.package_identification:_identify(backup_packages/camera_ws/src/libcamera/src/apps/common) by extension 'colcon_meta'
[0.363s] Level 1:colcon.colcon_core.package_identification:_identify(backup_packages/camera_ws/src/libcamera/src/apps/common) by extensions ['ros']
[0.363s] Level 1:colcon.colcon_core.package_identification:_identify(backup_packages/camera_ws/src/libcamera/src/apps/common) by extension 'ros'
[0.363s] Level 1:colcon.colcon_core.package_identification:_identify(backup_packages/camera_ws/src/libcamera/src/apps/common) by extensions ['cmake', 'python']
[0.363s] Level 1:colcon.colcon_core.package_identification:_identify(backup_packages/camera_ws/src/libcamera/src/apps/common) by extension 'cmake'
[0.363s] Level 1:colcon.colcon_core.package_identification:_identify(backup_packages/camera_ws/src/libcamera/src/apps/common) by extension 'python'
[0.363s] Level 1:colcon.colcon_core.package_identification:_identify(backup_packages/camera_ws/src/libcamera/src/apps/common) by extensions ['python_setup_py']
[0.363s] Level 1:colcon.colcon_core.package_identification:_identify(backup_packages/camera_ws/src/libcamera/src/apps/common) by extension 'python_setup_py'
[0.363s] Level 1:colcon.colcon_core.package_identification:_identify(backup_packages/camera_ws/src/libcamera/src/apps/ipa-verify) by extensions ['ignore', 'ignore_ament_install']
[0.363s] Level 1:colcon.colcon_core.package_identification:_identify(backup_packages/camera_ws/src/libcamera/src/apps/ipa-verify) by extension 'ignore'
[0.363s] Level 1:colcon.colcon_core.package_identification:_identify(backup_packages/camera_ws/src/libcamera/src/apps/ipa-verify) by extension 'ignore_ament_install'
[0.363s] Level 1:colcon.colcon_core.package_identification:_identify(backup_packages/camera_ws/src/libcamera/src/apps/ipa-verify) by extensions ['colcon_pkg']
[0.363s] Level 1:colcon.colcon_core.package_identification:_identify(backup_packages/camera_ws/src/libcamera/src/apps/ipa-verify) by extension 'colcon_pkg'
[0.363s] Level 1:colcon.colcon_core.package_identification:_identify(backup_packages/camera_ws/src/libcamera/src/apps/ipa-verify) by extensions ['colcon_meta']
[0.363s] Level 1:colcon.colcon_core.package_identification:_identify(backup_packages/camera_ws/src/libcamera/src/apps/ipa-verify) by extension 'colcon_meta'
[0.364s] Level 1:colcon.colcon_core.package_identification:_identify(backup_packages/camera_ws/src/libcamera/src/apps/ipa-verify) by extensions ['ros']
[0.364s] Level 1:colcon.colcon_core.package_identification:_identify(backup_packages/camera_ws/src/libcamera/src/apps/ipa-verify) by extension 'ros'
[0.364s] Level 1:colcon.colcon_core.package_identification:_identify(backup_packages/camera_ws/src/libcamera/src/apps/ipa-verify) by extensions ['cmake', 'python']
[0.364s] Level 1:colcon.colcon_core.package_identification:_identify(backup_packages/camera_ws/src/libcamera/src/apps/ipa-verify) by extension 'cmake'
[0.364s] Level 1:colcon.colcon_core.package_identification:_identify(backup_packages/camera_ws/src/libcamera/src/apps/ipa-verify) by extension 'python'
[0.364s] Level 1:colcon.colcon_core.package_identification:_identify(backup_packages/camera_ws/src/libcamera/src/apps/ipa-verify) by extensions ['python_setup_py']
[0.364s] Level 1:colcon.colcon_core.package_identification:_identify(backup_packages/camera_ws/src/libcamera/src/apps/ipa-verify) by extension 'python_setup_py'
[0.364s] Level 1:colcon.colcon_core.package_identification:_identify(backup_packages/camera_ws/src/libcamera/src/apps/lc-compliance) by extensions ['ignore', 'ignore_ament_install']
[0.364s] Level 1:colcon.colcon_core.package_identification:_identify(backup_packages/camera_ws/src/libcamera/src/apps/lc-compliance) by extension 'ignore'
[0.364s] Level 1:colcon.colcon_core.package_identification:_identify(backup_packages/camera_ws/src/libcamera/src/apps/lc-compliance) by extension 'ignore_ament_install'
[0.364s] Level 1:colcon.colcon_core.package_identification:_identify(backup_packages/camera_ws/src/libcamera/src/apps/lc-compliance) by extensions ['colcon_pkg']
[0.364s] Level 1:colcon.colcon_core.package_identification:_identify(backup_packages/camera_ws/src/libcamera/src/apps/lc-compliance) by extension 'colcon_pkg'
[0.364s] Level 1:colcon.colcon_core.package_identification:_identify(backup_packages/camera_ws/src/libcamera/src/apps/lc-compliance) by extensions ['colcon_meta']
[0.364s] Level 1:colcon.colcon_core.package_identification:_identify(backup_packages/camera_ws/src/libcamera/src/apps/lc-compliance) by extension 'colcon_meta'
[0.364s] Level 1:colcon.colcon_core.package_identification:_identify(backup_packages/camera_ws/src/libcamera/src/apps/lc-compliance) by extensions ['ros']
[0.364s] Level 1:colcon.colcon_core.package_identification:_identify(backup_packages/camera_ws/src/libcamera/src/apps/lc-compliance) by extension 'ros'
[0.364s] Level 1:colcon.colcon_core.package_identification:_identify(backup_packages/camera_ws/src/libcamera/src/apps/lc-compliance) by extensions ['cmake', 'python']
[0.364s] Level 1:colcon.colcon_core.package_identification:_identify(backup_packages/camera_ws/src/libcamera/src/apps/lc-compliance) by extension 'cmake'
[0.364s] Level 1:colcon.colcon_core.package_identification:_identify(backup_packages/camera_ws/src/libcamera/src/apps/lc-compliance) by extension 'python'
[0.364s] Level 1:colcon.colcon_core.package_identification:_identify(backup_packages/camera_ws/src/libcamera/src/apps/lc-compliance) by extensions ['python_setup_py']
[0.364s] Level 1:colcon.colcon_core.package_identification:_identify(backup_packages/camera_ws/src/libcamera/src/apps/lc-compliance) by extension 'python_setup_py'
[0.364s] Level 1:colcon.colcon_core.package_identification:_identify(backup_packages/camera_ws/src/libcamera/src/apps/lc-compliance/helpers) by extensions ['ignore', 'ignore_ament_install']
[0.364s] Level 1:colcon.colcon_core.package_identification:_identify(backup_packages/camera_ws/src/libcamera/src/apps/lc-compliance/helpers) by extension 'ignore'
[0.364s] Level 1:colcon.colcon_core.package_identification:_identify(backup_packages/camera_ws/src/libcamera/src/apps/lc-compliance/helpers) by extension 'ignore_ament_install'
[0.365s] Level 1:colcon.colcon_core.package_identification:_identify(backup_packages/camera_ws/src/libcamera/src/apps/lc-compliance/helpers) by extensions ['colcon_pkg']
[0.365s] Level 1:colcon.colcon_core.package_identification:_identify(backup_packages/camera_ws/src/libcamera/src/apps/lc-compliance/helpers) by extension 'colcon_pkg'
[0.365s] Level 1:colcon.colcon_core.package_identification:_identify(backup_packages/camera_ws/src/libcamera/src/apps/lc-compliance/helpers) by extensions ['colcon_meta']
[0.365s] Level 1:colcon.colcon_core.package_identification:_identify(backup_packages/camera_ws/src/libcamera/src/apps/lc-compliance/helpers) by extension 'colcon_meta'
[0.365s] Level 1:colcon.colcon_core.package_identification:_identify(backup_packages/camera_ws/src/libcamera/src/apps/lc-compliance/helpers) by extensions ['ros']
[0.365s] Level 1:colcon.colcon_core.package_identification:_identify(backup_packages/camera_ws/src/libcamera/src/apps/lc-compliance/helpers) by extension 'ros'
[0.365s] Level 1:colcon.colcon_core.package_identification:_identify(backup_packages/camera_ws/src/libcamera/src/apps/lc-compliance/helpers) by extensions ['cmake', 'python']
[0.365s] Level 1:colcon.colcon_core.package_identification:_identify(backup_packages/camera_ws/src/libcamera/src/apps/lc-compliance/helpers) by extension 'cmake'
[0.365s] Level 1:colcon.colcon_core.package_identification:_identify(backup_packages/camera_ws/src/libcamera/src/apps/lc-compliance/helpers) by extension 'python'
[0.365s] Level 1:colcon.colcon_core.package_identification:_identify(backup_packages/camera_ws/src/libcamera/src/apps/lc-compliance/helpers) by extensions ['python_setup_py']
[0.365s] Level 1:colcon.colcon_core.package_identification:_identify(backup_packages/camera_ws/src/libcamera/src/apps/lc-compliance/helpers) by extension 'python_setup_py'
[0.365s] Level 1:colcon.colcon_core.package_identification:_identify(backup_packages/camera_ws/src/libcamera/src/apps/lc-compliance/tests) by extensions ['ignore', 'ignore_ament_install']
[0.365s] Level 1:colcon.colcon_core.package_identification:_identify(backup_packages/camera_ws/src/libcamera/src/apps/lc-compliance/tests) by extension 'ignore'
[0.365s] Level 1:colcon.colcon_core.package_identification:_identify(backup_packages/camera_ws/src/libcamera/src/apps/lc-compliance/tests) by extension 'ignore_ament_install'
[0.365s] Level 1:colcon.colcon_core.package_identification:_identify(backup_packages/camera_ws/src/libcamera/src/apps/lc-compliance/tests) by extensions ['colcon_pkg']
[0.365s] Level 1:colcon.colcon_core.package_identification:_identify(backup_packages/camera_ws/src/libcamera/src/apps/lc-compliance/tests) by extension 'colcon_pkg'
[0.365s] Level 1:colcon.colcon_core.package_identification:_identify(backup_packages/camera_ws/src/libcamera/src/apps/lc-compliance/tests) by extensions ['colcon_meta']
[0.365s] Level 1:colcon.colcon_core.package_identification:_identify(backup_packages/camera_ws/src/libcamera/src/apps/lc-compliance/tests) by extension 'colcon_meta'
[0.365s] Level 1:colcon.colcon_core.package_identification:_identify(backup_packages/camera_ws/src/libcamera/src/apps/lc-compliance/tests) by extensions ['ros']
[0.365s] Level 1:colcon.colcon_core.package_identification:_identify(backup_packages/camera_ws/src/libcamera/src/apps/lc-compliance/tests) by extension 'ros'
[0.365s] Level 1:colcon.colcon_core.package_identification:_identify(backup_packages/camera_ws/src/libcamera/src/apps/lc-compliance/tests) by extensions ['cmake', 'python']
[0.365s] Level 1:colcon.colcon_core.package_identification:_identify(backup_packages/camera_ws/src/libcamera/src/apps/lc-compliance/tests) by extension 'cmake'
[0.365s] Level 1:colcon.colcon_core.package_identification:_identify(backup_packages/camera_ws/src/libcamera/src/apps/lc-compliance/tests) by extension 'python'
[0.365s] Level 1:colcon.colcon_core.package_identification:_identify(backup_packages/camera_ws/src/libcamera/src/apps/lc-compliance/tests) by extensions ['python_setup_py']
[0.365s] Level 1:colcon.colcon_core.package_identification:_identify(backup_packages/camera_ws/src/libcamera/src/apps/lc-compliance/tests) by extension 'python_setup_py'
[0.366s] Level 1:colcon.colcon_core.package_identification:_identify(backup_packages/camera_ws/src/libcamera/src/apps/qcam) by extensions ['ignore', 'ignore_ament_install']
[0.366s] Level 1:colcon.colcon_core.package_identification:_identify(backup_packages/camera_ws/src/libcamera/src/apps/qcam) by extension 'ignore'
[0.366s] Level 1:colcon.colcon_core.package_identification:_identify(backup_packages/camera_ws/src/libcamera/src/apps/qcam) by extension 'ignore_ament_install'
[0.366s] Level 1:colcon.colcon_core.package_identification:_identify(backup_packages/camera_ws/src/libcamera/src/apps/qcam) by extensions ['colcon_pkg']
[0.366s] Level 1:colcon.colcon_core.package_identification:_identify(backup_packages/camera_ws/src/libcamera/src/apps/qcam) by extension 'colcon_pkg'
[0.366s] Level 1:colcon.colcon_core.package_identification:_identify(backup_packages/camera_ws/src/libcamera/src/apps/qcam) by extensions ['colcon_meta']
[0.366s] Level 1:colcon.colcon_core.package_identification:_identify(backup_packages/camera_ws/src/libcamera/src/apps/qcam) by extension 'colcon_meta'
[0.366s] Level 1:colcon.colcon_core.package_identification:_identify(backup_packages/camera_ws/src/libcamera/src/apps/qcam) by extensions ['ros']
[0.366s] Level 1:colcon.colcon_core.package_identification:_identify(backup_packages/camera_ws/src/libcamera/src/apps/qcam) by extension 'ros'
[0.366s] Level 1:colcon.colcon_core.package_identification:_identify(backup_packages/camera_ws/src/libcamera/src/apps/qcam) by extensions ['cmake', 'python']
[0.366s] Level 1:colcon.colcon_core.package_identification:_identify(backup_packages/camera_ws/src/libcamera/src/apps/qcam) by extension 'cmake'
[0.366s] Level 1:colcon.colcon_core.package_identification:_identify(backup_packages/camera_ws/src/libcamera/src/apps/qcam) by extension 'python'
[0.366s] Level 1:colcon.colcon_core.package_identification:_identify(backup_packages/camera_ws/src/libcamera/src/apps/qcam) by extensions ['python_setup_py']
[0.366s] Level 1:colcon.colcon_core.package_identification:_identify(backup_packages/camera_ws/src/libcamera/src/apps/qcam) by extension 'python_setup_py'
[0.366s] Level 1:colcon.colcon_core.package_identification:_identify(backup_packages/camera_ws/src/libcamera/src/apps/qcam/assets) by extensions ['ignore', 'ignore_ament_install']
[0.366s] Level 1:colcon.colcon_core.package_identification:_identify(backup_packages/camera_ws/src/libcamera/src/apps/qcam/assets) by extension 'ignore'
[0.366s] Level 1:colcon.colcon_core.package_identification:_identify(backup_packages/camera_ws/src/libcamera/src/apps/qcam/assets) by extension 'ignore_ament_install'
[0.366s] Level 1:colcon.colcon_core.package_identification:_identify(backup_packages/camera_ws/src/libcamera/src/apps/qcam/assets) by extensions ['colcon_pkg']
[0.366s] Level 1:colcon.colcon_core.package_identification:_identify(backup_packages/camera_ws/src/libcamera/src/apps/qcam/assets) by extension 'colcon_pkg'
[0.366s] Level 1:colcon.colcon_core.package_identification:_identify(backup_packages/camera_ws/src/libcamera/src/apps/qcam/assets) by extensions ['colcon_meta']
[0.366s] Level 1:colcon.colcon_core.package_identification:_identify(backup_packages/camera_ws/src/libcamera/src/apps/qcam/assets) by extension 'colcon_meta'
[0.366s] Level 1:colcon.colcon_core.package_identification:_identify(backup_packages/camera_ws/src/libcamera/src/apps/qcam/assets) by extensions ['ros']
[0.366s] Level 1:colcon.colcon_core.package_identification:_identify(backup_packages/camera_ws/src/libcamera/src/apps/qcam/assets) by extension 'ros'
[0.366s] Level 1:colcon.colcon_core.package_identification:_identify(backup_packages/camera_ws/src/libcamera/src/apps/qcam/assets) by extensions ['cmake', 'python']
[0.366s] Level 1:colcon.colcon_core.package_identification:_identify(backup_packages/camera_ws/src/libcamera/src/apps/qcam/assets) by extension 'cmake'
[0.367s] Level 1:colcon.colcon_core.package_identification:_identify(backup_packages/camera_ws/src/libcamera/src/apps/qcam/assets) by extension 'python'
[0.367s] Level 1:colcon.colcon_core.package_identification:_identify(backup_packages/camera_ws/src/libcamera/src/apps/qcam/assets) by extensions ['python_setup_py']
[0.367s] Level 1:colcon.colcon_core.package_identification:_identify(backup_packages/camera_ws/src/libcamera/src/apps/qcam/assets) by extension 'python_setup_py'
[0.367s] Level 1:colcon.colcon_core.package_identification:_identify(backup_packages/camera_ws/src/libcamera/src/apps/qcam/assets/feathericons) by extensions ['ignore', 'ignore_ament_install']
[0.367s] Level 1:colcon.colcon_core.package_identification:_identify(backup_packages/camera_ws/src/libcamera/src/apps/qcam/assets/feathericons) by extension 'ignore'
[0.367s] Level 1:colcon.colcon_core.package_identification:_identify(backup_packages/camera_ws/src/libcamera/src/apps/qcam/assets/feathericons) by extension 'ignore_ament_install'
[0.367s] Level 1:colcon.colcon_core.package_identification:_identify(backup_packages/camera_ws/src/libcamera/src/apps/qcam/assets/feathericons) by extensions ['colcon_pkg']
[0.367s] Level 1:colcon.colcon_core.package_identification:_identify(backup_packages/camera_ws/src/libcamera/src/apps/qcam/assets/feathericons) by extension 'colcon_pkg'
[0.367s] Level 1:colcon.colcon_core.package_identification:_identify(backup_packages/camera_ws/src/libcamera/src/apps/qcam/assets/feathericons) by extensions ['colcon_meta']
[0.367s] Level 1:colcon.colcon_core.package_identification:_identify(backup_packages/camera_ws/src/libcamera/src/apps/qcam/assets/feathericons) by extension 'colcon_meta'
[0.367s] Level 1:colcon.colcon_core.package_identification:_identify(backup_packages/camera_ws/src/libcamera/src/apps/qcam/assets/feathericons) by extensions ['ros']
[0.367s] Level 1:colcon.colcon_core.package_identification:_identify(backup_packages/camera_ws/src/libcamera/src/apps/qcam/assets/feathericons) by extension 'ros'
[0.367s] Level 1:colcon.colcon_core.package_identification:_identify(backup_packages/camera_ws/src/libcamera/src/apps/qcam/assets/feathericons) by extensions ['cmake', 'python']
[0.367s] Level 1:colcon.colcon_core.package_identification:_identify(backup_packages/camera_ws/src/libcamera/src/apps/qcam/assets/feathericons) by extension 'cmake'
[0.367s] Level 1:colcon.colcon_core.package_identification:_identify(backup_packages/camera_ws/src/libcamera/src/apps/qcam/assets/feathericons) by extension 'python'
[0.367s] Level 1:colcon.colcon_core.package_identification:_identify(backup_packages/camera_ws/src/libcamera/src/apps/qcam/assets/feathericons) by extensions ['python_setup_py']
[0.367s] Level 1:colcon.colcon_core.package_identification:_identify(backup_packages/camera_ws/src/libcamera/src/apps/qcam/assets/feathericons) by extension 'python_setup_py'
[0.367s] Level 1:colcon.colcon_core.package_identification:_identify(backup_packages/camera_ws/src/libcamera/src/apps/qcam/assets/shader) by extensions ['ignore', 'ignore_ament_install']
[0.368s] Level 1:colcon.colcon_core.package_identification:_identify(backup_packages/camera_ws/src/libcamera/src/apps/qcam/assets/shader) by extension 'ignore'
[0.368s] Level 1:colcon.colcon_core.package_identification:_identify(backup_packages/camera_ws/src/libcamera/src/apps/qcam/assets/shader) by extension 'ignore_ament_install'
[0.368s] Level 1:colcon.colcon_core.package_identification:_identify(backup_packages/camera_ws/src/libcamera/src/apps/qcam/assets/shader) by extensions ['colcon_pkg']
[0.368s] Level 1:colcon.colcon_core.package_identification:_identify(backup_packages/camera_ws/src/libcamera/src/apps/qcam/assets/shader) by extension 'colcon_pkg'
[0.368s] Level 1:colcon.colcon_core.package_identification:_identify(backup_packages/camera_ws/src/libcamera/src/apps/qcam/assets/shader) by extensions ['colcon_meta']
[0.368s] Level 1:colcon.colcon_core.package_identification:_identify(backup_packages/camera_ws/src/libcamera/src/apps/qcam/assets/shader) by extension 'colcon_meta'
[0.368s] Level 1:colcon.colcon_core.package_identification:_identify(backup_packages/camera_ws/src/libcamera/src/apps/qcam/assets/shader) by extensions ['ros']
[0.368s] Level 1:colcon.colcon_core.package_identification:_identify(backup_packages/camera_ws/src/libcamera/src/apps/qcam/assets/shader) by extension 'ros'
[0.368s] Level 1:colcon.colcon_core.package_identification:_identify(backup_packages/camera_ws/src/libcamera/src/apps/qcam/assets/shader) by extensions ['cmake', 'python']
[0.368s] Level 1:colcon.colcon_core.package_identification:_identify(backup_packages/camera_ws/src/libcamera/src/apps/qcam/assets/shader) by extension 'cmake'
[0.368s] Level 1:colcon.colcon_core.package_identification:_identify(backup_packages/camera_ws/src/libcamera/src/apps/qcam/assets/shader) by extension 'python'
[0.368s] Level 1:colcon.colcon_core.package_identification:_identify(backup_packages/camera_ws/src/libcamera/src/apps/qcam/assets/shader) by extensions ['python_setup_py']
[0.368s] Level 1:colcon.colcon_core.package_identification:_identify(backup_packages/camera_ws/src/libcamera/src/apps/qcam/assets/shader) by extension 'python_setup_py'
[0.368s] Level 1:colcon.colcon_core.package_identification:_identify(backup_packages/camera_ws/src/libcamera/src/gstreamer) by extensions ['ignore', 'ignore_ament_install']
[0.368s] Level 1:colcon.colcon_core.package_identification:_identify(backup_packages/camera_ws/src/libcamera/src/gstreamer) by extension 'ignore'
[0.368s] Level 1:colcon.colcon_core.package_identification:_identify(backup_packages/camera_ws/src/libcamera/src/gstreamer) by extension 'ignore_ament_install'
[0.368s] Level 1:colcon.colcon_core.package_identification:_identify(backup_packages/camera_ws/src/libcamera/src/gstreamer) by extensions ['colcon_pkg']
[0.368s] Level 1:colcon.colcon_core.package_identification:_identify(backup_packages/camera_ws/src/libcamera/src/gstreamer) by extension 'colcon_pkg'
[0.368s] Level 1:colcon.colcon_core.package_identification:_identify(backup_packages/camera_ws/src/libcamera/src/gstreamer) by extensions ['colcon_meta']
[0.368s] Level 1:colcon.colcon_core.package_identification:_identify(backup_packages/camera_ws/src/libcamera/src/gstreamer) by extension 'colcon_meta'
[0.368s] Level 1:colcon.colcon_core.package_identification:_identify(backup_packages/camera_ws/src/libcamera/src/gstreamer) by extensions ['ros']
[0.368s] Level 1:colcon.colcon_core.package_identification:_identify(backup_packages/camera_ws/src/libcamera/src/gstreamer) by extension 'ros'
[0.368s] Level 1:colcon.colcon_core.package_identification:_identify(backup_packages/camera_ws/src/libcamera/src/gstreamer) by extensions ['cmake', 'python']
[0.368s] Level 1:colcon.colcon_core.package_identification:_identify(backup_packages/camera_ws/src/libcamera/src/gstreamer) by extension 'cmake'
[0.368s] Level 1:colcon.colcon_core.package_identification:_identify(backup_packages/camera_ws/src/libcamera/src/gstreamer) by extension 'python'
[0.368s] Level 1:colcon.colcon_core.package_identification:_identify(backup_packages/camera_ws/src/libcamera/src/gstreamer) by extensions ['python_setup_py']
[0.368s] Level 1:colcon.colcon_core.package_identification:_identify(backup_packages/camera_ws/src/libcamera/src/gstreamer) by extension 'python_setup_py'
[0.369s] Level 1:colcon.colcon_core.package_identification:_identify(backup_packages/camera_ws/src/libcamera/src/ipa) by extensions ['ignore', 'ignore_ament_install']
[0.369s] Level 1:colcon.colcon_core.package_identification:_identify(backup_packages/camera_ws/src/libcamera/src/ipa) by extension 'ignore'
[0.369s] Level 1:colcon.colcon_core.package_identification:_identify(backup_packages/camera_ws/src/libcamera/src/ipa) by extension 'ignore_ament_install'
[0.369s] Level 1:colcon.colcon_core.package_identification:_identify(backup_packages/camera_ws/src/libcamera/src/ipa) by extensions ['colcon_pkg']
[0.369s] Level 1:colcon.colcon_core.package_identification:_identify(backup_packages/camera_ws/src/libcamera/src/ipa) by extension 'colcon_pkg'
[0.369s] Level 1:colcon.colcon_core.package_identification:_identify(backup_packages/camera_ws/src/libcamera/src/ipa) by extensions ['colcon_meta']
[0.369s] Level 1:colcon.colcon_core.package_identification:_identify(backup_packages/camera_ws/src/libcamera/src/ipa) by extension 'colcon_meta'
[0.369s] Level 1:colcon.colcon_core.package_identification:_identify(backup_packages/camera_ws/src/libcamera/src/ipa) by extensions ['ros']
[0.369s] Level 1:colcon.colcon_core.package_identification:_identify(backup_packages/camera_ws/src/libcamera/src/ipa) by extension 'ros'
[0.369s] Level 1:colcon.colcon_core.package_identification:_identify(backup_packages/camera_ws/src/libcamera/src/ipa) by extensions ['cmake', 'python']
[0.369s] Level 1:colcon.colcon_core.package_identification:_identify(backup_packages/camera_ws/src/libcamera/src/ipa) by extension 'cmake'
[0.369s] Level 1:colcon.colcon_core.package_identification:_identify(backup_packages/camera_ws/src/libcamera/src/ipa) by extension 'python'
[0.369s] Level 1:colcon.colcon_core.package_identification:_identify(backup_packages/camera_ws/src/libcamera/src/ipa) by extensions ['python_setup_py']
[0.369s] Level 1:colcon.colcon_core.package_identification:_identify(backup_packages/camera_ws/src/libcamera/src/ipa) by extension 'python_setup_py'
[0.369s] Level 1:colcon.colcon_core.package_identification:_identify(backup_packages/camera_ws/src/libcamera/src/ipa/ipu3) by extensions ['ignore', 'ignore_ament_install']
[0.369s] Level 1:colcon.colcon_core.package_identification:_identify(backup_packages/camera_ws/src/libcamera/src/ipa/ipu3) by extension 'ignore'
[0.369s] Level 1:colcon.colcon_core.package_identification:_identify(backup_packages/camera_ws/src/libcamera/src/ipa/ipu3) by extension 'ignore_ament_install'
[0.369s] Level 1:colcon.colcon_core.package_identification:_identify(backup_packages/camera_ws/src/libcamera/src/ipa/ipu3) by extensions ['colcon_pkg']
[0.369s] Level 1:colcon.colcon_core.package_identification:_identify(backup_packages/camera_ws/src/libcamera/src/ipa/ipu3) by extension 'colcon_pkg'
[0.369s] Level 1:colcon.colcon_core.package_identification:_identify(backup_packages/camera_ws/src/libcamera/src/ipa/ipu3) by extensions ['colcon_meta']
[0.369s] Level 1:colcon.colcon_core.package_identification:_identify(backup_packages/camera_ws/src/libcamera/src/ipa/ipu3) by extension 'colcon_meta'
[0.369s] Level 1:colcon.colcon_core.package_identification:_identify(backup_packages/camera_ws/src/libcamera/src/ipa/ipu3) by extensions ['ros']
[0.369s] Level 1:colcon.colcon_core.package_identification:_identify(backup_packages/camera_ws/src/libcamera/src/ipa/ipu3) by extension 'ros'
[0.370s] Level 1:colcon.colcon_core.package_identification:_identify(backup_packages/camera_ws/src/libcamera/src/ipa/ipu3) by extensions ['cmake', 'python']
[0.370s] Level 1:colcon.colcon_core.package_identification:_identify(backup_packages/camera_ws/src/libcamera/src/ipa/ipu3) by extension 'cmake'
[0.370s] Level 1:colcon.colcon_core.package_identification:_identify(backup_packages/camera_ws/src/libcamera/src/ipa/ipu3) by extension 'python'
[0.370s] Level 1:colcon.colcon_core.package_identification:_identify(backup_packages/camera_ws/src/libcamera/src/ipa/ipu3) by extensions ['python_setup_py']
[0.370s] Level 1:colcon.colcon_core.package_identification:_identify(backup_packages/camera_ws/src/libcamera/src/ipa/ipu3) by extension 'python_setup_py'
[0.370s] Level 1:colcon.colcon_core.package_identification:_identify(backup_packages/camera_ws/src/libcamera/src/ipa/ipu3/algorithms) by extensions ['ignore', 'ignore_ament_install']
[0.370s] Level 1:colcon.colcon_core.package_identification:_identify(backup_packages/camera_ws/src/libcamera/src/ipa/ipu3/algorithms) by extension 'ignore'
[0.370s] Level 1:colcon.colcon_core.package_identification:_identify(backup_packages/camera_ws/src/libcamera/src/ipa/ipu3/algorithms) by extension 'ignore_ament_install'
[0.370s] Level 1:colcon.colcon_core.package_identification:_identify(backup_packages/camera_ws/src/libcamera/src/ipa/ipu3/algorithms) by extensions ['colcon_pkg']
[0.370s] Level 1:colcon.colcon_core.package_identification:_identify(backup_packages/camera_ws/src/libcamera/src/ipa/ipu3/algorithms) by extension 'colcon_pkg'
[0.370s] Level 1:colcon.colcon_core.package_identification:_identify(backup_packages/camera_ws/src/libcamera/src/ipa/ipu3/algorithms) by extensions ['colcon_meta']
[0.370s] Level 1:colcon.colcon_core.package_identification:_identify(backup_packages/camera_ws/src/libcamera/src/ipa/ipu3/algorithms) by extension 'colcon_meta'
[0.370s] Level 1:colcon.colcon_core.package_identification:_identify(backup_packages/camera_ws/src/libcamera/src/ipa/ipu3/algorithms) by extensions ['ros']
[0.370s] Level 1:colcon.colcon_core.package_identification:_identify(backup_packages/camera_ws/src/libcamera/src/ipa/ipu3/algorithms) by extension 'ros'
[0.370s] Level 1:colcon.colcon_core.package_identification:_identify(backup_packages/camera_ws/src/libcamera/src/ipa/ipu3/algorithms) by extensions ['cmake', 'python']
[0.370s] Level 1:colcon.colcon_core.package_identification:_identify(backup_packages/camera_ws/src/libcamera/src/ipa/ipu3/algorithms) by extension 'cmake'
[0.370s] Level 1:colcon.colcon_core.package_identification:_identify(backup_packages/camera_ws/src/libcamera/src/ipa/ipu3/algorithms) by extension 'python'
[0.370s] Level 1:colcon.colcon_core.package_identification:_identify(backup_packages/camera_ws/src/libcamera/src/ipa/ipu3/algorithms) by extensions ['python_setup_py']
[0.370s] Level 1:colcon.colcon_core.package_identification:_identify(backup_packages/camera_ws/src/libcamera/src/ipa/ipu3/algorithms) by extension 'python_setup_py'
[0.370s] Level 1:colcon.colcon_core.package_identification:_identify(backup_packages/camera_ws/src/libcamera/src/ipa/ipu3/data) by extensions ['ignore', 'ignore_ament_install']
[0.370s] Level 1:colcon.colcon_core.package_identification:_identify(backup_packages/camera_ws/src/libcamera/src/ipa/ipu3/data) by extension 'ignore'
[0.370s] Level 1:colcon.colcon_core.package_identification:_identify(backup_packages/camera_ws/src/libcamera/src/ipa/ipu3/data) by extension 'ignore_ament_install'
[0.370s] Level 1:colcon.colcon_core.package_identification:_identify(backup_packages/camera_ws/src/libcamera/src/ipa/ipu3/data) by extensions ['colcon_pkg']
[0.370s] Level 1:colcon.colcon_core.package_identification:_identify(backup_packages/camera_ws/src/libcamera/src/ipa/ipu3/data) by extension 'colcon_pkg'
[0.370s] Level 1:colcon.colcon_core.package_identification:_identify(backup_packages/camera_ws/src/libcamera/src/ipa/ipu3/data) by extensions ['colcon_meta']
[0.371s] Level 1:colcon.colcon_core.package_identification:_identify(backup_packages/camera_ws/src/libcamera/src/ipa/ipu3/data) by extension 'colcon_meta'
[0.371s] Level 1:colcon.colcon_core.package_identification:_identify(backup_packages/camera_ws/src/libcamera/src/ipa/ipu3/data) by extensions ['ros']
[0.371s] Level 1:colcon.colcon_core.package_identification:_identify(backup_packages/camera_ws/src/libcamera/src/ipa/ipu3/data) by extension 'ros'
[0.371s] Level 1:colcon.colcon_core.package_identification:_identify(backup_packages/camera_ws/src/libcamera/src/ipa/ipu3/data) by extensions ['cmake', 'python']
[0.371s] Level 1:colcon.colcon_core.package_identification:_identify(backup_packages/camera_ws/src/libcamera/src/ipa/ipu3/data) by extension 'cmake'
[0.371s] Level 1:colcon.colcon_core.package_identification:_identify(backup_packages/camera_ws/src/libcamera/src/ipa/ipu3/data) by extension 'python'
[0.371s] Level 1:colcon.colcon_core.package_identification:_identify(backup_packages/camera_ws/src/libcamera/src/ipa/ipu3/data) by extensions ['python_setup_py']
[0.371s] Level 1:colcon.colcon_core.package_identification:_identify(backup_packages/camera_ws/src/libcamera/src/ipa/ipu3/data) by extension 'python_setup_py'
[0.371s] Level 1:colcon.colcon_core.package_identification:_identify(backup_packages/camera_ws/src/libcamera/src/ipa/libipa) by extensions ['ignore', 'ignore_ament_install']
[0.371s] Level 1:colcon.colcon_core.package_identification:_identify(backup_packages/camera_ws/src/libcamera/src/ipa/libipa) by extension 'ignore'
[0.371s] Level 1:colcon.colcon_core.package_identification:_identify(backup_packages/camera_ws/src/libcamera/src/ipa/libipa) by extension 'ignore_ament_install'
[0.371s] Level 1:colcon.colcon_core.package_identification:_identify(backup_packages/camera_ws/src/libcamera/src/ipa/libipa) by extensions ['colcon_pkg']
[0.371s] Level 1:colcon.colcon_core.package_identification:_identify(backup_packages/camera_ws/src/libcamera/src/ipa/libipa) by extension 'colcon_pkg'
[0.371s] Level 1:colcon.colcon_core.package_identification:_identify(backup_packages/camera_ws/src/libcamera/src/ipa/libipa) by extensions ['colcon_meta']
[0.371s] Level 1:colcon.colcon_core.package_identification:_identify(backup_packages/camera_ws/src/libcamera/src/ipa/libipa) by extension 'colcon_meta'
[0.371s] Level 1:colcon.colcon_core.package_identification:_identify(backup_packages/camera_ws/src/libcamera/src/ipa/libipa) by extensions ['ros']
[0.371s] Level 1:colcon.colcon_core.package_identification:_identify(backup_packages/camera_ws/src/libcamera/src/ipa/libipa) by extension 'ros'
[0.371s] Level 1:colcon.colcon_core.package_identification:_identify(backup_packages/camera_ws/src/libcamera/src/ipa/libipa) by extensions ['cmake', 'python']
[0.371s] Level 1:colcon.colcon_core.package_identification:_identify(backup_packages/camera_ws/src/libcamera/src/ipa/libipa) by extension 'cmake'
[0.371s] Level 1:colcon.colcon_core.package_identification:_identify(backup_packages/camera_ws/src/libcamera/src/ipa/libipa) by extension 'python'
[0.371s] Level 1:colcon.colcon_core.package_identification:_identify(backup_packages/camera_ws/src/libcamera/src/ipa/libipa) by extensions ['python_setup_py']
[0.371s] Level 1:colcon.colcon_core.package_identification:_identify(backup_packages/camera_ws/src/libcamera/src/ipa/libipa) by extension 'python_setup_py'
[0.371s] Level 1:colcon.colcon_core.package_identification:_identify(backup_packages/camera_ws/src/libcamera/src/ipa/mali-c55) by extensions ['ignore', 'ignore_ament_install']
[0.372s] Level 1:colcon.colcon_core.package_identification:_identify(backup_packages/camera_ws/src/libcamera/src/ipa/mali-c55) by extension 'ignore'
[0.372s] Level 1:colcon.colcon_core.package_identification:_identify(backup_packages/camera_ws/src/libcamera/src/ipa/mali-c55) by extension 'ignore_ament_install'
[0.372s] Level 1:colcon.colcon_core.package_identification:_identify(backup_packages/camera_ws/src/libcamera/src/ipa/mali-c55) by extensions ['colcon_pkg']
[0.372s] Level 1:colcon.colcon_core.package_identification:_identify(backup_packages/camera_ws/src/libcamera/src/ipa/mali-c55) by extension 'colcon_pkg'
[0.372s] Level 1:colcon.colcon_core.package_identification:_identify(backup_packages/camera_ws/src/libcamera/src/ipa/mali-c55) by extensions ['colcon_meta']
[0.372s] Level 1:colcon.colcon_core.package_identification:_identify(backup_packages/camera_ws/src/libcamera/src/ipa/mali-c55) by extension 'colcon_meta'
[0.372s] Level 1:colcon.colcon_core.package_identification:_identify(backup_packages/camera_ws/src/libcamera/src/ipa/mali-c55) by extensions ['ros']
[0.372s] Level 1:colcon.colcon_core.package_identification:_identify(backup_packages/camera_ws/src/libcamera/src/ipa/mali-c55) by extension 'ros'
[0.372s] Level 1:colcon.colcon_core.package_identification:_identify(backup_packages/camera_ws/src/libcamera/src/ipa/mali-c55) by extensions ['cmake', 'python']
[0.372s] Level 1:colcon.colcon_core.package_identification:_identify(backup_packages/camera_ws/src/libcamera/src/ipa/mali-c55) by extension 'cmake'
[0.372s] Level 1:colcon.colcon_core.package_identification:_identify(backup_packages/camera_ws/src/libcamera/src/ipa/mali-c55) by extension 'python'
[0.372s] Level 1:colcon.colcon_core.package_identification:_identify(backup_packages/camera_ws/src/libcamera/src/ipa/mali-c55) by extensions ['python_setup_py']
[0.372s] Level 1:colcon.colcon_core.package_identification:_identify(backup_packages/camera_ws/src/libcamera/src/ipa/mali-c55) by extension 'python_setup_py'
[0.372s] Level 1:colcon.colcon_core.package_identification:_identify(backup_packages/camera_ws/src/libcamera/src/ipa/mali-c55/algorithms) by extensions ['ignore', 'ignore_ament_install']
[0.372s] Level 1:colcon.colcon_core.package_identification:_identify(backup_packages/camera_ws/src/libcamera/src/ipa/mali-c55/algorithms) by extension 'ignore'
[0.372s] Level 1:colcon.colcon_core.package_identification:_identify(backup_packages/camera_ws/src/libcamera/src/ipa/mali-c55/algorithms) by extension 'ignore_ament_install'
[0.372s] Level 1:colcon.colcon_core.package_identification:_identify(backup_packages/camera_ws/src/libcamera/src/ipa/mali-c55/algorithms) by extensions ['colcon_pkg']
[0.372s] Level 1:colcon.colcon_core.package_identification:_identify(backup_packages/camera_ws/src/libcamera/src/ipa/mali-c55/algorithms) by extension 'colcon_pkg'
[0.372s] Level 1:colcon.colcon_core.package_identification:_identify(backup_packages/camera_ws/src/libcamera/src/ipa/mali-c55/algorithms) by extensions ['colcon_meta']
[0.372s] Level 1:colcon.colcon_core.package_identification:_identify(backup_packages/camera_ws/src/libcamera/src/ipa/mali-c55/algorithms) by extension 'colcon_meta'
[0.372s] Level 1:colcon.colcon_core.package_identification:_identify(backup_packages/camera_ws/src/libcamera/src/ipa/mali-c55/algorithms) by extensions ['ros']
[0.372s] Level 1:colcon.colcon_core.package_identification:_identify(backup_packages/camera_ws/src/libcamera/src/ipa/mali-c55/algorithms) by extension 'ros'
[0.372s] Level 1:colcon.colcon_core.package_identification:_identify(backup_packages/camera_ws/src/libcamera/src/ipa/mali-c55/algorithms) by extensions ['cmake', 'python']
[0.372s] Level 1:colcon.colcon_core.package_identification:_identify(backup_packages/camera_ws/src/libcamera/src/ipa/mali-c55/algorithms) by extension 'cmake'
[0.372s] Level 1:colcon.colcon_core.package_identification:_identify(backup_packages/camera_ws/src/libcamera/src/ipa/mali-c55/algorithms) by extension 'python'
[0.372s] Level 1:colcon.colcon_core.package_identification:_identify(backup_packages/camera_ws/src/libcamera/src/ipa/mali-c55/algorithms) by extensions ['python_setup_py']
[0.372s] Level 1:colcon.colcon_core.package_identification:_identify(backup_packages/camera_ws/src/libcamera/src/ipa/mali-c55/algorithms) by extension 'python_setup_py'
[0.373s] Level 1:colcon.colcon_core.package_identification:_identify(backup_packages/camera_ws/src/libcamera/src/ipa/mali-c55/data) by extensions ['ignore', 'ignore_ament_install']
[0.373s] Level 1:colcon.colcon_core.package_identification:_identify(backup_packages/camera_ws/src/libcamera/src/ipa/mali-c55/data) by extension 'ignore'
[0.373s] Level 1:colcon.colcon_core.package_identification:_identify(backup_packages/camera_ws/src/libcamera/src/ipa/mali-c55/data) by extension 'ignore_ament_install'
[0.373s] Level 1:colcon.colcon_core.package_identification:_identify(backup_packages/camera_ws/src/libcamera/src/ipa/mali-c55/data) by extensions ['colcon_pkg']
[0.373s] Level 1:colcon.colcon_core.package_identification:_identify(backup_packages/camera_ws/src/libcamera/src/ipa/mali-c55/data) by extension 'colcon_pkg'
[0.373s] Level 1:colcon.colcon_core.package_identification:_identify(backup_packages/camera_ws/src/libcamera/src/ipa/mali-c55/data) by extensions ['colcon_meta']
[0.373s] Level 1:colcon.colcon_core.package_identification:_identify(backup_packages/camera_ws/src/libcamera/src/ipa/mali-c55/data) by extension 'colcon_meta'
[0.373s] Level 1:colcon.colcon_core.package_identification:_identify(backup_packages/camera_ws/src/libcamera/src/ipa/mali-c55/data) by extensions ['ros']
[0.373s] Level 1:colcon.colcon_core.package_identification:_identify(backup_packages/camera_ws/src/libcamera/src/ipa/mali-c55/data) by extension 'ros'
[0.373s] Level 1:colcon.colcon_core.package_identification:_identify(backup_packages/camera_ws/src/libcamera/src/ipa/mali-c55/data) by extensions ['cmake', 'python']
[0.373s] Level 1:colcon.colcon_core.package_identification:_identify(backup_packages/camera_ws/src/libcamera/src/ipa/mali-c55/data) by extension 'cmake'
[0.373s] Level 1:colcon.colcon_core.package_identification:_identify(backup_packages/camera_ws/src/libcamera/src/ipa/mali-c55/data) by extension 'python'
[0.373s] Level 1:colcon.colcon_core.package_identification:_identify(backup_packages/camera_ws/src/libcamera/src/ipa/mali-c55/data) by extensions ['python_setup_py']
[0.373s] Level 1:colcon.colcon_core.package_identification:_identify(backup_packages/camera_ws/src/libcamera/src/ipa/mali-c55/data) by extension 'python_setup_py'
[0.373s] Level 1:colcon.colcon_core.package_identification:_identify(backup_packages/camera_ws/src/libcamera/src/ipa/rkisp1) by extensions ['ignore', 'ignore_ament_install']
[0.373s] Level 1:colcon.colcon_core.package_identification:_identify(backup_packages/camera_ws/src/libcamera/src/ipa/rkisp1) by extension 'ignore'
[0.373s] Level 1:colcon.colcon_core.package_identification:_identify(backup_packages/camera_ws/src/libcamera/src/ipa/rkisp1) by extension 'ignore_ament_install'
[0.373s] Level 1:colcon.colcon_core.package_identification:_identify(backup_packages/camera_ws/src/libcamera/src/ipa/rkisp1) by extensions ['colcon_pkg']
[0.373s] Level 1:colcon.colcon_core.package_identification:_identify(backup_packages/camera_ws/src/libcamera/src/ipa/rkisp1) by extension 'colcon_pkg'
[0.373s] Level 1:colcon.colcon_core.package_identification:_identify(backup_packages/camera_ws/src/libcamera/src/ipa/rkisp1) by extensions ['colcon_meta']
[0.373s] Level 1:colcon.colcon_core.package_identification:_identify(backup_packages/camera_ws/src/libcamera/src/ipa/rkisp1) by extension 'colcon_meta'
[0.373s] Level 1:colcon.colcon_core.package_identification:_identify(backup_packages/camera_ws/src/libcamera/src/ipa/rkisp1) by extensions ['ros']
[0.373s] Level 1:colcon.colcon_core.package_identification:_identify(backup_packages/camera_ws/src/libcamera/src/ipa/rkisp1) by extension 'ros'
[0.373s] Level 1:colcon.colcon_core.package_identification:_identify(backup_packages/camera_ws/src/libcamera/src/ipa/rkisp1) by extensions ['cmake', 'python']
[0.373s] Level 1:colcon.colcon_core.package_identification:_identify(backup_packages/camera_ws/src/libcamera/src/ipa/rkisp1) by extension 'cmake'
[0.374s] Level 1:colcon.colcon_core.package_identification:_identify(backup_packages/camera_ws/src/libcamera/src/ipa/rkisp1) by extension 'python'
[0.374s] Level 1:colcon.colcon_core.package_identification:_identify(backup_packages/camera_ws/src/libcamera/src/ipa/rkisp1) by extensions ['python_setup_py']
[0.374s] Level 1:colcon.colcon_core.package_identification:_identify(backup_packages/camera_ws/src/libcamera/src/ipa/rkisp1) by extension 'python_setup_py'
[0.374s] Level 1:colcon.colcon_core.package_identification:_identify(backup_packages/camera_ws/src/libcamera/src/ipa/rkisp1/algorithms) by extensions ['ignore', 'ignore_ament_install']
[0.374s] Level 1:colcon.colcon_core.package_identification:_identify(backup_packages/camera_ws/src/libcamera/src/ipa/rkisp1/algorithms) by extension 'ignore'
[0.374s] Level 1:colcon.colcon_core.package_identification:_identify(backup_packages/camera_ws/src/libcamera/src/ipa/rkisp1/algorithms) by extension 'ignore_ament_install'
[0.374s] Level 1:colcon.colcon_core.package_identification:_identify(backup_packages/camera_ws/src/libcamera/src/ipa/rkisp1/algorithms) by extensions ['colcon_pkg']
[0.374s] Level 1:colcon.colcon_core.package_identification:_identify(backup_packages/camera_ws/src/libcamera/src/ipa/rkisp1/algorithms) by extension 'colcon_pkg'
[0.374s] Level 1:colcon.colcon_core.package_identification:_identify(backup_packages/camera_ws/src/libcamera/src/ipa/rkisp1/algorithms) by extensions ['colcon_meta']
[0.374s] Level 1:colcon.colcon_core.package_identification:_identify(backup_packages/camera_ws/src/libcamera/src/ipa/rkisp1/algorithms) by extension 'colcon_meta'
[0.374s] Level 1:colcon.colcon_core.package_identification:_identify(backup_packages/camera_ws/src/libcamera/src/ipa/rkisp1/algorithms) by extensions ['ros']
[0.374s] Level 1:colcon.colcon_core.package_identification:_identify(backup_packages/camera_ws/src/libcamera/src/ipa/rkisp1/algorithms) by extension 'ros'
[0.374s] Level 1:colcon.colcon_core.package_identification:_identify(backup_packages/camera_ws/src/libcamera/src/ipa/rkisp1/algorithms) by extensions ['cmake', 'python']
[0.374s] Level 1:colcon.colcon_core.package_identification:_identify(backup_packages/camera_ws/src/libcamera/src/ipa/rkisp1/algorithms) by extension 'cmake'
[0.374s] Level 1:colcon.colcon_core.package_identification:_identify(backup_packages/camera_ws/src/libcamera/src/ipa/rkisp1/algorithms) by extension 'python'
[0.374s] Level 1:colcon.colcon_core.package_identification:_identify(backup_packages/camera_ws/src/libcamera/src/ipa/rkisp1/algorithms) by extensions ['python_setup_py']
[0.374s] Level 1:colcon.colcon_core.package_identification:_identify(backup_packages/camera_ws/src/libcamera/src/ipa/rkisp1/algorithms) by extension 'python_setup_py'
[0.374s] Level 1:colcon.colcon_core.package_identification:_identify(backup_packages/camera_ws/src/libcamera/src/ipa/rkisp1/data) by extensions ['ignore', 'ignore_ament_install']
[0.374s] Level 1:colcon.colcon_core.package_identification:_identify(backup_packages/camera_ws/src/libcamera/src/ipa/rkisp1/data) by extension 'ignore'
[0.374s] Level 1:colcon.colcon_core.package_identification:_identify(backup_packages/camera_ws/src/libcamera/src/ipa/rkisp1/data) by extension 'ignore_ament_install'
[0.374s] Level 1:colcon.colcon_core.package_identification:_identify(backup_packages/camera_ws/src/libcamera/src/ipa/rkisp1/data) by extensions ['colcon_pkg']
[0.374s] Level 1:colcon.colcon_core.package_identification:_identify(backup_packages/camera_ws/src/libcamera/src/ipa/rkisp1/data) by extension 'colcon_pkg'
[0.374s] Level 1:colcon.colcon_core.package_identification:_identify(backup_packages/camera_ws/src/libcamera/src/ipa/rkisp1/data) by extensions ['colcon_meta']
[0.374s] Level 1:colcon.colcon_core.package_identification:_identify(backup_packages/camera_ws/src/libcamera/src/ipa/rkisp1/data) by extension 'colcon_meta'
[0.375s] Level 1:colcon.colcon_core.package_identification:_identify(backup_packages/camera_ws/src/libcamera/src/ipa/rkisp1/data) by extensions ['ros']
[0.375s] Level 1:colcon.colcon_core.package_identification:_identify(backup_packages/camera_ws/src/libcamera/src/ipa/rkisp1/data) by extension 'ros'
[0.375s] Level 1:colcon.colcon_core.package_identification:_identify(backup_packages/camera_ws/src/libcamera/src/ipa/rkisp1/data) by extensions ['cmake', 'python']
[0.375s] Level 1:colcon.colcon_core.package_identification:_identify(backup_packages/camera_ws/src/libcamera/src/ipa/rkisp1/data) by extension 'cmake'
[0.375s] Level 1:colcon.colcon_core.package_identification:_identify(backup_packages/camera_ws/src/libcamera/src/ipa/rkisp1/data) by extension 'python'
[0.375s] Level 1:colcon.colcon_core.package_identification:_identify(backup_packages/camera_ws/src/libcamera/src/ipa/rkisp1/data) by extensions ['python_setup_py']
[0.375s] Level 1:colcon.colcon_core.package_identification:_identify(backup_packages/camera_ws/src/libcamera/src/ipa/rkisp1/data) by extension 'python_setup_py'
[0.375s] Level 1:colcon.colcon_core.package_identification:_identify(backup_packages/camera_ws/src/libcamera/src/ipa/rpi) by extensions ['ignore', 'ignore_ament_install']
[0.375s] Level 1:colcon.colcon_core.package_identification:_identify(backup_packages/camera_ws/src/libcamera/src/ipa/rpi) by extension 'ignore'
[0.375s] Level 1:colcon.colcon_core.package_identification:_identify(backup_packages/camera_ws/src/libcamera/src/ipa/rpi) by extension 'ignore_ament_install'
[0.375s] Level 1:colcon.colcon_core.package_identification:_identify(backup_packages/camera_ws/src/libcamera/src/ipa/rpi) by extensions ['colcon_pkg']
[0.375s] Level 1:colcon.colcon_core.package_identification:_identify(backup_packages/camera_ws/src/libcamera/src/ipa/rpi) by extension 'colcon_pkg'
[0.375s] Level 1:colcon.colcon_core.package_identification:_identify(backup_packages/camera_ws/src/libcamera/src/ipa/rpi) by extensions ['colcon_meta']
[0.375s] Level 1:colcon.colcon_core.package_identification:_identify(backup_packages/camera_ws/src/libcamera/src/ipa/rpi) by extension 'colcon_meta'
[0.375s] Level 1:colcon.colcon_core.package_identification:_identify(backup_packages/camera_ws/src/libcamera/src/ipa/rpi) by extensions ['ros']
[0.375s] Level 1:colcon.colcon_core.package_identification:_identify(backup_packages/camera_ws/src/libcamera/src/ipa/rpi) by extension 'ros'
[0.375s] Level 1:colcon.colcon_core.package_identification:_identify(backup_packages/camera_ws/src/libcamera/src/ipa/rpi) by extensions ['cmake', 'python']
[0.375s] Level 1:colcon.colcon_core.package_identification:_identify(backup_packages/camera_ws/src/libcamera/src/ipa/rpi) by extension 'cmake'
[0.375s] Level 1:colcon.colcon_core.package_identification:_identify(backup_packages/camera_ws/src/libcamera/src/ipa/rpi) by extension 'python'
[0.375s] Level 1:colcon.colcon_core.package_identification:_identify(backup_packages/camera_ws/src/libcamera/src/ipa/rpi) by extensions ['python_setup_py']
[0.375s] Level 1:colcon.colcon_core.package_identification:_identify(backup_packages/camera_ws/src/libcamera/src/ipa/rpi) by extension 'python_setup_py'
[0.375s] Level 1:colcon.colcon_core.package_identification:_identify(backup_packages/camera_ws/src/libcamera/src/ipa/rpi/cam_helper) by extensions ['ignore', 'ignore_ament_install']
[0.375s] Level 1:colcon.colcon_core.package_identification:_identify(backup_packages/camera_ws/src/libcamera/src/ipa/rpi/cam_helper) by extension 'ignore'
[0.375s] Level 1:colcon.colcon_core.package_identification:_identify(backup_packages/camera_ws/src/libcamera/src/ipa/rpi/cam_helper) by extension 'ignore_ament_install'
[0.376s] Level 1:colcon.colcon_core.package_identification:_identify(backup_packages/camera_ws/src/libcamera/src/ipa/rpi/cam_helper) by extensions ['colcon_pkg']
[0.376s] Level 1:colcon.colcon_core.package_identification:_identify(backup_packages/camera_ws/src/libcamera/src/ipa/rpi/cam_helper) by extension 'colcon_pkg'
[0.376s] Level 1:colcon.colcon_core.package_identification:_identify(backup_packages/camera_ws/src/libcamera/src/ipa/rpi/cam_helper) by extensions ['colcon_meta']
[0.376s] Level 1:colcon.colcon_core.package_identification:_identify(backup_packages/camera_ws/src/libcamera/src/ipa/rpi/cam_helper) by extension 'colcon_meta'
[0.376s] Level 1:colcon.colcon_core.package_identification:_identify(backup_packages/camera_ws/src/libcamera/src/ipa/rpi/cam_helper) by extensions ['ros']
[0.376s] Level 1:colcon.colcon_core.package_identification:_identify(backup_packages/camera_ws/src/libcamera/src/ipa/rpi/cam_helper) by extension 'ros'
[0.376s] Level 1:colcon.colcon_core.package_identification:_identify(backup_packages/camera_ws/src/libcamera/src/ipa/rpi/cam_helper) by extensions ['cmake', 'python']
[0.376s] Level 1:colcon.colcon_core.package_identification:_identify(backup_packages/camera_ws/src/libcamera/src/ipa/rpi/cam_helper) by extension 'cmake'
[0.376s] Level 1:colcon.colcon_core.package_identification:_identify(backup_packages/camera_ws/src/libcamera/src/ipa/rpi/cam_helper) by extension 'python'
[0.376s] Level 1:colcon.colcon_core.package_identification:_identify(backup_packages/camera_ws/src/libcamera/src/ipa/rpi/cam_helper) by extensions ['python_setup_py']
[0.376s] Level 1:colcon.colcon_core.package_identification:_identify(backup_packages/camera_ws/src/libcamera/src/ipa/rpi/cam_helper) by extension 'python_setup_py'
[0.376s] Level 1:colcon.colcon_core.package_identification:_identify(backup_packages/camera_ws/src/libcamera/src/ipa/rpi/common) by extensions ['ignore', 'ignore_ament_install']
[0.376s] Level 1:colcon.colcon_core.package_identification:_identify(backup_packages/camera_ws/src/libcamera/src/ipa/rpi/common) by extension 'ignore'
[0.376s] Level 1:colcon.colcon_core.package_identification:_identify(backup_packages/camera_ws/src/libcamera/src/ipa/rpi/common) by extension 'ignore_ament_install'
[0.376s] Level 1:colcon.colcon_core.package_identification:_identify(backup_packages/camera_ws/src/libcamera/src/ipa/rpi/common) by extensions ['colcon_pkg']
[0.376s] Level 1:colcon.colcon_core.package_identification:_identify(backup_packages/camera_ws/src/libcamera/src/ipa/rpi/common) by extension 'colcon_pkg'
[0.376s] Level 1:colcon.colcon_core.package_identification:_identify(backup_packages/camera_ws/src/libcamera/src/ipa/rpi/common) by extensions ['colcon_meta']
[0.376s] Level 1:colcon.colcon_core.package_identification:_identify(backup_packages/camera_ws/src/libcamera/src/ipa/rpi/common) by extension 'colcon_meta'
[0.376s] Level 1:colcon.colcon_core.package_identification:_identify(backup_packages/camera_ws/src/libcamera/src/ipa/rpi/common) by extensions ['ros']
[0.376s] Level 1:colcon.colcon_core.package_identification:_identify(backup_packages/camera_ws/src/libcamera/src/ipa/rpi/common) by extension 'ros'
[0.376s] Level 1:colcon.colcon_core.package_identification:_identify(backup_packages/camera_ws/src/libcamera/src/ipa/rpi/common) by extensions ['cmake', 'python']
[0.376s] Level 1:colcon.colcon_core.package_identification:_identify(backup_packages/camera_ws/src/libcamera/src/ipa/rpi/common) by extension 'cmake'
[0.376s] Level 1:colcon.colcon_core.package_identification:_identify(backup_packages/camera_ws/src/libcamera/src/ipa/rpi/common) by extension 'python'
[0.376s] Level 1:colcon.colcon_core.package_identification:_identify(backup_packages/camera_ws/src/libcamera/src/ipa/rpi/common) by extensions ['python_setup_py']
[0.376s] Level 1:colcon.colcon_core.package_identification:_identify(backup_packages/camera_ws/src/libcamera/src/ipa/rpi/common) by extension 'python_setup_py'
[0.376s] Level 1:colcon.colcon_core.package_identification:_identify(backup_packages/camera_ws/src/libcamera/src/ipa/rpi/controller) by extensions ['ignore', 'ignore_ament_install']
[0.377s] Level 1:colcon.colcon_core.package_identification:_identify(backup_packages/camera_ws/src/libcamera/src/ipa/rpi/controller) by extension 'ignore'
[0.377s] Level 1:colcon.colcon_core.package_identification:_identify(backup_packages/camera_ws/src/libcamera/src/ipa/rpi/controller) by extension 'ignore_ament_install'
[0.377s] Level 1:colcon.colcon_core.package_identification:_identify(backup_packages/camera_ws/src/libcamera/src/ipa/rpi/controller) by extensions ['colcon_pkg']
[0.377s] Level 1:colcon.colcon_core.package_identification:_identify(backup_packages/camera_ws/src/libcamera/src/ipa/rpi/controller) by extension 'colcon_pkg'
[0.377s] Level 1:colcon.colcon_core.package_identification:_identify(backup_packages/camera_ws/src/libcamera/src/ipa/rpi/controller) by extensions ['colcon_meta']
[0.377s] Level 1:colcon.colcon_core.package_identification:_identify(backup_packages/camera_ws/src/libcamera/src/ipa/rpi/controller) by extension 'colcon_meta'
[0.377s] Level 1:colcon.colcon_core.package_identification:_identify(backup_packages/camera_ws/src/libcamera/src/ipa/rpi/controller) by extensions ['ros']
[0.377s] Level 1:colcon.colcon_core.package_identification:_identify(backup_packages/camera_ws/src/libcamera/src/ipa/rpi/controller) by extension 'ros'
[0.377s] Level 1:colcon.colcon_core.package_identification:_identify(backup_packages/camera_ws/src/libcamera/src/ipa/rpi/controller) by extensions ['cmake', 'python']
[0.377s] Level 1:colcon.colcon_core.package_identification:_identify(backup_packages/camera_ws/src/libcamera/src/ipa/rpi/controller) by extension 'cmake'
[0.377s] Level 1:colcon.colcon_core.package_identification:_identify(backup_packages/camera_ws/src/libcamera/src/ipa/rpi/controller) by extension 'python'
[0.377s] Level 1:colcon.colcon_core.package_identification:_identify(backup_packages/camera_ws/src/libcamera/src/ipa/rpi/controller) by extensions ['python_setup_py']
[0.377s] Level 1:colcon.colcon_core.package_identification:_identify(backup_packages/camera_ws/src/libcamera/src/ipa/rpi/controller) by extension 'python_setup_py'
[0.377s] Level 1:colcon.colcon_core.package_identification:_identify(backup_packages/camera_ws/src/libcamera/src/ipa/rpi/controller/rpi) by extensions ['ignore', 'ignore_ament_install']
[0.377s] Level 1:colcon.colcon_core.package_identification:_identify(backup_packages/camera_ws/src/libcamera/src/ipa/rpi/controller/rpi) by extension 'ignore'
[0.377s] Level 1:colcon.colcon_core.package_identification:_identify(backup_packages/camera_ws/src/libcamera/src/ipa/rpi/controller/rpi) by extension 'ignore_ament_install'
[0.377s] Level 1:colcon.colcon_core.package_identification:_identify(backup_packages/camera_ws/src/libcamera/src/ipa/rpi/controller/rpi) by extensions ['colcon_pkg']
[0.377s] Level 1:colcon.colcon_core.package_identification:_identify(backup_packages/camera_ws/src/libcamera/src/ipa/rpi/controller/rpi) by extension 'colcon_pkg'
[0.377s] Level 1:colcon.colcon_core.package_identification:_identify(backup_packages/camera_ws/src/libcamera/src/ipa/rpi/controller/rpi) by extensions ['colcon_meta']
[0.377s] Level 1:colcon.colcon_core.package_identification:_identify(backup_packages/camera_ws/src/libcamera/src/ipa/rpi/controller/rpi) by extension 'colcon_meta'
[0.377s] Level 1:colcon.colcon_core.package_identification:_identify(backup_packages/camera_ws/src/libcamera/src/ipa/rpi/controller/rpi) by extensions ['ros']
[0.377s] Level 1:colcon.colcon_core.package_identification:_identify(backup_packages/camera_ws/src/libcamera/src/ipa/rpi/controller/rpi) by extension 'ros'
[0.377s] Level 1:colcon.colcon_core.package_identification:_identify(backup_packages/camera_ws/src/libcamera/src/ipa/rpi/controller/rpi) by extensions ['cmake', 'python']
[0.377s] Level 1:colcon.colcon_core.package_identification:_identify(backup_packages/camera_ws/src/libcamera/src/ipa/rpi/controller/rpi) by extension 'cmake'
[0.377s] Level 1:colcon.colcon_core.package_identification:_identify(backup_packages/camera_ws/src/libcamera/src/ipa/rpi/controller/rpi) by extension 'python'
[0.377s] Level 1:colcon.colcon_core.package_identification:_identify(backup_packages/camera_ws/src/libcamera/src/ipa/rpi/controller/rpi) by extensions ['python_setup_py']
[0.378s] Level 1:colcon.colcon_core.package_identification:_identify(backup_packages/camera_ws/src/libcamera/src/ipa/rpi/controller/rpi) by extension 'python_setup_py'
[0.378s] Level 1:colcon.colcon_core.package_identification:_identify(backup_packages/camera_ws/src/libcamera/src/ipa/rpi/pisp) by extensions ['ignore', 'ignore_ament_install']
[0.378s] Level 1:colcon.colcon_core.package_identification:_identify(backup_packages/camera_ws/src/libcamera/src/ipa/rpi/pisp) by extension 'ignore'
[0.378s] Level 1:colcon.colcon_core.package_identification:_identify(backup_packages/camera_ws/src/libcamera/src/ipa/rpi/pisp) by extension 'ignore_ament_install'
[0.378s] Level 1:colcon.colcon_core.package_identification:_identify(backup_packages/camera_ws/src/libcamera/src/ipa/rpi/pisp) by extensions ['colcon_pkg']
[0.378s] Level 1:colcon.colcon_core.package_identification:_identify(backup_packages/camera_ws/src/libcamera/src/ipa/rpi/pisp) by extension 'colcon_pkg'
[0.378s] Level 1:colcon.colcon_core.package_identification:_identify(backup_packages/camera_ws/src/libcamera/src/ipa/rpi/pisp) by extensions ['colcon_meta']
[0.378s] Level 1:colcon.colcon_core.package_identification:_identify(backup_packages/camera_ws/src/libcamera/src/ipa/rpi/pisp) by extension 'colcon_meta'
[0.378s] Level 1:colcon.colcon_core.package_identification:_identify(backup_packages/camera_ws/src/libcamera/src/ipa/rpi/pisp) by extensions ['ros']
[0.378s] Level 1:colcon.colcon_core.package_identification:_identify(backup_packages/camera_ws/src/libcamera/src/ipa/rpi/pisp) by extension 'ros'
[0.378s] Level 1:colcon.colcon_core.package_identification:_identify(backup_packages/camera_ws/src/libcamera/src/ipa/rpi/pisp) by extensions ['cmake', 'python']
[0.378s] Level 1:colcon.colcon_core.package_identification:_identify(backup_packages/camera_ws/src/libcamera/src/ipa/rpi/pisp) by extension 'cmake'
[0.378s] Level 1:colcon.colcon_core.package_identification:_identify(backup_packages/camera_ws/src/libcamera/src/ipa/rpi/pisp) by extension 'python'
[0.378s] Level 1:colcon.colcon_core.package_identification:_identify(backup_packages/camera_ws/src/libcamera/src/ipa/rpi/pisp) by extensions ['python_setup_py']
[0.378s] Level 1:colcon.colcon_core.package_identification:_identify(backup_packages/camera_ws/src/libcamera/src/ipa/rpi/pisp) by extension 'python_setup_py'
[0.378s] Level 1:colcon.colcon_core.package_identification:_identify(backup_packages/camera_ws/src/libcamera/src/ipa/rpi/pisp/data) by extensions ['ignore', 'ignore_ament_install']
[0.378s] Level 1:colcon.colcon_core.package_identification:_identify(backup_packages/camera_ws/src/libcamera/src/ipa/rpi/pisp/data) by extension 'ignore'
[0.378s] Level 1:colcon.colcon_core.package_identification:_identify(backup_packages/camera_ws/src/libcamera/src/ipa/rpi/pisp/data) by extension 'ignore_ament_install'
[0.378s] Level 1:colcon.colcon_core.package_identification:_identify(backup_packages/camera_ws/src/libcamera/src/ipa/rpi/pisp/data) by extensions ['colcon_pkg']
[0.378s] Level 1:colcon.colcon_core.package_identification:_identify(backup_packages/camera_ws/src/libcamera/src/ipa/rpi/pisp/data) by extension 'colcon_pkg'
[0.378s] Level 1:colcon.colcon_core.package_identification:_identify(backup_packages/camera_ws/src/libcamera/src/ipa/rpi/pisp/data) by extensions ['colcon_meta']
[0.378s] Level 1:colcon.colcon_core.package_identification:_identify(backup_packages/camera_ws/src/libcamera/src/ipa/rpi/pisp/data) by extension 'colcon_meta'
[0.378s] Level 1:colcon.colcon_core.package_identification:_identify(backup_packages/camera_ws/src/libcamera/src/ipa/rpi/pisp/data) by extensions ['ros']
[0.378s] Level 1:colcon.colcon_core.package_identification:_identify(backup_packages/camera_ws/src/libcamera/src/ipa/rpi/pisp/data) by extension 'ros'
[0.379s] Level 1:colcon.colcon_core.package_identification:_identify(backup_packages/camera_ws/src/libcamera/src/ipa/rpi/pisp/data) by extensions ['cmake', 'python']
[0.379s] Level 1:colcon.colcon_core.package_identification:_identify(backup_packages/camera_ws/src/libcamera/src/ipa/rpi/pisp/data) by extension 'cmake'
[0.379s] Level 1:colcon.colcon_core.package_identification:_identify(backup_packages/camera_ws/src/libcamera/src/ipa/rpi/pisp/data) by extension 'python'
[0.379s] Level 1:colcon.colcon_core.package_identification:_identify(backup_packages/camera_ws/src/libcamera/src/ipa/rpi/pisp/data) by extensions ['python_setup_py']
[0.379s] Level 1:colcon.colcon_core.package_identification:_identify(backup_packages/camera_ws/src/libcamera/src/ipa/rpi/pisp/data) by extension 'python_setup_py'
[0.379s] Level 1:colcon.colcon_core.package_identification:_identify(backup_packages/camera_ws/src/libcamera/src/ipa/rpi/vc4) by extensions ['ignore', 'ignore_ament_install']
[0.379s] Level 1:colcon.colcon_core.package_identification:_identify(backup_packages/camera_ws/src/libcamera/src/ipa/rpi/vc4) by extension 'ignore'
[0.379s] Level 1:colcon.colcon_core.package_identification:_identify(backup_packages/camera_ws/src/libcamera/src/ipa/rpi/vc4) by extension 'ignore_ament_install'
[0.379s] Level 1:colcon.colcon_core.package_identification:_identify(backup_packages/camera_ws/src/libcamera/src/ipa/rpi/vc4) by extensions ['colcon_pkg']
[0.379s] Level 1:colcon.colcon_core.package_identification:_identify(backup_packages/camera_ws/src/libcamera/src/ipa/rpi/vc4) by extension 'colcon_pkg'
[0.379s] Level 1:colcon.colcon_core.package_identification:_identify(backup_packages/camera_ws/src/libcamera/src/ipa/rpi/vc4) by extensions ['colcon_meta']
[0.379s] Level 1:colcon.colcon_core.package_identification:_identify(backup_packages/camera_ws/src/libcamera/src/ipa/rpi/vc4) by extension 'colcon_meta'
[0.379s] Level 1:colcon.colcon_core.package_identification:_identify(backup_packages/camera_ws/src/libcamera/src/ipa/rpi/vc4) by extensions ['ros']
[0.379s] Level 1:colcon.colcon_core.package_identification:_identify(backup_packages/camera_ws/src/libcamera/src/ipa/rpi/vc4) by extension 'ros'
[0.379s] Level 1:colcon.colcon_core.package_identification:_identify(backup_packages/camera_ws/src/libcamera/src/ipa/rpi/vc4) by extensions ['cmake', 'python']
[0.379s] Level 1:colcon.colcon_core.package_identification:_identify(backup_packages/camera_ws/src/libcamera/src/ipa/rpi/vc4) by extension 'cmake'
[0.379s] Level 1:colcon.colcon_core.package_identification:_identify(backup_packages/camera_ws/src/libcamera/src/ipa/rpi/vc4) by extension 'python'
[0.379s] Level 1:colcon.colcon_core.package_identification:_identify(backup_packages/camera_ws/src/libcamera/src/ipa/rpi/vc4) by extensions ['python_setup_py']
[0.379s] Level 1:colcon.colcon_core.package_identification:_identify(backup_packages/camera_ws/src/libcamera/src/ipa/rpi/vc4) by extension 'python_setup_py'
[0.379s] Level 1:colcon.colcon_core.package_identification:_identify(backup_packages/camera_ws/src/libcamera/src/ipa/rpi/vc4/data) by extensions ['ignore', 'ignore_ament_install']
[0.379s] Level 1:colcon.colcon_core.package_identification:_identify(backup_packages/camera_ws/src/libcamera/src/ipa/rpi/vc4/data) by extension 'ignore'
[0.379s] Level 1:colcon.colcon_core.package_identification:_identify(backup_packages/camera_ws/src/libcamera/src/ipa/rpi/vc4/data) by extension 'ignore_ament_install'
[0.379s] Level 1:colcon.colcon_core.package_identification:_identify(backup_packages/camera_ws/src/libcamera/src/ipa/rpi/vc4/data) by extensions ['colcon_pkg']
[0.379s] Level 1:colcon.colcon_core.package_identification:_identify(backup_packages/camera_ws/src/libcamera/src/ipa/rpi/vc4/data) by extension 'colcon_pkg'
[0.379s] Level 1:colcon.colcon_core.package_identification:_identify(backup_packages/camera_ws/src/libcamera/src/ipa/rpi/vc4/data) by extensions ['colcon_meta']
[0.380s] Level 1:colcon.colcon_core.package_identification:_identify(backup_packages/camera_ws/src/libcamera/src/ipa/rpi/vc4/data) by extension 'colcon_meta'
[0.380s] Level 1:colcon.colcon_core.package_identification:_identify(backup_packages/camera_ws/src/libcamera/src/ipa/rpi/vc4/data) by extensions ['ros']
[0.380s] Level 1:colcon.colcon_core.package_identification:_identify(backup_packages/camera_ws/src/libcamera/src/ipa/rpi/vc4/data) by extension 'ros'
[0.380s] Level 1:colcon.colcon_core.package_identification:_identify(backup_packages/camera_ws/src/libcamera/src/ipa/rpi/vc4/data) by extensions ['cmake', 'python']
[0.380s] Level 1:colcon.colcon_core.package_identification:_identify(backup_packages/camera_ws/src/libcamera/src/ipa/rpi/vc4/data) by extension 'cmake'
[0.380s] Level 1:colcon.colcon_core.package_identification:_identify(backup_packages/camera_ws/src/libcamera/src/ipa/rpi/vc4/data) by extension 'python'
[0.380s] Level 1:colcon.colcon_core.package_identification:_identify(backup_packages/camera_ws/src/libcamera/src/ipa/rpi/vc4/data) by extensions ['python_setup_py']
[0.380s] Level 1:colcon.colcon_core.package_identification:_identify(backup_packages/camera_ws/src/libcamera/src/ipa/rpi/vc4/data) by extension 'python_setup_py'
[0.380s] Level 1:colcon.colcon_core.package_identification:_identify(backup_packages/camera_ws/src/libcamera/src/ipa/simple) by extensions ['ignore', 'ignore_ament_install']
[0.380s] Level 1:colcon.colcon_core.package_identification:_identify(backup_packages/camera_ws/src/libcamera/src/ipa/simple) by extension 'ignore'
[0.380s] Level 1:colcon.colcon_core.package_identification:_identify(backup_packages/camera_ws/src/libcamera/src/ipa/simple) by extension 'ignore_ament_install'
[0.380s] Level 1:colcon.colcon_core.package_identification:_identify(backup_packages/camera_ws/src/libcamera/src/ipa/simple) by extensions ['colcon_pkg']
[0.380s] Level 1:colcon.colcon_core.package_identification:_identify(backup_packages/camera_ws/src/libcamera/src/ipa/simple) by extension 'colcon_pkg'
[0.380s] Level 1:colcon.colcon_core.package_identification:_identify(backup_packages/camera_ws/src/libcamera/src/ipa/simple) by extensions ['colcon_meta']
[0.380s] Level 1:colcon.colcon_core.package_identification:_identify(backup_packages/camera_ws/src/libcamera/src/ipa/simple) by extension 'colcon_meta'
[0.380s] Level 1:colcon.colcon_core.package_identification:_identify(backup_packages/camera_ws/src/libcamera/src/ipa/simple) by extensions ['ros']
[0.380s] Level 1:colcon.colcon_core.package_identification:_identify(backup_packages/camera_ws/src/libcamera/src/ipa/simple) by extension 'ros'
[0.380s] Level 1:colcon.colcon_core.package_identification:_identify(backup_packages/camera_ws/src/libcamera/src/ipa/simple) by extensions ['cmake', 'python']
[0.380s] Level 1:colcon.colcon_core.package_identification:_identify(backup_packages/camera_ws/src/libcamera/src/ipa/simple) by extension 'cmake'
[0.380s] Level 1:colcon.colcon_core.package_identification:_identify(backup_packages/camera_ws/src/libcamera/src/ipa/simple) by extension 'python'
[0.380s] Level 1:colcon.colcon_core.package_identification:_identify(backup_packages/camera_ws/src/libcamera/src/ipa/simple) by extensions ['python_setup_py']
[0.380s] Level 1:colcon.colcon_core.package_identification:_identify(backup_packages/camera_ws/src/libcamera/src/ipa/simple) by extension 'python_setup_py'
[0.380s] Level 1:colcon.colcon_core.package_identification:_identify(backup_packages/camera_ws/src/libcamera/src/ipa/simple/algorithms) by extensions ['ignore', 'ignore_ament_install']
[0.380s] Level 1:colcon.colcon_core.package_identification:_identify(backup_packages/camera_ws/src/libcamera/src/ipa/simple/algorithms) by extension 'ignore'
[0.380s] Level 1:colcon.colcon_core.package_identification:_identify(backup_packages/camera_ws/src/libcamera/src/ipa/simple/algorithms) by extension 'ignore_ament_install'
[0.381s] Level 1:colcon.colcon_core.package_identification:_identify(backup_packages/camera_ws/src/libcamera/src/ipa/simple/algorithms) by extensions ['colcon_pkg']
[0.381s] Level 1:colcon.colcon_core.package_identification:_identify(backup_packages/camera_ws/src/libcamera/src/ipa/simple/algorithms) by extension 'colcon_pkg'
[0.381s] Level 1:colcon.colcon_core.package_identification:_identify(backup_packages/camera_ws/src/libcamera/src/ipa/simple/algorithms) by extensions ['colcon_meta']
[0.381s] Level 1:colcon.colcon_core.package_identification:_identify(backup_packages/camera_ws/src/libcamera/src/ipa/simple/algorithms) by extension 'colcon_meta'
[0.381s] Level 1:colcon.colcon_core.package_identification:_identify(backup_packages/camera_ws/src/libcamera/src/ipa/simple/algorithms) by extensions ['ros']
[0.381s] Level 1:colcon.colcon_core.package_identification:_identify(backup_packages/camera_ws/src/libcamera/src/ipa/simple/algorithms) by extension 'ros'
[0.381s] Level 1:colcon.colcon_core.package_identification:_identify(backup_packages/camera_ws/src/libcamera/src/ipa/simple/algorithms) by extensions ['cmake', 'python']
[0.381s] Level 1:colcon.colcon_core.package_identification:_identify(backup_packages/camera_ws/src/libcamera/src/ipa/simple/algorithms) by extension 'cmake'
[0.381s] Level 1:colcon.colcon_core.package_identification:_identify(backup_packages/camera_ws/src/libcamera/src/ipa/simple/algorithms) by extension 'python'
[0.381s] Level 1:colcon.colcon_core.package_identification:_identify(backup_packages/camera_ws/src/libcamera/src/ipa/simple/algorithms) by extensions ['python_setup_py']
[0.381s] Level 1:colcon.colcon_core.package_identification:_identify(backup_packages/camera_ws/src/libcamera/src/ipa/simple/algorithms) by extension 'python_setup_py'
[0.381s] Level 1:colcon.colcon_core.package_identification:_identify(backup_packages/camera_ws/src/libcamera/src/ipa/simple/data) by extensions ['ignore', 'ignore_ament_install']
[0.381s] Level 1:colcon.colcon_core.package_identification:_identify(backup_packages/camera_ws/src/libcamera/src/ipa/simple/data) by extension 'ignore'
[0.381s] Level 1:colcon.colcon_core.package_identification:_identify(backup_packages/camera_ws/src/libcamera/src/ipa/simple/data) by extension 'ignore_ament_install'
[0.381s] Level 1:colcon.colcon_core.package_identification:_identify(backup_packages/camera_ws/src/libcamera/src/ipa/simple/data) by extensions ['colcon_pkg']
[0.381s] Level 1:colcon.colcon_core.package_identification:_identify(backup_packages/camera_ws/src/libcamera/src/ipa/simple/data) by extension 'colcon_pkg'
[0.381s] Level 1:colcon.colcon_core.package_identification:_identify(backup_packages/camera_ws/src/libcamera/src/ipa/simple/data) by extensions ['colcon_meta']
[0.381s] Level 1:colcon.colcon_core.package_identification:_identify(backup_packages/camera_ws/src/libcamera/src/ipa/simple/data) by extension 'colcon_meta'
[0.381s] Level 1:colcon.colcon_core.package_identification:_identify(backup_packages/camera_ws/src/libcamera/src/ipa/simple/data) by extensions ['ros']
[0.381s] Level 1:colcon.colcon_core.package_identification:_identify(backup_packages/camera_ws/src/libcamera/src/ipa/simple/data) by extension 'ros'
[0.381s] Level 1:colcon.colcon_core.package_identification:_identify(backup_packages/camera_ws/src/libcamera/src/ipa/simple/data) by extensions ['cmake', 'python']
[0.381s] Level 1:colcon.colcon_core.package_identification:_identify(backup_packages/camera_ws/src/libcamera/src/ipa/simple/data) by extension 'cmake'
[0.381s] Level 1:colcon.colcon_core.package_identification:_identify(backup_packages/camera_ws/src/libcamera/src/ipa/simple/data) by extension 'python'
[0.381s] Level 1:colcon.colcon_core.package_identification:_identify(backup_packages/camera_ws/src/libcamera/src/ipa/simple/data) by extensions ['python_setup_py']
[0.381s] Level 1:colcon.colcon_core.package_identification:_identify(backup_packages/camera_ws/src/libcamera/src/ipa/simple/data) by extension 'python_setup_py'
[0.381s] Level 1:colcon.colcon_core.package_identification:_identify(backup_packages/camera_ws/src/libcamera/src/ipa/vimc) by extensions ['ignore', 'ignore_ament_install']
[0.382s] Level 1:colcon.colcon_core.package_identification:_identify(backup_packages/camera_ws/src/libcamera/src/ipa/vimc) by extension 'ignore'
[0.382s] Level 1:colcon.colcon_core.package_identification:_identify(backup_packages/camera_ws/src/libcamera/src/ipa/vimc) by extension 'ignore_ament_install'
[0.382s] Level 1:colcon.colcon_core.package_identification:_identify(backup_packages/camera_ws/src/libcamera/src/ipa/vimc) by extensions ['colcon_pkg']
[0.382s] Level 1:colcon.colcon_core.package_identification:_identify(backup_packages/camera_ws/src/libcamera/src/ipa/vimc) by extension 'colcon_pkg'
[0.382s] Level 1:colcon.colcon_core.package_identification:_identify(backup_packages/camera_ws/src/libcamera/src/ipa/vimc) by extensions ['colcon_meta']
[0.382s] Level 1:colcon.colcon_core.package_identification:_identify(backup_packages/camera_ws/src/libcamera/src/ipa/vimc) by extension 'colcon_meta'
[0.382s] Level 1:colcon.colcon_core.package_identification:_identify(backup_packages/camera_ws/src/libcamera/src/ipa/vimc) by extensions ['ros']
[0.382s] Level 1:colcon.colcon_core.package_identification:_identify(backup_packages/camera_ws/src/libcamera/src/ipa/vimc) by extension 'ros'
[0.382s] Level 1:colcon.colcon_core.package_identification:_identify(backup_packages/camera_ws/src/libcamera/src/ipa/vimc) by extensions ['cmake', 'python']
[0.382s] Level 1:colcon.colcon_core.package_identification:_identify(backup_packages/camera_ws/src/libcamera/src/ipa/vimc) by extension 'cmake'
[0.382s] Level 1:colcon.colcon_core.package_identification:_identify(backup_packages/camera_ws/src/libcamera/src/ipa/vimc) by extension 'python'
[0.382s] Level 1:colcon.colcon_core.package_identification:_identify(backup_packages/camera_ws/src/libcamera/src/ipa/vimc) by extensions ['python_setup_py']
[0.382s] Level 1:colcon.colcon_core.package_identification:_identify(backup_packages/camera_ws/src/libcamera/src/ipa/vimc) by extension 'python_setup_py'
[0.382s] Level 1:colcon.colcon_core.package_identification:_identify(backup_packages/camera_ws/src/libcamera/src/ipa/vimc/data) by extensions ['ignore', 'ignore_ament_install']
[0.382s] Level 1:colcon.colcon_core.package_identification:_identify(backup_packages/camera_ws/src/libcamera/src/ipa/vimc/data) by extension 'ignore'
[0.382s] Level 1:colcon.colcon_core.package_identification:_identify(backup_packages/camera_ws/src/libcamera/src/ipa/vimc/data) by extension 'ignore_ament_install'
[0.382s] Level 1:colcon.colcon_core.package_identification:_identify(backup_packages/camera_ws/src/libcamera/src/ipa/vimc/data) by extensions ['colcon_pkg']
[0.382s] Level 1:colcon.colcon_core.package_identification:_identify(backup_packages/camera_ws/src/libcamera/src/ipa/vimc/data) by extension 'colcon_pkg'
[0.382s] Level 1:colcon.colcon_core.package_identification:_identify(backup_packages/camera_ws/src/libcamera/src/ipa/vimc/data) by extensions ['colcon_meta']
[0.382s] Level 1:colcon.colcon_core.package_identification:_identify(backup_packages/camera_ws/src/libcamera/src/ipa/vimc/data) by extension 'colcon_meta'
[0.382s] Level 1:colcon.colcon_core.package_identification:_identify(backup_packages/camera_ws/src/libcamera/src/ipa/vimc/data) by extensions ['ros']
[0.382s] Level 1:colcon.colcon_core.package_identification:_identify(backup_packages/camera_ws/src/libcamera/src/ipa/vimc/data) by extension 'ros'
[0.382s] Level 1:colcon.colcon_core.package_identification:_identify(backup_packages/camera_ws/src/libcamera/src/ipa/vimc/data) by extensions ['cmake', 'python']
[0.382s] Level 1:colcon.colcon_core.package_identification:_identify(backup_packages/camera_ws/src/libcamera/src/ipa/vimc/data) by extension 'cmake'
[0.382s] Level 1:colcon.colcon_core.package_identification:_identify(backup_packages/camera_ws/src/libcamera/src/ipa/vimc/data) by extension 'python'
[0.382s] Level 1:colcon.colcon_core.package_identification:_identify(backup_packages/camera_ws/src/libcamera/src/ipa/vimc/data) by extensions ['python_setup_py']
[0.382s] Level 1:colcon.colcon_core.package_identification:_identify(backup_packages/camera_ws/src/libcamera/src/ipa/vimc/data) by extension 'python_setup_py'
[0.383s] Level 1:colcon.colcon_core.package_identification:_identify(backup_packages/camera_ws/src/libcamera/src/libcamera) by extensions ['ignore', 'ignore_ament_install']
[0.383s] Level 1:colcon.colcon_core.package_identification:_identify(backup_packages/camera_ws/src/libcamera/src/libcamera) by extension 'ignore'
[0.383s] Level 1:colcon.colcon_core.package_identification:_identify(backup_packages/camera_ws/src/libcamera/src/libcamera) by extension 'ignore_ament_install'
[0.383s] Level 1:colcon.colcon_core.package_identification:_identify(backup_packages/camera_ws/src/libcamera/src/libcamera) by extensions ['colcon_pkg']
[0.383s] Level 1:colcon.colcon_core.package_identification:_identify(backup_packages/camera_ws/src/libcamera/src/libcamera) by extension 'colcon_pkg'
[0.383s] Level 1:colcon.colcon_core.package_identification:_identify(backup_packages/camera_ws/src/libcamera/src/libcamera) by extensions ['colcon_meta']
[0.383s] Level 1:colcon.colcon_core.package_identification:_identify(backup_packages/camera_ws/src/libcamera/src/libcamera) by extension 'colcon_meta'
[0.383s] Level 1:colcon.colcon_core.package_identification:_identify(backup_packages/camera_ws/src/libcamera/src/libcamera) by extensions ['ros']
[0.383s] Level 1:colcon.colcon_core.package_identification:_identify(backup_packages/camera_ws/src/libcamera/src/libcamera) by extension 'ros'
[0.383s] Level 1:colcon.colcon_core.package_identification:_identify(backup_packages/camera_ws/src/libcamera/src/libcamera) by extensions ['cmake', 'python']
[0.383s] Level 1:colcon.colcon_core.package_identification:_identify(backup_packages/camera_ws/src/libcamera/src/libcamera) by extension 'cmake'
[0.383s] Level 1:colcon.colcon_core.package_identification:_identify(backup_packages/camera_ws/src/libcamera/src/libcamera) by extension 'python'
[0.383s] Level 1:colcon.colcon_core.package_identification:_identify(backup_packages/camera_ws/src/libcamera/src/libcamera) by extensions ['python_setup_py']
[0.383s] Level 1:colcon.colcon_core.package_identification:_identify(backup_packages/camera_ws/src/libcamera/src/libcamera) by extension 'python_setup_py'
[0.383s] Level 1:colcon.colcon_core.package_identification:_identify(backup_packages/camera_ws/src/libcamera/src/libcamera/base) by extensions ['ignore', 'ignore_ament_install']
[0.383s] Level 1:colcon.colcon_core.package_identification:_identify(backup_packages/camera_ws/src/libcamera/src/libcamera/base) by extension 'ignore'
[0.383s] Level 1:colcon.colcon_core.package_identification:_identify(backup_packages/camera_ws/src/libcamera/src/libcamera/base) by extension 'ignore_ament_install'
[0.383s] Level 1:colcon.colcon_core.package_identification:_identify(backup_packages/camera_ws/src/libcamera/src/libcamera/base) by extensions ['colcon_pkg']
[0.383s] Level 1:colcon.colcon_core.package_identification:_identify(backup_packages/camera_ws/src/libcamera/src/libcamera/base) by extension 'colcon_pkg'
[0.383s] Level 1:colcon.colcon_core.package_identification:_identify(backup_packages/camera_ws/src/libcamera/src/libcamera/base) by extensions ['colcon_meta']
[0.383s] Level 1:colcon.colcon_core.package_identification:_identify(backup_packages/camera_ws/src/libcamera/src/libcamera/base) by extension 'colcon_meta'
[0.383s] Level 1:colcon.colcon_core.package_identification:_identify(backup_packages/camera_ws/src/libcamera/src/libcamera/base) by extensions ['ros']
[0.383s] Level 1:colcon.colcon_core.package_identification:_identify(backup_packages/camera_ws/src/libcamera/src/libcamera/base) by extension 'ros'
[0.383s] Level 1:colcon.colcon_core.package_identification:_identify(backup_packages/camera_ws/src/libcamera/src/libcamera/base) by extensions ['cmake', 'python']
[0.384s] Level 1:colcon.colcon_core.package_identification:_identify(backup_packages/camera_ws/src/libcamera/src/libcamera/base) by extension 'cmake'
[0.384s] Level 1:colcon.colcon_core.package_identification:_identify(backup_packages/camera_ws/src/libcamera/src/libcamera/base) by extension 'python'
[0.384s] Level 1:colcon.colcon_core.package_identification:_identify(backup_packages/camera_ws/src/libcamera/src/libcamera/base) by extensions ['python_setup_py']
[0.384s] Level 1:colcon.colcon_core.package_identification:_identify(backup_packages/camera_ws/src/libcamera/src/libcamera/base) by extension 'python_setup_py'
[0.384s] Level 1:colcon.colcon_core.package_identification:_identify(backup_packages/camera_ws/src/libcamera/src/libcamera/converter) by extensions ['ignore', 'ignore_ament_install']
[0.384s] Level 1:colcon.colcon_core.package_identification:_identify(backup_packages/camera_ws/src/libcamera/src/libcamera/converter) by extension 'ignore'
[0.384s] Level 1:colcon.colcon_core.package_identification:_identify(backup_packages/camera_ws/src/libcamera/src/libcamera/converter) by extension 'ignore_ament_install'
[0.384s] Level 1:colcon.colcon_core.package_identification:_identify(backup_packages/camera_ws/src/libcamera/src/libcamera/converter) by extensions ['colcon_pkg']
[0.384s] Level 1:colcon.colcon_core.package_identification:_identify(backup_packages/camera_ws/src/libcamera/src/libcamera/converter) by extension 'colcon_pkg'
[0.384s] Level 1:colcon.colcon_core.package_identification:_identify(backup_packages/camera_ws/src/libcamera/src/libcamera/converter) by extensions ['colcon_meta']
[0.384s] Level 1:colcon.colcon_core.package_identification:_identify(backup_packages/camera_ws/src/libcamera/src/libcamera/converter) by extension 'colcon_meta'
[0.384s] Level 1:colcon.colcon_core.package_identification:_identify(backup_packages/camera_ws/src/libcamera/src/libcamera/converter) by extensions ['ros']
[0.384s] Level 1:colcon.colcon_core.package_identification:_identify(backup_packages/camera_ws/src/libcamera/src/libcamera/converter) by extension 'ros'
[0.384s] Level 1:colcon.colcon_core.package_identification:_identify(backup_packages/camera_ws/src/libcamera/src/libcamera/converter) by extensions ['cmake', 'python']
[0.384s] Level 1:colcon.colcon_core.package_identification:_identify(backup_packages/camera_ws/src/libcamera/src/libcamera/converter) by extension 'cmake'
[0.384s] Level 1:colcon.colcon_core.package_identification:_identify(backup_packages/camera_ws/src/libcamera/src/libcamera/converter) by extension 'python'
[0.384s] Level 1:colcon.colcon_core.package_identification:_identify(backup_packages/camera_ws/src/libcamera/src/libcamera/converter) by extensions ['python_setup_py']
[0.384s] Level 1:colcon.colcon_core.package_identification:_identify(backup_packages/camera_ws/src/libcamera/src/libcamera/converter) by extension 'python_setup_py'
[0.384s] Level 1:colcon.colcon_core.package_identification:_identify(backup_packages/camera_ws/src/libcamera/src/libcamera/ipa) by extensions ['ignore', 'ignore_ament_install']
[0.384s] Level 1:colcon.colcon_core.package_identification:_identify(backup_packages/camera_ws/src/libcamera/src/libcamera/ipa) by extension 'ignore'
[0.384s] Level 1:colcon.colcon_core.package_identification:_identify(backup_packages/camera_ws/src/libcamera/src/libcamera/ipa) by extension 'ignore_ament_install'
[0.384s] Level 1:colcon.colcon_core.package_identification:_identify(backup_packages/camera_ws/src/libcamera/src/libcamera/ipa) by extensions ['colcon_pkg']
[0.384s] Level 1:colcon.colcon_core.package_identification:_identify(backup_packages/camera_ws/src/libcamera/src/libcamera/ipa) by extension 'colcon_pkg'
[0.384s] Level 1:colcon.colcon_core.package_identification:_identify(backup_packages/camera_ws/src/libcamera/src/libcamera/ipa) by extensions ['colcon_meta']
[0.384s] Level 1:colcon.colcon_core.package_identification:_identify(backup_packages/camera_ws/src/libcamera/src/libcamera/ipa) by extension 'colcon_meta'
[0.384s] Level 1:colcon.colcon_core.package_identification:_identify(backup_packages/camera_ws/src/libcamera/src/libcamera/ipa) by extensions ['ros']
[0.385s] Level 1:colcon.colcon_core.package_identification:_identify(backup_packages/camera_ws/src/libcamera/src/libcamera/ipa) by extension 'ros'
[0.385s] Level 1:colcon.colcon_core.package_identification:_identify(backup_packages/camera_ws/src/libcamera/src/libcamera/ipa) by extensions ['cmake', 'python']
[0.385s] Level 1:colcon.colcon_core.package_identification:_identify(backup_packages/camera_ws/src/libcamera/src/libcamera/ipa) by extension 'cmake'
[0.385s] Level 1:colcon.colcon_core.package_identification:_identify(backup_packages/camera_ws/src/libcamera/src/libcamera/ipa) by extension 'python'
[0.385s] Level 1:colcon.colcon_core.package_identification:_identify(backup_packages/camera_ws/src/libcamera/src/libcamera/ipa) by extensions ['python_setup_py']
[0.385s] Level 1:colcon.colcon_core.package_identification:_identify(backup_packages/camera_ws/src/libcamera/src/libcamera/ipa) by extension 'python_setup_py'
[0.385s] Level 1:colcon.colcon_core.package_identification:_identify(backup_packages/camera_ws/src/libcamera/src/libcamera/pipeline) by extensions ['ignore', 'ignore_ament_install']
[0.385s] Level 1:colcon.colcon_core.package_identification:_identify(backup_packages/camera_ws/src/libcamera/src/libcamera/pipeline) by extension 'ignore'
[0.385s] Level 1:colcon.colcon_core.package_identification:_identify(backup_packages/camera_ws/src/libcamera/src/libcamera/pipeline) by extension 'ignore_ament_install'
[0.385s] Level 1:colcon.colcon_core.package_identification:_identify(backup_packages/camera_ws/src/libcamera/src/libcamera/pipeline) by extensions ['colcon_pkg']
[0.385s] Level 1:colcon.colcon_core.package_identification:_identify(backup_packages/camera_ws/src/libcamera/src/libcamera/pipeline) by extension 'colcon_pkg'
[0.385s] Level 1:colcon.colcon_core.package_identification:_identify(backup_packages/camera_ws/src/libcamera/src/libcamera/pipeline) by extensions ['colcon_meta']
[0.385s] Level 1:colcon.colcon_core.package_identification:_identify(backup_packages/camera_ws/src/libcamera/src/libcamera/pipeline) by extension 'colcon_meta'
[0.385s] Level 1:colcon.colcon_core.package_identification:_identify(backup_packages/camera_ws/src/libcamera/src/libcamera/pipeline) by extensions ['ros']
[0.385s] Level 1:colcon.colcon_core.package_identification:_identify(backup_packages/camera_ws/src/libcamera/src/libcamera/pipeline) by extension 'ros'
[0.385s] Level 1:colcon.colcon_core.package_identification:_identify(backup_packages/camera_ws/src/libcamera/src/libcamera/pipeline) by extensions ['cmake', 'python']
[0.385s] Level 1:colcon.colcon_core.package_identification:_identify(backup_packages/camera_ws/src/libcamera/src/libcamera/pipeline) by extension 'cmake'
[0.385s] Level 1:colcon.colcon_core.package_identification:_identify(backup_packages/camera_ws/src/libcamera/src/libcamera/pipeline) by extension 'python'
[0.385s] Level 1:colcon.colcon_core.package_identification:_identify(backup_packages/camera_ws/src/libcamera/src/libcamera/pipeline) by extensions ['python_setup_py']
[0.385s] Level 1:colcon.colcon_core.package_identification:_identify(backup_packages/camera_ws/src/libcamera/src/libcamera/pipeline) by extension 'python_setup_py'
[0.385s] Level 1:colcon.colcon_core.package_identification:_identify(backup_packages/camera_ws/src/libcamera/src/libcamera/pipeline/imx8-isi) by extensions ['ignore', 'ignore_ament_install']
[0.385s] Level 1:colcon.colcon_core.package_identification:_identify(backup_packages/camera_ws/src/libcamera/src/libcamera/pipeline/imx8-isi) by extension 'ignore'
[0.385s] Level 1:colcon.colcon_core.package_identification:_identify(backup_packages/camera_ws/src/libcamera/src/libcamera/pipeline/imx8-isi) by extension 'ignore_ament_install'
[0.385s] Level 1:colcon.colcon_core.package_identification:_identify(backup_packages/camera_ws/src/libcamera/src/libcamera/pipeline/imx8-isi) by extensions ['colcon_pkg']
[0.385s] Level 1:colcon.colcon_core.package_identification:_identify(backup_packages/camera_ws/src/libcamera/src/libcamera/pipeline/imx8-isi) by extension 'colcon_pkg'
[0.386s] Level 1:colcon.colcon_core.package_identification:_identify(backup_packages/camera_ws/src/libcamera/src/libcamera/pipeline/imx8-isi) by extensions ['colcon_meta']
[0.386s] Level 1:colcon.colcon_core.package_identification:_identify(backup_packages/camera_ws/src/libcamera/src/libcamera/pipeline/imx8-isi) by extension 'colcon_meta'
[0.386s] Level 1:colcon.colcon_core.package_identification:_identify(backup_packages/camera_ws/src/libcamera/src/libcamera/pipeline/imx8-isi) by extensions ['ros']
[0.386s] Level 1:colcon.colcon_core.package_identification:_identify(backup_packages/camera_ws/src/libcamera/src/libcamera/pipeline/imx8-isi) by extension 'ros'
[0.386s] Level 1:colcon.colcon_core.package_identification:_identify(backup_packages/camera_ws/src/libcamera/src/libcamera/pipeline/imx8-isi) by extensions ['cmake', 'python']
[0.386s] Level 1:colcon.colcon_core.package_identification:_identify(backup_packages/camera_ws/src/libcamera/src/libcamera/pipeline/imx8-isi) by extension 'cmake'
[0.386s] Level 1:colcon.colcon_core.package_identification:_identify(backup_packages/camera_ws/src/libcamera/src/libcamera/pipeline/imx8-isi) by extension 'python'
[0.386s] Level 1:colcon.colcon_core.package_identification:_identify(backup_packages/camera_ws/src/libcamera/src/libcamera/pipeline/imx8-isi) by extensions ['python_setup_py']
[0.386s] Level 1:colcon.colcon_core.package_identification:_identify(backup_packages/camera_ws/src/libcamera/src/libcamera/pipeline/imx8-isi) by extension 'python_setup_py'
[0.386s] Level 1:colcon.colcon_core.package_identification:_identify(backup_packages/camera_ws/src/libcamera/src/libcamera/pipeline/ipu3) by extensions ['ignore', 'ignore_ament_install']
[0.386s] Level 1:colcon.colcon_core.package_identification:_identify(backup_packages/camera_ws/src/libcamera/src/libcamera/pipeline/ipu3) by extension 'ignore'
[0.386s] Level 1:colcon.colcon_core.package_identification:_identify(backup_packages/camera_ws/src/libcamera/src/libcamera/pipeline/ipu3) by extension 'ignore_ament_install'
[0.386s] Level 1:colcon.colcon_core.package_identification:_identify(backup_packages/camera_ws/src/libcamera/src/libcamera/pipeline/ipu3) by extensions ['colcon_pkg']
[0.386s] Level 1:colcon.colcon_core.package_identification:_identify(backup_packages/camera_ws/src/libcamera/src/libcamera/pipeline/ipu3) by extension 'colcon_pkg'
[0.386s] Level 1:colcon.colcon_core.package_identification:_identify(backup_packages/camera_ws/src/libcamera/src/libcamera/pipeline/ipu3) by extensions ['colcon_meta']
[0.386s] Level 1:colcon.colcon_core.package_identification:_identify(backup_packages/camera_ws/src/libcamera/src/libcamera/pipeline/ipu3) by extension 'colcon_meta'
[0.386s] Level 1:colcon.colcon_core.package_identification:_identify(backup_packages/camera_ws/src/libcamera/src/libcamera/pipeline/ipu3) by extensions ['ros']
[0.386s] Level 1:colcon.colcon_core.package_identification:_identify(backup_packages/camera_ws/src/libcamera/src/libcamera/pipeline/ipu3) by extension 'ros'
[0.386s] Level 1:colcon.colcon_core.package_identification:_identify(backup_packages/camera_ws/src/libcamera/src/libcamera/pipeline/ipu3) by extensions ['cmake', 'python']
[0.386s] Level 1:colcon.colcon_core.package_identification:_identify(backup_packages/camera_ws/src/libcamera/src/libcamera/pipeline/ipu3) by extension 'cmake'
[0.386s] Level 1:colcon.colcon_core.package_identification:_identify(backup_packages/camera_ws/src/libcamera/src/libcamera/pipeline/ipu3) by extension 'python'
[0.386s] Level 1:colcon.colcon_core.package_identification:_identify(backup_packages/camera_ws/src/libcamera/src/libcamera/pipeline/ipu3) by extensions ['python_setup_py']
[0.386s] Level 1:colcon.colcon_core.package_identification:_identify(backup_packages/camera_ws/src/libcamera/src/libcamera/pipeline/ipu3) by extension 'python_setup_py'
[0.386s] Level 1:colcon.colcon_core.package_identification:_identify(backup_packages/camera_ws/src/libcamera/src/libcamera/pipeline/mali-c55) by extensions ['ignore', 'ignore_ament_install']
[0.386s] Level 1:colcon.colcon_core.package_identification:_identify(backup_packages/camera_ws/src/libcamera/src/libcamera/pipeline/mali-c55) by extension 'ignore'
[0.386s] Level 1:colcon.colcon_core.package_identification:_identify(backup_packages/camera_ws/src/libcamera/src/libcamera/pipeline/mali-c55) by extension 'ignore_ament_install'
[0.387s] Level 1:colcon.colcon_core.package_identification:_identify(backup_packages/camera_ws/src/libcamera/src/libcamera/pipeline/mali-c55) by extensions ['colcon_pkg']
[0.387s] Level 1:colcon.colcon_core.package_identification:_identify(backup_packages/camera_ws/src/libcamera/src/libcamera/pipeline/mali-c55) by extension 'colcon_pkg'
[0.387s] Level 1:colcon.colcon_core.package_identification:_identify(backup_packages/camera_ws/src/libcamera/src/libcamera/pipeline/mali-c55) by extensions ['colcon_meta']
[0.387s] Level 1:colcon.colcon_core.package_identification:_identify(backup_packages/camera_ws/src/libcamera/src/libcamera/pipeline/mali-c55) by extension 'colcon_meta'
[0.387s] Level 1:colcon.colcon_core.package_identification:_identify(backup_packages/camera_ws/src/libcamera/src/libcamera/pipeline/mali-c55) by extensions ['ros']
[0.387s] Level 1:colcon.colcon_core.package_identification:_identify(backup_packages/camera_ws/src/libcamera/src/libcamera/pipeline/mali-c55) by extension 'ros'
[0.387s] Level 1:colcon.colcon_core.package_identification:_identify(backup_packages/camera_ws/src/libcamera/src/libcamera/pipeline/mali-c55) by extensions ['cmake', 'python']
[0.387s] Level 1:colcon.colcon_core.package_identification:_identify(backup_packages/camera_ws/src/libcamera/src/libcamera/pipeline/mali-c55) by extension 'cmake'
[0.387s] Level 1:colcon.colcon_core.package_identification:_identify(backup_packages/camera_ws/src/libcamera/src/libcamera/pipeline/mali-c55) by extension 'python'
[0.387s] Level 1:colcon.colcon_core.package_identification:_identify(backup_packages/camera_ws/src/libcamera/src/libcamera/pipeline/mali-c55) by extensions ['python_setup_py']
[0.387s] Level 1:colcon.colcon_core.package_identification:_identify(backup_packages/camera_ws/src/libcamera/src/libcamera/pipeline/mali-c55) by extension 'python_setup_py'
[0.387s] Level 1:colcon.colcon_core.package_identification:_identify(backup_packages/camera_ws/src/libcamera/src/libcamera/pipeline/rkisp1) by extensions ['ignore', 'ignore_ament_install']
[0.387s] Level 1:colcon.colcon_core.package_identification:_identify(backup_packages/camera_ws/src/libcamera/src/libcamera/pipeline/rkisp1) by extension 'ignore'
[0.387s] Level 1:colcon.colcon_core.package_identification:_identify(backup_packages/camera_ws/src/libcamera/src/libcamera/pipeline/rkisp1) by extension 'ignore_ament_install'
[0.387s] Level 1:colcon.colcon_core.package_identification:_identify(backup_packages/camera_ws/src/libcamera/src/libcamera/pipeline/rkisp1) by extensions ['colcon_pkg']
[0.387s] Level 1:colcon.colcon_core.package_identification:_identify(backup_packages/camera_ws/src/libcamera/src/libcamera/pipeline/rkisp1) by extension 'colcon_pkg'
[0.387s] Level 1:colcon.colcon_core.package_identification:_identify(backup_packages/camera_ws/src/libcamera/src/libcamera/pipeline/rkisp1) by extensions ['colcon_meta']
[0.387s] Level 1:colcon.colcon_core.package_identification:_identify(backup_packages/camera_ws/src/libcamera/src/libcamera/pipeline/rkisp1) by extension 'colcon_meta'
[0.387s] Level 1:colcon.colcon_core.package_identification:_identify(backup_packages/camera_ws/src/libcamera/src/libcamera/pipeline/rkisp1) by extensions ['ros']
[0.387s] Level 1:colcon.colcon_core.package_identification:_identify(backup_packages/camera_ws/src/libcamera/src/libcamera/pipeline/rkisp1) by extension 'ros'
[0.387s] Level 1:colcon.colcon_core.package_identification:_identify(backup_packages/camera_ws/src/libcamera/src/libcamera/pipeline/rkisp1) by extensions ['cmake', 'python']
[0.387s] Level 1:colcon.colcon_core.package_identification:_identify(backup_packages/camera_ws/src/libcamera/src/libcamera/pipeline/rkisp1) by extension 'cmake'
[0.387s] Level 1:colcon.colcon_core.package_identification:_identify(backup_packages/camera_ws/src/libcamera/src/libcamera/pipeline/rkisp1) by extension 'python'
[0.387s] Level 1:colcon.colcon_core.package_identification:_identify(backup_packages/camera_ws/src/libcamera/src/libcamera/pipeline/rkisp1) by extensions ['python_setup_py']
[0.387s] Level 1:colcon.colcon_core.package_identification:_identify(backup_packages/camera_ws/src/libcamera/src/libcamera/pipeline/rkisp1) by extension 'python_setup_py'
[0.387s] Level 1:colcon.colcon_core.package_identification:_identify(backup_packages/camera_ws/src/libcamera/src/libcamera/pipeline/rpi) by extensions ['ignore', 'ignore_ament_install']
[0.388s] Level 1:colcon.colcon_core.package_identification:_identify(backup_packages/camera_ws/src/libcamera/src/libcamera/pipeline/rpi) by extension 'ignore'
[0.388s] Level 1:colcon.colcon_core.package_identification:_identify(backup_packages/camera_ws/src/libcamera/src/libcamera/pipeline/rpi) by extension 'ignore_ament_install'
[0.388s] Level 1:colcon.colcon_core.package_identification:_identify(backup_packages/camera_ws/src/libcamera/src/libcamera/pipeline/rpi) by extensions ['colcon_pkg']
[0.388s] Level 1:colcon.colcon_core.package_identification:_identify(backup_packages/camera_ws/src/libcamera/src/libcamera/pipeline/rpi) by extension 'colcon_pkg'
[0.388s] Level 1:colcon.colcon_core.package_identification:_identify(backup_packages/camera_ws/src/libcamera/src/libcamera/pipeline/rpi) by extensions ['colcon_meta']
[0.388s] Level 1:colcon.colcon_core.package_identification:_identify(backup_packages/camera_ws/src/libcamera/src/libcamera/pipeline/rpi) by extension 'colcon_meta'
[0.388s] Level 1:colcon.colcon_core.package_identification:_identify(backup_packages/camera_ws/src/libcamera/src/libcamera/pipeline/rpi) by extensions ['ros']
[0.388s] Level 1:colcon.colcon_core.package_identification:_identify(backup_packages/camera_ws/src/libcamera/src/libcamera/pipeline/rpi) by extension 'ros'
[0.388s] Level 1:colcon.colcon_core.package_identification:_identify(backup_packages/camera_ws/src/libcamera/src/libcamera/pipeline/rpi) by extensions ['cmake', 'python']
[0.388s] Level 1:colcon.colcon_core.package_identification:_identify(backup_packages/camera_ws/src/libcamera/src/libcamera/pipeline/rpi) by extension 'cmake'
[0.388s] Level 1:colcon.colcon_core.package_identification:_identify(backup_packages/camera_ws/src/libcamera/src/libcamera/pipeline/rpi) by extension 'python'
[0.388s] Level 1:colcon.colcon_core.package_identification:_identify(backup_packages/camera_ws/src/libcamera/src/libcamera/pipeline/rpi) by extensions ['python_setup_py']
[0.388s] Level 1:colcon.colcon_core.package_identification:_identify(backup_packages/camera_ws/src/libcamera/src/libcamera/pipeline/rpi) by extension 'python_setup_py'
[0.388s] Level 1:colcon.colcon_core.package_identification:_identify(backup_packages/camera_ws/src/libcamera/src/libcamera/pipeline/rpi/common) by extensions ['ignore', 'ignore_ament_install']
[0.388s] Level 1:colcon.colcon_core.package_identification:_identify(backup_packages/camera_ws/src/libcamera/src/libcamera/pipeline/rpi/common) by extension 'ignore'
[0.388s] Level 1:colcon.colcon_core.package_identification:_identify(backup_packages/camera_ws/src/libcamera/src/libcamera/pipeline/rpi/common) by extension 'ignore_ament_install'
[0.388s] Level 1:colcon.colcon_core.package_identification:_identify(backup_packages/camera_ws/src/libcamera/src/libcamera/pipeline/rpi/common) by extensions ['colcon_pkg']
[0.388s] Level 1:colcon.colcon_core.package_identification:_identify(backup_packages/camera_ws/src/libcamera/src/libcamera/pipeline/rpi/common) by extension 'colcon_pkg'
[0.388s] Level 1:colcon.colcon_core.package_identification:_identify(backup_packages/camera_ws/src/libcamera/src/libcamera/pipeline/rpi/common) by extensions ['colcon_meta']
[0.388s] Level 1:colcon.colcon_core.package_identification:_identify(backup_packages/camera_ws/src/libcamera/src/libcamera/pipeline/rpi/common) by extension 'colcon_meta'
[0.388s] Level 1:colcon.colcon_core.package_identification:_identify(backup_packages/camera_ws/src/libcamera/src/libcamera/pipeline/rpi/common) by extensions ['ros']
[0.388s] Level 1:colcon.colcon_core.package_identification:_identify(backup_packages/camera_ws/src/libcamera/src/libcamera/pipeline/rpi/common) by extension 'ros'
[0.388s] Level 1:colcon.colcon_core.package_identification:_identify(backup_packages/camera_ws/src/libcamera/src/libcamera/pipeline/rpi/common) by extensions ['cmake', 'python']
[0.388s] Level 1:colcon.colcon_core.package_identification:_identify(backup_packages/camera_ws/src/libcamera/src/libcamera/pipeline/rpi/common) by extension 'cmake'
[0.388s] Level 1:colcon.colcon_core.package_identification:_identify(backup_packages/camera_ws/src/libcamera/src/libcamera/pipeline/rpi/common) by extension 'python'
[0.388s] Level 1:colcon.colcon_core.package_identification:_identify(backup_packages/camera_ws/src/libcamera/src/libcamera/pipeline/rpi/common) by extensions ['python_setup_py']
[0.389s] Level 1:colcon.colcon_core.package_identification:_identify(backup_packages/camera_ws/src/libcamera/src/libcamera/pipeline/rpi/common) by extension 'python_setup_py'
[0.389s] Level 1:colcon.colcon_core.package_identification:_identify(backup_packages/camera_ws/src/libcamera/src/libcamera/pipeline/rpi/pisp) by extensions ['ignore', 'ignore_ament_install']
[0.389s] Level 1:colcon.colcon_core.package_identification:_identify(backup_packages/camera_ws/src/libcamera/src/libcamera/pipeline/rpi/pisp) by extension 'ignore'
[0.389s] Level 1:colcon.colcon_core.package_identification:_identify(backup_packages/camera_ws/src/libcamera/src/libcamera/pipeline/rpi/pisp) by extension 'ignore_ament_install'
[0.389s] Level 1:colcon.colcon_core.package_identification:_identify(backup_packages/camera_ws/src/libcamera/src/libcamera/pipeline/rpi/pisp) by extensions ['colcon_pkg']
[0.389s] Level 1:colcon.colcon_core.package_identification:_identify(backup_packages/camera_ws/src/libcamera/src/libcamera/pipeline/rpi/pisp) by extension 'colcon_pkg'
[0.389s] Level 1:colcon.colcon_core.package_identification:_identify(backup_packages/camera_ws/src/libcamera/src/libcamera/pipeline/rpi/pisp) by extensions ['colcon_meta']
[0.389s] Level 1:colcon.colcon_core.package_identification:_identify(backup_packages/camera_ws/src/libcamera/src/libcamera/pipeline/rpi/pisp) by extension 'colcon_meta'
[0.389s] Level 1:colcon.colcon_core.package_identification:_identify(backup_packages/camera_ws/src/libcamera/src/libcamera/pipeline/rpi/pisp) by extensions ['ros']
[0.389s] Level 1:colcon.colcon_core.package_identification:_identify(backup_packages/camera_ws/src/libcamera/src/libcamera/pipeline/rpi/pisp) by extension 'ros'
[0.389s] Level 1:colcon.colcon_core.package_identification:_identify(backup_packages/camera_ws/src/libcamera/src/libcamera/pipeline/rpi/pisp) by extensions ['cmake', 'python']
[0.389s] Level 1:colcon.colcon_core.package_identification:_identify(backup_packages/camera_ws/src/libcamera/src/libcamera/pipeline/rpi/pisp) by extension 'cmake'
[0.389s] Level 1:colcon.colcon_core.package_identification:_identify(backup_packages/camera_ws/src/libcamera/src/libcamera/pipeline/rpi/pisp) by extension 'python'
[0.389s] Level 1:colcon.colcon_core.package_identification:_identify(backup_packages/camera_ws/src/libcamera/src/libcamera/pipeline/rpi/pisp) by extensions ['python_setup_py']
[0.389s] Level 1:colcon.colcon_core.package_identification:_identify(backup_packages/camera_ws/src/libcamera/src/libcamera/pipeline/rpi/pisp) by extension 'python_setup_py'
[0.389s] Level 1:colcon.colcon_core.package_identification:_identify(backup_packages/camera_ws/src/libcamera/src/libcamera/pipeline/rpi/pisp/data) by extensions ['ignore', 'ignore_ament_install']
[0.389s] Level 1:colcon.colcon_core.package_identification:_identify(backup_packages/camera_ws/src/libcamera/src/libcamera/pipeline/rpi/pisp/data) by extension 'ignore'
[0.389s] Level 1:colcon.colcon_core.package_identification:_identify(backup_packages/camera_ws/src/libcamera/src/libcamera/pipeline/rpi/pisp/data) by extension 'ignore_ament_install'
[0.389s] Level 1:colcon.colcon_core.package_identification:_identify(backup_packages/camera_ws/src/libcamera/src/libcamera/pipeline/rpi/pisp/data) by extensions ['colcon_pkg']
[0.389s] Level 1:colcon.colcon_core.package_identification:_identify(backup_packages/camera_ws/src/libcamera/src/libcamera/pipeline/rpi/pisp/data) by extension 'colcon_pkg'
[0.389s] Level 1:colcon.colcon_core.package_identification:_identify(backup_packages/camera_ws/src/libcamera/src/libcamera/pipeline/rpi/pisp/data) by extensions ['colcon_meta']
[0.389s] Level 1:colcon.colcon_core.package_identification:_identify(backup_packages/camera_ws/src/libcamera/src/libcamera/pipeline/rpi/pisp/data) by extension 'colcon_meta'
[0.389s] Level 1:colcon.colcon_core.package_identification:_identify(backup_packages/camera_ws/src/libcamera/src/libcamera/pipeline/rpi/pisp/data) by extensions ['ros']
[0.389s] Level 1:colcon.colcon_core.package_identification:_identify(backup_packages/camera_ws/src/libcamera/src/libcamera/pipeline/rpi/pisp/data) by extension 'ros'
[0.390s] Level 1:colcon.colcon_core.package_identification:_identify(backup_packages/camera_ws/src/libcamera/src/libcamera/pipeline/rpi/pisp/data) by extensions ['cmake', 'python']
[0.390s] Level 1:colcon.colcon_core.package_identification:_identify(backup_packages/camera_ws/src/libcamera/src/libcamera/pipeline/rpi/pisp/data) by extension 'cmake'
[0.390s] Level 1:colcon.colcon_core.package_identification:_identify(backup_packages/camera_ws/src/libcamera/src/libcamera/pipeline/rpi/pisp/data) by extension 'python'
[0.390s] Level 1:colcon.colcon_core.package_identification:_identify(backup_packages/camera_ws/src/libcamera/src/libcamera/pipeline/rpi/pisp/data) by extensions ['python_setup_py']
[0.390s] Level 1:colcon.colcon_core.package_identification:_identify(backup_packages/camera_ws/src/libcamera/src/libcamera/pipeline/rpi/pisp/data) by extension 'python_setup_py'
[0.390s] Level 1:colcon.colcon_core.package_identification:_identify(backup_packages/camera_ws/src/libcamera/src/libcamera/pipeline/rpi/vc4) by extensions ['ignore', 'ignore_ament_install']
[0.390s] Level 1:colcon.colcon_core.package_identification:_identify(backup_packages/camera_ws/src/libcamera/src/libcamera/pipeline/rpi/vc4) by extension 'ignore'
[0.390s] Level 1:colcon.colcon_core.package_identification:_identify(backup_packages/camera_ws/src/libcamera/src/libcamera/pipeline/rpi/vc4) by extension 'ignore_ament_install'
[0.390s] Level 1:colcon.colcon_core.package_identification:_identify(backup_packages/camera_ws/src/libcamera/src/libcamera/pipeline/rpi/vc4) by extensions ['colcon_pkg']
[0.390s] Level 1:colcon.colcon_core.package_identification:_identify(backup_packages/camera_ws/src/libcamera/src/libcamera/pipeline/rpi/vc4) by extension 'colcon_pkg'
[0.390s] Level 1:colcon.colcon_core.package_identification:_identify(backup_packages/camera_ws/src/libcamera/src/libcamera/pipeline/rpi/vc4) by extensions ['colcon_meta']
[0.390s] Level 1:colcon.colcon_core.package_identification:_identify(backup_packages/camera_ws/src/libcamera/src/libcamera/pipeline/rpi/vc4) by extension 'colcon_meta'
[0.390s] Level 1:colcon.colcon_core.package_identification:_identify(backup_packages/camera_ws/src/libcamera/src/libcamera/pipeline/rpi/vc4) by extensions ['ros']
[0.390s] Level 1:colcon.colcon_core.package_identification:_identify(backup_packages/camera_ws/src/libcamera/src/libcamera/pipeline/rpi/vc4) by extension 'ros'
[0.390s] Level 1:colcon.colcon_core.package_identification:_identify(backup_packages/camera_ws/src/libcamera/src/libcamera/pipeline/rpi/vc4) by extensions ['cmake', 'python']
[0.390s] Level 1:colcon.colcon_core.package_identification:_identify(backup_packages/camera_ws/src/libcamera/src/libcamera/pipeline/rpi/vc4) by extension 'cmake'
[0.390s] Level 1:colcon.colcon_core.package_identification:_identify(backup_packages/camera_ws/src/libcamera/src/libcamera/pipeline/rpi/vc4) by extension 'python'
[0.390s] Level 1:colcon.colcon_core.package_identification:_identify(backup_packages/camera_ws/src/libcamera/src/libcamera/pipeline/rpi/vc4) by extensions ['python_setup_py']
[0.390s] Level 1:colcon.colcon_core.package_identification:_identify(backup_packages/camera_ws/src/libcamera/src/libcamera/pipeline/rpi/vc4) by extension 'python_setup_py'
[0.390s] Level 1:colcon.colcon_core.package_identification:_identify(backup_packages/camera_ws/src/libcamera/src/libcamera/pipeline/rpi/vc4/data) by extensions ['ignore', 'ignore_ament_install']
[0.390s] Level 1:colcon.colcon_core.package_identification:_identify(backup_packages/camera_ws/src/libcamera/src/libcamera/pipeline/rpi/vc4/data) by extension 'ignore'
[0.390s] Level 1:colcon.colcon_core.package_identification:_identify(backup_packages/camera_ws/src/libcamera/src/libcamera/pipeline/rpi/vc4/data) by extension 'ignore_ament_install'
[0.390s] Level 1:colcon.colcon_core.package_identification:_identify(backup_packages/camera_ws/src/libcamera/src/libcamera/pipeline/rpi/vc4/data) by extensions ['colcon_pkg']
[0.390s] Level 1:colcon.colcon_core.package_identification:_identify(backup_packages/camera_ws/src/libcamera/src/libcamera/pipeline/rpi/vc4/data) by extension 'colcon_pkg'
[0.390s] Level 1:colcon.colcon_core.package_identification:_identify(backup_packages/camera_ws/src/libcamera/src/libcamera/pipeline/rpi/vc4/data) by extensions ['colcon_meta']
[0.391s] Level 1:colcon.colcon_core.package_identification:_identify(backup_packages/camera_ws/src/libcamera/src/libcamera/pipeline/rpi/vc4/data) by extension 'colcon_meta'
[0.391s] Level 1:colcon.colcon_core.package_identification:_identify(backup_packages/camera_ws/src/libcamera/src/libcamera/pipeline/rpi/vc4/data) by extensions ['ros']
[0.391s] Level 1:colcon.colcon_core.package_identification:_identify(backup_packages/camera_ws/src/libcamera/src/libcamera/pipeline/rpi/vc4/data) by extension 'ros'
[0.391s] Level 1:colcon.colcon_core.package_identification:_identify(backup_packages/camera_ws/src/libcamera/src/libcamera/pipeline/rpi/vc4/data) by extensions ['cmake', 'python']
[0.391s] Level 1:colcon.colcon_core.package_identification:_identify(backup_packages/camera_ws/src/libcamera/src/libcamera/pipeline/rpi/vc4/data) by extension 'cmake'
[0.391s] Level 1:colcon.colcon_core.package_identification:_identify(backup_packages/camera_ws/src/libcamera/src/libcamera/pipeline/rpi/vc4/data) by extension 'python'
[0.391s] Level 1:colcon.colcon_core.package_identification:_identify(backup_packages/camera_ws/src/libcamera/src/libcamera/pipeline/rpi/vc4/data) by extensions ['python_setup_py']
[0.391s] Level 1:colcon.colcon_core.package_identification:_identify(backup_packages/camera_ws/src/libcamera/src/libcamera/pipeline/rpi/vc4/data) by extension 'python_setup_py'
[0.391s] Level 1:colcon.colcon_core.package_identification:_identify(backup_packages/camera_ws/src/libcamera/src/libcamera/pipeline/simple) by extensions ['ignore', 'ignore_ament_install']
[0.391s] Level 1:colcon.colcon_core.package_identification:_identify(backup_packages/camera_ws/src/libcamera/src/libcamera/pipeline/simple) by extension 'ignore'
[0.391s] Level 1:colcon.colcon_core.package_identification:_identify(backup_packages/camera_ws/src/libcamera/src/libcamera/pipeline/simple) by extension 'ignore_ament_install'
[0.391s] Level 1:colcon.colcon_core.package_identification:_identify(backup_packages/camera_ws/src/libcamera/src/libcamera/pipeline/simple) by extensions ['colcon_pkg']
[0.391s] Level 1:colcon.colcon_core.package_identification:_identify(backup_packages/camera_ws/src/libcamera/src/libcamera/pipeline/simple) by extension 'colcon_pkg'
[0.391s] Level 1:colcon.colcon_core.package_identification:_identify(backup_packages/camera_ws/src/libcamera/src/libcamera/pipeline/simple) by extensions ['colcon_meta']
[0.391s] Level 1:colcon.colcon_core.package_identification:_identify(backup_packages/camera_ws/src/libcamera/src/libcamera/pipeline/simple) by extension 'colcon_meta'
[0.391s] Level 1:colcon.colcon_core.package_identification:_identify(backup_packages/camera_ws/src/libcamera/src/libcamera/pipeline/simple) by extensions ['ros']
[0.391s] Level 1:colcon.colcon_core.package_identification:_identify(backup_packages/camera_ws/src/libcamera/src/libcamera/pipeline/simple) by extension 'ros'
[0.391s] Level 1:colcon.colcon_core.package_identification:_identify(backup_packages/camera_ws/src/libcamera/src/libcamera/pipeline/simple) by extensions ['cmake', 'python']
[0.391s] Level 1:colcon.colcon_core.package_identification:_identify(backup_packages/camera_ws/src/libcamera/src/libcamera/pipeline/simple) by extension 'cmake'
[0.391s] Level 1:colcon.colcon_core.package_identification:_identify(backup_packages/camera_ws/src/libcamera/src/libcamera/pipeline/simple) by extension 'python'
[0.391s] Level 1:colcon.colcon_core.package_identification:_identify(backup_packages/camera_ws/src/libcamera/src/libcamera/pipeline/simple) by extensions ['python_setup_py']
[0.391s] Level 1:colcon.colcon_core.package_identification:_identify(backup_packages/camera_ws/src/libcamera/src/libcamera/pipeline/simple) by extension 'python_setup_py'
[0.391s] Level 1:colcon.colcon_core.package_identification:_identify(backup_packages/camera_ws/src/libcamera/src/libcamera/pipeline/uvcvideo) by extensions ['ignore', 'ignore_ament_install']
[0.391s] Level 1:colcon.colcon_core.package_identification:_identify(backup_packages/camera_ws/src/libcamera/src/libcamera/pipeline/uvcvideo) by extension 'ignore'
[0.391s] Level 1:colcon.colcon_core.package_identification:_identify(backup_packages/camera_ws/src/libcamera/src/libcamera/pipeline/uvcvideo) by extension 'ignore_ament_install'
[0.392s] Level 1:colcon.colcon_core.package_identification:_identify(backup_packages/camera_ws/src/libcamera/src/libcamera/pipeline/uvcvideo) by extensions ['colcon_pkg']
[0.392s] Level 1:colcon.colcon_core.package_identification:_identify(backup_packages/camera_ws/src/libcamera/src/libcamera/pipeline/uvcvideo) by extension 'colcon_pkg'
[0.392s] Level 1:colcon.colcon_core.package_identification:_identify(backup_packages/camera_ws/src/libcamera/src/libcamera/pipeline/uvcvideo) by extensions ['colcon_meta']
[0.392s] Level 1:colcon.colcon_core.package_identification:_identify(backup_packages/camera_ws/src/libcamera/src/libcamera/pipeline/uvcvideo) by extension 'colcon_meta'
[0.392s] Level 1:colcon.colcon_core.package_identification:_identify(backup_packages/camera_ws/src/libcamera/src/libcamera/pipeline/uvcvideo) by extensions ['ros']
[0.392s] Level 1:colcon.colcon_core.package_identification:_identify(backup_packages/camera_ws/src/libcamera/src/libcamera/pipeline/uvcvideo) by extension 'ros'
[0.392s] Level 1:colcon.colcon_core.package_identification:_identify(backup_packages/camera_ws/src/libcamera/src/libcamera/pipeline/uvcvideo) by extensions ['cmake', 'python']
[0.392s] Level 1:colcon.colcon_core.package_identification:_identify(backup_packages/camera_ws/src/libcamera/src/libcamera/pipeline/uvcvideo) by extension 'cmake'
[0.392s] Level 1:colcon.colcon_core.package_identification:_identify(backup_packages/camera_ws/src/libcamera/src/libcamera/pipeline/uvcvideo) by extension 'python'
[0.392s] Level 1:colcon.colcon_core.package_identification:_identify(backup_packages/camera_ws/src/libcamera/src/libcamera/pipeline/uvcvideo) by extensions ['python_setup_py']
[0.392s] Level 1:colcon.colcon_core.package_identification:_identify(backup_packages/camera_ws/src/libcamera/src/libcamera/pipeline/uvcvideo) by extension 'python_setup_py'
[0.392s] Level 1:colcon.colcon_core.package_identification:_identify(backup_packages/camera_ws/src/libcamera/src/libcamera/pipeline/vimc) by extensions ['ignore', 'ignore_ament_install']
[0.392s] Level 1:colcon.colcon_core.package_identification:_identify(backup_packages/camera_ws/src/libcamera/src/libcamera/pipeline/vimc) by extension 'ignore'
[0.392s] Level 1:colcon.colcon_core.package_identification:_identify(backup_packages/camera_ws/src/libcamera/src/libcamera/pipeline/vimc) by extension 'ignore_ament_install'
[0.392s] Level 1:colcon.colcon_core.package_identification:_identify(backup_packages/camera_ws/src/libcamera/src/libcamera/pipeline/vimc) by extensions ['colcon_pkg']
[0.392s] Level 1:colcon.colcon_core.package_identification:_identify(backup_packages/camera_ws/src/libcamera/src/libcamera/pipeline/vimc) by extension 'colcon_pkg'
[0.392s] Level 1:colcon.colcon_core.package_identification:_identify(backup_packages/camera_ws/src/libcamera/src/libcamera/pipeline/vimc) by extensions ['colcon_meta']
[0.392s] Level 1:colcon.colcon_core.package_identification:_identify(backup_packages/camera_ws/src/libcamera/src/libcamera/pipeline/vimc) by extension 'colcon_meta'
[0.392s] Level 1:colcon.colcon_core.package_identification:_identify(backup_packages/camera_ws/src/libcamera/src/libcamera/pipeline/vimc) by extensions ['ros']
[0.392s] Level 1:colcon.colcon_core.package_identification:_identify(backup_packages/camera_ws/src/libcamera/src/libcamera/pipeline/vimc) by extension 'ros'
[0.392s] Level 1:colcon.colcon_core.package_identification:_identify(backup_packages/camera_ws/src/libcamera/src/libcamera/pipeline/vimc) by extensions ['cmake', 'python']
[0.392s] Level 1:colcon.colcon_core.package_identification:_identify(backup_packages/camera_ws/src/libcamera/src/libcamera/pipeline/vimc) by extension 'cmake'
[0.392s] Level 1:colcon.colcon_core.package_identification:_identify(backup_packages/camera_ws/src/libcamera/src/libcamera/pipeline/vimc) by extension 'python'
[0.392s] Level 1:colcon.colcon_core.package_identification:_identify(backup_packages/camera_ws/src/libcamera/src/libcamera/pipeline/vimc) by extensions ['python_setup_py']
[0.392s] Level 1:colcon.colcon_core.package_identification:_identify(backup_packages/camera_ws/src/libcamera/src/libcamera/pipeline/vimc) by extension 'python_setup_py'
[0.392s] Level 1:colcon.colcon_core.package_identification:_identify(backup_packages/camera_ws/src/libcamera/src/libcamera/pipeline/virtual) by extensions ['ignore', 'ignore_ament_install']
[0.393s] Level 1:colcon.colcon_core.package_identification:_identify(backup_packages/camera_ws/src/libcamera/src/libcamera/pipeline/virtual) by extension 'ignore'
[0.393s] Level 1:colcon.colcon_core.package_identification:_identify(backup_packages/camera_ws/src/libcamera/src/libcamera/pipeline/virtual) by extension 'ignore_ament_install'
[0.393s] Level 1:colcon.colcon_core.package_identification:_identify(backup_packages/camera_ws/src/libcamera/src/libcamera/pipeline/virtual) by extensions ['colcon_pkg']
[0.393s] Level 1:colcon.colcon_core.package_identification:_identify(backup_packages/camera_ws/src/libcamera/src/libcamera/pipeline/virtual) by extension 'colcon_pkg'
[0.393s] Level 1:colcon.colcon_core.package_identification:_identify(backup_packages/camera_ws/src/libcamera/src/libcamera/pipeline/virtual) by extensions ['colcon_meta']
[0.393s] Level 1:colcon.colcon_core.package_identification:_identify(backup_packages/camera_ws/src/libcamera/src/libcamera/pipeline/virtual) by extension 'colcon_meta'
[0.393s] Level 1:colcon.colcon_core.package_identification:_identify(backup_packages/camera_ws/src/libcamera/src/libcamera/pipeline/virtual) by extensions ['ros']
[0.393s] Level 1:colcon.colcon_core.package_identification:_identify(backup_packages/camera_ws/src/libcamera/src/libcamera/pipeline/virtual) by extension 'ros'
[0.393s] Level 1:colcon.colcon_core.package_identification:_identify(backup_packages/camera_ws/src/libcamera/src/libcamera/pipeline/virtual) by extensions ['cmake', 'python']
[0.393s] Level 1:colcon.colcon_core.package_identification:_identify(backup_packages/camera_ws/src/libcamera/src/libcamera/pipeline/virtual) by extension 'cmake'
[0.393s] Level 1:colcon.colcon_core.package_identification:_identify(backup_packages/camera_ws/src/libcamera/src/libcamera/pipeline/virtual) by extension 'python'
[0.393s] Level 1:colcon.colcon_core.package_identification:_identify(backup_packages/camera_ws/src/libcamera/src/libcamera/pipeline/virtual) by extensions ['python_setup_py']
[0.393s] Level 1:colcon.colcon_core.package_identification:_identify(backup_packages/camera_ws/src/libcamera/src/libcamera/pipeline/virtual) by extension 'python_setup_py'
[0.393s] Level 1:colcon.colcon_core.package_identification:_identify(backup_packages/camera_ws/src/libcamera/src/libcamera/pipeline/virtual/data) by extensions ['ignore', 'ignore_ament_install']
[0.393s] Level 1:colcon.colcon_core.package_identification:_identify(backup_packages/camera_ws/src/libcamera/src/libcamera/pipeline/virtual/data) by extension 'ignore'
[0.393s] Level 1:colcon.colcon_core.package_identification:_identify(backup_packages/camera_ws/src/libcamera/src/libcamera/pipeline/virtual/data) by extension 'ignore_ament_install'
[0.393s] Level 1:colcon.colcon_core.package_identification:_identify(backup_packages/camera_ws/src/libcamera/src/libcamera/pipeline/virtual/data) by extensions ['colcon_pkg']
[0.393s] Level 1:colcon.colcon_core.package_identification:_identify(backup_packages/camera_ws/src/libcamera/src/libcamera/pipeline/virtual/data) by extension 'colcon_pkg'
[0.393s] Level 1:colcon.colcon_core.package_identification:_identify(backup_packages/camera_ws/src/libcamera/src/libcamera/pipeline/virtual/data) by extensions ['colcon_meta']
[0.393s] Level 1:colcon.colcon_core.package_identification:_identify(backup_packages/camera_ws/src/libcamera/src/libcamera/pipeline/virtual/data) by extension 'colcon_meta'
[0.393s] Level 1:colcon.colcon_core.package_identification:_identify(backup_packages/camera_ws/src/libcamera/src/libcamera/pipeline/virtual/data) by extensions ['ros']
[0.393s] Level 1:colcon.colcon_core.package_identification:_identify(backup_packages/camera_ws/src/libcamera/src/libcamera/pipeline/virtual/data) by extension 'ros'
[0.393s] Level 1:colcon.colcon_core.package_identification:_identify(backup_packages/camera_ws/src/libcamera/src/libcamera/pipeline/virtual/data) by extensions ['cmake', 'python']
[0.393s] Level 1:colcon.colcon_core.package_identification:_identify(backup_packages/camera_ws/src/libcamera/src/libcamera/pipeline/virtual/data) by extension 'cmake'
[0.393s] Level 1:colcon.colcon_core.package_identification:_identify(backup_packages/camera_ws/src/libcamera/src/libcamera/pipeline/virtual/data) by extension 'python'
[0.393s] Level 1:colcon.colcon_core.package_identification:_identify(backup_packages/camera_ws/src/libcamera/src/libcamera/pipeline/virtual/data) by extensions ['python_setup_py']
[0.393s] Level 1:colcon.colcon_core.package_identification:_identify(backup_packages/camera_ws/src/libcamera/src/libcamera/pipeline/virtual/data) by extension 'python_setup_py'
[0.394s] Level 1:colcon.colcon_core.package_identification:_identify(backup_packages/camera_ws/src/libcamera/src/libcamera/proxy) by extensions ['ignore', 'ignore_ament_install']
[0.394s] Level 1:colcon.colcon_core.package_identification:_identify(backup_packages/camera_ws/src/libcamera/src/libcamera/proxy) by extension 'ignore'
[0.394s] Level 1:colcon.colcon_core.package_identification:_identify(backup_packages/camera_ws/src/libcamera/src/libcamera/proxy) by extension 'ignore_ament_install'
[0.394s] Level 1:colcon.colcon_core.package_identification:_identify(backup_packages/camera_ws/src/libcamera/src/libcamera/proxy) by extensions ['colcon_pkg']
[0.394s] Level 1:colcon.colcon_core.package_identification:_identify(backup_packages/camera_ws/src/libcamera/src/libcamera/proxy) by extension 'colcon_pkg'
[0.394s] Level 1:colcon.colcon_core.package_identification:_identify(backup_packages/camera_ws/src/libcamera/src/libcamera/proxy) by extensions ['colcon_meta']
[0.394s] Level 1:colcon.colcon_core.package_identification:_identify(backup_packages/camera_ws/src/libcamera/src/libcamera/proxy) by extension 'colcon_meta'
[0.394s] Level 1:colcon.colcon_core.package_identification:_identify(backup_packages/camera_ws/src/libcamera/src/libcamera/proxy) by extensions ['ros']
[0.394s] Level 1:colcon.colcon_core.package_identification:_identify(backup_packages/camera_ws/src/libcamera/src/libcamera/proxy) by extension 'ros'
[0.394s] Level 1:colcon.colcon_core.package_identification:_identify(backup_packages/camera_ws/src/libcamera/src/libcamera/proxy) by extensions ['cmake', 'python']
[0.394s] Level 1:colcon.colcon_core.package_identification:_identify(backup_packages/camera_ws/src/libcamera/src/libcamera/proxy) by extension 'cmake'
[0.394s] Level 1:colcon.colcon_core.package_identification:_identify(backup_packages/camera_ws/src/libcamera/src/libcamera/proxy) by extension 'python'
[0.394s] Level 1:colcon.colcon_core.package_identification:_identify(backup_packages/camera_ws/src/libcamera/src/libcamera/proxy) by extensions ['python_setup_py']
[0.394s] Level 1:colcon.colcon_core.package_identification:_identify(backup_packages/camera_ws/src/libcamera/src/libcamera/proxy) by extension 'python_setup_py'
[0.394s] Level 1:colcon.colcon_core.package_identification:_identify(backup_packages/camera_ws/src/libcamera/src/libcamera/proxy/worker) by extensions ['ignore', 'ignore_ament_install']
[0.394s] Level 1:colcon.colcon_core.package_identification:_identify(backup_packages/camera_ws/src/libcamera/src/libcamera/proxy/worker) by extension 'ignore'
[0.394s] Level 1:colcon.colcon_core.package_identification:_identify(backup_packages/camera_ws/src/libcamera/src/libcamera/proxy/worker) by extension 'ignore_ament_install'
[0.394s] Level 1:colcon.colcon_core.package_identification:_identify(backup_packages/camera_ws/src/libcamera/src/libcamera/proxy/worker) by extensions ['colcon_pkg']
[0.394s] Level 1:colcon.colcon_core.package_identification:_identify(backup_packages/camera_ws/src/libcamera/src/libcamera/proxy/worker) by extension 'colcon_pkg'
[0.394s] Level 1:colcon.colcon_core.package_identification:_identify(backup_packages/camera_ws/src/libcamera/src/libcamera/proxy/worker) by extensions ['colcon_meta']
[0.394s] Level 1:colcon.colcon_core.package_identification:_identify(backup_packages/camera_ws/src/libcamera/src/libcamera/proxy/worker) by extension 'colcon_meta'
[0.394s] Level 1:colcon.colcon_core.package_identification:_identify(backup_packages/camera_ws/src/libcamera/src/libcamera/proxy/worker) by extensions ['ros']
[0.394s] Level 1:colcon.colcon_core.package_identification:_identify(backup_packages/camera_ws/src/libcamera/src/libcamera/proxy/worker) by extension 'ros'
[0.394s] Level 1:colcon.colcon_core.package_identification:_identify(backup_packages/camera_ws/src/libcamera/src/libcamera/proxy/worker) by extensions ['cmake', 'python']
[0.394s] Level 1:colcon.colcon_core.package_identification:_identify(backup_packages/camera_ws/src/libcamera/src/libcamera/proxy/worker) by extension 'cmake'
[0.395s] Level 1:colcon.colcon_core.package_identification:_identify(backup_packages/camera_ws/src/libcamera/src/libcamera/proxy/worker) by extension 'python'
[0.395s] Level 1:colcon.colcon_core.package_identification:_identify(backup_packages/camera_ws/src/libcamera/src/libcamera/proxy/worker) by extensions ['python_setup_py']
[0.395s] Level 1:colcon.colcon_core.package_identification:_identify(backup_packages/camera_ws/src/libcamera/src/libcamera/proxy/worker) by extension 'python_setup_py'
[0.395s] Level 1:colcon.colcon_core.package_identification:_identify(backup_packages/camera_ws/src/libcamera/src/libcamera/sensor) by extensions ['ignore', 'ignore_ament_install']
[0.395s] Level 1:colcon.colcon_core.package_identification:_identify(backup_packages/camera_ws/src/libcamera/src/libcamera/sensor) by extension 'ignore'
[0.395s] Level 1:colcon.colcon_core.package_identification:_identify(backup_packages/camera_ws/src/libcamera/src/libcamera/sensor) by extension 'ignore_ament_install'
[0.395s] Level 1:colcon.colcon_core.package_identification:_identify(backup_packages/camera_ws/src/libcamera/src/libcamera/sensor) by extensions ['colcon_pkg']
[0.395s] Level 1:colcon.colcon_core.package_identification:_identify(backup_packages/camera_ws/src/libcamera/src/libcamera/sensor) by extension 'colcon_pkg'
[0.395s] Level 1:colcon.colcon_core.package_identification:_identify(backup_packages/camera_ws/src/libcamera/src/libcamera/sensor) by extensions ['colcon_meta']
[0.395s] Level 1:colcon.colcon_core.package_identification:_identify(backup_packages/camera_ws/src/libcamera/src/libcamera/sensor) by extension 'colcon_meta'
[0.395s] Level 1:colcon.colcon_core.package_identification:_identify(backup_packages/camera_ws/src/libcamera/src/libcamera/sensor) by extensions ['ros']
[0.395s] Level 1:colcon.colcon_core.package_identification:_identify(backup_packages/camera_ws/src/libcamera/src/libcamera/sensor) by extension 'ros'
[0.395s] Level 1:colcon.colcon_core.package_identification:_identify(backup_packages/camera_ws/src/libcamera/src/libcamera/sensor) by extensions ['cmake', 'python']
[0.395s] Level 1:colcon.colcon_core.package_identification:_identify(backup_packages/camera_ws/src/libcamera/src/libcamera/sensor) by extension 'cmake'
[0.395s] Level 1:colcon.colcon_core.package_identification:_identify(backup_packages/camera_ws/src/libcamera/src/libcamera/sensor) by extension 'python'
[0.395s] Level 1:colcon.colcon_core.package_identification:_identify(backup_packages/camera_ws/src/libcamera/src/libcamera/sensor) by extensions ['python_setup_py']
[0.395s] Level 1:colcon.colcon_core.package_identification:_identify(backup_packages/camera_ws/src/libcamera/src/libcamera/sensor) by extension 'python_setup_py'
[0.395s] Level 1:colcon.colcon_core.package_identification:_identify(backup_packages/camera_ws/src/libcamera/src/libcamera/software_isp) by extensions ['ignore', 'ignore_ament_install']
[0.395s] Level 1:colcon.colcon_core.package_identification:_identify(backup_packages/camera_ws/src/libcamera/src/libcamera/software_isp) by extension 'ignore'
[0.395s] Level 1:colcon.colcon_core.package_identification:_identify(backup_packages/camera_ws/src/libcamera/src/libcamera/software_isp) by extension 'ignore_ament_install'
[0.395s] Level 1:colcon.colcon_core.package_identification:_identify(backup_packages/camera_ws/src/libcamera/src/libcamera/software_isp) by extensions ['colcon_pkg']
[0.395s] Level 1:colcon.colcon_core.package_identification:_identify(backup_packages/camera_ws/src/libcamera/src/libcamera/software_isp) by extension 'colcon_pkg'
[0.395s] Level 1:colcon.colcon_core.package_identification:_identify(backup_packages/camera_ws/src/libcamera/src/libcamera/software_isp) by extensions ['colcon_meta']
[0.395s] Level 1:colcon.colcon_core.package_identification:_identify(backup_packages/camera_ws/src/libcamera/src/libcamera/software_isp) by extension 'colcon_meta'
[0.395s] Level 1:colcon.colcon_core.package_identification:_identify(backup_packages/camera_ws/src/libcamera/src/libcamera/software_isp) by extensions ['ros']
[0.395s] Level 1:colcon.colcon_core.package_identification:_identify(backup_packages/camera_ws/src/libcamera/src/libcamera/software_isp) by extension 'ros'
[0.396s] Level 1:colcon.colcon_core.package_identification:_identify(backup_packages/camera_ws/src/libcamera/src/libcamera/software_isp) by extensions ['cmake', 'python']
[0.396s] Level 1:colcon.colcon_core.package_identification:_identify(backup_packages/camera_ws/src/libcamera/src/libcamera/software_isp) by extension 'cmake'
[0.396s] Level 1:colcon.colcon_core.package_identification:_identify(backup_packages/camera_ws/src/libcamera/src/libcamera/software_isp) by extension 'python'
[0.396s] Level 1:colcon.colcon_core.package_identification:_identify(backup_packages/camera_ws/src/libcamera/src/libcamera/software_isp) by extensions ['python_setup_py']
[0.396s] Level 1:colcon.colcon_core.package_identification:_identify(backup_packages/camera_ws/src/libcamera/src/libcamera/software_isp) by extension 'python_setup_py'
[0.396s] Level 1:colcon.colcon_core.package_identification:_identify(backup_packages/camera_ws/src/libcamera/src/py) by extensions ['ignore', 'ignore_ament_install']
[0.396s] Level 1:colcon.colcon_core.package_identification:_identify(backup_packages/camera_ws/src/libcamera/src/py) by extension 'ignore'
[0.396s] Level 1:colcon.colcon_core.package_identification:_identify(backup_packages/camera_ws/src/libcamera/src/py) by extension 'ignore_ament_install'
[0.396s] Level 1:colcon.colcon_core.package_identification:_identify(backup_packages/camera_ws/src/libcamera/src/py) by extensions ['colcon_pkg']
[0.396s] Level 1:colcon.colcon_core.package_identification:_identify(backup_packages/camera_ws/src/libcamera/src/py) by extension 'colcon_pkg'
[0.396s] Level 1:colcon.colcon_core.package_identification:_identify(backup_packages/camera_ws/src/libcamera/src/py) by extensions ['colcon_meta']
[0.396s] Level 1:colcon.colcon_core.package_identification:_identify(backup_packages/camera_ws/src/libcamera/src/py) by extension 'colcon_meta'
[0.396s] Level 1:colcon.colcon_core.package_identification:_identify(backup_packages/camera_ws/src/libcamera/src/py) by extensions ['ros']
[0.396s] Level 1:colcon.colcon_core.package_identification:_identify(backup_packages/camera_ws/src/libcamera/src/py) by extension 'ros'
[0.396s] Level 1:colcon.colcon_core.package_identification:_identify(backup_packages/camera_ws/src/libcamera/src/py) by extensions ['cmake', 'python']
[0.396s] Level 1:colcon.colcon_core.package_identification:_identify(backup_packages/camera_ws/src/libcamera/src/py) by extension 'cmake'
[0.396s] Level 1:colcon.colcon_core.package_identification:_identify(backup_packages/camera_ws/src/libcamera/src/py) by extension 'python'
[0.396s] Level 1:colcon.colcon_core.package_identification:_identify(backup_packages/camera_ws/src/libcamera/src/py) by extensions ['python_setup_py']
[0.396s] Level 1:colcon.colcon_core.package_identification:_identify(backup_packages/camera_ws/src/libcamera/src/py) by extension 'python_setup_py'
[0.396s] Level 1:colcon.colcon_core.package_identification:_identify(backup_packages/camera_ws/src/libcamera/src/py/cam) by extensions ['ignore', 'ignore_ament_install']
[0.396s] Level 1:colcon.colcon_core.package_identification:_identify(backup_packages/camera_ws/src/libcamera/src/py/cam) by extension 'ignore'
[0.396s] Level 1:colcon.colcon_core.package_identification:_identify(backup_packages/camera_ws/src/libcamera/src/py/cam) by extension 'ignore_ament_install'
[0.396s] Level 1:colcon.colcon_core.package_identification:_identify(backup_packages/camera_ws/src/libcamera/src/py/cam) by extensions ['colcon_pkg']
[0.396s] Level 1:colcon.colcon_core.package_identification:_identify(backup_packages/camera_ws/src/libcamera/src/py/cam) by extension 'colcon_pkg'
[0.396s] Level 1:colcon.colcon_core.package_identification:_identify(backup_packages/camera_ws/src/libcamera/src/py/cam) by extensions ['colcon_meta']
[0.396s] Level 1:colcon.colcon_core.package_identification:_identify(backup_packages/camera_ws/src/libcamera/src/py/cam) by extension 'colcon_meta'
[0.397s] Level 1:colcon.colcon_core.package_identification:_identify(backup_packages/camera_ws/src/libcamera/src/py/cam) by extensions ['ros']
[0.397s] Level 1:colcon.colcon_core.package_identification:_identify(backup_packages/camera_ws/src/libcamera/src/py/cam) by extension 'ros'
[0.397s] Level 1:colcon.colcon_core.package_identification:_identify(backup_packages/camera_ws/src/libcamera/src/py/cam) by extensions ['cmake', 'python']
[0.397s] Level 1:colcon.colcon_core.package_identification:_identify(backup_packages/camera_ws/src/libcamera/src/py/cam) by extension 'cmake'
[0.397s] Level 1:colcon.colcon_core.package_identification:_identify(backup_packages/camera_ws/src/libcamera/src/py/cam) by extension 'python'
[0.397s] Level 1:colcon.colcon_core.package_identification:_identify(backup_packages/camera_ws/src/libcamera/src/py/cam) by extensions ['python_setup_py']
[0.397s] Level 1:colcon.colcon_core.package_identification:_identify(backup_packages/camera_ws/src/libcamera/src/py/cam) by extension 'python_setup_py'
[0.397s] Level 1:colcon.colcon_core.package_identification:_identify(backup_packages/camera_ws/src/libcamera/src/py/examples) by extensions ['ignore', 'ignore_ament_install']
[0.397s] Level 1:colcon.colcon_core.package_identification:_identify(backup_packages/camera_ws/src/libcamera/src/py/examples) by extension 'ignore'
[0.397s] Level 1:colcon.colcon_core.package_identification:_identify(backup_packages/camera_ws/src/libcamera/src/py/examples) by extension 'ignore_ament_install'
[0.397s] Level 1:colcon.colcon_core.package_identification:_identify(backup_packages/camera_ws/src/libcamera/src/py/examples) by extensions ['colcon_pkg']
[0.397s] Level 1:colcon.colcon_core.package_identification:_identify(backup_packages/camera_ws/src/libcamera/src/py/examples) by extension 'colcon_pkg'
[0.397s] Level 1:colcon.colcon_core.package_identification:_identify(backup_packages/camera_ws/src/libcamera/src/py/examples) by extensions ['colcon_meta']
[0.397s] Level 1:colcon.colcon_core.package_identification:_identify(backup_packages/camera_ws/src/libcamera/src/py/examples) by extension 'colcon_meta'
[0.397s] Level 1:colcon.colcon_core.package_identification:_identify(backup_packages/camera_ws/src/libcamera/src/py/examples) by extensions ['ros']
[0.397s] Level 1:colcon.colcon_core.package_identification:_identify(backup_packages/camera_ws/src/libcamera/src/py/examples) by extension 'ros'
[0.397s] Level 1:colcon.colcon_core.package_identification:_identify(backup_packages/camera_ws/src/libcamera/src/py/examples) by extensions ['cmake', 'python']
[0.397s] Level 1:colcon.colcon_core.package_identification:_identify(backup_packages/camera_ws/src/libcamera/src/py/examples) by extension 'cmake'
[0.397s] Level 1:colcon.colcon_core.package_identification:_identify(backup_packages/camera_ws/src/libcamera/src/py/examples) by extension 'python'
[0.397s] Level 1:colcon.colcon_core.package_identification:_identify(backup_packages/camera_ws/src/libcamera/src/py/examples) by extensions ['python_setup_py']
[0.397s] Level 1:colcon.colcon_core.package_identification:_identify(backup_packages/camera_ws/src/libcamera/src/py/examples) by extension 'python_setup_py'
[0.397s] Level 1:colcon.colcon_core.package_identification:_identify(backup_packages/camera_ws/src/libcamera/src/py/libcamera) by extensions ['ignore', 'ignore_ament_install']
[0.397s] Level 1:colcon.colcon_core.package_identification:_identify(backup_packages/camera_ws/src/libcamera/src/py/libcamera) by extension 'ignore'
[0.397s] Level 1:colcon.colcon_core.package_identification:_identify(backup_packages/camera_ws/src/libcamera/src/py/libcamera) by extension 'ignore_ament_install'
[0.397s] Level 1:colcon.colcon_core.package_identification:_identify(backup_packages/camera_ws/src/libcamera/src/py/libcamera) by extensions ['colcon_pkg']
[0.398s] Level 1:colcon.colcon_core.package_identification:_identify(backup_packages/camera_ws/src/libcamera/src/py/libcamera) by extension 'colcon_pkg'
[0.398s] Level 1:colcon.colcon_core.package_identification:_identify(backup_packages/camera_ws/src/libcamera/src/py/libcamera) by extensions ['colcon_meta']
[0.398s] Level 1:colcon.colcon_core.package_identification:_identify(backup_packages/camera_ws/src/libcamera/src/py/libcamera) by extension 'colcon_meta'
[0.398s] Level 1:colcon.colcon_core.package_identification:_identify(backup_packages/camera_ws/src/libcamera/src/py/libcamera) by extensions ['ros']
[0.398s] Level 1:colcon.colcon_core.package_identification:_identify(backup_packages/camera_ws/src/libcamera/src/py/libcamera) by extension 'ros'
[0.398s] Level 1:colcon.colcon_core.package_identification:_identify(backup_packages/camera_ws/src/libcamera/src/py/libcamera) by extensions ['cmake', 'python']
[0.398s] Level 1:colcon.colcon_core.package_identification:_identify(backup_packages/camera_ws/src/libcamera/src/py/libcamera) by extension 'cmake'
[0.398s] Level 1:colcon.colcon_core.package_identification:_identify(backup_packages/camera_ws/src/libcamera/src/py/libcamera) by extension 'python'
[0.398s] Level 1:colcon.colcon_core.package_identification:_identify(backup_packages/camera_ws/src/libcamera/src/py/libcamera) by extensions ['python_setup_py']
[0.398s] Level 1:colcon.colcon_core.package_identification:_identify(backup_packages/camera_ws/src/libcamera/src/py/libcamera) by extension 'python_setup_py'
[0.398s] Level 1:colcon.colcon_core.package_identification:_identify(backup_packages/camera_ws/src/libcamera/src/py/libcamera/utils) by extensions ['ignore', 'ignore_ament_install']
[0.398s] Level 1:colcon.colcon_core.package_identification:_identify(backup_packages/camera_ws/src/libcamera/src/py/libcamera/utils) by extension 'ignore'
[0.398s] Level 1:colcon.colcon_core.package_identification:_identify(backup_packages/camera_ws/src/libcamera/src/py/libcamera/utils) by extension 'ignore_ament_install'
[0.398s] Level 1:colcon.colcon_core.package_identification:_identify(backup_packages/camera_ws/src/libcamera/src/py/libcamera/utils) by extensions ['colcon_pkg']
[0.398s] Level 1:colcon.colcon_core.package_identification:_identify(backup_packages/camera_ws/src/libcamera/src/py/libcamera/utils) by extension 'colcon_pkg'
[0.398s] Level 1:colcon.colcon_core.package_identification:_identify(backup_packages/camera_ws/src/libcamera/src/py/libcamera/utils) by extensions ['colcon_meta']
[0.398s] Level 1:colcon.colcon_core.package_identification:_identify(backup_packages/camera_ws/src/libcamera/src/py/libcamera/utils) by extension 'colcon_meta'
[0.398s] Level 1:colcon.colcon_core.package_identification:_identify(backup_packages/camera_ws/src/libcamera/src/py/libcamera/utils) by extensions ['ros']
[0.398s] Level 1:colcon.colcon_core.package_identification:_identify(backup_packages/camera_ws/src/libcamera/src/py/libcamera/utils) by extension 'ros'
[0.398s] Level 1:colcon.colcon_core.package_identification:_identify(backup_packages/camera_ws/src/libcamera/src/py/libcamera/utils) by extensions ['cmake', 'python']
[0.398s] Level 1:colcon.colcon_core.package_identification:_identify(backup_packages/camera_ws/src/libcamera/src/py/libcamera/utils) by extension 'cmake'
[0.398s] Level 1:colcon.colcon_core.package_identification:_identify(backup_packages/camera_ws/src/libcamera/src/py/libcamera/utils) by extension 'python'
[0.398s] Level 1:colcon.colcon_core.package_identification:_identify(backup_packages/camera_ws/src/libcamera/src/py/libcamera/utils) by extensions ['python_setup_py']
[0.398s] Level 1:colcon.colcon_core.package_identification:_identify(backup_packages/camera_ws/src/libcamera/src/py/libcamera/utils) by extension 'python_setup_py'
[0.398s] Level 1:colcon.colcon_core.package_identification:_identify(backup_packages/camera_ws/src/libcamera/src/v4l2) by extensions ['ignore', 'ignore_ament_install']
[0.398s] Level 1:colcon.colcon_core.package_identification:_identify(backup_packages/camera_ws/src/libcamera/src/v4l2) by extension 'ignore'
[0.399s] Level 1:colcon.colcon_core.package_identification:_identify(backup_packages/camera_ws/src/libcamera/src/v4l2) by extension 'ignore_ament_install'
[0.399s] Level 1:colcon.colcon_core.package_identification:_identify(backup_packages/camera_ws/src/libcamera/src/v4l2) by extensions ['colcon_pkg']
[0.399s] Level 1:colcon.colcon_core.package_identification:_identify(backup_packages/camera_ws/src/libcamera/src/v4l2) by extension 'colcon_pkg'
[0.399s] Level 1:colcon.colcon_core.package_identification:_identify(backup_packages/camera_ws/src/libcamera/src/v4l2) by extensions ['colcon_meta']
[0.399s] Level 1:colcon.colcon_core.package_identification:_identify(backup_packages/camera_ws/src/libcamera/src/v4l2) by extension 'colcon_meta'
[0.399s] Level 1:colcon.colcon_core.package_identification:_identify(backup_packages/camera_ws/src/libcamera/src/v4l2) by extensions ['ros']
[0.399s] Level 1:colcon.colcon_core.package_identification:_identify(backup_packages/camera_ws/src/libcamera/src/v4l2) by extension 'ros'
[0.399s] Level 1:colcon.colcon_core.package_identification:_identify(backup_packages/camera_ws/src/libcamera/src/v4l2) by extensions ['cmake', 'python']
[0.399s] Level 1:colcon.colcon_core.package_identification:_identify(backup_packages/camera_ws/src/libcamera/src/v4l2) by extension 'cmake'
[0.399s] Level 1:colcon.colcon_core.package_identification:_identify(backup_packages/camera_ws/src/libcamera/src/v4l2) by extension 'python'
[0.399s] Level 1:colcon.colcon_core.package_identification:_identify(backup_packages/camera_ws/src/libcamera/src/v4l2) by extensions ['python_setup_py']
[0.399s] Level 1:colcon.colcon_core.package_identification:_identify(backup_packages/camera_ws/src/libcamera/src/v4l2) by extension 'python_setup_py'
[0.399s] Level 1:colcon.colcon_core.package_identification:_identify(backup_packages/camera_ws/src/libcamera/subprojects) by extensions ['ignore', 'ignore_ament_install']
[0.399s] Level 1:colcon.colcon_core.package_identification:_identify(backup_packages/camera_ws/src/libcamera/subprojects) by extension 'ignore'
[0.399s] Level 1:colcon.colcon_core.package_identification:_identify(backup_packages/camera_ws/src/libcamera/subprojects) by extension 'ignore_ament_install'
[0.399s] Level 1:colcon.colcon_core.package_identification:_identify(backup_packages/camera_ws/src/libcamera/subprojects) by extensions ['colcon_pkg']
[0.399s] Level 1:colcon.colcon_core.package_identification:_identify(backup_packages/camera_ws/src/libcamera/subprojects) by extension 'colcon_pkg'
[0.399s] Level 1:colcon.colcon_core.package_identification:_identify(backup_packages/camera_ws/src/libcamera/subprojects) by extensions ['colcon_meta']
[0.399s] Level 1:colcon.colcon_core.package_identification:_identify(backup_packages/camera_ws/src/libcamera/subprojects) by extension 'colcon_meta'
[0.399s] Level 1:colcon.colcon_core.package_identification:_identify(backup_packages/camera_ws/src/libcamera/subprojects) by extensions ['ros']
[0.399s] Level 1:colcon.colcon_core.package_identification:_identify(backup_packages/camera_ws/src/libcamera/subprojects) by extension 'ros'
[0.399s] Level 1:colcon.colcon_core.package_identification:_identify(backup_packages/camera_ws/src/libcamera/subprojects) by extensions ['cmake', 'python']
[0.399s] Level 1:colcon.colcon_core.package_identification:_identify(backup_packages/camera_ws/src/libcamera/subprojects) by extension 'cmake'
[0.399s] Level 1:colcon.colcon_core.package_identification:_identify(backup_packages/camera_ws/src/libcamera/subprojects) by extension 'python'
[0.399s] Level 1:colcon.colcon_core.package_identification:_identify(backup_packages/camera_ws/src/libcamera/subprojects) by extensions ['python_setup_py']
[0.399s] Level 1:colcon.colcon_core.package_identification:_identify(backup_packages/camera_ws/src/libcamera/subprojects) by extension 'python_setup_py'
[0.400s] Level 1:colcon.colcon_core.package_identification:_identify(backup_packages/camera_ws/src/libcamera/test) by extensions ['ignore', 'ignore_ament_install']
[0.400s] Level 1:colcon.colcon_core.package_identification:_identify(backup_packages/camera_ws/src/libcamera/test) by extension 'ignore'
[0.400s] Level 1:colcon.colcon_core.package_identification:_identify(backup_packages/camera_ws/src/libcamera/test) by extension 'ignore_ament_install'
[0.400s] Level 1:colcon.colcon_core.package_identification:_identify(backup_packages/camera_ws/src/libcamera/test) by extensions ['colcon_pkg']
[0.400s] Level 1:colcon.colcon_core.package_identification:_identify(backup_packages/camera_ws/src/libcamera/test) by extension 'colcon_pkg'
[0.400s] Level 1:colcon.colcon_core.package_identification:_identify(backup_packages/camera_ws/src/libcamera/test) by extensions ['colcon_meta']
[0.400s] Level 1:colcon.colcon_core.package_identification:_identify(backup_packages/camera_ws/src/libcamera/test) by extension 'colcon_meta'
[0.400s] Level 1:colcon.colcon_core.package_identification:_identify(backup_packages/camera_ws/src/libcamera/test) by extensions ['ros']
[0.400s] Level 1:colcon.colcon_core.package_identification:_identify(backup_packages/camera_ws/src/libcamera/test) by extension 'ros'
[0.400s] Level 1:colcon.colcon_core.package_identification:_identify(backup_packages/camera_ws/src/libcamera/test) by extensions ['cmake', 'python']
[0.400s] Level 1:colcon.colcon_core.package_identification:_identify(backup_packages/camera_ws/src/libcamera/test) by extension 'cmake'
[0.400s] Level 1:colcon.colcon_core.package_identification:_identify(backup_packages/camera_ws/src/libcamera/test) by extension 'python'
[0.400s] Level 1:colcon.colcon_core.package_identification:_identify(backup_packages/camera_ws/src/libcamera/test) by extensions ['python_setup_py']
[0.400s] Level 1:colcon.colcon_core.package_identification:_identify(backup_packages/camera_ws/src/libcamera/test) by extension 'python_setup_py'
[0.400s] Level 1:colcon.colcon_core.package_identification:_identify(backup_packages/camera_ws/src/libcamera/test/camera) by extensions ['ignore', 'ignore_ament_install']
[0.400s] Level 1:colcon.colcon_core.package_identification:_identify(backup_packages/camera_ws/src/libcamera/test/camera) by extension 'ignore'
[0.400s] Level 1:colcon.colcon_core.package_identification:_identify(backup_packages/camera_ws/src/libcamera/test/camera) by extension 'ignore_ament_install'
[0.400s] Level 1:colcon.colcon_core.package_identification:_identify(backup_packages/camera_ws/src/libcamera/test/camera) by extensions ['colcon_pkg']
[0.400s] Level 1:colcon.colcon_core.package_identification:_identify(backup_packages/camera_ws/src/libcamera/test/camera) by extension 'colcon_pkg'
[0.400s] Level 1:colcon.colcon_core.package_identification:_identify(backup_packages/camera_ws/src/libcamera/test/camera) by extensions ['colcon_meta']
[0.400s] Level 1:colcon.colcon_core.package_identification:_identify(backup_packages/camera_ws/src/libcamera/test/camera) by extension 'colcon_meta'
[0.400s] Level 1:colcon.colcon_core.package_identification:_identify(backup_packages/camera_ws/src/libcamera/test/camera) by extensions ['ros']
[0.400s] Level 1:colcon.colcon_core.package_identification:_identify(backup_packages/camera_ws/src/libcamera/test/camera) by extension 'ros'
[0.400s] Level 1:colcon.colcon_core.package_identification:_identify(backup_packages/camera_ws/src/libcamera/test/camera) by extensions ['cmake', 'python']
[0.400s] Level 1:colcon.colcon_core.package_identification:_identify(backup_packages/camera_ws/src/libcamera/test/camera) by extension 'cmake'
[0.400s] Level 1:colcon.colcon_core.package_identification:_identify(backup_packages/camera_ws/src/libcamera/test/camera) by extension 'python'
[0.400s] Level 1:colcon.colcon_core.package_identification:_identify(backup_packages/camera_ws/src/libcamera/test/camera) by extensions ['python_setup_py']
[0.400s] Level 1:colcon.colcon_core.package_identification:_identify(backup_packages/camera_ws/src/libcamera/test/camera) by extension 'python_setup_py'
[0.401s] Level 1:colcon.colcon_core.package_identification:_identify(backup_packages/camera_ws/src/libcamera/test/controls) by extensions ['ignore', 'ignore_ament_install']
[0.401s] Level 1:colcon.colcon_core.package_identification:_identify(backup_packages/camera_ws/src/libcamera/test/controls) by extension 'ignore'
[0.401s] Level 1:colcon.colcon_core.package_identification:_identify(backup_packages/camera_ws/src/libcamera/test/controls) by extension 'ignore_ament_install'
[0.401s] Level 1:colcon.colcon_core.package_identification:_identify(backup_packages/camera_ws/src/libcamera/test/controls) by extensions ['colcon_pkg']
[0.401s] Level 1:colcon.colcon_core.package_identification:_identify(backup_packages/camera_ws/src/libcamera/test/controls) by extension 'colcon_pkg'
[0.401s] Level 1:colcon.colcon_core.package_identification:_identify(backup_packages/camera_ws/src/libcamera/test/controls) by extensions ['colcon_meta']
[0.401s] Level 1:colcon.colcon_core.package_identification:_identify(backup_packages/camera_ws/src/libcamera/test/controls) by extension 'colcon_meta'
[0.401s] Level 1:colcon.colcon_core.package_identification:_identify(backup_packages/camera_ws/src/libcamera/test/controls) by extensions ['ros']
[0.401s] Level 1:colcon.colcon_core.package_identification:_identify(backup_packages/camera_ws/src/libcamera/test/controls) by extension 'ros'
[0.401s] Level 1:colcon.colcon_core.package_identification:_identify(backup_packages/camera_ws/src/libcamera/test/controls) by extensions ['cmake', 'python']
[0.401s] Level 1:colcon.colcon_core.package_identification:_identify(backup_packages/camera_ws/src/libcamera/test/controls) by extension 'cmake'
[0.401s] Level 1:colcon.colcon_core.package_identification:_identify(backup_packages/camera_ws/src/libcamera/test/controls) by extension 'python'
[0.401s] Level 1:colcon.colcon_core.package_identification:_identify(backup_packages/camera_ws/src/libcamera/test/controls) by extensions ['python_setup_py']
[0.401s] Level 1:colcon.colcon_core.package_identification:_identify(backup_packages/camera_ws/src/libcamera/test/controls) by extension 'python_setup_py'
[0.401s] Level 1:colcon.colcon_core.package_identification:_identify(backup_packages/camera_ws/src/libcamera/test/gstreamer) by extensions ['ignore', 'ignore_ament_install']
[0.401s] Level 1:colcon.colcon_core.package_identification:_identify(backup_packages/camera_ws/src/libcamera/test/gstreamer) by extension 'ignore'
[0.401s] Level 1:colcon.colcon_core.package_identification:_identify(backup_packages/camera_ws/src/libcamera/test/gstreamer) by extension 'ignore_ament_install'
[0.401s] Level 1:colcon.colcon_core.package_identification:_identify(backup_packages/camera_ws/src/libcamera/test/gstreamer) by extensions ['colcon_pkg']
[0.401s] Level 1:colcon.colcon_core.package_identification:_identify(backup_packages/camera_ws/src/libcamera/test/gstreamer) by extension 'colcon_pkg'
[0.401s] Level 1:colcon.colcon_core.package_identification:_identify(backup_packages/camera_ws/src/libcamera/test/gstreamer) by extensions ['colcon_meta']
[0.401s] Level 1:colcon.colcon_core.package_identification:_identify(backup_packages/camera_ws/src/libcamera/test/gstreamer) by extension 'colcon_meta'
[0.401s] Level 1:colcon.colcon_core.package_identification:_identify(backup_packages/camera_ws/src/libcamera/test/gstreamer) by extensions ['ros']
[0.401s] Level 1:colcon.colcon_core.package_identification:_identify(backup_packages/camera_ws/src/libcamera/test/gstreamer) by extension 'ros'
[0.401s] Level 1:colcon.colcon_core.package_identification:_identify(backup_packages/camera_ws/src/libcamera/test/gstreamer) by extensions ['cmake', 'python']
[0.401s] Level 1:colcon.colcon_core.package_identification:_identify(backup_packages/camera_ws/src/libcamera/test/gstreamer) by extension 'cmake'
[0.401s] Level 1:colcon.colcon_core.package_identification:_identify(backup_packages/camera_ws/src/libcamera/test/gstreamer) by extension 'python'
[0.402s] Level 1:colcon.colcon_core.package_identification:_identify(backup_packages/camera_ws/src/libcamera/test/gstreamer) by extensions ['python_setup_py']
[0.402s] Level 1:colcon.colcon_core.package_identification:_identify(backup_packages/camera_ws/src/libcamera/test/gstreamer) by extension 'python_setup_py'
[0.402s] Level 1:colcon.colcon_core.package_identification:_identify(backup_packages/camera_ws/src/libcamera/test/ipa) by extensions ['ignore', 'ignore_ament_install']
[0.402s] Level 1:colcon.colcon_core.package_identification:_identify(backup_packages/camera_ws/src/libcamera/test/ipa) by extension 'ignore'
[0.402s] Level 1:colcon.colcon_core.package_identification:_identify(backup_packages/camera_ws/src/libcamera/test/ipa) by extension 'ignore_ament_install'
[0.402s] Level 1:colcon.colcon_core.package_identification:_identify(backup_packages/camera_ws/src/libcamera/test/ipa) by extensions ['colcon_pkg']
[0.402s] Level 1:colcon.colcon_core.package_identification:_identify(backup_packages/camera_ws/src/libcamera/test/ipa) by extension 'colcon_pkg'
[0.402s] Level 1:colcon.colcon_core.package_identification:_identify(backup_packages/camera_ws/src/libcamera/test/ipa) by extensions ['colcon_meta']
[0.402s] Level 1:colcon.colcon_core.package_identification:_identify(backup_packages/camera_ws/src/libcamera/test/ipa) by extension 'colcon_meta'
[0.402s] Level 1:colcon.colcon_core.package_identification:_identify(backup_packages/camera_ws/src/libcamera/test/ipa) by extensions ['ros']
[0.402s] Level 1:colcon.colcon_core.package_identification:_identify(backup_packages/camera_ws/src/libcamera/test/ipa) by extension 'ros'
[0.402s] Level 1:colcon.colcon_core.package_identification:_identify(backup_packages/camera_ws/src/libcamera/test/ipa) by extensions ['cmake', 'python']
[0.402s] Level 1:colcon.colcon_core.package_identification:_identify(backup_packages/camera_ws/src/libcamera/test/ipa) by extension 'cmake'
[0.402s] Level 1:colcon.colcon_core.package_identification:_identify(backup_packages/camera_ws/src/libcamera/test/ipa) by extension 'python'
[0.402s] Level 1:colcon.colcon_core.package_identification:_identify(backup_packages/camera_ws/src/libcamera/test/ipa) by extensions ['python_setup_py']
[0.402s] Level 1:colcon.colcon_core.package_identification:_identify(backup_packages/camera_ws/src/libcamera/test/ipa) by extension 'python_setup_py'
[0.402s] Level 1:colcon.colcon_core.package_identification:_identify(backup_packages/camera_ws/src/libcamera/test/ipa/libipa) by extensions ['ignore', 'ignore_ament_install']
[0.402s] Level 1:colcon.colcon_core.package_identification:_identify(backup_packages/camera_ws/src/libcamera/test/ipa/libipa) by extension 'ignore'
[0.402s] Level 1:colcon.colcon_core.package_identification:_identify(backup_packages/camera_ws/src/libcamera/test/ipa/libipa) by extension 'ignore_ament_install'
[0.402s] Level 1:colcon.colcon_core.package_identification:_identify(backup_packages/camera_ws/src/libcamera/test/ipa/libipa) by extensions ['colcon_pkg']
[0.402s] Level 1:colcon.colcon_core.package_identification:_identify(backup_packages/camera_ws/src/libcamera/test/ipa/libipa) by extension 'colcon_pkg'
[0.402s] Level 1:colcon.colcon_core.package_identification:_identify(backup_packages/camera_ws/src/libcamera/test/ipa/libipa) by extensions ['colcon_meta']
[0.402s] Level 1:colcon.colcon_core.package_identification:_identify(backup_packages/camera_ws/src/libcamera/test/ipa/libipa) by extension 'colcon_meta'
[0.402s] Level 1:colcon.colcon_core.package_identification:_identify(backup_packages/camera_ws/src/libcamera/test/ipa/libipa) by extensions ['ros']
[0.402s] Level 1:colcon.colcon_core.package_identification:_identify(backup_packages/camera_ws/src/libcamera/test/ipa/libipa) by extension 'ros'
[0.402s] Level 1:colcon.colcon_core.package_identification:_identify(backup_packages/camera_ws/src/libcamera/test/ipa/libipa) by extensions ['cmake', 'python']
[0.403s] Level 1:colcon.colcon_core.package_identification:_identify(backup_packages/camera_ws/src/libcamera/test/ipa/libipa) by extension 'cmake'
[0.403s] Level 1:colcon.colcon_core.package_identification:_identify(backup_packages/camera_ws/src/libcamera/test/ipa/libipa) by extension 'python'
[0.403s] Level 1:colcon.colcon_core.package_identification:_identify(backup_packages/camera_ws/src/libcamera/test/ipa/libipa) by extensions ['python_setup_py']
[0.403s] Level 1:colcon.colcon_core.package_identification:_identify(backup_packages/camera_ws/src/libcamera/test/ipa/libipa) by extension 'python_setup_py'
[0.403s] Level 1:colcon.colcon_core.package_identification:_identify(backup_packages/camera_ws/src/libcamera/test/ipc) by extensions ['ignore', 'ignore_ament_install']
[0.403s] Level 1:colcon.colcon_core.package_identification:_identify(backup_packages/camera_ws/src/libcamera/test/ipc) by extension 'ignore'
[0.403s] Level 1:colcon.colcon_core.package_identification:_identify(backup_packages/camera_ws/src/libcamera/test/ipc) by extension 'ignore_ament_install'
[0.403s] Level 1:colcon.colcon_core.package_identification:_identify(backup_packages/camera_ws/src/libcamera/test/ipc) by extensions ['colcon_pkg']
[0.403s] Level 1:colcon.colcon_core.package_identification:_identify(backup_packages/camera_ws/src/libcamera/test/ipc) by extension 'colcon_pkg'
[0.403s] Level 1:colcon.colcon_core.package_identification:_identify(backup_packages/camera_ws/src/libcamera/test/ipc) by extensions ['colcon_meta']
[0.403s] Level 1:colcon.colcon_core.package_identification:_identify(backup_packages/camera_ws/src/libcamera/test/ipc) by extension 'colcon_meta'
[0.403s] Level 1:colcon.colcon_core.package_identification:_identify(backup_packages/camera_ws/src/libcamera/test/ipc) by extensions ['ros']
[0.403s] Level 1:colcon.colcon_core.package_identification:_identify(backup_packages/camera_ws/src/libcamera/test/ipc) by extension 'ros'
[0.403s] Level 1:colcon.colcon_core.package_identification:_identify(backup_packages/camera_ws/src/libcamera/test/ipc) by extensions ['cmake', 'python']
[0.403s] Level 1:colcon.colcon_core.package_identification:_identify(backup_packages/camera_ws/src/libcamera/test/ipc) by extension 'cmake'
[0.403s] Level 1:colcon.colcon_core.package_identification:_identify(backup_packages/camera_ws/src/libcamera/test/ipc) by extension 'python'
[0.403s] Level 1:colcon.colcon_core.package_identification:_identify(backup_packages/camera_ws/src/libcamera/test/ipc) by extensions ['python_setup_py']
[0.403s] Level 1:colcon.colcon_core.package_identification:_identify(backup_packages/camera_ws/src/libcamera/test/ipc) by extension 'python_setup_py'
[0.403s] Level 1:colcon.colcon_core.package_identification:_identify(backup_packages/camera_ws/src/libcamera/test/libtest) by extensions ['ignore', 'ignore_ament_install']
[0.403s] Level 1:colcon.colcon_core.package_identification:_identify(backup_packages/camera_ws/src/libcamera/test/libtest) by extension 'ignore'
[0.403s] Level 1:colcon.colcon_core.package_identification:_identify(backup_packages/camera_ws/src/libcamera/test/libtest) by extension 'ignore_ament_install'
[0.403s] Level 1:colcon.colcon_core.package_identification:_identify(backup_packages/camera_ws/src/libcamera/test/libtest) by extensions ['colcon_pkg']
[0.403s] Level 1:colcon.colcon_core.package_identification:_identify(backup_packages/camera_ws/src/libcamera/test/libtest) by extension 'colcon_pkg'
[0.403s] Level 1:colcon.colcon_core.package_identification:_identify(backup_packages/camera_ws/src/libcamera/test/libtest) by extensions ['colcon_meta']
[0.403s] Level 1:colcon.colcon_core.package_identification:_identify(backup_packages/camera_ws/src/libcamera/test/libtest) by extension 'colcon_meta'
[0.403s] Level 1:colcon.colcon_core.package_identification:_identify(backup_packages/camera_ws/src/libcamera/test/libtest) by extensions ['ros']
[0.403s] Level 1:colcon.colcon_core.package_identification:_identify(backup_packages/camera_ws/src/libcamera/test/libtest) by extension 'ros'
[0.404s] Level 1:colcon.colcon_core.package_identification:_identify(backup_packages/camera_ws/src/libcamera/test/libtest) by extensions ['cmake', 'python']
[0.404s] Level 1:colcon.colcon_core.package_identification:_identify(backup_packages/camera_ws/src/libcamera/test/libtest) by extension 'cmake'
[0.404s] Level 1:colcon.colcon_core.package_identification:_identify(backup_packages/camera_ws/src/libcamera/test/libtest) by extension 'python'
[0.404s] Level 1:colcon.colcon_core.package_identification:_identify(backup_packages/camera_ws/src/libcamera/test/libtest) by extensions ['python_setup_py']
[0.404s] Level 1:colcon.colcon_core.package_identification:_identify(backup_packages/camera_ws/src/libcamera/test/libtest) by extension 'python_setup_py'
[0.404s] Level 1:colcon.colcon_core.package_identification:_identify(backup_packages/camera_ws/src/libcamera/test/log) by extensions ['ignore', 'ignore_ament_install']
[0.404s] Level 1:colcon.colcon_core.package_identification:_identify(backup_packages/camera_ws/src/libcamera/test/log) by extension 'ignore'
[0.404s] Level 1:colcon.colcon_core.package_identification:_identify(backup_packages/camera_ws/src/libcamera/test/log) by extension 'ignore_ament_install'
[0.404s] Level 1:colcon.colcon_core.package_identification:_identify(backup_packages/camera_ws/src/libcamera/test/log) by extensions ['colcon_pkg']
[0.404s] Level 1:colcon.colcon_core.package_identification:_identify(backup_packages/camera_ws/src/libcamera/test/log) by extension 'colcon_pkg'
[0.404s] Level 1:colcon.colcon_core.package_identification:_identify(backup_packages/camera_ws/src/libcamera/test/log) by extensions ['colcon_meta']
[0.404s] Level 1:colcon.colcon_core.package_identification:_identify(backup_packages/camera_ws/src/libcamera/test/log) by extension 'colcon_meta'
[0.404s] Level 1:colcon.colcon_core.package_identification:_identify(backup_packages/camera_ws/src/libcamera/test/log) by extensions ['ros']
[0.404s] Level 1:colcon.colcon_core.package_identification:_identify(backup_packages/camera_ws/src/libcamera/test/log) by extension 'ros'
[0.404s] Level 1:colcon.colcon_core.package_identification:_identify(backup_packages/camera_ws/src/libcamera/test/log) by extensions ['cmake', 'python']
[0.404s] Level 1:colcon.colcon_core.package_identification:_identify(backup_packages/camera_ws/src/libcamera/test/log) by extension 'cmake'
[0.404s] Level 1:colcon.colcon_core.package_identification:_identify(backup_packages/camera_ws/src/libcamera/test/log) by extension 'python'
[0.404s] Level 1:colcon.colcon_core.package_identification:_identify(backup_packages/camera_ws/src/libcamera/test/log) by extensions ['python_setup_py']
[0.404s] Level 1:colcon.colcon_core.package_identification:_identify(backup_packages/camera_ws/src/libcamera/test/log) by extension 'python_setup_py'
[0.404s] Level 1:colcon.colcon_core.package_identification:_identify(backup_packages/camera_ws/src/libcamera/test/media_device) by extensions ['ignore', 'ignore_ament_install']
[0.404s] Level 1:colcon.colcon_core.package_identification:_identify(backup_packages/camera_ws/src/libcamera/test/media_device) by extension 'ignore'
[0.404s] Level 1:colcon.colcon_core.package_identification:_identify(backup_packages/camera_ws/src/libcamera/test/media_device) by extension 'ignore_ament_install'
[0.404s] Level 1:colcon.colcon_core.package_identification:_identify(backup_packages/camera_ws/src/libcamera/test/media_device) by extensions ['colcon_pkg']
[0.404s] Level 1:colcon.colcon_core.package_identification:_identify(backup_packages/camera_ws/src/libcamera/test/media_device) by extension 'colcon_pkg'
[0.404s] Level 1:colcon.colcon_core.package_identification:_identify(backup_packages/camera_ws/src/libcamera/test/media_device) by extensions ['colcon_meta']
[0.404s] Level 1:colcon.colcon_core.package_identification:_identify(backup_packages/camera_ws/src/libcamera/test/media_device) by extension 'colcon_meta'
[0.404s] Level 1:colcon.colcon_core.package_identification:_identify(backup_packages/camera_ws/src/libcamera/test/media_device) by extensions ['ros']
[0.405s] Level 1:colcon.colcon_core.package_identification:_identify(backup_packages/camera_ws/src/libcamera/test/media_device) by extension 'ros'
[0.405s] Level 1:colcon.colcon_core.package_identification:_identify(backup_packages/camera_ws/src/libcamera/test/media_device) by extensions ['cmake', 'python']
[0.405s] Level 1:colcon.colcon_core.package_identification:_identify(backup_packages/camera_ws/src/libcamera/test/media_device) by extension 'cmake'
[0.405s] Level 1:colcon.colcon_core.package_identification:_identify(backup_packages/camera_ws/src/libcamera/test/media_device) by extension 'python'
[0.405s] Level 1:colcon.colcon_core.package_identification:_identify(backup_packages/camera_ws/src/libcamera/test/media_device) by extensions ['python_setup_py']
[0.405s] Level 1:colcon.colcon_core.package_identification:_identify(backup_packages/camera_ws/src/libcamera/test/media_device) by extension 'python_setup_py'
[0.405s] Level 1:colcon.colcon_core.package_identification:_identify(backup_packages/camera_ws/src/libcamera/test/process) by extensions ['ignore', 'ignore_ament_install']
[0.405s] Level 1:colcon.colcon_core.package_identification:_identify(backup_packages/camera_ws/src/libcamera/test/process) by extension 'ignore'
[0.405s] Level 1:colcon.colcon_core.package_identification:_identify(backup_packages/camera_ws/src/libcamera/test/process) by extension 'ignore_ament_install'
[0.405s] Level 1:colcon.colcon_core.package_identification:_identify(backup_packages/camera_ws/src/libcamera/test/process) by extensions ['colcon_pkg']
[0.405s] Level 1:colcon.colcon_core.package_identification:_identify(backup_packages/camera_ws/src/libcamera/test/process) by extension 'colcon_pkg'
[0.405s] Level 1:colcon.colcon_core.package_identification:_identify(backup_packages/camera_ws/src/libcamera/test/process) by extensions ['colcon_meta']
[0.405s] Level 1:colcon.colcon_core.package_identification:_identify(backup_packages/camera_ws/src/libcamera/test/process) by extension 'colcon_meta'
[0.405s] Level 1:colcon.colcon_core.package_identification:_identify(backup_packages/camera_ws/src/libcamera/test/process) by extensions ['ros']
[0.405s] Level 1:colcon.colcon_core.package_identification:_identify(backup_packages/camera_ws/src/libcamera/test/process) by extension 'ros'
[0.405s] Level 1:colcon.colcon_core.package_identification:_identify(backup_packages/camera_ws/src/libcamera/test/process) by extensions ['cmake', 'python']
[0.405s] Level 1:colcon.colcon_core.package_identification:_identify(backup_packages/camera_ws/src/libcamera/test/process) by extension 'cmake'
[0.405s] Level 1:colcon.colcon_core.package_identification:_identify(backup_packages/camera_ws/src/libcamera/test/process) by extension 'python'
[0.405s] Level 1:colcon.colcon_core.package_identification:_identify(backup_packages/camera_ws/src/libcamera/test/process) by extensions ['python_setup_py']
[0.405s] Level 1:colcon.colcon_core.package_identification:_identify(backup_packages/camera_ws/src/libcamera/test/process) by extension 'python_setup_py'
[0.405s] Level 1:colcon.colcon_core.package_identification:_identify(backup_packages/camera_ws/src/libcamera/test/py) by extensions ['ignore', 'ignore_ament_install']
[0.405s] Level 1:colcon.colcon_core.package_identification:_identify(backup_packages/camera_ws/src/libcamera/test/py) by extension 'ignore'
[0.405s] Level 1:colcon.colcon_core.package_identification:_identify(backup_packages/camera_ws/src/libcamera/test/py) by extension 'ignore_ament_install'
[0.405s] Level 1:colcon.colcon_core.package_identification:_identify(backup_packages/camera_ws/src/libcamera/test/py) by extensions ['colcon_pkg']
[0.405s] Level 1:colcon.colcon_core.package_identification:_identify(backup_packages/camera_ws/src/libcamera/test/py) by extension 'colcon_pkg'
[0.405s] Level 1:colcon.colcon_core.package_identification:_identify(backup_packages/camera_ws/src/libcamera/test/py) by extensions ['colcon_meta']
[0.405s] Level 1:colcon.colcon_core.package_identification:_identify(backup_packages/camera_ws/src/libcamera/test/py) by extension 'colcon_meta'
[0.406s] Level 1:colcon.colcon_core.package_identification:_identify(backup_packages/camera_ws/src/libcamera/test/py) by extensions ['ros']
[0.406s] Level 1:colcon.colcon_core.package_identification:_identify(backup_packages/camera_ws/src/libcamera/test/py) by extension 'ros'
[0.406s] Level 1:colcon.colcon_core.package_identification:_identify(backup_packages/camera_ws/src/libcamera/test/py) by extensions ['cmake', 'python']
[0.406s] Level 1:colcon.colcon_core.package_identification:_identify(backup_packages/camera_ws/src/libcamera/test/py) by extension 'cmake'
[0.406s] Level 1:colcon.colcon_core.package_identification:_identify(backup_packages/camera_ws/src/libcamera/test/py) by extension 'python'
[0.406s] Level 1:colcon.colcon_core.package_identification:_identify(backup_packages/camera_ws/src/libcamera/test/py) by extensions ['python_setup_py']
[0.406s] Level 1:colcon.colcon_core.package_identification:_identify(backup_packages/camera_ws/src/libcamera/test/py) by extension 'python_setup_py'
[0.406s] Level 1:colcon.colcon_core.package_identification:_identify(backup_packages/camera_ws/src/libcamera/test/serialization) by extensions ['ignore', 'ignore_ament_install']
[0.406s] Level 1:colcon.colcon_core.package_identification:_identify(backup_packages/camera_ws/src/libcamera/test/serialization) by extension 'ignore'
[0.406s] Level 1:colcon.colcon_core.package_identification:_identify(backup_packages/camera_ws/src/libcamera/test/serialization) by extension 'ignore_ament_install'
[0.406s] Level 1:colcon.colcon_core.package_identification:_identify(backup_packages/camera_ws/src/libcamera/test/serialization) by extensions ['colcon_pkg']
[0.406s] Level 1:colcon.colcon_core.package_identification:_identify(backup_packages/camera_ws/src/libcamera/test/serialization) by extension 'colcon_pkg'
[0.406s] Level 1:colcon.colcon_core.package_identification:_identify(backup_packages/camera_ws/src/libcamera/test/serialization) by extensions ['colcon_meta']
[0.406s] Level 1:colcon.colcon_core.package_identification:_identify(backup_packages/camera_ws/src/libcamera/test/serialization) by extension 'colcon_meta'
[0.406s] Level 1:colcon.colcon_core.package_identification:_identify(backup_packages/camera_ws/src/libcamera/test/serialization) by extensions ['ros']
[0.406s] Level 1:colcon.colcon_core.package_identification:_identify(backup_packages/camera_ws/src/libcamera/test/serialization) by extension 'ros'
[0.406s] Level 1:colcon.colcon_core.package_identification:_identify(backup_packages/camera_ws/src/libcamera/test/serialization) by extensions ['cmake', 'python']
[0.406s] Level 1:colcon.colcon_core.package_identification:_identify(backup_packages/camera_ws/src/libcamera/test/serialization) by extension 'cmake'
[0.406s] Level 1:colcon.colcon_core.package_identification:_identify(backup_packages/camera_ws/src/libcamera/test/serialization) by extension 'python'
[0.406s] Level 1:colcon.colcon_core.package_identification:_identify(backup_packages/camera_ws/src/libcamera/test/serialization) by extensions ['python_setup_py']
[0.406s] Level 1:colcon.colcon_core.package_identification:_identify(backup_packages/camera_ws/src/libcamera/test/serialization) by extension 'python_setup_py'
[0.406s] Level 1:colcon.colcon_core.package_identification:_identify(backup_packages/camera_ws/src/libcamera/test/serialization/generated_serializer) by extensions ['ignore', 'ignore_ament_install']
[0.406s] Level 1:colcon.colcon_core.package_identification:_identify(backup_packages/camera_ws/src/libcamera/test/serialization/generated_serializer) by extension 'ignore'
[0.406s] Level 1:colcon.colcon_core.package_identification:_identify(backup_packages/camera_ws/src/libcamera/test/serialization/generated_serializer) by extension 'ignore_ament_install'
[0.406s] Level 1:colcon.colcon_core.package_identification:_identify(backup_packages/camera_ws/src/libcamera/test/serialization/generated_serializer) by extensions ['colcon_pkg']
[0.406s] Level 1:colcon.colcon_core.package_identification:_identify(backup_packages/camera_ws/src/libcamera/test/serialization/generated_serializer) by extension 'colcon_pkg'
[0.407s] Level 1:colcon.colcon_core.package_identification:_identify(backup_packages/camera_ws/src/libcamera/test/serialization/generated_serializer) by extensions ['colcon_meta']
[0.407s] Level 1:colcon.colcon_core.package_identification:_identify(backup_packages/camera_ws/src/libcamera/test/serialization/generated_serializer) by extension 'colcon_meta'
[0.407s] Level 1:colcon.colcon_core.package_identification:_identify(backup_packages/camera_ws/src/libcamera/test/serialization/generated_serializer) by extensions ['ros']
[0.407s] Level 1:colcon.colcon_core.package_identification:_identify(backup_packages/camera_ws/src/libcamera/test/serialization/generated_serializer) by extension 'ros'
[0.407s] Level 1:colcon.colcon_core.package_identification:_identify(backup_packages/camera_ws/src/libcamera/test/serialization/generated_serializer) by extensions ['cmake', 'python']
[0.407s] Level 1:colcon.colcon_core.package_identification:_identify(backup_packages/camera_ws/src/libcamera/test/serialization/generated_serializer) by extension 'cmake'
[0.407s] Level 1:colcon.colcon_core.package_identification:_identify(backup_packages/camera_ws/src/libcamera/test/serialization/generated_serializer) by extension 'python'
[0.407s] Level 1:colcon.colcon_core.package_identification:_identify(backup_packages/camera_ws/src/libcamera/test/serialization/generated_serializer) by extensions ['python_setup_py']
[0.407s] Level 1:colcon.colcon_core.package_identification:_identify(backup_packages/camera_ws/src/libcamera/test/serialization/generated_serializer) by extension 'python_setup_py'
[0.407s] Level 1:colcon.colcon_core.package_identification:_identify(backup_packages/camera_ws/src/libcamera/test/serialization/generated_serializer/include) by extensions ['ignore', 'ignore_ament_install']
[0.407s] Level 1:colcon.colcon_core.package_identification:_identify(backup_packages/camera_ws/src/libcamera/test/serialization/generated_serializer/include) by extension 'ignore'
[0.407s] Level 1:colcon.colcon_core.package_identification:_identify(backup_packages/camera_ws/src/libcamera/test/serialization/generated_serializer/include) by extension 'ignore_ament_install'
[0.407s] Level 1:colcon.colcon_core.package_identification:_identify(backup_packages/camera_ws/src/libcamera/test/serialization/generated_serializer/include) by extensions ['colcon_pkg']
[0.407s] Level 1:colcon.colcon_core.package_identification:_identify(backup_packages/camera_ws/src/libcamera/test/serialization/generated_serializer/include) by extension 'colcon_pkg'
[0.407s] Level 1:colcon.colcon_core.package_identification:_identify(backup_packages/camera_ws/src/libcamera/test/serialization/generated_serializer/include) by extensions ['colcon_meta']
[0.407s] Level 1:colcon.colcon_core.package_identification:_identify(backup_packages/camera_ws/src/libcamera/test/serialization/generated_serializer/include) by extension 'colcon_meta'
[0.407s] Level 1:colcon.colcon_core.package_identification:_identify(backup_packages/camera_ws/src/libcamera/test/serialization/generated_serializer/include) by extensions ['ros']
[0.407s] Level 1:colcon.colcon_core.package_identification:_identify(backup_packages/camera_ws/src/libcamera/test/serialization/generated_serializer/include) by extension 'ros'
[0.407s] Level 1:colcon.colcon_core.package_identification:_identify(backup_packages/camera_ws/src/libcamera/test/serialization/generated_serializer/include) by extensions ['cmake', 'python']
[0.407s] Level 1:colcon.colcon_core.package_identification:_identify(backup_packages/camera_ws/src/libcamera/test/serialization/generated_serializer/include) by extension 'cmake'
[0.407s] Level 1:colcon.colcon_core.package_identification:_identify(backup_packages/camera_ws/src/libcamera/test/serialization/generated_serializer/include) by extension 'python'
[0.407s] Level 1:colcon.colcon_core.package_identification:_identify(backup_packages/camera_ws/src/libcamera/test/serialization/generated_serializer/include) by extensions ['python_setup_py']
[0.407s] Level 1:colcon.colcon_core.package_identification:_identify(backup_packages/camera_ws/src/libcamera/test/serialization/generated_serializer/include) by extension 'python_setup_py'
[0.407s] Level 1:colcon.colcon_core.package_identification:_identify(backup_packages/camera_ws/src/libcamera/test/serialization/generated_serializer/include/libcamera) by extensions ['ignore', 'ignore_ament_install']
[0.407s] Level 1:colcon.colcon_core.package_identification:_identify(backup_packages/camera_ws/src/libcamera/test/serialization/generated_serializer/include/libcamera) by extension 'ignore'
[0.408s] Level 1:colcon.colcon_core.package_identification:_identify(backup_packages/camera_ws/src/libcamera/test/serialization/generated_serializer/include/libcamera) by extension 'ignore_ament_install'
[0.408s] Level 1:colcon.colcon_core.package_identification:_identify(backup_packages/camera_ws/src/libcamera/test/serialization/generated_serializer/include/libcamera) by extensions ['colcon_pkg']
[0.408s] Level 1:colcon.colcon_core.package_identification:_identify(backup_packages/camera_ws/src/libcamera/test/serialization/generated_serializer/include/libcamera) by extension 'colcon_pkg'
[0.408s] Level 1:colcon.colcon_core.package_identification:_identify(backup_packages/camera_ws/src/libcamera/test/serialization/generated_serializer/include/libcamera) by extensions ['colcon_meta']
[0.408s] Level 1:colcon.colcon_core.package_identification:_identify(backup_packages/camera_ws/src/libcamera/test/serialization/generated_serializer/include/libcamera) by extension 'colcon_meta'
[0.408s] Level 1:colcon.colcon_core.package_identification:_identify(backup_packages/camera_ws/src/libcamera/test/serialization/generated_serializer/include/libcamera) by extensions ['ros']
[0.408s] Level 1:colcon.colcon_core.package_identification:_identify(backup_packages/camera_ws/src/libcamera/test/serialization/generated_serializer/include/libcamera) by extension 'ros'
[0.408s] Level 1:colcon.colcon_core.package_identification:_identify(backup_packages/camera_ws/src/libcamera/test/serialization/generated_serializer/include/libcamera) by extensions ['cmake', 'python']
[0.408s] Level 1:colcon.colcon_core.package_identification:_identify(backup_packages/camera_ws/src/libcamera/test/serialization/generated_serializer/include/libcamera) by extension 'cmake'
[0.408s] Level 1:colcon.colcon_core.package_identification:_identify(backup_packages/camera_ws/src/libcamera/test/serialization/generated_serializer/include/libcamera) by extension 'python'
[0.408s] Level 1:colcon.colcon_core.package_identification:_identify(backup_packages/camera_ws/src/libcamera/test/serialization/generated_serializer/include/libcamera) by extensions ['python_setup_py']
[0.408s] Level 1:colcon.colcon_core.package_identification:_identify(backup_packages/camera_ws/src/libcamera/test/serialization/generated_serializer/include/libcamera) by extension 'python_setup_py'
[0.408s] Level 1:colcon.colcon_core.package_identification:_identify(backup_packages/camera_ws/src/libcamera/test/serialization/generated_serializer/include/libcamera/ipa) by extensions ['ignore', 'ignore_ament_install']
[0.408s] Level 1:colcon.colcon_core.package_identification:_identify(backup_packages/camera_ws/src/libcamera/test/serialization/generated_serializer/include/libcamera/ipa) by extension 'ignore'
[0.408s] Level 1:colcon.colcon_core.package_identification:_identify(backup_packages/camera_ws/src/libcamera/test/serialization/generated_serializer/include/libcamera/ipa) by extension 'ignore_ament_install'
[0.408s] Level 1:colcon.colcon_core.package_identification:_identify(backup_packages/camera_ws/src/libcamera/test/serialization/generated_serializer/include/libcamera/ipa) by extensions ['colcon_pkg']
[0.408s] Level 1:colcon.colcon_core.package_identification:_identify(backup_packages/camera_ws/src/libcamera/test/serialization/generated_serializer/include/libcamera/ipa) by extension 'colcon_pkg'
[0.408s] Level 1:colcon.colcon_core.package_identification:_identify(backup_packages/camera_ws/src/libcamera/test/serialization/generated_serializer/include/libcamera/ipa) by extensions ['colcon_meta']
[0.408s] Level 1:colcon.colcon_core.package_identification:_identify(backup_packages/camera_ws/src/libcamera/test/serialization/generated_serializer/include/libcamera/ipa) by extension 'colcon_meta'
[0.408s] Level 1:colcon.colcon_core.package_identification:_identify(backup_packages/camera_ws/src/libcamera/test/serialization/generated_serializer/include/libcamera/ipa) by extensions ['ros']
[0.408s] Level 1:colcon.colcon_core.package_identification:_identify(backup_packages/camera_ws/src/libcamera/test/serialization/generated_serializer/include/libcamera/ipa) by extension 'ros'
[0.408s] Level 1:colcon.colcon_core.package_identification:_identify(backup_packages/camera_ws/src/libcamera/test/serialization/generated_serializer/include/libcamera/ipa) by extensions ['cmake', 'python']
[0.408s] Level 1:colcon.colcon_core.package_identification:_identify(backup_packages/camera_ws/src/libcamera/test/serialization/generated_serializer/include/libcamera/ipa) by extension 'cmake'
[0.408s] Level 1:colcon.colcon_core.package_identification:_identify(backup_packages/camera_ws/src/libcamera/test/serialization/generated_serializer/include/libcamera/ipa) by extension 'python'
[0.408s] Level 1:colcon.colcon_core.package_identification:_identify(backup_packages/camera_ws/src/libcamera/test/serialization/generated_serializer/include/libcamera/ipa) by extensions ['python_setup_py']
[0.408s] Level 1:colcon.colcon_core.package_identification:_identify(backup_packages/camera_ws/src/libcamera/test/serialization/generated_serializer/include/libcamera/ipa) by extension 'python_setup_py'
[0.409s] Level 1:colcon.colcon_core.package_identification:_identify(backup_packages/camera_ws/src/libcamera/test/stream) by extensions ['ignore', 'ignore_ament_install']
[0.409s] Level 1:colcon.colcon_core.package_identification:_identify(backup_packages/camera_ws/src/libcamera/test/stream) by extension 'ignore'
[0.409s] Level 1:colcon.colcon_core.package_identification:_identify(backup_packages/camera_ws/src/libcamera/test/stream) by extension 'ignore_ament_install'
[0.409s] Level 1:colcon.colcon_core.package_identification:_identify(backup_packages/camera_ws/src/libcamera/test/stream) by extensions ['colcon_pkg']
[0.409s] Level 1:colcon.colcon_core.package_identification:_identify(backup_packages/camera_ws/src/libcamera/test/stream) by extension 'colcon_pkg'
[0.409s] Level 1:colcon.colcon_core.package_identification:_identify(backup_packages/camera_ws/src/libcamera/test/stream) by extensions ['colcon_meta']
[0.409s] Level 1:colcon.colcon_core.package_identification:_identify(backup_packages/camera_ws/src/libcamera/test/stream) by extension 'colcon_meta'
[0.409s] Level 1:colcon.colcon_core.package_identification:_identify(backup_packages/camera_ws/src/libcamera/test/stream) by extensions ['ros']
[0.409s] Level 1:colcon.colcon_core.package_identification:_identify(backup_packages/camera_ws/src/libcamera/test/stream) by extension 'ros'
[0.409s] Level 1:colcon.colcon_core.package_identification:_identify(backup_packages/camera_ws/src/libcamera/test/stream) by extensions ['cmake', 'python']
[0.409s] Level 1:colcon.colcon_core.package_identification:_identify(backup_packages/camera_ws/src/libcamera/test/stream) by extension 'cmake'
[0.409s] Level 1:colcon.colcon_core.package_identification:_identify(backup_packages/camera_ws/src/libcamera/test/stream) by extension 'python'
[0.409s] Level 1:colcon.colcon_core.package_identification:_identify(backup_packages/camera_ws/src/libcamera/test/stream) by extensions ['python_setup_py']
[0.409s] Level 1:colcon.colcon_core.package_identification:_identify(backup_packages/camera_ws/src/libcamera/test/stream) by extension 'python_setup_py'
[0.409s] Level 1:colcon.colcon_core.package_identification:_identify(backup_packages/camera_ws/src/libcamera/test/v4l2_compat) by extensions ['ignore', 'ignore_ament_install']
[0.409s] Level 1:colcon.colcon_core.package_identification:_identify(backup_packages/camera_ws/src/libcamera/test/v4l2_compat) by extension 'ignore'
[0.409s] Level 1:colcon.colcon_core.package_identification:_identify(backup_packages/camera_ws/src/libcamera/test/v4l2_compat) by extension 'ignore_ament_install'
[0.409s] Level 1:colcon.colcon_core.package_identification:_identify(backup_packages/camera_ws/src/libcamera/test/v4l2_compat) by extensions ['colcon_pkg']
[0.409s] Level 1:colcon.colcon_core.package_identification:_identify(backup_packages/camera_ws/src/libcamera/test/v4l2_compat) by extension 'colcon_pkg'
[0.409s] Level 1:colcon.colcon_core.package_identification:_identify(backup_packages/camera_ws/src/libcamera/test/v4l2_compat) by extensions ['colcon_meta']
[0.409s] Level 1:colcon.colcon_core.package_identification:_identify(backup_packages/camera_ws/src/libcamera/test/v4l2_compat) by extension 'colcon_meta'
[0.409s] Level 1:colcon.colcon_core.package_identification:_identify(backup_packages/camera_ws/src/libcamera/test/v4l2_compat) by extensions ['ros']
[0.409s] Level 1:colcon.colcon_core.package_identification:_identify(backup_packages/camera_ws/src/libcamera/test/v4l2_compat) by extension 'ros'
[0.409s] Level 1:colcon.colcon_core.package_identification:_identify(backup_packages/camera_ws/src/libcamera/test/v4l2_compat) by extensions ['cmake', 'python']
[0.409s] Level 1:colcon.colcon_core.package_identification:_identify(backup_packages/camera_ws/src/libcamera/test/v4l2_compat) by extension 'cmake'
[0.409s] Level 1:colcon.colcon_core.package_identification:_identify(backup_packages/camera_ws/src/libcamera/test/v4l2_compat) by extension 'python'
[0.409s] Level 1:colcon.colcon_core.package_identification:_identify(backup_packages/camera_ws/src/libcamera/test/v4l2_compat) by extensions ['python_setup_py']
[0.409s] Level 1:colcon.colcon_core.package_identification:_identify(backup_packages/camera_ws/src/libcamera/test/v4l2_compat) by extension 'python_setup_py'
[0.410s] Level 1:colcon.colcon_core.package_identification:_identify(backup_packages/camera_ws/src/libcamera/test/v4l2_subdevice) by extensions ['ignore', 'ignore_ament_install']
[0.410s] Level 1:colcon.colcon_core.package_identification:_identify(backup_packages/camera_ws/src/libcamera/test/v4l2_subdevice) by extension 'ignore'
[0.410s] Level 1:colcon.colcon_core.package_identification:_identify(backup_packages/camera_ws/src/libcamera/test/v4l2_subdevice) by extension 'ignore_ament_install'
[0.410s] Level 1:colcon.colcon_core.package_identification:_identify(backup_packages/camera_ws/src/libcamera/test/v4l2_subdevice) by extensions ['colcon_pkg']
[0.410s] Level 1:colcon.colcon_core.package_identification:_identify(backup_packages/camera_ws/src/libcamera/test/v4l2_subdevice) by extension 'colcon_pkg'
[0.410s] Level 1:colcon.colcon_core.package_identification:_identify(backup_packages/camera_ws/src/libcamera/test/v4l2_subdevice) by extensions ['colcon_meta']
[0.410s] Level 1:colcon.colcon_core.package_identification:_identify(backup_packages/camera_ws/src/libcamera/test/v4l2_subdevice) by extension 'colcon_meta'
[0.410s] Level 1:colcon.colcon_core.package_identification:_identify(backup_packages/camera_ws/src/libcamera/test/v4l2_subdevice) by extensions ['ros']
[0.410s] Level 1:colcon.colcon_core.package_identification:_identify(backup_packages/camera_ws/src/libcamera/test/v4l2_subdevice) by extension 'ros'
[0.410s] Level 1:colcon.colcon_core.package_identification:_identify(backup_packages/camera_ws/src/libcamera/test/v4l2_subdevice) by extensions ['cmake', 'python']
[0.410s] Level 1:colcon.colcon_core.package_identification:_identify(backup_packages/camera_ws/src/libcamera/test/v4l2_subdevice) by extension 'cmake'
[0.410s] Level 1:colcon.colcon_core.package_identification:_identify(backup_packages/camera_ws/src/libcamera/test/v4l2_subdevice) by extension 'python'
[0.410s] Level 1:colcon.colcon_core.package_identification:_identify(backup_packages/camera_ws/src/libcamera/test/v4l2_subdevice) by extensions ['python_setup_py']
[0.410s] Level 1:colcon.colcon_core.package_identification:_identify(backup_packages/camera_ws/src/libcamera/test/v4l2_subdevice) by extension 'python_setup_py'
[0.410s] Level 1:colcon.colcon_core.package_identification:_identify(backup_packages/camera_ws/src/libcamera/test/v4l2_videodevice) by extensions ['ignore', 'ignore_ament_install']
[0.410s] Level 1:colcon.colcon_core.package_identification:_identify(backup_packages/camera_ws/src/libcamera/test/v4l2_videodevice) by extension 'ignore'
[0.410s] Level 1:colcon.colcon_core.package_identification:_identify(backup_packages/camera_ws/src/libcamera/test/v4l2_videodevice) by extension 'ignore_ament_install'
[0.410s] Level 1:colcon.colcon_core.package_identification:_identify(backup_packages/camera_ws/src/libcamera/test/v4l2_videodevice) by extensions ['colcon_pkg']
[0.410s] Level 1:colcon.colcon_core.package_identification:_identify(backup_packages/camera_ws/src/libcamera/test/v4l2_videodevice) by extension 'colcon_pkg'
[0.410s] Level 1:colcon.colcon_core.package_identification:_identify(backup_packages/camera_ws/src/libcamera/test/v4l2_videodevice) by extensions ['colcon_meta']
[0.410s] Level 1:colcon.colcon_core.package_identification:_identify(backup_packages/camera_ws/src/libcamera/test/v4l2_videodevice) by extension 'colcon_meta'
[0.410s] Level 1:colcon.colcon_core.package_identification:_identify(backup_packages/camera_ws/src/libcamera/test/v4l2_videodevice) by extensions ['ros']
[0.410s] Level 1:colcon.colcon_core.package_identification:_identify(backup_packages/camera_ws/src/libcamera/test/v4l2_videodevice) by extension 'ros'
[0.410s] Level 1:colcon.colcon_core.package_identification:_identify(backup_packages/camera_ws/src/libcamera/test/v4l2_videodevice) by extensions ['cmake', 'python']
[0.410s] Level 1:colcon.colcon_core.package_identification:_identify(backup_packages/camera_ws/src/libcamera/test/v4l2_videodevice) by extension 'cmake'
[0.410s] Level 1:colcon.colcon_core.package_identification:_identify(backup_packages/camera_ws/src/libcamera/test/v4l2_videodevice) by extension 'python'
[0.411s] Level 1:colcon.colcon_core.package_identification:_identify(backup_packages/camera_ws/src/libcamera/test/v4l2_videodevice) by extensions ['python_setup_py']
[0.411s] Level 1:colcon.colcon_core.package_identification:_identify(backup_packages/camera_ws/src/libcamera/test/v4l2_videodevice) by extension 'python_setup_py'
[0.411s] Level 1:colcon.colcon_core.package_identification:_identify(backup_packages/camera_ws/src/libcamera/utils) by extensions ['ignore', 'ignore_ament_install']
[0.411s] Level 1:colcon.colcon_core.package_identification:_identify(backup_packages/camera_ws/src/libcamera/utils) by extension 'ignore'
[0.411s] Level 1:colcon.colcon_core.package_identification:_identify(backup_packages/camera_ws/src/libcamera/utils) by extension 'ignore_ament_install'
[0.411s] Level 1:colcon.colcon_core.package_identification:_identify(backup_packages/camera_ws/src/libcamera/utils) by extensions ['colcon_pkg']
[0.411s] Level 1:colcon.colcon_core.package_identification:_identify(backup_packages/camera_ws/src/libcamera/utils) by extension 'colcon_pkg'
[0.411s] Level 1:colcon.colcon_core.package_identification:_identify(backup_packages/camera_ws/src/libcamera/utils) by extensions ['colcon_meta']
[0.411s] Level 1:colcon.colcon_core.package_identification:_identify(backup_packages/camera_ws/src/libcamera/utils) by extension 'colcon_meta'
[0.411s] Level 1:colcon.colcon_core.package_identification:_identify(backup_packages/camera_ws/src/libcamera/utils) by extensions ['ros']
[0.411s] Level 1:colcon.colcon_core.package_identification:_identify(backup_packages/camera_ws/src/libcamera/utils) by extension 'ros'
[0.411s] Level 1:colcon.colcon_core.package_identification:_identify(backup_packages/camera_ws/src/libcamera/utils) by extensions ['cmake', 'python']
[0.411s] Level 1:colcon.colcon_core.package_identification:_identify(backup_packages/camera_ws/src/libcamera/utils) by extension 'cmake'
[0.411s] Level 1:colcon.colcon_core.package_identification:_identify(backup_packages/camera_ws/src/libcamera/utils) by extension 'python'
[0.411s] Level 1:colcon.colcon_core.package_identification:_identify(backup_packages/camera_ws/src/libcamera/utils) by extensions ['python_setup_py']
[0.411s] Level 1:colcon.colcon_core.package_identification:_identify(backup_packages/camera_ws/src/libcamera/utils) by extension 'python_setup_py'
[0.411s] Level 1:colcon.colcon_core.package_identification:_identify(backup_packages/camera_ws/src/libcamera/utils/codegen) by extensions ['ignore', 'ignore_ament_install']
[0.411s] Level 1:colcon.colcon_core.package_identification:_identify(backup_packages/camera_ws/src/libcamera/utils/codegen) by extension 'ignore'
[0.411s] Level 1:colcon.colcon_core.package_identification:_identify(backup_packages/camera_ws/src/libcamera/utils/codegen) by extension 'ignore_ament_install'
[0.411s] Level 1:colcon.colcon_core.package_identification:_identify(backup_packages/camera_ws/src/libcamera/utils/codegen) by extensions ['colcon_pkg']
[0.411s] Level 1:colcon.colcon_core.package_identification:_identify(backup_packages/camera_ws/src/libcamera/utils/codegen) by extension 'colcon_pkg'
[0.411s] Level 1:colcon.colcon_core.package_identification:_identify(backup_packages/camera_ws/src/libcamera/utils/codegen) by extensions ['colcon_meta']
[0.411s] Level 1:colcon.colcon_core.package_identification:_identify(backup_packages/camera_ws/src/libcamera/utils/codegen) by extension 'colcon_meta'
[0.411s] Level 1:colcon.colcon_core.package_identification:_identify(backup_packages/camera_ws/src/libcamera/utils/codegen) by extensions ['ros']
[0.411s] Level 1:colcon.colcon_core.package_identification:_identify(backup_packages/camera_ws/src/libcamera/utils/codegen) by extension 'ros'
[0.411s] Level 1:colcon.colcon_core.package_identification:_identify(backup_packages/camera_ws/src/libcamera/utils/codegen) by extensions ['cmake', 'python']
[0.411s] Level 1:colcon.colcon_core.package_identification:_identify(backup_packages/camera_ws/src/libcamera/utils/codegen) by extension 'cmake'
[0.412s] Level 1:colcon.colcon_core.package_identification:_identify(backup_packages/camera_ws/src/libcamera/utils/codegen) by extension 'python'
[0.412s] Level 1:colcon.colcon_core.package_identification:_identify(backup_packages/camera_ws/src/libcamera/utils/codegen) by extensions ['python_setup_py']
[0.412s] Level 1:colcon.colcon_core.package_identification:_identify(backup_packages/camera_ws/src/libcamera/utils/codegen) by extension 'python_setup_py'
[0.412s] Level 1:colcon.colcon_core.package_identification:_identify(backup_packages/camera_ws/src/libcamera/utils/codegen/ipc) by extensions ['ignore', 'ignore_ament_install']
[0.412s] Level 1:colcon.colcon_core.package_identification:_identify(backup_packages/camera_ws/src/libcamera/utils/codegen/ipc) by extension 'ignore'
[0.412s] Level 1:colcon.colcon_core.package_identification:_identify(backup_packages/camera_ws/src/libcamera/utils/codegen/ipc) by extension 'ignore_ament_install'
[0.412s] Level 1:colcon.colcon_core.package_identification:_identify(backup_packages/camera_ws/src/libcamera/utils/codegen/ipc) by extensions ['colcon_pkg']
[0.412s] Level 1:colcon.colcon_core.package_identification:_identify(backup_packages/camera_ws/src/libcamera/utils/codegen/ipc) by extension 'colcon_pkg'
[0.412s] Level 1:colcon.colcon_core.package_identification:_identify(backup_packages/camera_ws/src/libcamera/utils/codegen/ipc) by extensions ['colcon_meta']
[0.412s] Level 1:colcon.colcon_core.package_identification:_identify(backup_packages/camera_ws/src/libcamera/utils/codegen/ipc) by extension 'colcon_meta'
[0.412s] Level 1:colcon.colcon_core.package_identification:_identify(backup_packages/camera_ws/src/libcamera/utils/codegen/ipc) by extensions ['ros']
[0.412s] Level 1:colcon.colcon_core.package_identification:_identify(backup_packages/camera_ws/src/libcamera/utils/codegen/ipc) by extension 'ros'
[0.412s] Level 1:colcon.colcon_core.package_identification:_identify(backup_packages/camera_ws/src/libcamera/utils/codegen/ipc) by extensions ['cmake', 'python']
[0.412s] Level 1:colcon.colcon_core.package_identification:_identify(backup_packages/camera_ws/src/libcamera/utils/codegen/ipc) by extension 'cmake'
[0.412s] Level 1:colcon.colcon_core.package_identification:_identify(backup_packages/camera_ws/src/libcamera/utils/codegen/ipc) by extension 'python'
[0.412s] Level 1:colcon.colcon_core.package_identification:_identify(backup_packages/camera_ws/src/libcamera/utils/codegen/ipc) by extensions ['python_setup_py']
[0.412s] Level 1:colcon.colcon_core.package_identification:_identify(backup_packages/camera_ws/src/libcamera/utils/codegen/ipc) by extension 'python_setup_py'
[0.412s] Level 1:colcon.colcon_core.package_identification:_identify(backup_packages/camera_ws/src/libcamera/utils/codegen/ipc/generators) by extensions ['ignore', 'ignore_ament_install']
[0.412s] Level 1:colcon.colcon_core.package_identification:_identify(backup_packages/camera_ws/src/libcamera/utils/codegen/ipc/generators) by extension 'ignore'
[0.412s] Level 1:colcon.colcon_core.package_identification:_identify(backup_packages/camera_ws/src/libcamera/utils/codegen/ipc/generators) by extension 'ignore_ament_install'
[0.412s] Level 1:colcon.colcon_core.package_identification:_identify(backup_packages/camera_ws/src/libcamera/utils/codegen/ipc/generators) by extensions ['colcon_pkg']
[0.412s] Level 1:colcon.colcon_core.package_identification:_identify(backup_packages/camera_ws/src/libcamera/utils/codegen/ipc/generators) by extension 'colcon_pkg'
[0.412s] Level 1:colcon.colcon_core.package_identification:_identify(backup_packages/camera_ws/src/libcamera/utils/codegen/ipc/generators) by extensions ['colcon_meta']
[0.412s] Level 1:colcon.colcon_core.package_identification:_identify(backup_packages/camera_ws/src/libcamera/utils/codegen/ipc/generators) by extension 'colcon_meta'
[0.412s] Level 1:colcon.colcon_core.package_identification:_identify(backup_packages/camera_ws/src/libcamera/utils/codegen/ipc/generators) by extensions ['ros']
[0.412s] Level 1:colcon.colcon_core.package_identification:_identify(backup_packages/camera_ws/src/libcamera/utils/codegen/ipc/generators) by extension 'ros'
[0.413s] Level 1:colcon.colcon_core.package_identification:_identify(backup_packages/camera_ws/src/libcamera/utils/codegen/ipc/generators) by extensions ['cmake', 'python']
[0.413s] Level 1:colcon.colcon_core.package_identification:_identify(backup_packages/camera_ws/src/libcamera/utils/codegen/ipc/generators) by extension 'cmake'
[0.413s] Level 1:colcon.colcon_core.package_identification:_identify(backup_packages/camera_ws/src/libcamera/utils/codegen/ipc/generators) by extension 'python'
[0.413s] Level 1:colcon.colcon_core.package_identification:_identify(backup_packages/camera_ws/src/libcamera/utils/codegen/ipc/generators) by extensions ['python_setup_py']
[0.413s] Level 1:colcon.colcon_core.package_identification:_identify(backup_packages/camera_ws/src/libcamera/utils/codegen/ipc/generators) by extension 'python_setup_py'
[0.413s] Level 1:colcon.colcon_core.package_identification:_identify(backup_packages/camera_ws/src/libcamera/utils/codegen/ipc/generators/libcamera_templates) by extensions ['ignore', 'ignore_ament_install']
[0.413s] Level 1:colcon.colcon_core.package_identification:_identify(backup_packages/camera_ws/src/libcamera/utils/codegen/ipc/generators/libcamera_templates) by extension 'ignore'
[0.413s] Level 1:colcon.colcon_core.package_identification:_identify(backup_packages/camera_ws/src/libcamera/utils/codegen/ipc/generators/libcamera_templates) by extension 'ignore_ament_install'
[0.413s] Level 1:colcon.colcon_core.package_identification:_identify(backup_packages/camera_ws/src/libcamera/utils/codegen/ipc/generators/libcamera_templates) by extensions ['colcon_pkg']
[0.413s] Level 1:colcon.colcon_core.package_identification:_identify(backup_packages/camera_ws/src/libcamera/utils/codegen/ipc/generators/libcamera_templates) by extension 'colcon_pkg'
[0.413s] Level 1:colcon.colcon_core.package_identification:_identify(backup_packages/camera_ws/src/libcamera/utils/codegen/ipc/generators/libcamera_templates) by extensions ['colcon_meta']
[0.413s] Level 1:colcon.colcon_core.package_identification:_identify(backup_packages/camera_ws/src/libcamera/utils/codegen/ipc/generators/libcamera_templates) by extension 'colcon_meta'
[0.413s] Level 1:colcon.colcon_core.package_identification:_identify(backup_packages/camera_ws/src/libcamera/utils/codegen/ipc/generators/libcamera_templates) by extensions ['ros']
[0.413s] Level 1:colcon.colcon_core.package_identification:_identify(backup_packages/camera_ws/src/libcamera/utils/codegen/ipc/generators/libcamera_templates) by extension 'ros'
[0.413s] Level 1:colcon.colcon_core.package_identification:_identify(backup_packages/camera_ws/src/libcamera/utils/codegen/ipc/generators/libcamera_templates) by extensions ['cmake', 'python']
[0.413s] Level 1:colcon.colcon_core.package_identification:_identify(backup_packages/camera_ws/src/libcamera/utils/codegen/ipc/generators/libcamera_templates) by extension 'cmake'
[0.413s] Level 1:colcon.colcon_core.package_identification:_identify(backup_packages/camera_ws/src/libcamera/utils/codegen/ipc/generators/libcamera_templates) by extension 'python'
[0.413s] Level 1:colcon.colcon_core.package_identification:_identify(backup_packages/camera_ws/src/libcamera/utils/codegen/ipc/generators/libcamera_templates) by extensions ['python_setup_py']
[0.413s] Level 1:colcon.colcon_core.package_identification:_identify(backup_packages/camera_ws/src/libcamera/utils/codegen/ipc/generators/libcamera_templates) by extension 'python_setup_py'
[0.413s] Level 1:colcon.colcon_core.package_identification:_identify(backup_packages/camera_ws/src/libcamera/utils/codegen/ipc/mojo) by extensions ['ignore', 'ignore_ament_install']
[0.413s] Level 1:colcon.colcon_core.package_identification:_identify(backup_packages/camera_ws/src/libcamera/utils/codegen/ipc/mojo) by extension 'ignore'
[0.413s] Level 1:colcon.colcon_core.package_identification:_identify(backup_packages/camera_ws/src/libcamera/utils/codegen/ipc/mojo) by extension 'ignore_ament_install'
[0.413s] Level 1:colcon.colcon_core.package_identification:_identify(backup_packages/camera_ws/src/libcamera/utils/codegen/ipc/mojo) by extensions ['colcon_pkg']
[0.413s] Level 1:colcon.colcon_core.package_identification:_identify(backup_packages/camera_ws/src/libcamera/utils/codegen/ipc/mojo) by extension 'colcon_pkg'
[0.413s] Level 1:colcon.colcon_core.package_identification:_identify(backup_packages/camera_ws/src/libcamera/utils/codegen/ipc/mojo) by extensions ['colcon_meta']
[0.413s] Level 1:colcon.colcon_core.package_identification:_identify(backup_packages/camera_ws/src/libcamera/utils/codegen/ipc/mojo) by extension 'colcon_meta'
[0.414s] Level 1:colcon.colcon_core.package_identification:_identify(backup_packages/camera_ws/src/libcamera/utils/codegen/ipc/mojo) by extensions ['ros']
[0.414s] Level 1:colcon.colcon_core.package_identification:_identify(backup_packages/camera_ws/src/libcamera/utils/codegen/ipc/mojo) by extension 'ros'
[0.414s] Level 1:colcon.colcon_core.package_identification:_identify(backup_packages/camera_ws/src/libcamera/utils/codegen/ipc/mojo) by extensions ['cmake', 'python']
[0.414s] Level 1:colcon.colcon_core.package_identification:_identify(backup_packages/camera_ws/src/libcamera/utils/codegen/ipc/mojo) by extension 'cmake'
[0.414s] Level 1:colcon.colcon_core.package_identification:_identify(backup_packages/camera_ws/src/libcamera/utils/codegen/ipc/mojo) by extension 'python'
[0.414s] Level 1:colcon.colcon_core.package_identification:_identify(backup_packages/camera_ws/src/libcamera/utils/codegen/ipc/mojo) by extensions ['python_setup_py']
[0.414s] Level 1:colcon.colcon_core.package_identification:_identify(backup_packages/camera_ws/src/libcamera/utils/codegen/ipc/mojo) by extension 'python_setup_py'
[0.414s] Level 1:colcon.colcon_core.package_identification:_identify(backup_packages/camera_ws/src/libcamera/utils/codegen/ipc/mojo/public) by extensions ['ignore', 'ignore_ament_install']
[0.414s] Level 1:colcon.colcon_core.package_identification:_identify(backup_packages/camera_ws/src/libcamera/utils/codegen/ipc/mojo/public) by extension 'ignore'
[0.414s] Level 1:colcon.colcon_core.package_identification:_identify(backup_packages/camera_ws/src/libcamera/utils/codegen/ipc/mojo/public) by extension 'ignore_ament_install'
[0.414s] Level 1:colcon.colcon_core.package_identification:_identify(backup_packages/camera_ws/src/libcamera/utils/codegen/ipc/mojo/public) by extensions ['colcon_pkg']
[0.414s] Level 1:colcon.colcon_core.package_identification:_identify(backup_packages/camera_ws/src/libcamera/utils/codegen/ipc/mojo/public) by extension 'colcon_pkg'
[0.414s] Level 1:colcon.colcon_core.package_identification:_identify(backup_packages/camera_ws/src/libcamera/utils/codegen/ipc/mojo/public) by extensions ['colcon_meta']
[0.414s] Level 1:colcon.colcon_core.package_identification:_identify(backup_packages/camera_ws/src/libcamera/utils/codegen/ipc/mojo/public) by extension 'colcon_meta'
[0.414s] Level 1:colcon.colcon_core.package_identification:_identify(backup_packages/camera_ws/src/libcamera/utils/codegen/ipc/mojo/public) by extensions ['ros']
[0.414s] Level 1:colcon.colcon_core.package_identification:_identify(backup_packages/camera_ws/src/libcamera/utils/codegen/ipc/mojo/public) by extension 'ros'
[0.414s] Level 1:colcon.colcon_core.package_identification:_identify(backup_packages/camera_ws/src/libcamera/utils/codegen/ipc/mojo/public) by extensions ['cmake', 'python']
[0.414s] Level 1:colcon.colcon_core.package_identification:_identify(backup_packages/camera_ws/src/libcamera/utils/codegen/ipc/mojo/public) by extension 'cmake'
[0.414s] Level 1:colcon.colcon_core.package_identification:_identify(backup_packages/camera_ws/src/libcamera/utils/codegen/ipc/mojo/public) by extension 'python'
[0.414s] Level 1:colcon.colcon_core.package_identification:_identify(backup_packages/camera_ws/src/libcamera/utils/codegen/ipc/mojo/public) by extensions ['python_setup_py']
[0.414s] Level 1:colcon.colcon_core.package_identification:_identify(backup_packages/camera_ws/src/libcamera/utils/codegen/ipc/mojo/public) by extension 'python_setup_py'
[0.414s] Level 1:colcon.colcon_core.package_identification:_identify(backup_packages/camera_ws/src/libcamera/utils/codegen/ipc/mojo/public/tools) by extensions ['ignore', 'ignore_ament_install']
[0.414s] Level 1:colcon.colcon_core.package_identification:_identify(backup_packages/camera_ws/src/libcamera/utils/codegen/ipc/mojo/public/tools) by extension 'ignore'
[0.414s] Level 1:colcon.colcon_core.package_identification:_identify(backup_packages/camera_ws/src/libcamera/utils/codegen/ipc/mojo/public/tools) by extension 'ignore_ament_install'
[0.415s] Level 1:colcon.colcon_core.package_identification:_identify(backup_packages/camera_ws/src/libcamera/utils/codegen/ipc/mojo/public/tools) by extensions ['colcon_pkg']
[0.415s] Level 1:colcon.colcon_core.package_identification:_identify(backup_packages/camera_ws/src/libcamera/utils/codegen/ipc/mojo/public/tools) by extension 'colcon_pkg'
[0.415s] Level 1:colcon.colcon_core.package_identification:_identify(backup_packages/camera_ws/src/libcamera/utils/codegen/ipc/mojo/public/tools) by extensions ['colcon_meta']
[0.415s] Level 1:colcon.colcon_core.package_identification:_identify(backup_packages/camera_ws/src/libcamera/utils/codegen/ipc/mojo/public/tools) by extension 'colcon_meta'
[0.415s] Level 1:colcon.colcon_core.package_identification:_identify(backup_packages/camera_ws/src/libcamera/utils/codegen/ipc/mojo/public/tools) by extensions ['ros']
[0.415s] Level 1:colcon.colcon_core.package_identification:_identify(backup_packages/camera_ws/src/libcamera/utils/codegen/ipc/mojo/public/tools) by extension 'ros'
[0.415s] Level 1:colcon.colcon_core.package_identification:_identify(backup_packages/camera_ws/src/libcamera/utils/codegen/ipc/mojo/public/tools) by extensions ['cmake', 'python']
[0.415s] Level 1:colcon.colcon_core.package_identification:_identify(backup_packages/camera_ws/src/libcamera/utils/codegen/ipc/mojo/public/tools) by extension 'cmake'
[0.415s] Level 1:colcon.colcon_core.package_identification:_identify(backup_packages/camera_ws/src/libcamera/utils/codegen/ipc/mojo/public/tools) by extension 'python'
[0.415s] Level 1:colcon.colcon_core.package_identification:_identify(backup_packages/camera_ws/src/libcamera/utils/codegen/ipc/mojo/public/tools) by extensions ['python_setup_py']
[0.415s] Level 1:colcon.colcon_core.package_identification:_identify(backup_packages/camera_ws/src/libcamera/utils/codegen/ipc/mojo/public/tools) by extension 'python_setup_py'
[0.415s] Level 1:colcon.colcon_core.package_identification:_identify(backup_packages/camera_ws/src/libcamera/utils/codegen/ipc/mojo/public/tools/bindings) by extensions ['ignore', 'ignore_ament_install']
[0.415s] Level 1:colcon.colcon_core.package_identification:_identify(backup_packages/camera_ws/src/libcamera/utils/codegen/ipc/mojo/public/tools/bindings) by extension 'ignore'
[0.415s] Level 1:colcon.colcon_core.package_identification:_identify(backup_packages/camera_ws/src/libcamera/utils/codegen/ipc/mojo/public/tools/bindings) by extension 'ignore_ament_install'
[0.415s] Level 1:colcon.colcon_core.package_identification:_identify(backup_packages/camera_ws/src/libcamera/utils/codegen/ipc/mojo/public/tools/bindings) by extensions ['colcon_pkg']
[0.415s] Level 1:colcon.colcon_core.package_identification:_identify(backup_packages/camera_ws/src/libcamera/utils/codegen/ipc/mojo/public/tools/bindings) by extension 'colcon_pkg'
[0.415s] Level 1:colcon.colcon_core.package_identification:_identify(backup_packages/camera_ws/src/libcamera/utils/codegen/ipc/mojo/public/tools/bindings) by extensions ['colcon_meta']
[0.415s] Level 1:colcon.colcon_core.package_identification:_identify(backup_packages/camera_ws/src/libcamera/utils/codegen/ipc/mojo/public/tools/bindings) by extension 'colcon_meta'
[0.415s] Level 1:colcon.colcon_core.package_identification:_identify(backup_packages/camera_ws/src/libcamera/utils/codegen/ipc/mojo/public/tools/bindings) by extensions ['ros']
[0.415s] Level 1:colcon.colcon_core.package_identification:_identify(backup_packages/camera_ws/src/libcamera/utils/codegen/ipc/mojo/public/tools/bindings) by extension 'ros'
[0.415s] Level 1:colcon.colcon_core.package_identification:_identify(backup_packages/camera_ws/src/libcamera/utils/codegen/ipc/mojo/public/tools/bindings) by extensions ['cmake', 'python']
[0.415s] Level 1:colcon.colcon_core.package_identification:_identify(backup_packages/camera_ws/src/libcamera/utils/codegen/ipc/mojo/public/tools/bindings) by extension 'cmake'
[0.415s] Level 1:colcon.colcon_core.package_identification:_identify(backup_packages/camera_ws/src/libcamera/utils/codegen/ipc/mojo/public/tools/bindings) by extension 'python'
[0.415s] Level 1:colcon.colcon_core.package_identification:_identify(backup_packages/camera_ws/src/libcamera/utils/codegen/ipc/mojo/public/tools/bindings) by extensions ['python_setup_py']
[0.415s] Level 1:colcon.colcon_core.package_identification:_identify(backup_packages/camera_ws/src/libcamera/utils/codegen/ipc/mojo/public/tools/bindings) by extension 'python_setup_py'
[0.416s] Level 1:colcon.colcon_core.package_identification:_identify(backup_packages/camera_ws/src/libcamera/utils/codegen/ipc/mojo/public/tools/bindings/checks) by extensions ['ignore', 'ignore_ament_install']
[0.416s] Level 1:colcon.colcon_core.package_identification:_identify(backup_packages/camera_ws/src/libcamera/utils/codegen/ipc/mojo/public/tools/bindings/checks) by extension 'ignore'
[0.416s] Level 1:colcon.colcon_core.package_identification:_identify(backup_packages/camera_ws/src/libcamera/utils/codegen/ipc/mojo/public/tools/bindings/checks) by extension 'ignore_ament_install'
[0.416s] Level 1:colcon.colcon_core.package_identification:_identify(backup_packages/camera_ws/src/libcamera/utils/codegen/ipc/mojo/public/tools/bindings/checks) by extensions ['colcon_pkg']
[0.416s] Level 1:colcon.colcon_core.package_identification:_identify(backup_packages/camera_ws/src/libcamera/utils/codegen/ipc/mojo/public/tools/bindings/checks) by extension 'colcon_pkg'
[0.416s] Level 1:colcon.colcon_core.package_identification:_identify(backup_packages/camera_ws/src/libcamera/utils/codegen/ipc/mojo/public/tools/bindings/checks) by extensions ['colcon_meta']
[0.416s] Level 1:colcon.colcon_core.package_identification:_identify(backup_packages/camera_ws/src/libcamera/utils/codegen/ipc/mojo/public/tools/bindings/checks) by extension 'colcon_meta'
[0.416s] Level 1:colcon.colcon_core.package_identification:_identify(backup_packages/camera_ws/src/libcamera/utils/codegen/ipc/mojo/public/tools/bindings/checks) by extensions ['ros']
[0.416s] Level 1:colcon.colcon_core.package_identification:_identify(backup_packages/camera_ws/src/libcamera/utils/codegen/ipc/mojo/public/tools/bindings/checks) by extension 'ros'
[0.416s] Level 1:colcon.colcon_core.package_identification:_identify(backup_packages/camera_ws/src/libcamera/utils/codegen/ipc/mojo/public/tools/bindings/checks) by extensions ['cmake', 'python']
[0.416s] Level 1:colcon.colcon_core.package_identification:_identify(backup_packages/camera_ws/src/libcamera/utils/codegen/ipc/mojo/public/tools/bindings/checks) by extension 'cmake'
[0.416s] Level 1:colcon.colcon_core.package_identification:_identify(backup_packages/camera_ws/src/libcamera/utils/codegen/ipc/mojo/public/tools/bindings/checks) by extension 'python'
[0.416s] Level 1:colcon.colcon_core.package_identification:_identify(backup_packages/camera_ws/src/libcamera/utils/codegen/ipc/mojo/public/tools/bindings/checks) by extensions ['python_setup_py']
[0.416s] Level 1:colcon.colcon_core.package_identification:_identify(backup_packages/camera_ws/src/libcamera/utils/codegen/ipc/mojo/public/tools/bindings/checks) by extension 'python_setup_py'
[0.416s] Level 1:colcon.colcon_core.package_identification:_identify(backup_packages/camera_ws/src/libcamera/utils/codegen/ipc/mojo/public/tools/mojom) by extensions ['ignore', 'ignore_ament_install']
[0.416s] Level 1:colcon.colcon_core.package_identification:_identify(backup_packages/camera_ws/src/libcamera/utils/codegen/ipc/mojo/public/tools/mojom) by extension 'ignore'
[0.416s] Level 1:colcon.colcon_core.package_identification:_identify(backup_packages/camera_ws/src/libcamera/utils/codegen/ipc/mojo/public/tools/mojom) by extension 'ignore_ament_install'
[0.416s] Level 1:colcon.colcon_core.package_identification:_identify(backup_packages/camera_ws/src/libcamera/utils/codegen/ipc/mojo/public/tools/mojom) by extensions ['colcon_pkg']
[0.416s] Level 1:colcon.colcon_core.package_identification:_identify(backup_packages/camera_ws/src/libcamera/utils/codegen/ipc/mojo/public/tools/mojom) by extension 'colcon_pkg'
[0.416s] Level 1:colcon.colcon_core.package_identification:_identify(backup_packages/camera_ws/src/libcamera/utils/codegen/ipc/mojo/public/tools/mojom) by extensions ['colcon_meta']
[0.416s] Level 1:colcon.colcon_core.package_identification:_identify(backup_packages/camera_ws/src/libcamera/utils/codegen/ipc/mojo/public/tools/mojom) by extension 'colcon_meta'
[0.416s] Level 1:colcon.colcon_core.package_identification:_identify(backup_packages/camera_ws/src/libcamera/utils/codegen/ipc/mojo/public/tools/mojom) by extensions ['ros']
[0.416s] Level 1:colcon.colcon_core.package_identification:_identify(backup_packages/camera_ws/src/libcamera/utils/codegen/ipc/mojo/public/tools/mojom) by extension 'ros'
[0.416s] Level 1:colcon.colcon_core.package_identification:_identify(backup_packages/camera_ws/src/libcamera/utils/codegen/ipc/mojo/public/tools/mojom) by extensions ['cmake', 'python']
[0.416s] Level 1:colcon.colcon_core.package_identification:_identify(backup_packages/camera_ws/src/libcamera/utils/codegen/ipc/mojo/public/tools/mojom) by extension 'cmake'
[0.417s] Level 1:colcon.colcon_core.package_identification:_identify(backup_packages/camera_ws/src/libcamera/utils/codegen/ipc/mojo/public/tools/mojom) by extension 'python'
[0.417s] Level 1:colcon.colcon_core.package_identification:_identify(backup_packages/camera_ws/src/libcamera/utils/codegen/ipc/mojo/public/tools/mojom) by extensions ['python_setup_py']
[0.417s] Level 1:colcon.colcon_core.package_identification:_identify(backup_packages/camera_ws/src/libcamera/utils/codegen/ipc/mojo/public/tools/mojom) by extension 'python_setup_py'
[0.417s] Level 1:colcon.colcon_core.package_identification:_identify(backup_packages/camera_ws/src/libcamera/utils/codegen/ipc/mojo/public/tools/mojom/mojom) by extensions ['ignore', 'ignore_ament_install']
[0.417s] Level 1:colcon.colcon_core.package_identification:_identify(backup_packages/camera_ws/src/libcamera/utils/codegen/ipc/mojo/public/tools/mojom/mojom) by extension 'ignore'
[0.417s] Level 1:colcon.colcon_core.package_identification:_identify(backup_packages/camera_ws/src/libcamera/utils/codegen/ipc/mojo/public/tools/mojom/mojom) by extension 'ignore_ament_install'
[0.417s] Level 1:colcon.colcon_core.package_identification:_identify(backup_packages/camera_ws/src/libcamera/utils/codegen/ipc/mojo/public/tools/mojom/mojom) by extensions ['colcon_pkg']
[0.417s] Level 1:colcon.colcon_core.package_identification:_identify(backup_packages/camera_ws/src/libcamera/utils/codegen/ipc/mojo/public/tools/mojom/mojom) by extension 'colcon_pkg'
[0.417s] Level 1:colcon.colcon_core.package_identification:_identify(backup_packages/camera_ws/src/libcamera/utils/codegen/ipc/mojo/public/tools/mojom/mojom) by extensions ['colcon_meta']
[0.417s] Level 1:colcon.colcon_core.package_identification:_identify(backup_packages/camera_ws/src/libcamera/utils/codegen/ipc/mojo/public/tools/mojom/mojom) by extension 'colcon_meta'
[0.417s] Level 1:colcon.colcon_core.package_identification:_identify(backup_packages/camera_ws/src/libcamera/utils/codegen/ipc/mojo/public/tools/mojom/mojom) by extensions ['ros']
[0.417s] Level 1:colcon.colcon_core.package_identification:_identify(backup_packages/camera_ws/src/libcamera/utils/codegen/ipc/mojo/public/tools/mojom/mojom) by extension 'ros'
[0.417s] Level 1:colcon.colcon_core.package_identification:_identify(backup_packages/camera_ws/src/libcamera/utils/codegen/ipc/mojo/public/tools/mojom/mojom) by extensions ['cmake', 'python']
[0.417s] Level 1:colcon.colcon_core.package_identification:_identify(backup_packages/camera_ws/src/libcamera/utils/codegen/ipc/mojo/public/tools/mojom/mojom) by extension 'cmake'
[0.417s] Level 1:colcon.colcon_core.package_identification:_identify(backup_packages/camera_ws/src/libcamera/utils/codegen/ipc/mojo/public/tools/mojom/mojom) by extension 'python'
[0.417s] Level 1:colcon.colcon_core.package_identification:_identify(backup_packages/camera_ws/src/libcamera/utils/codegen/ipc/mojo/public/tools/mojom/mojom) by extensions ['python_setup_py']
[0.417s] Level 1:colcon.colcon_core.package_identification:_identify(backup_packages/camera_ws/src/libcamera/utils/codegen/ipc/mojo/public/tools/mojom/mojom) by extension 'python_setup_py'
[0.417s] Level 1:colcon.colcon_core.package_identification:_identify(backup_packages/camera_ws/src/libcamera/utils/codegen/ipc/mojo/public/tools/mojom/mojom/generate) by extensions ['ignore', 'ignore_ament_install']
[0.417s] Level 1:colcon.colcon_core.package_identification:_identify(backup_packages/camera_ws/src/libcamera/utils/codegen/ipc/mojo/public/tools/mojom/mojom/generate) by extension 'ignore'
[0.417s] Level 1:colcon.colcon_core.package_identification:_identify(backup_packages/camera_ws/src/libcamera/utils/codegen/ipc/mojo/public/tools/mojom/mojom/generate) by extension 'ignore_ament_install'
[0.417s] Level 1:colcon.colcon_core.package_identification:_identify(backup_packages/camera_ws/src/libcamera/utils/codegen/ipc/mojo/public/tools/mojom/mojom/generate) by extensions ['colcon_pkg']
[0.417s] Level 1:colcon.colcon_core.package_identification:_identify(backup_packages/camera_ws/src/libcamera/utils/codegen/ipc/mojo/public/tools/mojom/mojom/generate) by extension 'colcon_pkg'
[0.417s] Level 1:colcon.colcon_core.package_identification:_identify(backup_packages/camera_ws/src/libcamera/utils/codegen/ipc/mojo/public/tools/mojom/mojom/generate) by extensions ['colcon_meta']
[0.417s] Level 1:colcon.colcon_core.package_identification:_identify(backup_packages/camera_ws/src/libcamera/utils/codegen/ipc/mojo/public/tools/mojom/mojom/generate) by extension 'colcon_meta'
[0.418s] Level 1:colcon.colcon_core.package_identification:_identify(backup_packages/camera_ws/src/libcamera/utils/codegen/ipc/mojo/public/tools/mojom/mojom/generate) by extensions ['ros']
[0.418s] Level 1:colcon.colcon_core.package_identification:_identify(backup_packages/camera_ws/src/libcamera/utils/codegen/ipc/mojo/public/tools/mojom/mojom/generate) by extension 'ros'
[0.418s] Level 1:colcon.colcon_core.package_identification:_identify(backup_packages/camera_ws/src/libcamera/utils/codegen/ipc/mojo/public/tools/mojom/mojom/generate) by extensions ['cmake', 'python']
[0.418s] Level 1:colcon.colcon_core.package_identification:_identify(backup_packages/camera_ws/src/libcamera/utils/codegen/ipc/mojo/public/tools/mojom/mojom/generate) by extension 'cmake'
[0.418s] Level 1:colcon.colcon_core.package_identification:_identify(backup_packages/camera_ws/src/libcamera/utils/codegen/ipc/mojo/public/tools/mojom/mojom/generate) by extension 'python'
[0.418s] Level 1:colcon.colcon_core.package_identification:_identify(backup_packages/camera_ws/src/libcamera/utils/codegen/ipc/mojo/public/tools/mojom/mojom/generate) by extensions ['python_setup_py']
[0.418s] Level 1:colcon.colcon_core.package_identification:_identify(backup_packages/camera_ws/src/libcamera/utils/codegen/ipc/mojo/public/tools/mojom/mojom/generate) by extension 'python_setup_py'
[0.418s] Level 1:colcon.colcon_core.package_identification:_identify(backup_packages/camera_ws/src/libcamera/utils/codegen/ipc/mojo/public/tools/mojom/mojom/parse) by extensions ['ignore', 'ignore_ament_install']
[0.418s] Level 1:colcon.colcon_core.package_identification:_identify(backup_packages/camera_ws/src/libcamera/utils/codegen/ipc/mojo/public/tools/mojom/mojom/parse) by extension 'ignore'
[0.418s] Level 1:colcon.colcon_core.package_identification:_identify(backup_packages/camera_ws/src/libcamera/utils/codegen/ipc/mojo/public/tools/mojom/mojom/parse) by extension 'ignore_ament_install'
[0.418s] Level 1:colcon.colcon_core.package_identification:_identify(backup_packages/camera_ws/src/libcamera/utils/codegen/ipc/mojo/public/tools/mojom/mojom/parse) by extensions ['colcon_pkg']
[0.418s] Level 1:colcon.colcon_core.package_identification:_identify(backup_packages/camera_ws/src/libcamera/utils/codegen/ipc/mojo/public/tools/mojom/mojom/parse) by extension 'colcon_pkg'
[0.418s] Level 1:colcon.colcon_core.package_identification:_identify(backup_packages/camera_ws/src/libcamera/utils/codegen/ipc/mojo/public/tools/mojom/mojom/parse) by extensions ['colcon_meta']
[0.418s] Level 1:colcon.colcon_core.package_identification:_identify(backup_packages/camera_ws/src/libcamera/utils/codegen/ipc/mojo/public/tools/mojom/mojom/parse) by extension 'colcon_meta'
[0.418s] Level 1:colcon.colcon_core.package_identification:_identify(backup_packages/camera_ws/src/libcamera/utils/codegen/ipc/mojo/public/tools/mojom/mojom/parse) by extensions ['ros']
[0.418s] Level 1:colcon.colcon_core.package_identification:_identify(backup_packages/camera_ws/src/libcamera/utils/codegen/ipc/mojo/public/tools/mojom/mojom/parse) by extension 'ros'
[0.418s] Level 1:colcon.colcon_core.package_identification:_identify(backup_packages/camera_ws/src/libcamera/utils/codegen/ipc/mojo/public/tools/mojom/mojom/parse) by extensions ['cmake', 'python']
[0.418s] Level 1:colcon.colcon_core.package_identification:_identify(backup_packages/camera_ws/src/libcamera/utils/codegen/ipc/mojo/public/tools/mojom/mojom/parse) by extension 'cmake'
[0.418s] Level 1:colcon.colcon_core.package_identification:_identify(backup_packages/camera_ws/src/libcamera/utils/codegen/ipc/mojo/public/tools/mojom/mojom/parse) by extension 'python'
[0.418s] Level 1:colcon.colcon_core.package_identification:_identify(backup_packages/camera_ws/src/libcamera/utils/codegen/ipc/mojo/public/tools/mojom/mojom/parse) by extensions ['python_setup_py']
[0.418s] Level 1:colcon.colcon_core.package_identification:_identify(backup_packages/camera_ws/src/libcamera/utils/codegen/ipc/mojo/public/tools/mojom/mojom/parse) by extension 'python_setup_py'
[0.418s] Level 1:colcon.colcon_core.package_identification:_identify(backup_packages/camera_ws/src/libcamera/utils/codegen/ipc/tools) by extensions ['ignore', 'ignore_ament_install']
[0.418s] Level 1:colcon.colcon_core.package_identification:_identify(backup_packages/camera_ws/src/libcamera/utils/codegen/ipc/tools) by extension 'ignore'
[0.419s] Level 1:colcon.colcon_core.package_identification:_identify(backup_packages/camera_ws/src/libcamera/utils/codegen/ipc/tools) by extension 'ignore_ament_install'
[0.419s] Level 1:colcon.colcon_core.package_identification:_identify(backup_packages/camera_ws/src/libcamera/utils/codegen/ipc/tools) by extensions ['colcon_pkg']
[0.419s] Level 1:colcon.colcon_core.package_identification:_identify(backup_packages/camera_ws/src/libcamera/utils/codegen/ipc/tools) by extension 'colcon_pkg'
[0.419s] Level 1:colcon.colcon_core.package_identification:_identify(backup_packages/camera_ws/src/libcamera/utils/codegen/ipc/tools) by extensions ['colcon_meta']
[0.419s] Level 1:colcon.colcon_core.package_identification:_identify(backup_packages/camera_ws/src/libcamera/utils/codegen/ipc/tools) by extension 'colcon_meta'
[0.419s] Level 1:colcon.colcon_core.package_identification:_identify(backup_packages/camera_ws/src/libcamera/utils/codegen/ipc/tools) by extensions ['ros']
[0.419s] Level 1:colcon.colcon_core.package_identification:_identify(backup_packages/camera_ws/src/libcamera/utils/codegen/ipc/tools) by extension 'ros'
[0.419s] Level 1:colcon.colcon_core.package_identification:_identify(backup_packages/camera_ws/src/libcamera/utils/codegen/ipc/tools) by extensions ['cmake', 'python']
[0.419s] Level 1:colcon.colcon_core.package_identification:_identify(backup_packages/camera_ws/src/libcamera/utils/codegen/ipc/tools) by extension 'cmake'
[0.419s] Level 1:colcon.colcon_core.package_identification:_identify(backup_packages/camera_ws/src/libcamera/utils/codegen/ipc/tools) by extension 'python'
[0.419s] Level 1:colcon.colcon_core.package_identification:_identify(backup_packages/camera_ws/src/libcamera/utils/codegen/ipc/tools) by extensions ['python_setup_py']
[0.419s] Level 1:colcon.colcon_core.package_identification:_identify(backup_packages/camera_ws/src/libcamera/utils/codegen/ipc/tools) by extension 'python_setup_py'
[0.419s] Level 1:colcon.colcon_core.package_identification:_identify(backup_packages/camera_ws/src/libcamera/utils/codegen/ipc/tools/diagnosis) by extensions ['ignore', 'ignore_ament_install']
[0.419s] Level 1:colcon.colcon_core.package_identification:_identify(backup_packages/camera_ws/src/libcamera/utils/codegen/ipc/tools/diagnosis) by extension 'ignore'
[0.419s] Level 1:colcon.colcon_core.package_identification:_identify(backup_packages/camera_ws/src/libcamera/utils/codegen/ipc/tools/diagnosis) by extension 'ignore_ament_install'
[0.419s] Level 1:colcon.colcon_core.package_identification:_identify(backup_packages/camera_ws/src/libcamera/utils/codegen/ipc/tools/diagnosis) by extensions ['colcon_pkg']
[0.419s] Level 1:colcon.colcon_core.package_identification:_identify(backup_packages/camera_ws/src/libcamera/utils/codegen/ipc/tools/diagnosis) by extension 'colcon_pkg'
[0.419s] Level 1:colcon.colcon_core.package_identification:_identify(backup_packages/camera_ws/src/libcamera/utils/codegen/ipc/tools/diagnosis) by extensions ['colcon_meta']
[0.419s] Level 1:colcon.colcon_core.package_identification:_identify(backup_packages/camera_ws/src/libcamera/utils/codegen/ipc/tools/diagnosis) by extension 'colcon_meta'
[0.419s] Level 1:colcon.colcon_core.package_identification:_identify(backup_packages/camera_ws/src/libcamera/utils/codegen/ipc/tools/diagnosis) by extensions ['ros']
[0.419s] Level 1:colcon.colcon_core.package_identification:_identify(backup_packages/camera_ws/src/libcamera/utils/codegen/ipc/tools/diagnosis) by extension 'ros'
[0.419s] Level 1:colcon.colcon_core.package_identification:_identify(backup_packages/camera_ws/src/libcamera/utils/codegen/ipc/tools/diagnosis) by extensions ['cmake', 'python']
[0.419s] Level 1:colcon.colcon_core.package_identification:_identify(backup_packages/camera_ws/src/libcamera/utils/codegen/ipc/tools/diagnosis) by extension 'cmake'
[0.419s] Level 1:colcon.colcon_core.package_identification:_identify(backup_packages/camera_ws/src/libcamera/utils/codegen/ipc/tools/diagnosis) by extension 'python'
[0.419s] Level 1:colcon.colcon_core.package_identification:_identify(backup_packages/camera_ws/src/libcamera/utils/codegen/ipc/tools/diagnosis) by extensions ['python_setup_py']
[0.419s] Level 1:colcon.colcon_core.package_identification:_identify(backup_packages/camera_ws/src/libcamera/utils/codegen/ipc/tools/diagnosis) by extension 'python_setup_py'
[0.420s] Level 1:colcon.colcon_core.package_identification:_identify(backup_packages/camera_ws/src/libcamera/utils/hooks) by extensions ['ignore', 'ignore_ament_install']
[0.420s] Level 1:colcon.colcon_core.package_identification:_identify(backup_packages/camera_ws/src/libcamera/utils/hooks) by extension 'ignore'
[0.420s] Level 1:colcon.colcon_core.package_identification:_identify(backup_packages/camera_ws/src/libcamera/utils/hooks) by extension 'ignore_ament_install'
[0.420s] Level 1:colcon.colcon_core.package_identification:_identify(backup_packages/camera_ws/src/libcamera/utils/hooks) by extensions ['colcon_pkg']
[0.420s] Level 1:colcon.colcon_core.package_identification:_identify(backup_packages/camera_ws/src/libcamera/utils/hooks) by extension 'colcon_pkg'
[0.420s] Level 1:colcon.colcon_core.package_identification:_identify(backup_packages/camera_ws/src/libcamera/utils/hooks) by extensions ['colcon_meta']
[0.420s] Level 1:colcon.colcon_core.package_identification:_identify(backup_packages/camera_ws/src/libcamera/utils/hooks) by extension 'colcon_meta'
[0.420s] Level 1:colcon.colcon_core.package_identification:_identify(backup_packages/camera_ws/src/libcamera/utils/hooks) by extensions ['ros']
[0.420s] Level 1:colcon.colcon_core.package_identification:_identify(backup_packages/camera_ws/src/libcamera/utils/hooks) by extension 'ros'
[0.420s] Level 1:colcon.colcon_core.package_identification:_identify(backup_packages/camera_ws/src/libcamera/utils/hooks) by extensions ['cmake', 'python']
[0.420s] Level 1:colcon.colcon_core.package_identification:_identify(backup_packages/camera_ws/src/libcamera/utils/hooks) by extension 'cmake'
[0.420s] Level 1:colcon.colcon_core.package_identification:_identify(backup_packages/camera_ws/src/libcamera/utils/hooks) by extension 'python'
[0.420s] Level 1:colcon.colcon_core.package_identification:_identify(backup_packages/camera_ws/src/libcamera/utils/hooks) by extensions ['python_setup_py']
[0.420s] Level 1:colcon.colcon_core.package_identification:_identify(backup_packages/camera_ws/src/libcamera/utils/hooks) by extension 'python_setup_py'
[0.420s] Level 1:colcon.colcon_core.package_identification:_identify(backup_packages/camera_ws/src/libcamera/utils/ipu3) by extensions ['ignore', 'ignore_ament_install']
[0.420s] Level 1:colcon.colcon_core.package_identification:_identify(backup_packages/camera_ws/src/libcamera/utils/ipu3) by extension 'ignore'
[0.420s] Level 1:colcon.colcon_core.package_identification:_identify(backup_packages/camera_ws/src/libcamera/utils/ipu3) by extension 'ignore_ament_install'
[0.420s] Level 1:colcon.colcon_core.package_identification:_identify(backup_packages/camera_ws/src/libcamera/utils/ipu3) by extensions ['colcon_pkg']
[0.420s] Level 1:colcon.colcon_core.package_identification:_identify(backup_packages/camera_ws/src/libcamera/utils/ipu3) by extension 'colcon_pkg'
[0.420s] Level 1:colcon.colcon_core.package_identification:_identify(backup_packages/camera_ws/src/libcamera/utils/ipu3) by extensions ['colcon_meta']
[0.420s] Level 1:colcon.colcon_core.package_identification:_identify(backup_packages/camera_ws/src/libcamera/utils/ipu3) by extension 'colcon_meta'
[0.420s] Level 1:colcon.colcon_core.package_identification:_identify(backup_packages/camera_ws/src/libcamera/utils/ipu3) by extensions ['ros']
[0.420s] Level 1:colcon.colcon_core.package_identification:_identify(backup_packages/camera_ws/src/libcamera/utils/ipu3) by extension 'ros'
[0.420s] Level 1:colcon.colcon_core.package_identification:_identify(backup_packages/camera_ws/src/libcamera/utils/ipu3) by extensions ['cmake', 'python']
[0.420s] Level 1:colcon.colcon_core.package_identification:_identify(backup_packages/camera_ws/src/libcamera/utils/ipu3) by extension 'cmake'
[0.420s] Level 1:colcon.colcon_core.package_identification:_identify(backup_packages/camera_ws/src/libcamera/utils/ipu3) by extension 'python'
[0.420s] Level 1:colcon.colcon_core.package_identification:_identify(backup_packages/camera_ws/src/libcamera/utils/ipu3) by extensions ['python_setup_py']
[0.420s] Level 1:colcon.colcon_core.package_identification:_identify(backup_packages/camera_ws/src/libcamera/utils/ipu3) by extension 'python_setup_py'
[0.421s] Level 1:colcon.colcon_core.package_identification:_identify(backup_packages/camera_ws/src/libcamera/utils/raspberrypi) by extensions ['ignore', 'ignore_ament_install']
[0.421s] Level 1:colcon.colcon_core.package_identification:_identify(backup_packages/camera_ws/src/libcamera/utils/raspberrypi) by extension 'ignore'
[0.421s] Level 1:colcon.colcon_core.package_identification:_identify(backup_packages/camera_ws/src/libcamera/utils/raspberrypi) by extension 'ignore_ament_install'
[0.421s] Level 1:colcon.colcon_core.package_identification:_identify(backup_packages/camera_ws/src/libcamera/utils/raspberrypi) by extensions ['colcon_pkg']
[0.421s] Level 1:colcon.colcon_core.package_identification:_identify(backup_packages/camera_ws/src/libcamera/utils/raspberrypi) by extension 'colcon_pkg'
[0.421s] Level 1:colcon.colcon_core.package_identification:_identify(backup_packages/camera_ws/src/libcamera/utils/raspberrypi) by extensions ['colcon_meta']
[0.421s] Level 1:colcon.colcon_core.package_identification:_identify(backup_packages/camera_ws/src/libcamera/utils/raspberrypi) by extension 'colcon_meta'
[0.421s] Level 1:colcon.colcon_core.package_identification:_identify(backup_packages/camera_ws/src/libcamera/utils/raspberrypi) by extensions ['ros']
[0.421s] Level 1:colcon.colcon_core.package_identification:_identify(backup_packages/camera_ws/src/libcamera/utils/raspberrypi) by extension 'ros'
[0.421s] Level 1:colcon.colcon_core.package_identification:_identify(backup_packages/camera_ws/src/libcamera/utils/raspberrypi) by extensions ['cmake', 'python']
[0.421s] Level 1:colcon.colcon_core.package_identification:_identify(backup_packages/camera_ws/src/libcamera/utils/raspberrypi) by extension 'cmake'
[0.421s] Level 1:colcon.colcon_core.package_identification:_identify(backup_packages/camera_ws/src/libcamera/utils/raspberrypi) by extension 'python'
[0.421s] Level 1:colcon.colcon_core.package_identification:_identify(backup_packages/camera_ws/src/libcamera/utils/raspberrypi) by extensions ['python_setup_py']
[0.421s] Level 1:colcon.colcon_core.package_identification:_identify(backup_packages/camera_ws/src/libcamera/utils/raspberrypi) by extension 'python_setup_py'
[0.421s] Level 1:colcon.colcon_core.package_identification:_identify(backup_packages/camera_ws/src/libcamera/utils/raspberrypi/ctt) by extensions ['ignore', 'ignore_ament_install']
[0.421s] Level 1:colcon.colcon_core.package_identification:_identify(backup_packages/camera_ws/src/libcamera/utils/raspberrypi/ctt) by extension 'ignore'
[0.421s] Level 1:colcon.colcon_core.package_identification:_identify(backup_packages/camera_ws/src/libcamera/utils/raspberrypi/ctt) by extension 'ignore_ament_install'
[0.421s] Level 1:colcon.colcon_core.package_identification:_identify(backup_packages/camera_ws/src/libcamera/utils/raspberrypi/ctt) by extensions ['colcon_pkg']
[0.421s] Level 1:colcon.colcon_core.package_identification:_identify(backup_packages/camera_ws/src/libcamera/utils/raspberrypi/ctt) by extension 'colcon_pkg'
[0.421s] Level 1:colcon.colcon_core.package_identification:_identify(backup_packages/camera_ws/src/libcamera/utils/raspberrypi/ctt) by extensions ['colcon_meta']
[0.421s] Level 1:colcon.colcon_core.package_identification:_identify(backup_packages/camera_ws/src/libcamera/utils/raspberrypi/ctt) by extension 'colcon_meta'
[0.421s] Level 1:colcon.colcon_core.package_identification:_identify(backup_packages/camera_ws/src/libcamera/utils/raspberrypi/ctt) by extensions ['ros']
[0.421s] Level 1:colcon.colcon_core.package_identification:_identify(backup_packages/camera_ws/src/libcamera/utils/raspberrypi/ctt) by extension 'ros'
[0.421s] Level 1:colcon.colcon_core.package_identification:_identify(backup_packages/camera_ws/src/libcamera/utils/raspberrypi/ctt) by extensions ['cmake', 'python']
[0.421s] Level 1:colcon.colcon_core.package_identification:_identify(backup_packages/camera_ws/src/libcamera/utils/raspberrypi/ctt) by extension 'cmake'
[0.421s] Level 1:colcon.colcon_core.package_identification:_identify(backup_packages/camera_ws/src/libcamera/utils/raspberrypi/ctt) by extension 'python'
[0.422s] Level 1:colcon.colcon_core.package_identification:_identify(backup_packages/camera_ws/src/libcamera/utils/raspberrypi/ctt) by extensions ['python_setup_py']
[0.422s] Level 1:colcon.colcon_core.package_identification:_identify(backup_packages/camera_ws/src/libcamera/utils/raspberrypi/ctt) by extension 'python_setup_py'
[0.422s] Level 1:colcon.colcon_core.package_identification:_identify(backup_packages/camera_ws/src/libcamera/utils/rkisp1) by extensions ['ignore', 'ignore_ament_install']
[0.422s] Level 1:colcon.colcon_core.package_identification:_identify(backup_packages/camera_ws/src/libcamera/utils/rkisp1) by extension 'ignore'
[0.422s] Level 1:colcon.colcon_core.package_identification:_identify(backup_packages/camera_ws/src/libcamera/utils/rkisp1) by extension 'ignore_ament_install'
[0.422s] Level 1:colcon.colcon_core.package_identification:_identify(backup_packages/camera_ws/src/libcamera/utils/rkisp1) by extensions ['colcon_pkg']
[0.422s] Level 1:colcon.colcon_core.package_identification:_identify(backup_packages/camera_ws/src/libcamera/utils/rkisp1) by extension 'colcon_pkg'
[0.422s] Level 1:colcon.colcon_core.package_identification:_identify(backup_packages/camera_ws/src/libcamera/utils/rkisp1) by extensions ['colcon_meta']
[0.422s] Level 1:colcon.colcon_core.package_identification:_identify(backup_packages/camera_ws/src/libcamera/utils/rkisp1) by extension 'colcon_meta'
[0.422s] Level 1:colcon.colcon_core.package_identification:_identify(backup_packages/camera_ws/src/libcamera/utils/rkisp1) by extensions ['ros']
[0.422s] Level 1:colcon.colcon_core.package_identification:_identify(backup_packages/camera_ws/src/libcamera/utils/rkisp1) by extension 'ros'
[0.422s] Level 1:colcon.colcon_core.package_identification:_identify(backup_packages/camera_ws/src/libcamera/utils/rkisp1) by extensions ['cmake', 'python']
[0.422s] Level 1:colcon.colcon_core.package_identification:_identify(backup_packages/camera_ws/src/libcamera/utils/rkisp1) by extension 'cmake'
[0.422s] Level 1:colcon.colcon_core.package_identification:_identify(backup_packages/camera_ws/src/libcamera/utils/rkisp1) by extension 'python'
[0.422s] Level 1:colcon.colcon_core.package_identification:_identify(backup_packages/camera_ws/src/libcamera/utils/rkisp1) by extensions ['python_setup_py']
[0.422s] Level 1:colcon.colcon_core.package_identification:_identify(backup_packages/camera_ws/src/libcamera/utils/rkisp1) by extension 'python_setup_py'
[0.422s] Level 1:colcon.colcon_core.package_identification:_identify(backup_packages/camera_ws/src/libcamera/utils/tracepoints) by extensions ['ignore', 'ignore_ament_install']
[0.422s] Level 1:colcon.colcon_core.package_identification:_identify(backup_packages/camera_ws/src/libcamera/utils/tracepoints) by extension 'ignore'
[0.422s] Level 1:colcon.colcon_core.package_identification:_identify(backup_packages/camera_ws/src/libcamera/utils/tracepoints) by extension 'ignore_ament_install'
[0.422s] Level 1:colcon.colcon_core.package_identification:_identify(backup_packages/camera_ws/src/libcamera/utils/tracepoints) by extensions ['colcon_pkg']
[0.422s] Level 1:colcon.colcon_core.package_identification:_identify(backup_packages/camera_ws/src/libcamera/utils/tracepoints) by extension 'colcon_pkg'
[0.422s] Level 1:colcon.colcon_core.package_identification:_identify(backup_packages/camera_ws/src/libcamera/utils/tracepoints) by extensions ['colcon_meta']
[0.422s] Level 1:colcon.colcon_core.package_identification:_identify(backup_packages/camera_ws/src/libcamera/utils/tracepoints) by extension 'colcon_meta'
[0.422s] Level 1:colcon.colcon_core.package_identification:_identify(backup_packages/camera_ws/src/libcamera/utils/tracepoints) by extensions ['ros']
[0.422s] Level 1:colcon.colcon_core.package_identification:_identify(backup_packages/camera_ws/src/libcamera/utils/tracepoints) by extension 'ros'
[0.422s] Level 1:colcon.colcon_core.package_identification:_identify(backup_packages/camera_ws/src/libcamera/utils/tracepoints) by extensions ['cmake', 'python']
[0.422s] Level 1:colcon.colcon_core.package_identification:_identify(backup_packages/camera_ws/src/libcamera/utils/tracepoints) by extension 'cmake'
[0.423s] Level 1:colcon.colcon_core.package_identification:_identify(backup_packages/camera_ws/src/libcamera/utils/tracepoints) by extension 'python'
[0.423s] Level 1:colcon.colcon_core.package_identification:_identify(backup_packages/camera_ws/src/libcamera/utils/tracepoints) by extensions ['python_setup_py']
[0.423s] Level 1:colcon.colcon_core.package_identification:_identify(backup_packages/camera_ws/src/libcamera/utils/tracepoints) by extension 'python_setup_py'
[0.423s] Level 1:colcon.colcon_core.package_identification:_identify(backup_packages/camera_ws/src/libcamera/utils/tuning) by extensions ['ignore', 'ignore_ament_install']
[0.423s] Level 1:colcon.colcon_core.package_identification:_identify(backup_packages/camera_ws/src/libcamera/utils/tuning) by extension 'ignore'
[0.423s] Level 1:colcon.colcon_core.package_identification:_identify(backup_packages/camera_ws/src/libcamera/utils/tuning) by extension 'ignore_ament_install'
[0.423s] Level 1:colcon.colcon_core.package_identification:_identify(backup_packages/camera_ws/src/libcamera/utils/tuning) by extensions ['colcon_pkg']
[0.423s] Level 1:colcon.colcon_core.package_identification:_identify(backup_packages/camera_ws/src/libcamera/utils/tuning) by extension 'colcon_pkg'
[0.423s] Level 1:colcon.colcon_core.package_identification:_identify(backup_packages/camera_ws/src/libcamera/utils/tuning) by extensions ['colcon_meta']
[0.423s] Level 1:colcon.colcon_core.package_identification:_identify(backup_packages/camera_ws/src/libcamera/utils/tuning) by extension 'colcon_meta'
[0.423s] Level 1:colcon.colcon_core.package_identification:_identify(backup_packages/camera_ws/src/libcamera/utils/tuning) by extensions ['ros']
[0.423s] Level 1:colcon.colcon_core.package_identification:_identify(backup_packages/camera_ws/src/libcamera/utils/tuning) by extension 'ros'
[0.423s] Level 1:colcon.colcon_core.package_identification:_identify(backup_packages/camera_ws/src/libcamera/utils/tuning) by extensions ['cmake', 'python']
[0.423s] Level 1:colcon.colcon_core.package_identification:_identify(backup_packages/camera_ws/src/libcamera/utils/tuning) by extension 'cmake'
[0.423s] Level 1:colcon.colcon_core.package_identification:_identify(backup_packages/camera_ws/src/libcamera/utils/tuning) by extension 'python'
[0.423s] Level 1:colcon.colcon_core.package_identification:_identify(backup_packages/camera_ws/src/libcamera/utils/tuning) by extensions ['python_setup_py']
[0.423s] Level 1:colcon.colcon_core.package_identification:_identify(backup_packages/camera_ws/src/libcamera/utils/tuning) by extension 'python_setup_py'
[0.423s] Level 1:colcon.colcon_core.package_identification:_identify(backup_packages/camera_ws/src/libcamera/utils/tuning/libtuning) by extensions ['ignore', 'ignore_ament_install']
[0.423s] Level 1:colcon.colcon_core.package_identification:_identify(backup_packages/camera_ws/src/libcamera/utils/tuning/libtuning) by extension 'ignore'
[0.423s] Level 1:colcon.colcon_core.package_identification:_identify(backup_packages/camera_ws/src/libcamera/utils/tuning/libtuning) by extension 'ignore_ament_install'
[0.423s] Level 1:colcon.colcon_core.package_identification:_identify(backup_packages/camera_ws/src/libcamera/utils/tuning/libtuning) by extensions ['colcon_pkg']
[0.423s] Level 1:colcon.colcon_core.package_identification:_identify(backup_packages/camera_ws/src/libcamera/utils/tuning/libtuning) by extension 'colcon_pkg'
[0.423s] Level 1:colcon.colcon_core.package_identification:_identify(backup_packages/camera_ws/src/libcamera/utils/tuning/libtuning) by extensions ['colcon_meta']
[0.423s] Level 1:colcon.colcon_core.package_identification:_identify(backup_packages/camera_ws/src/libcamera/utils/tuning/libtuning) by extension 'colcon_meta'
[0.423s] Level 1:colcon.colcon_core.package_identification:_identify(backup_packages/camera_ws/src/libcamera/utils/tuning/libtuning) by extensions ['ros']
[0.423s] Level 1:colcon.colcon_core.package_identification:_identify(backup_packages/camera_ws/src/libcamera/utils/tuning/libtuning) by extension 'ros'
[0.424s] Level 1:colcon.colcon_core.package_identification:_identify(backup_packages/camera_ws/src/libcamera/utils/tuning/libtuning) by extensions ['cmake', 'python']
[0.424s] Level 1:colcon.colcon_core.package_identification:_identify(backup_packages/camera_ws/src/libcamera/utils/tuning/libtuning) by extension 'cmake'
[0.424s] Level 1:colcon.colcon_core.package_identification:_identify(backup_packages/camera_ws/src/libcamera/utils/tuning/libtuning) by extension 'python'
[0.424s] Level 1:colcon.colcon_core.package_identification:_identify(backup_packages/camera_ws/src/libcamera/utils/tuning/libtuning) by extensions ['python_setup_py']
[0.424s] Level 1:colcon.colcon_core.package_identification:_identify(backup_packages/camera_ws/src/libcamera/utils/tuning/libtuning) by extension 'python_setup_py'
[0.424s] Level 1:colcon.colcon_core.package_identification:_identify(backup_packages/camera_ws/src/libcamera/utils/tuning/libtuning/generators) by extensions ['ignore', 'ignore_ament_install']
[0.424s] Level 1:colcon.colcon_core.package_identification:_identify(backup_packages/camera_ws/src/libcamera/utils/tuning/libtuning/generators) by extension 'ignore'
[0.424s] Level 1:colcon.colcon_core.package_identification:_identify(backup_packages/camera_ws/src/libcamera/utils/tuning/libtuning/generators) by extension 'ignore_ament_install'
[0.424s] Level 1:colcon.colcon_core.package_identification:_identify(backup_packages/camera_ws/src/libcamera/utils/tuning/libtuning/generators) by extensions ['colcon_pkg']
[0.424s] Level 1:colcon.colcon_core.package_identification:_identify(backup_packages/camera_ws/src/libcamera/utils/tuning/libtuning/generators) by extension 'colcon_pkg'
[0.424s] Level 1:colcon.colcon_core.package_identification:_identify(backup_packages/camera_ws/src/libcamera/utils/tuning/libtuning/generators) by extensions ['colcon_meta']
[0.424s] Level 1:colcon.colcon_core.package_identification:_identify(backup_packages/camera_ws/src/libcamera/utils/tuning/libtuning/generators) by extension 'colcon_meta'
[0.424s] Level 1:colcon.colcon_core.package_identification:_identify(backup_packages/camera_ws/src/libcamera/utils/tuning/libtuning/generators) by extensions ['ros']
[0.424s] Level 1:colcon.colcon_core.package_identification:_identify(backup_packages/camera_ws/src/libcamera/utils/tuning/libtuning/generators) by extension 'ros'
[0.424s] Level 1:colcon.colcon_core.package_identification:_identify(backup_packages/camera_ws/src/libcamera/utils/tuning/libtuning/generators) by extensions ['cmake', 'python']
[0.424s] Level 1:colcon.colcon_core.package_identification:_identify(backup_packages/camera_ws/src/libcamera/utils/tuning/libtuning/generators) by extension 'cmake'
[0.424s] Level 1:colcon.colcon_core.package_identification:_identify(backup_packages/camera_ws/src/libcamera/utils/tuning/libtuning/generators) by extension 'python'
[0.424s] Level 1:colcon.colcon_core.package_identification:_identify(backup_packages/camera_ws/src/libcamera/utils/tuning/libtuning/generators) by extensions ['python_setup_py']
[0.424s] Level 1:colcon.colcon_core.package_identification:_identify(backup_packages/camera_ws/src/libcamera/utils/tuning/libtuning/generators) by extension 'python_setup_py'
[0.424s] Level 1:colcon.colcon_core.package_identification:_identify(backup_packages/camera_ws/src/libcamera/utils/tuning/libtuning/modules) by extensions ['ignore', 'ignore_ament_install']
[0.424s] Level 1:colcon.colcon_core.package_identification:_identify(backup_packages/camera_ws/src/libcamera/utils/tuning/libtuning/modules) by extension 'ignore'
[0.424s] Level 1:colcon.colcon_core.package_identification:_identify(backup_packages/camera_ws/src/libcamera/utils/tuning/libtuning/modules) by extension 'ignore_ament_install'
[0.424s] Level 1:colcon.colcon_core.package_identification:_identify(backup_packages/camera_ws/src/libcamera/utils/tuning/libtuning/modules) by extensions ['colcon_pkg']
[0.424s] Level 1:colcon.colcon_core.package_identification:_identify(backup_packages/camera_ws/src/libcamera/utils/tuning/libtuning/modules) by extension 'colcon_pkg'
[0.424s] Level 1:colcon.colcon_core.package_identification:_identify(backup_packages/camera_ws/src/libcamera/utils/tuning/libtuning/modules) by extensions ['colcon_meta']
[0.424s] Level 1:colcon.colcon_core.package_identification:_identify(backup_packages/camera_ws/src/libcamera/utils/tuning/libtuning/modules) by extension 'colcon_meta'
[0.425s] Level 1:colcon.colcon_core.package_identification:_identify(backup_packages/camera_ws/src/libcamera/utils/tuning/libtuning/modules) by extensions ['ros']
[0.425s] Level 1:colcon.colcon_core.package_identification:_identify(backup_packages/camera_ws/src/libcamera/utils/tuning/libtuning/modules) by extension 'ros'
[0.425s] Level 1:colcon.colcon_core.package_identification:_identify(backup_packages/camera_ws/src/libcamera/utils/tuning/libtuning/modules) by extensions ['cmake', 'python']
[0.425s] Level 1:colcon.colcon_core.package_identification:_identify(backup_packages/camera_ws/src/libcamera/utils/tuning/libtuning/modules) by extension 'cmake'
[0.425s] Level 1:colcon.colcon_core.package_identification:_identify(backup_packages/camera_ws/src/libcamera/utils/tuning/libtuning/modules) by extension 'python'
[0.425s] Level 1:colcon.colcon_core.package_identification:_identify(backup_packages/camera_ws/src/libcamera/utils/tuning/libtuning/modules) by extensions ['python_setup_py']
[0.425s] Level 1:colcon.colcon_core.package_identification:_identify(backup_packages/camera_ws/src/libcamera/utils/tuning/libtuning/modules) by extension 'python_setup_py'
[0.425s] Level 1:colcon.colcon_core.package_identification:_identify(backup_packages/camera_ws/src/libcamera/utils/tuning/libtuning/modules/agc) by extensions ['ignore', 'ignore_ament_install']
[0.425s] Level 1:colcon.colcon_core.package_identification:_identify(backup_packages/camera_ws/src/libcamera/utils/tuning/libtuning/modules/agc) by extension 'ignore'
[0.425s] Level 1:colcon.colcon_core.package_identification:_identify(backup_packages/camera_ws/src/libcamera/utils/tuning/libtuning/modules/agc) by extension 'ignore_ament_install'
[0.425s] Level 1:colcon.colcon_core.package_identification:_identify(backup_packages/camera_ws/src/libcamera/utils/tuning/libtuning/modules/agc) by extensions ['colcon_pkg']
[0.425s] Level 1:colcon.colcon_core.package_identification:_identify(backup_packages/camera_ws/src/libcamera/utils/tuning/libtuning/modules/agc) by extension 'colcon_pkg'
[0.425s] Level 1:colcon.colcon_core.package_identification:_identify(backup_packages/camera_ws/src/libcamera/utils/tuning/libtuning/modules/agc) by extensions ['colcon_meta']
[0.425s] Level 1:colcon.colcon_core.package_identification:_identify(backup_packages/camera_ws/src/libcamera/utils/tuning/libtuning/modules/agc) by extension 'colcon_meta'
[0.425s] Level 1:colcon.colcon_core.package_identification:_identify(backup_packages/camera_ws/src/libcamera/utils/tuning/libtuning/modules/agc) by extensions ['ros']
[0.425s] Level 1:colcon.colcon_core.package_identification:_identify(backup_packages/camera_ws/src/libcamera/utils/tuning/libtuning/modules/agc) by extension 'ros'
[0.425s] Level 1:colcon.colcon_core.package_identification:_identify(backup_packages/camera_ws/src/libcamera/utils/tuning/libtuning/modules/agc) by extensions ['cmake', 'python']
[0.425s] Level 1:colcon.colcon_core.package_identification:_identify(backup_packages/camera_ws/src/libcamera/utils/tuning/libtuning/modules/agc) by extension 'cmake'
[0.425s] Level 1:colcon.colcon_core.package_identification:_identify(backup_packages/camera_ws/src/libcamera/utils/tuning/libtuning/modules/agc) by extension 'python'
[0.425s] Level 1:colcon.colcon_core.package_identification:_identify(backup_packages/camera_ws/src/libcamera/utils/tuning/libtuning/modules/agc) by extensions ['python_setup_py']
[0.425s] Level 1:colcon.colcon_core.package_identification:_identify(backup_packages/camera_ws/src/libcamera/utils/tuning/libtuning/modules/agc) by extension 'python_setup_py'
[0.425s] Level 1:colcon.colcon_core.package_identification:_identify(backup_packages/camera_ws/src/libcamera/utils/tuning/libtuning/modules/awb) by extensions ['ignore', 'ignore_ament_install']
[0.425s] Level 1:colcon.colcon_core.package_identification:_identify(backup_packages/camera_ws/src/libcamera/utils/tuning/libtuning/modules/awb) by extension 'ignore'
[0.425s] Level 1:colcon.colcon_core.package_identification:_identify(backup_packages/camera_ws/src/libcamera/utils/tuning/libtuning/modules/awb) by extension 'ignore_ament_install'
[0.425s] Level 1:colcon.colcon_core.package_identification:_identify(backup_packages/camera_ws/src/libcamera/utils/tuning/libtuning/modules/awb) by extensions ['colcon_pkg']
[0.426s] Level 1:colcon.colcon_core.package_identification:_identify(backup_packages/camera_ws/src/libcamera/utils/tuning/libtuning/modules/awb) by extension 'colcon_pkg'
[0.426s] Level 1:colcon.colcon_core.package_identification:_identify(backup_packages/camera_ws/src/libcamera/utils/tuning/libtuning/modules/awb) by extensions ['colcon_meta']
[0.426s] Level 1:colcon.colcon_core.package_identification:_identify(backup_packages/camera_ws/src/libcamera/utils/tuning/libtuning/modules/awb) by extension 'colcon_meta'
[0.426s] Level 1:colcon.colcon_core.package_identification:_identify(backup_packages/camera_ws/src/libcamera/utils/tuning/libtuning/modules/awb) by extensions ['ros']
[0.426s] Level 1:colcon.colcon_core.package_identification:_identify(backup_packages/camera_ws/src/libcamera/utils/tuning/libtuning/modules/awb) by extension 'ros'
[0.426s] Level 1:colcon.colcon_core.package_identification:_identify(backup_packages/camera_ws/src/libcamera/utils/tuning/libtuning/modules/awb) by extensions ['cmake', 'python']
[0.426s] Level 1:colcon.colcon_core.package_identification:_identify(backup_packages/camera_ws/src/libcamera/utils/tuning/libtuning/modules/awb) by extension 'cmake'
[0.426s] Level 1:colcon.colcon_core.package_identification:_identify(backup_packages/camera_ws/src/libcamera/utils/tuning/libtuning/modules/awb) by extension 'python'
[0.426s] Level 1:colcon.colcon_core.package_identification:_identify(backup_packages/camera_ws/src/libcamera/utils/tuning/libtuning/modules/awb) by extensions ['python_setup_py']
[0.426s] Level 1:colcon.colcon_core.package_identification:_identify(backup_packages/camera_ws/src/libcamera/utils/tuning/libtuning/modules/awb) by extension 'python_setup_py'
[0.426s] Level 1:colcon.colcon_core.package_identification:_identify(backup_packages/camera_ws/src/libcamera/utils/tuning/libtuning/modules/ccm) by extensions ['ignore', 'ignore_ament_install']
[0.426s] Level 1:colcon.colcon_core.package_identification:_identify(backup_packages/camera_ws/src/libcamera/utils/tuning/libtuning/modules/ccm) by extension 'ignore'
[0.426s] Level 1:colcon.colcon_core.package_identification:_identify(backup_packages/camera_ws/src/libcamera/utils/tuning/libtuning/modules/ccm) by extension 'ignore_ament_install'
[0.426s] Level 1:colcon.colcon_core.package_identification:_identify(backup_packages/camera_ws/src/libcamera/utils/tuning/libtuning/modules/ccm) by extensions ['colcon_pkg']
[0.426s] Level 1:colcon.colcon_core.package_identification:_identify(backup_packages/camera_ws/src/libcamera/utils/tuning/libtuning/modules/ccm) by extension 'colcon_pkg'
[0.426s] Level 1:colcon.colcon_core.package_identification:_identify(backup_packages/camera_ws/src/libcamera/utils/tuning/libtuning/modules/ccm) by extensions ['colcon_meta']
[0.426s] Level 1:colcon.colcon_core.package_identification:_identify(backup_packages/camera_ws/src/libcamera/utils/tuning/libtuning/modules/ccm) by extension 'colcon_meta'
[0.426s] Level 1:colcon.colcon_core.package_identification:_identify(backup_packages/camera_ws/src/libcamera/utils/tuning/libtuning/modules/ccm) by extensions ['ros']
[0.426s] Level 1:colcon.colcon_core.package_identification:_identify(backup_packages/camera_ws/src/libcamera/utils/tuning/libtuning/modules/ccm) by extension 'ros'
[0.426s] Level 1:colcon.colcon_core.package_identification:_identify(backup_packages/camera_ws/src/libcamera/utils/tuning/libtuning/modules/ccm) by extensions ['cmake', 'python']
[0.426s] Level 1:colcon.colcon_core.package_identification:_identify(backup_packages/camera_ws/src/libcamera/utils/tuning/libtuning/modules/ccm) by extension 'cmake'
[0.426s] Level 1:colcon.colcon_core.package_identification:_identify(backup_packages/camera_ws/src/libcamera/utils/tuning/libtuning/modules/ccm) by extension 'python'
[0.426s] Level 1:colcon.colcon_core.package_identification:_identify(backup_packages/camera_ws/src/libcamera/utils/tuning/libtuning/modules/ccm) by extensions ['python_setup_py']
[0.426s] Level 1:colcon.colcon_core.package_identification:_identify(backup_packages/camera_ws/src/libcamera/utils/tuning/libtuning/modules/ccm) by extension 'python_setup_py'
[0.426s] Level 1:colcon.colcon_core.package_identification:_identify(backup_packages/camera_ws/src/libcamera/utils/tuning/libtuning/modules/lsc) by extensions ['ignore', 'ignore_ament_install']
[0.427s] Level 1:colcon.colcon_core.package_identification:_identify(backup_packages/camera_ws/src/libcamera/utils/tuning/libtuning/modules/lsc) by extension 'ignore'
[0.427s] Level 1:colcon.colcon_core.package_identification:_identify(backup_packages/camera_ws/src/libcamera/utils/tuning/libtuning/modules/lsc) by extension 'ignore_ament_install'
[0.427s] Level 1:colcon.colcon_core.package_identification:_identify(backup_packages/camera_ws/src/libcamera/utils/tuning/libtuning/modules/lsc) by extensions ['colcon_pkg']
[0.427s] Level 1:colcon.colcon_core.package_identification:_identify(backup_packages/camera_ws/src/libcamera/utils/tuning/libtuning/modules/lsc) by extension 'colcon_pkg'
[0.427s] Level 1:colcon.colcon_core.package_identification:_identify(backup_packages/camera_ws/src/libcamera/utils/tuning/libtuning/modules/lsc) by extensions ['colcon_meta']
[0.427s] Level 1:colcon.colcon_core.package_identification:_identify(backup_packages/camera_ws/src/libcamera/utils/tuning/libtuning/modules/lsc) by extension 'colcon_meta'
[0.427s] Level 1:colcon.colcon_core.package_identification:_identify(backup_packages/camera_ws/src/libcamera/utils/tuning/libtuning/modules/lsc) by extensions ['ros']
[0.427s] Level 1:colcon.colcon_core.package_identification:_identify(backup_packages/camera_ws/src/libcamera/utils/tuning/libtuning/modules/lsc) by extension 'ros'
[0.427s] Level 1:colcon.colcon_core.package_identification:_identify(backup_packages/camera_ws/src/libcamera/utils/tuning/libtuning/modules/lsc) by extensions ['cmake', 'python']
[0.427s] Level 1:colcon.colcon_core.package_identification:_identify(backup_packages/camera_ws/src/libcamera/utils/tuning/libtuning/modules/lsc) by extension 'cmake'
[0.427s] Level 1:colcon.colcon_core.package_identification:_identify(backup_packages/camera_ws/src/libcamera/utils/tuning/libtuning/modules/lsc) by extension 'python'
[0.427s] Level 1:colcon.colcon_core.package_identification:_identify(backup_packages/camera_ws/src/libcamera/utils/tuning/libtuning/modules/lsc) by extensions ['python_setup_py']
[0.427s] Level 1:colcon.colcon_core.package_identification:_identify(backup_packages/camera_ws/src/libcamera/utils/tuning/libtuning/modules/lsc) by extension 'python_setup_py'
[0.427s] Level 1:colcon.colcon_core.package_identification:_identify(backup_packages/camera_ws/src/libcamera/utils/tuning/libtuning/modules/lux) by extensions ['ignore', 'ignore_ament_install']
[0.427s] Level 1:colcon.colcon_core.package_identification:_identify(backup_packages/camera_ws/src/libcamera/utils/tuning/libtuning/modules/lux) by extension 'ignore'
[0.427s] Level 1:colcon.colcon_core.package_identification:_identify(backup_packages/camera_ws/src/libcamera/utils/tuning/libtuning/modules/lux) by extension 'ignore_ament_install'
[0.427s] Level 1:colcon.colcon_core.package_identification:_identify(backup_packages/camera_ws/src/libcamera/utils/tuning/libtuning/modules/lux) by extensions ['colcon_pkg']
[0.427s] Level 1:colcon.colcon_core.package_identification:_identify(backup_packages/camera_ws/src/libcamera/utils/tuning/libtuning/modules/lux) by extension 'colcon_pkg'
[0.427s] Level 1:colcon.colcon_core.package_identification:_identify(backup_packages/camera_ws/src/libcamera/utils/tuning/libtuning/modules/lux) by extensions ['colcon_meta']
[0.427s] Level 1:colcon.colcon_core.package_identification:_identify(backup_packages/camera_ws/src/libcamera/utils/tuning/libtuning/modules/lux) by extension 'colcon_meta'
[0.427s] Level 1:colcon.colcon_core.package_identification:_identify(backup_packages/camera_ws/src/libcamera/utils/tuning/libtuning/modules/lux) by extensions ['ros']
[0.427s] Level 1:colcon.colcon_core.package_identification:_identify(backup_packages/camera_ws/src/libcamera/utils/tuning/libtuning/modules/lux) by extension 'ros'
[0.427s] Level 1:colcon.colcon_core.package_identification:_identify(backup_packages/camera_ws/src/libcamera/utils/tuning/libtuning/modules/lux) by extensions ['cmake', 'python']
[0.427s] Level 1:colcon.colcon_core.package_identification:_identify(backup_packages/camera_ws/src/libcamera/utils/tuning/libtuning/modules/lux) by extension 'cmake'
[0.427s] Level 1:colcon.colcon_core.package_identification:_identify(backup_packages/camera_ws/src/libcamera/utils/tuning/libtuning/modules/lux) by extension 'python'
[0.427s] Level 1:colcon.colcon_core.package_identification:_identify(backup_packages/camera_ws/src/libcamera/utils/tuning/libtuning/modules/lux) by extensions ['python_setup_py']
[0.427s] Level 1:colcon.colcon_core.package_identification:_identify(backup_packages/camera_ws/src/libcamera/utils/tuning/libtuning/modules/lux) by extension 'python_setup_py'
[0.428s] Level 1:colcon.colcon_core.package_identification:_identify(backup_packages/camera_ws/src/libcamera/utils/tuning/libtuning/parsers) by extensions ['ignore', 'ignore_ament_install']
[0.428s] Level 1:colcon.colcon_core.package_identification:_identify(backup_packages/camera_ws/src/libcamera/utils/tuning/libtuning/parsers) by extension 'ignore'
[0.428s] Level 1:colcon.colcon_core.package_identification:_identify(backup_packages/camera_ws/src/libcamera/utils/tuning/libtuning/parsers) by extension 'ignore_ament_install'
[0.428s] Level 1:colcon.colcon_core.package_identification:_identify(backup_packages/camera_ws/src/libcamera/utils/tuning/libtuning/parsers) by extensions ['colcon_pkg']
[0.428s] Level 1:colcon.colcon_core.package_identification:_identify(backup_packages/camera_ws/src/libcamera/utils/tuning/libtuning/parsers) by extension 'colcon_pkg'
[0.428s] Level 1:colcon.colcon_core.package_identification:_identify(backup_packages/camera_ws/src/libcamera/utils/tuning/libtuning/parsers) by extensions ['colcon_meta']
[0.428s] Level 1:colcon.colcon_core.package_identification:_identify(backup_packages/camera_ws/src/libcamera/utils/tuning/libtuning/parsers) by extension 'colcon_meta'
[0.428s] Level 1:colcon.colcon_core.package_identification:_identify(backup_packages/camera_ws/src/libcamera/utils/tuning/libtuning/parsers) by extensions ['ros']
[0.428s] Level 1:colcon.colcon_core.package_identification:_identify(backup_packages/camera_ws/src/libcamera/utils/tuning/libtuning/parsers) by extension 'ros'
[0.428s] Level 1:colcon.colcon_core.package_identification:_identify(backup_packages/camera_ws/src/libcamera/utils/tuning/libtuning/parsers) by extensions ['cmake', 'python']
[0.428s] Level 1:colcon.colcon_core.package_identification:_identify(backup_packages/camera_ws/src/libcamera/utils/tuning/libtuning/parsers) by extension 'cmake'
[0.428s] Level 1:colcon.colcon_core.package_identification:_identify(backup_packages/camera_ws/src/libcamera/utils/tuning/libtuning/parsers) by extension 'python'
[0.428s] Level 1:colcon.colcon_core.package_identification:_identify(backup_packages/camera_ws/src/libcamera/utils/tuning/libtuning/parsers) by extensions ['python_setup_py']
[0.428s] Level 1:colcon.colcon_core.package_identification:_identify(backup_packages/camera_ws/src/libcamera/utils/tuning/libtuning/parsers) by extension 'python_setup_py'
[0.428s] Level 1:colcon.colcon_core.package_identification:_identify(backup_packages/camera_ws/src/libcamera/utils/tuning/raspberrypi) by extensions ['ignore', 'ignore_ament_install']
[0.428s] Level 1:colcon.colcon_core.package_identification:_identify(backup_packages/camera_ws/src/libcamera/utils/tuning/raspberrypi) by extension 'ignore'
[0.428s] Level 1:colcon.colcon_core.package_identification:_identify(backup_packages/camera_ws/src/libcamera/utils/tuning/raspberrypi) by extension 'ignore_ament_install'
[0.428s] Level 1:colcon.colcon_core.package_identification:_identify(backup_packages/camera_ws/src/libcamera/utils/tuning/raspberrypi) by extensions ['colcon_pkg']
[0.428s] Level 1:colcon.colcon_core.package_identification:_identify(backup_packages/camera_ws/src/libcamera/utils/tuning/raspberrypi) by extension 'colcon_pkg'
[0.428s] Level 1:colcon.colcon_core.package_identification:_identify(backup_packages/camera_ws/src/libcamera/utils/tuning/raspberrypi) by extensions ['colcon_meta']
[0.428s] Level 1:colcon.colcon_core.package_identification:_identify(backup_packages/camera_ws/src/libcamera/utils/tuning/raspberrypi) by extension 'colcon_meta'
[0.428s] Level 1:colcon.colcon_core.package_identification:_identify(backup_packages/camera_ws/src/libcamera/utils/tuning/raspberrypi) by extensions ['ros']
[0.428s] Level 1:colcon.colcon_core.package_identification:_identify(backup_packages/camera_ws/src/libcamera/utils/tuning/raspberrypi) by extension 'ros'
[0.428s] Level 1:colcon.colcon_core.package_identification:_identify(backup_packages/camera_ws/src/libcamera/utils/tuning/raspberrypi) by extensions ['cmake', 'python']
[0.428s] Level 1:colcon.colcon_core.package_identification:_identify(backup_packages/camera_ws/src/libcamera/utils/tuning/raspberrypi) by extension 'cmake'
[0.428s] Level 1:colcon.colcon_core.package_identification:_identify(backup_packages/camera_ws/src/libcamera/utils/tuning/raspberrypi) by extension 'python'
[0.428s] Level 1:colcon.colcon_core.package_identification:_identify(backup_packages/camera_ws/src/libcamera/utils/tuning/raspberrypi) by extensions ['python_setup_py']
[0.429s] Level 1:colcon.colcon_core.package_identification:_identify(backup_packages/camera_ws/src/libcamera/utils/tuning/raspberrypi) by extension 'python_setup_py'
[0.429s] Level 1:colcon.colcon_core.package_identification:_identify(backup_packages/camera_ws/src/nv21_converter_pkg) by extensions ['ignore', 'ignore_ament_install']
[0.429s] Level 1:colcon.colcon_core.package_identification:_identify(backup_packages/camera_ws/src/nv21_converter_pkg) by extension 'ignore'
[0.429s] Level 1:colcon.colcon_core.package_identification:_identify(backup_packages/camera_ws/src/nv21_converter_pkg) by extension 'ignore_ament_install'
[0.429s] Level 1:colcon.colcon_core.package_identification:_identify(backup_packages/camera_ws/src/nv21_converter_pkg) by extensions ['colcon_pkg']
[0.429s] Level 1:colcon.colcon_core.package_identification:_identify(backup_packages/camera_ws/src/nv21_converter_pkg) by extension 'colcon_pkg'
[0.429s] Level 1:colcon.colcon_core.package_identification:_identify(backup_packages/camera_ws/src/nv21_converter_pkg) by extensions ['colcon_meta']
[0.429s] Level 1:colcon.colcon_core.package_identification:_identify(backup_packages/camera_ws/src/nv21_converter_pkg) by extension 'colcon_meta'
[0.429s] Level 1:colcon.colcon_core.package_identification:_identify(backup_packages/camera_ws/src/nv21_converter_pkg) by extensions ['ros']
[0.429s] Level 1:colcon.colcon_core.package_identification:_identify(backup_packages/camera_ws/src/nv21_converter_pkg) by extension 'ros'
[0.430s] DEBUG:colcon.colcon_core.package_identification:Package 'backup_packages/camera_ws/src/nv21_converter_pkg' with type 'ros.ament_python' and name 'nv21_converter_pkg'
[0.430s] Level 1:colcon.colcon_core.package_identification:_identify(backup_packages/robot_sensors) by extensions ['ignore', 'ignore_ament_install']
[0.430s] Level 1:colcon.colcon_core.package_identification:_identify(backup_packages/robot_sensors) by extension 'ignore'
[0.430s] Level 1:colcon.colcon_core.package_identification:_identify(backup_packages/robot_sensors) by extension 'ignore_ament_install'
[0.430s] Level 1:colcon.colcon_core.package_identification:_identify(backup_packages/robot_sensors) by extensions ['colcon_pkg']
[0.430s] Level 1:colcon.colcon_core.package_identification:_identify(backup_packages/robot_sensors) by extension 'colcon_pkg'
[0.430s] Level 1:colcon.colcon_core.package_identification:_identify(backup_packages/robot_sensors) by extensions ['colcon_meta']
[0.430s] Level 1:colcon.colcon_core.package_identification:_identify(backup_packages/robot_sensors) by extension 'colcon_meta'
[0.430s] Level 1:colcon.colcon_core.package_identification:_identify(backup_packages/robot_sensors) by extensions ['ros']
[0.430s] Level 1:colcon.colcon_core.package_identification:_identify(backup_packages/robot_sensors) by extension 'ros'
[0.432s] DEBUG:colcon.colcon_core.package_identification:Package 'backup_packages/robot_sensors' with type 'ros.ament_python' and name 'robot_sensors'
[0.432s] Level 1:colcon.colcon_core.package_identification:_identify(backup_packages/ros2arduino_bridge) by extensions ['ignore', 'ignore_ament_install']
[0.432s] Level 1:colcon.colcon_core.package_identification:_identify(backup_packages/ros2arduino_bridge) by extension 'ignore'
[0.432s] Level 1:colcon.colcon_core.package_identification:_identify(backup_packages/ros2arduino_bridge) by extension 'ignore_ament_install'
[0.432s] Level 1:colcon.colcon_core.package_identification:_identify(backup_packages/ros2arduino_bridge) by extensions ['colcon_pkg']
[0.432s] Level 1:colcon.colcon_core.package_identification:_identify(backup_packages/ros2arduino_bridge) by extension 'colcon_pkg'
[0.432s] Level 1:colcon.colcon_core.package_identification:_identify(backup_packages/ros2arduino_bridge) by extensions ['colcon_meta']
[0.432s] Level 1:colcon.colcon_core.package_identification:_identify(backup_packages/ros2arduino_bridge) by extension 'colcon_meta'
[0.432s] Level 1:colcon.colcon_core.package_identification:_identify(backup_packages/ros2arduino_bridge) by extensions ['ros']
[0.432s] Level 1:colcon.colcon_core.package_identification:_identify(backup_packages/ros2arduino_bridge) by extension 'ros'
[0.433s] DEBUG:colcon.colcon_core.package_identification:Package 'backup_packages/ros2arduino_bridge' with type 'ros.ament_python' and name 'ros2arduino_bridge'
[0.433s] Level 1:colcon.colcon_core.package_identification:_identify(backup_packages/vision_system) by extensions ['ignore', 'ignore_ament_install']
[0.433s] Level 1:colcon.colcon_core.package_identification:_identify(backup_packages/vision_system) by extension 'ignore'
[0.433s] Level 1:colcon.colcon_core.package_identification:_identify(backup_packages/vision_system) by extension 'ignore_ament_install'
[0.433s] Level 1:colcon.colcon_core.package_identification:_identify(backup_packages/vision_system) by extensions ['colcon_pkg']
[0.433s] Level 1:colcon.colcon_core.package_identification:_identify(backup_packages/vision_system) by extension 'colcon_pkg'
[0.433s] Level 1:colcon.colcon_core.package_identification:_identify(backup_packages/vision_system) by extensions ['colcon_meta']
[0.433s] Level 1:colcon.colcon_core.package_identification:_identify(backup_packages/vision_system) by extension 'colcon_meta'
[0.433s] Level 1:colcon.colcon_core.package_identification:_identify(backup_packages/vision_system) by extensions ['ros']
[0.433s] Level 1:colcon.colcon_core.package_identification:_identify(backup_packages/vision_system) by extension 'ros'
[0.434s] DEBUG:colcon.colcon_core.package_identification:Package 'backup_packages/vision_system' with type 'ros.ament_python' and name 'vision_system'
[0.434s] Level 1:colcon.colcon_core.package_identification:_identify(backup_redundant_launch_files) by extensions ['ignore', 'ignore_ament_install']
[0.434s] Level 1:colcon.colcon_core.package_identification:_identify(backup_redundant_launch_files) by extension 'ignore'
[0.434s] Level 1:colcon.colcon_core.package_identification:_identify(backup_redundant_launch_files) by extension 'ignore_ament_install'
[0.434s] Level 1:colcon.colcon_core.package_identification:_identify(backup_redundant_launch_files) by extensions ['colcon_pkg']
[0.434s] Level 1:colcon.colcon_core.package_identification:_identify(backup_redundant_launch_files) by extension 'colcon_pkg'
[0.434s] Level 1:colcon.colcon_core.package_identification:_identify(backup_redundant_launch_files) by extensions ['colcon_meta']
[0.434s] Level 1:colcon.colcon_core.package_identification:_identify(backup_redundant_launch_files) by extension 'colcon_meta'
[0.434s] Level 1:colcon.colcon_core.package_identification:_identify(backup_redundant_launch_files) by extensions ['ros']
[0.434s] Level 1:colcon.colcon_core.package_identification:_identify(backup_redundant_launch_files) by extension 'ros'
[0.434s] Level 1:colcon.colcon_core.package_identification:_identify(backup_redundant_launch_files) by extensions ['cmake', 'python']
[0.435s] Level 1:colcon.colcon_core.package_identification:_identify(backup_redundant_launch_files) by extension 'cmake'
[0.435s] Level 1:colcon.colcon_core.package_identification:_identify(backup_redundant_launch_files) by extension 'python'
[0.435s] Level 1:colcon.colcon_core.package_identification:_identify(backup_redundant_launch_files) by extensions ['python_setup_py']
[0.435s] Level 1:colcon.colcon_core.package_identification:_identify(backup_redundant_launch_files) by extension 'python_setup_py'
[0.435s] Level 1:colcon.colcon_core.package_identification:_identify(build) by extensions ['ignore', 'ignore_ament_install']
[0.435s] Level 1:colcon.colcon_core.package_identification:_identify(build) by extension 'ignore'
[0.435s] Level 1:colcon.colcon_core.package_identification:_identify(build) ignored
[0.435s] Level 1:colcon.colcon_core.package_identification:_identify(firmware) by extensions ['ignore', 'ignore_ament_install']
[0.435s] Level 1:colcon.colcon_core.package_identification:_identify(firmware) by extension 'ignore'
[0.435s] Level 1:colcon.colcon_core.package_identification:_identify(firmware) by extension 'ignore_ament_install'
[0.435s] Level 1:colcon.colcon_core.package_identification:_identify(firmware) by extensions ['colcon_pkg']
[0.435s] Level 1:colcon.colcon_core.package_identification:_identify(firmware) by extension 'colcon_pkg'
[0.435s] Level 1:colcon.colcon_core.package_identification:_identify(firmware) by extensions ['colcon_meta']
[0.435s] Level 1:colcon.colcon_core.package_identification:_identify(firmware) by extension 'colcon_meta'
[0.435s] Level 1:colcon.colcon_core.package_identification:_identify(firmware) by extensions ['ros']
[0.435s] Level 1:colcon.colcon_core.package_identification:_identify(firmware) by extension 'ros'
[0.435s] Level 1:colcon.colcon_core.package_identification:_identify(firmware) by extensions ['cmake', 'python']
[0.435s] Level 1:colcon.colcon_core.package_identification:_identify(firmware) by extension 'cmake'
[0.435s] Level 1:colcon.colcon_core.package_identification:_identify(firmware) by extension 'python'
[0.435s] Level 1:colcon.colcon_core.package_identification:_identify(firmware) by extensions ['python_setup_py']
[0.435s] Level 1:colcon.colcon_core.package_identification:_identify(firmware) by extension 'python_setup_py'
[0.435s] Level 1:colcon.colcon_core.package_identification:_identify(firmware/arduino) by extensions ['ignore', 'ignore_ament_install']
[0.435s] Level 1:colcon.colcon_core.package_identification:_identify(firmware/arduino) by extension 'ignore'
[0.435s] Level 1:colcon.colcon_core.package_identification:_identify(firmware/arduino) by extension 'ignore_ament_install'
[0.435s] Level 1:colcon.colcon_core.package_identification:_identify(firmware/arduino) by extensions ['colcon_pkg']
[0.435s] Level 1:colcon.colcon_core.package_identification:_identify(firmware/arduino) by extension 'colcon_pkg'
[0.436s] Level 1:colcon.colcon_core.package_identification:_identify(firmware/arduino) by extensions ['colcon_meta']
[0.436s] Level 1:colcon.colcon_core.package_identification:_identify(firmware/arduino) by extension 'colcon_meta'
[0.436s] Level 1:colcon.colcon_core.package_identification:_identify(firmware/arduino) by extensions ['ros']
[0.436s] Level 1:colcon.colcon_core.package_identification:_identify(firmware/arduino) by extension 'ros'
[0.436s] Level 1:colcon.colcon_core.package_identification:_identify(firmware/arduino) by extensions ['cmake', 'python']
[0.436s] Level 1:colcon.colcon_core.package_identification:_identify(firmware/arduino) by extension 'cmake'
[0.436s] Level 1:colcon.colcon_core.package_identification:_identify(firmware/arduino) by extension 'python'
[0.436s] Level 1:colcon.colcon_core.package_identification:_identify(firmware/arduino) by extensions ['python_setup_py']
[0.436s] Level 1:colcon.colcon_core.package_identification:_identify(firmware/arduino) by extension 'python_setup_py'
[0.436s] Level 1:colcon.colcon_core.package_identification:_identify(firmware/arduino/ros2_motor_controller) by extensions ['ignore', 'ignore_ament_install']
[0.436s] Level 1:colcon.colcon_core.package_identification:_identify(firmware/arduino/ros2_motor_controller) by extension 'ignore'
[0.436s] Level 1:colcon.colcon_core.package_identification:_identify(firmware/arduino/ros2_motor_controller) by extension 'ignore_ament_install'
[0.436s] Level 1:colcon.colcon_core.package_identification:_identify(firmware/arduino/ros2_motor_controller) by extensions ['colcon_pkg']
[0.436s] Level 1:colcon.colcon_core.package_identification:_identify(firmware/arduino/ros2_motor_controller) by extension 'colcon_pkg'
[0.436s] Level 1:colcon.colcon_core.package_identification:_identify(firmware/arduino/ros2_motor_controller) by extensions ['colcon_meta']
[0.436s] Level 1:colcon.colcon_core.package_identification:_identify(firmware/arduino/ros2_motor_controller) by extension 'colcon_meta'
[0.436s] Level 1:colcon.colcon_core.package_identification:_identify(firmware/arduino/ros2_motor_controller) by extensions ['ros']
[0.436s] Level 1:colcon.colcon_core.package_identification:_identify(firmware/arduino/ros2_motor_controller) by extension 'ros'
[0.436s] Level 1:colcon.colcon_core.package_identification:_identify(firmware/arduino/ros2_motor_controller) by extensions ['cmake', 'python']
[0.436s] Level 1:colcon.colcon_core.package_identification:_identify(firmware/arduino/ros2_motor_controller) by extension 'cmake'
[0.436s] Level 1:colcon.colcon_core.package_identification:_identify(firmware/arduino/ros2_motor_controller) by extension 'python'
[0.436s] Level 1:colcon.colcon_core.package_identification:_identify(firmware/arduino/ros2_motor_controller) by extensions ['python_setup_py']
[0.436s] Level 1:colcon.colcon_core.package_identification:_identify(firmware/arduino/ros2_motor_controller) by extension 'python_setup_py'
[0.436s] Level 1:colcon.colcon_core.package_identification:_identify(install) by extensions ['ignore', 'ignore_ament_install']
[0.436s] Level 1:colcon.colcon_core.package_identification:_identify(install) by extension 'ignore'
[0.436s] Level 1:colcon.colcon_core.package_identification:_identify(install) ignored
[0.436s] Level 1:colcon.colcon_core.package_identification:_identify(log) by extensions ['ignore', 'ignore_ament_install']
[0.437s] Level 1:colcon.colcon_core.package_identification:_identify(log) by extension 'ignore'
[0.437s] Level 1:colcon.colcon_core.package_identification:_identify(log) ignored
[0.437s] Level 1:colcon.colcon_core.package_identification:_identify(robot_launch) by extensions ['ignore', 'ignore_ament_install']
[0.437s] Level 1:colcon.colcon_core.package_identification:_identify(robot_launch) by extension 'ignore'
[0.437s] Level 1:colcon.colcon_core.package_identification:_identify(robot_launch) by extension 'ignore_ament_install'
[0.437s] Level 1:colcon.colcon_core.package_identification:_identify(robot_launch) by extensions ['colcon_pkg']
[0.437s] Level 1:colcon.colcon_core.package_identification:_identify(robot_launch) by extension 'colcon_pkg'
[0.437s] Level 1:colcon.colcon_core.package_identification:_identify(robot_launch) by extensions ['colcon_meta']
[0.437s] Level 1:colcon.colcon_core.package_identification:_identify(robot_launch) by extension 'colcon_meta'
[0.437s] Level 1:colcon.colcon_core.package_identification:_identify(robot_launch) by extensions ['ros']
[0.437s] Level 1:colcon.colcon_core.package_identification:_identify(robot_launch) by extension 'ros'
[0.437s] DEBUG:colcon.colcon_core.package_identification:Package 'robot_launch' with type 'ros.ament_python' and name 'robot_launch'
[0.438s] Level 1:colcon.colcon_core.package_identification:_identify(scripts) by extensions ['ignore', 'ignore_ament_install']
[0.438s] Level 1:colcon.colcon_core.package_identification:_identify(scripts) by extension 'ignore'
[0.438s] Level 1:colcon.colcon_core.package_identification:_identify(scripts) by extension 'ignore_ament_install'
[0.438s] Level 1:colcon.colcon_core.package_identification:_identify(scripts) by extensions ['colcon_pkg']
[0.438s] Level 1:colcon.colcon_core.package_identification:_identify(scripts) by extension 'colcon_pkg'
[0.438s] Level 1:colcon.colcon_core.package_identification:_identify(scripts) by extensions ['colcon_meta']
[0.438s] Level 1:colcon.colcon_core.package_identification:_identify(scripts) by extension 'colcon_meta'
[0.438s] Level 1:colcon.colcon_core.package_identification:_identify(scripts) by extensions ['ros']
[0.438s] Level 1:colcon.colcon_core.package_identification:_identify(scripts) by extension 'ros'
[0.438s] Level 1:colcon.colcon_core.package_identification:_identify(scripts) by extensions ['cmake', 'python']
[0.438s] Level 1:colcon.colcon_core.package_identification:_identify(scripts) by extension 'cmake'
[0.438s] Level 1:colcon.colcon_core.package_identification:_identify(scripts) by extension 'python'
[0.438s] Level 1:colcon.colcon_core.package_identification:_identify(scripts) by extensions ['python_setup_py']
[0.438s] Level 1:colcon.colcon_core.package_identification:_identify(scripts) by extension 'python_setup_py'
[0.438s] Level 1:colcon.colcon_core.package_identification:_identify(src) by extensions ['ignore', 'ignore_ament_install']
[0.438s] Level 1:colcon.colcon_core.package_identification:_identify(src) by extension 'ignore'
[0.438s] Level 1:colcon.colcon_core.package_identification:_identify(src) by extension 'ignore_ament_install'
[0.438s] Level 1:colcon.colcon_core.package_identification:_identify(src) by extensions ['colcon_pkg']
[0.438s] Level 1:colcon.colcon_core.package_identification:_identify(src) by extension 'colcon_pkg'
[0.438s] Level 1:colcon.colcon_core.package_identification:_identify(src) by extensions ['colcon_meta']
[0.438s] Level 1:colcon.colcon_core.package_identification:_identify(src) by extension 'colcon_meta'
[0.438s] Level 1:colcon.colcon_core.package_identification:_identify(src) by extensions ['ros']
[0.438s] Level 1:colcon.colcon_core.package_identification:_identify(src) by extension 'ros'
[0.438s] Level 1:colcon.colcon_core.package_identification:_identify(src) by extensions ['cmake', 'python']
[0.438s] Level 1:colcon.colcon_core.package_identification:_identify(src) by extension 'cmake'
[0.438s] Level 1:colcon.colcon_core.package_identification:_identify(src) by extension 'python'
[0.438s] Level 1:colcon.colcon_core.package_identification:_identify(src) by extensions ['python_setup_py']
[0.438s] Level 1:colcon.colcon_core.package_identification:_identify(src) by extension 'python_setup_py'
[0.439s] Level 1:colcon.colcon_core.package_identification:_identify(src/robot_bringup) by extensions ['ignore', 'ignore_ament_install']
[0.439s] Level 1:colcon.colcon_core.package_identification:_identify(src/robot_bringup) by extension 'ignore'
[0.439s] Level 1:colcon.colcon_core.package_identification:_identify(src/robot_bringup) by extension 'ignore_ament_install'
[0.439s] Level 1:colcon.colcon_core.package_identification:_identify(src/robot_bringup) by extensions ['colcon_pkg']
[0.439s] Level 1:colcon.colcon_core.package_identification:_identify(src/robot_bringup) by extension 'colcon_pkg'
[0.439s] Level 1:colcon.colcon_core.package_identification:_identify(src/robot_bringup) by extensions ['colcon_meta']
[0.439s] Level 1:colcon.colcon_core.package_identification:_identify(src/robot_bringup) by extension 'colcon_meta'
[0.439s] Level 1:colcon.colcon_core.package_identification:_identify(src/robot_bringup) by extensions ['ros']
[0.439s] Level 1:colcon.colcon_core.package_identification:_identify(src/robot_bringup) by extension 'ros'
[0.439s] DEBUG:colcon.colcon_core.package_identification:Package 'src/robot_bringup' with type 'ros.ament_cmake' and name 'robot_bringup'
[0.439s] Level 1:colcon.colcon_core.package_identification:_identify(src/robot_control) by extensions ['ignore', 'ignore_ament_install']
[0.439s] Level 1:colcon.colcon_core.package_identification:_identify(src/robot_control) by extension 'ignore'
[0.440s] Level 1:colcon.colcon_core.package_identification:_identify(src/robot_control) by extension 'ignore_ament_install'
[0.440s] Level 1:colcon.colcon_core.package_identification:_identify(src/robot_control) by extensions ['colcon_pkg']
[0.440s] Level 1:colcon.colcon_core.package_identification:_identify(src/robot_control) by extension 'colcon_pkg'
[0.440s] Level 1:colcon.colcon_core.package_identification:_identify(src/robot_control) by extensions ['colcon_meta']
[0.440s] Level 1:colcon.colcon_core.package_identification:_identify(src/robot_control) by extension 'colcon_meta'
[0.440s] Level 1:colcon.colcon_core.package_identification:_identify(src/robot_control) by extensions ['ros']
[0.440s] Level 1:colcon.colcon_core.package_identification:_identify(src/robot_control) by extension 'ros'
[0.441s] DEBUG:colcon.colcon_core.package_identification:Package 'src/robot_control' with type 'ros.ament_cmake' and name 'robot_control'
[0.441s] Level 1:colcon.colcon_core.package_identification:_identify(src/robot_description) by extensions ['ignore', 'ignore_ament_install']
[0.441s] Level 1:colcon.colcon_core.package_identification:_identify(src/robot_description) by extension 'ignore'
[0.441s] Level 1:colcon.colcon_core.package_identification:_identify(src/robot_description) by extension 'ignore_ament_install'
[0.441s] Level 1:colcon.colcon_core.package_identification:_identify(src/robot_description) by extensions ['colcon_pkg']
[0.441s] Level 1:colcon.colcon_core.package_identification:_identify(src/robot_description) by extension 'colcon_pkg'
[0.441s] Level 1:colcon.colcon_core.package_identification:_identify(src/robot_description) by extensions ['colcon_meta']
[0.441s] Level 1:colcon.colcon_core.package_identification:_identify(src/robot_description) by extension 'colcon_meta'
[0.441s] Level 1:colcon.colcon_core.package_identification:_identify(src/robot_description) by extensions ['ros']
[0.441s] Level 1:colcon.colcon_core.package_identification:_identify(src/robot_description) by extension 'ros'
[0.442s] DEBUG:colcon.colcon_core.package_identification:Package 'src/robot_description' with type 'ros.ament_cmake' and name 'robot_description'
[0.442s] Level 1:colcon.colcon_core.package_identification:_identify(src/robot_gazebo) by extensions ['ignore', 'ignore_ament_install']
[0.442s] Level 1:colcon.colcon_core.package_identification:_identify(src/robot_gazebo) by extension 'ignore'
[0.442s] Level 1:colcon.colcon_core.package_identification:_identify(src/robot_gazebo) by extension 'ignore_ament_install'
[0.442s] Level 1:colcon.colcon_core.package_identification:_identify(src/robot_gazebo) by extensions ['colcon_pkg']
[0.442s] Level 1:colcon.colcon_core.package_identification:_identify(src/robot_gazebo) by extension 'colcon_pkg'
[0.442s] Level 1:colcon.colcon_core.package_identification:_identify(src/robot_gazebo) by extensions ['colcon_meta']
[0.442s] Level 1:colcon.colcon_core.package_identification:_identify(src/robot_gazebo) by extension 'colcon_meta'
[0.442s] Level 1:colcon.colcon_core.package_identification:_identify(src/robot_gazebo) by extensions ['ros']
[0.442s] Level 1:colcon.colcon_core.package_identification:_identify(src/robot_gazebo) by extension 'ros'
[0.444s] DEBUG:colcon.colcon_core.package_identification:Package 'src/robot_gazebo' with type 'ros.ament_cmake' and name 'robot_gazebo'
[0.444s] Level 1:colcon.colcon_core.package_identification:_identify(src/robot_hardware) by extensions ['ignore', 'ignore_ament_install']
[0.444s] Level 1:colcon.colcon_core.package_identification:_identify(src/robot_hardware) by extension 'ignore'
[0.444s] Level 1:colcon.colcon_core.package_identification:_identify(src/robot_hardware) by extension 'ignore_ament_install'
[0.444s] Level 1:colcon.colcon_core.package_identification:_identify(src/robot_hardware) by extensions ['colcon_pkg']
[0.444s] Level 1:colcon.colcon_core.package_identification:_identify(src/robot_hardware) by extension 'colcon_pkg'
[0.444s] Level 1:colcon.colcon_core.package_identification:_identify(src/robot_hardware) by extensions ['colcon_meta']
[0.444s] Level 1:colcon.colcon_core.package_identification:_identify(src/robot_hardware) by extension 'colcon_meta'
[0.444s] Level 1:colcon.colcon_core.package_identification:_identify(src/robot_hardware) by extensions ['ros']
[0.444s] Level 1:colcon.colcon_core.package_identification:_identify(src/robot_hardware) by extension 'ros'
[0.445s] DEBUG:colcon.colcon_core.package_identification:Package 'src/robot_hardware' with type 'ros.ament_python' and name 'robot_hardware'
[0.445s] Level 1:colcon.colcon_core.package_identification:_identify(src/robot_interfaces) by extensions ['ignore', 'ignore_ament_install']
[0.445s] Level 1:colcon.colcon_core.package_identification:_identify(src/robot_interfaces) by extension 'ignore'
[0.445s] Level 1:colcon.colcon_core.package_identification:_identify(src/robot_interfaces) by extension 'ignore_ament_install'
[0.445s] Level 1:colcon.colcon_core.package_identification:_identify(src/robot_interfaces) by extensions ['colcon_pkg']
[0.445s] Level 1:colcon.colcon_core.package_identification:_identify(src/robot_interfaces) by extension 'colcon_pkg'
[0.445s] Level 1:colcon.colcon_core.package_identification:_identify(src/robot_interfaces) by extensions ['colcon_meta']
[0.445s] Level 1:colcon.colcon_core.package_identification:_identify(src/robot_interfaces) by extension 'colcon_meta'
[0.445s] Level 1:colcon.colcon_core.package_identification:_identify(src/robot_interfaces) by extensions ['ros']
[0.445s] Level 1:colcon.colcon_core.package_identification:_identify(src/robot_interfaces) by extension 'ros'
[0.446s] DEBUG:colcon.colcon_core.package_identification:Package 'src/robot_interfaces' with type 'ros.ament_cmake' and name 'robot_interfaces'
[0.446s] Level 1:colcon.colcon_core.package_identification:_identify(src/robot_navigation) by extensions ['ignore', 'ignore_ament_install']
[0.446s] Level 1:colcon.colcon_core.package_identification:_identify(src/robot_navigation) by extension 'ignore'
[0.446s] Level 1:colcon.colcon_core.package_identification:_identify(src/robot_navigation) by extension 'ignore_ament_install'
[0.446s] Level 1:colcon.colcon_core.package_identification:_identify(src/robot_navigation) by extensions ['colcon_pkg']
[0.446s] Level 1:colcon.colcon_core.package_identification:_identify(src/robot_navigation) by extension 'colcon_pkg'
[0.446s] Level 1:colcon.colcon_core.package_identification:_identify(src/robot_navigation) by extensions ['colcon_meta']
[0.446s] Level 1:colcon.colcon_core.package_identification:_identify(src/robot_navigation) by extension 'colcon_meta'
[0.446s] Level 1:colcon.colcon_core.package_identification:_identify(src/robot_navigation) by extensions ['ros']
[0.446s] Level 1:colcon.colcon_core.package_identification:_identify(src/robot_navigation) by extension 'ros'
[0.449s] DEBUG:colcon.colcon_core.package_identification:Package 'src/robot_navigation' with type 'ros.ament_cmake' and name 'robot_navigation'
[0.449s] Level 1:colcon.colcon_core.package_identification:_identify(src/robot_perception) by extensions ['ignore', 'ignore_ament_install']
[0.449s] Level 1:colcon.colcon_core.package_identification:_identify(src/robot_perception) by extension 'ignore'
[0.449s] Level 1:colcon.colcon_core.package_identification:_identify(src/robot_perception) by extension 'ignore_ament_install'
[0.449s] Level 1:colcon.colcon_core.package_identification:_identify(src/robot_perception) by extensions ['colcon_pkg']
[0.449s] Level 1:colcon.colcon_core.package_identification:_identify(src/robot_perception) by extension 'colcon_pkg'
[0.449s] Level 1:colcon.colcon_core.package_identification:_identify(src/robot_perception) by extensions ['colcon_meta']
[0.450s] Level 1:colcon.colcon_core.package_identification:_identify(src/robot_perception) by extension 'colcon_meta'
[0.450s] Level 1:colcon.colcon_core.package_identification:_identify(src/robot_perception) by extensions ['ros']
[0.450s] Level 1:colcon.colcon_core.package_identification:_identify(src/robot_perception) by extension 'ros'
[0.452s] WARNING:colcon.colcon_core.package_identification:ROS package 'robot_perception' in 'src/robot_perception' has more than one build type
[0.452s] Level 1:colcon.colcon_core.package_identification:_identify(src/robot_perception) by extensions ['cmake', 'python']
[0.452s] Level 1:colcon.colcon_core.package_identification:_identify(src/robot_perception) by extension 'cmake'
[0.453s] Level 1:colcon.colcon_core.package_identification:_identify(src/robot_perception) by extension 'python'
[0.453s] DEBUG:colcon.colcon_core.package_identification:Python package in 'src/robot_perception' passes arguments to the setup() function which requires a different identification extension than 'python'
[0.453s] DEBUG:colcon.colcon_core.package_identification:Package 'src/robot_perception' with type 'cmake' and name 'robot_perception'
[0.453s] Level 1:colcon.colcon_core.package_discovery:discover_packages(recursive) using defaults
[0.453s] Level 1:colcon.colcon_core.package_discovery:discover_packages(ignore) discover
[0.453s] Level 1:colcon.colcon_core.package_discovery:discover_packages(ignore) using defaults
[0.453s] Level 1:colcon.colcon_core.package_discovery:discover_packages(path) discover
[0.453s] Level 1:colcon.colcon_core.package_discovery:discover_packages(path) using defaults
[0.475s] Level 5:colcon.colcon_core.verb:set package 'arduino_bridge' build argument 'cmake_args' from command line to '['-DCMAKE_BUILD_TYPE=Release', '-DBUILD_TESTING=OFF']'
[0.475s] Level 5:colcon.colcon_core.verb:set package 'arduino_bridge' build argument 'cmake_target' from command line to 'None'
[0.475s] Level 5:colcon.colcon_core.verb:set package 'arduino_bridge' build argument 'cmake_target_skip_unavailable' from command line to 'False'
[0.475s] Level 5:colcon.colcon_core.verb:set package 'arduino_bridge' build argument 'cmake_clean_cache' from command line to 'False'
[0.475s] Level 5:colcon.colcon_core.verb:set package 'arduino_bridge' build argument 'cmake_clean_first' from command line to 'False'
[0.475s] Level 5:colcon.colcon_core.verb:set package 'arduino_bridge' build argument 'cmake_force_configure' from command line to 'False'
[0.475s] Level 5:colcon.colcon_core.verb:set package 'arduino_bridge' build argument 'ament_cmake_args' from command line to 'None'
[0.475s] Level 5:colcon.colcon_core.verb:set package 'arduino_bridge' build argument 'catkin_cmake_args' from command line to 'None'
[0.475s] Level 5:colcon.colcon_core.verb:set package 'arduino_bridge' build argument 'catkin_skip_building_tests' from command line to 'False'
[0.475s] DEBUG:colcon.colcon_core.verb:Building package 'arduino_bridge' with the following arguments: {'ament_cmake_args': None, 'build_base': '/root/Dojo/build/arduino_bridge', 'catkin_cmake_args': None, 'catkin_skip_building_tests': False, 'cmake_args': ['-DCMAKE_BUILD_TYPE=Release', '-DBUILD_TESTING=OFF'], 'cmake_clean_cache': False, 'cmake_clean_first': False, 'cmake_force_configure': False, 'cmake_target': None, 'cmake_target_skip_unavailable': False, 'install_base': '/root/Dojo/install/arduino_bridge', 'merge_install': False, 'path': '/root/Dojo/backup_packages/arduino_bridge', 'symlink_install': True, 'test_result_base': None}
[0.475s] Level 5:colcon.colcon_core.verb:set package 'camera_ros' build argument 'cmake_args' from command line to '['-DCMAKE_BUILD_TYPE=Release', '-DBUILD_TESTING=OFF']'
[0.475s] Level 5:colcon.colcon_core.verb:set package 'camera_ros' build argument 'cmake_target' from command line to 'None'
[0.475s] Level 5:colcon.colcon_core.verb:set package 'camera_ros' build argument 'cmake_target_skip_unavailable' from command line to 'False'
[0.475s] Level 5:colcon.colcon_core.verb:set package 'camera_ros' build argument 'cmake_clean_cache' from command line to 'False'
[0.475s] Level 5:colcon.colcon_core.verb:set package 'camera_ros' build argument 'cmake_clean_first' from command line to 'False'
[0.475s] Level 5:colcon.colcon_core.verb:set package 'camera_ros' build argument 'cmake_force_configure' from command line to 'False'
[0.475s] Level 5:colcon.colcon_core.verb:set package 'camera_ros' build argument 'ament_cmake_args' from command line to 'None'
[0.475s] Level 5:colcon.colcon_core.verb:set package 'camera_ros' build argument 'catkin_cmake_args' from command line to 'None'
[0.475s] Level 5:colcon.colcon_core.verb:set package 'camera_ros' build argument 'catkin_skip_building_tests' from command line to 'False'
[0.475s] DEBUG:colcon.colcon_core.verb:Building package 'camera_ros' with the following arguments: {'ament_cmake_args': None, 'build_base': '/root/Dojo/build/camera_ros', 'catkin_cmake_args': None, 'catkin_skip_building_tests': False, 'cmake_args': ['-DCMAKE_BUILD_TYPE=Release', '-DBUILD_TESTING=OFF'], 'cmake_clean_cache': False, 'cmake_clean_first': False, 'cmake_force_configure': False, 'cmake_target': None, 'cmake_target_skip_unavailable': False, 'install_base': '/root/Dojo/install/camera_ros', 'merge_install': False, 'path': '/root/Dojo/backup_packages/camera_ws/src/camera_ros', 'symlink_install': True, 'test_result_base': None}
[0.476s] Level 5:colcon.colcon_core.verb:set package 'nv21_converter_pkg' build argument 'cmake_args' from command line to '['-DCMAKE_BUILD_TYPE=Release', '-DBUILD_TESTING=OFF']'
[0.476s] Level 5:colcon.colcon_core.verb:set package 'nv21_converter_pkg' build argument 'cmake_target' from command line to 'None'
[0.476s] Level 5:colcon.colcon_core.verb:set package 'nv21_converter_pkg' build argument 'cmake_target_skip_unavailable' from command line to 'False'
[0.476s] Level 5:colcon.colcon_core.verb:set package 'nv21_converter_pkg' build argument 'cmake_clean_cache' from command line to 'False'
[0.476s] Level 5:colcon.colcon_core.verb:set package 'nv21_converter_pkg' build argument 'cmake_clean_first' from command line to 'False'
[0.476s] Level 5:colcon.colcon_core.verb:set package 'nv21_converter_pkg' build argument 'cmake_force_configure' from command line to 'False'
[0.476s] Level 5:colcon.colcon_core.verb:set package 'nv21_converter_pkg' build argument 'ament_cmake_args' from command line to 'None'
[0.476s] Level 5:colcon.colcon_core.verb:set package 'nv21_converter_pkg' build argument 'catkin_cmake_args' from command line to 'None'
[0.476s] Level 5:colcon.colcon_core.verb:set package 'nv21_converter_pkg' build argument 'catkin_skip_building_tests' from command line to 'False'
[0.476s] DEBUG:colcon.colcon_core.verb:Building package 'nv21_converter_pkg' with the following arguments: {'ament_cmake_args': None, 'build_base': '/root/Dojo/build/nv21_converter_pkg', 'catkin_cmake_args': None, 'catkin_skip_building_tests': False, 'cmake_args': ['-DCMAKE_BUILD_TYPE=Release', '-DBUILD_TESTING=OFF'], 'cmake_clean_cache': False, 'cmake_clean_first': False, 'cmake_force_configure': False, 'cmake_target': None, 'cmake_target_skip_unavailable': False, 'install_base': '/root/Dojo/install/nv21_converter_pkg', 'merge_install': False, 'path': '/root/Dojo/backup_packages/camera_ws/src/nv21_converter_pkg', 'symlink_install': True, 'test_result_base': None}
[0.476s] Level 5:colcon.colcon_core.verb:set package 'robot_control' build argument 'cmake_args' from command line to '['-DCMAKE_BUILD_TYPE=Release', '-DBUILD_TESTING=OFF']'
[0.476s] Level 5:colcon.colcon_core.verb:set package 'robot_control' build argument 'cmake_target' from command line to 'None'
[0.476s] Level 5:colcon.colcon_core.verb:set package 'robot_control' build argument 'cmake_target_skip_unavailable' from command line to 'False'
[0.476s] Level 5:colcon.colcon_core.verb:set package 'robot_control' build argument 'cmake_clean_cache' from command line to 'False'
[0.476s] Level 5:colcon.colcon_core.verb:set package 'robot_control' build argument 'cmake_clean_first' from command line to 'False'
[0.476s] Level 5:colcon.colcon_core.verb:set package 'robot_control' build argument 'cmake_force_configure' from command line to 'False'
[0.476s] Level 5:colcon.colcon_core.verb:set package 'robot_control' build argument 'ament_cmake_args' from command line to 'None'
[0.476s] Level 5:colcon.colcon_core.verb:set package 'robot_control' build argument 'catkin_cmake_args' from command line to 'None'
[0.476s] Level 5:colcon.colcon_core.verb:set package 'robot_control' build argument 'catkin_skip_building_tests' from command line to 'False'
[0.476s] DEBUG:colcon.colcon_core.verb:Building package 'robot_control' with the following arguments: {'ament_cmake_args': None, 'build_base': '/root/Dojo/build/robot_control', 'catkin_cmake_args': None, 'catkin_skip_building_tests': False, 'cmake_args': ['-DCMAKE_BUILD_TYPE=Release', '-DBUILD_TESTING=OFF'], 'cmake_clean_cache': False, 'cmake_clean_first': False, 'cmake_force_configure': False, 'cmake_target': None, 'cmake_target_skip_unavailable': False, 'install_base': '/root/Dojo/install/robot_control', 'merge_install': False, 'path': '/root/Dojo/src/robot_control', 'symlink_install': True, 'test_result_base': None}
[0.477s] Level 5:colcon.colcon_core.verb:set package 'robot_description' build argument 'cmake_args' from command line to '['-DCMAKE_BUILD_TYPE=Release', '-DBUILD_TESTING=OFF']'
[0.477s] Level 5:colcon.colcon_core.verb:set package 'robot_description' build argument 'cmake_target' from command line to 'None'
[0.477s] Level 5:colcon.colcon_core.verb:set package 'robot_description' build argument 'cmake_target_skip_unavailable' from command line to 'False'
[0.477s] Level 5:colcon.colcon_core.verb:set package 'robot_description' build argument 'cmake_clean_cache' from command line to 'False'
[0.477s] Level 5:colcon.colcon_core.verb:set package 'robot_description' build argument 'cmake_clean_first' from command line to 'False'
[0.477s] Level 5:colcon.colcon_core.verb:set package 'robot_description' build argument 'cmake_force_configure' from command line to 'False'
[0.477s] Level 5:colcon.colcon_core.verb:set package 'robot_description' build argument 'ament_cmake_args' from command line to 'None'
[0.477s] Level 5:colcon.colcon_core.verb:set package 'robot_description' build argument 'catkin_cmake_args' from command line to 'None'
[0.477s] Level 5:colcon.colcon_core.verb:set package 'robot_description' build argument 'catkin_skip_building_tests' from command line to 'False'
[0.477s] DEBUG:colcon.colcon_core.verb:Building package 'robot_description' with the following arguments: {'ament_cmake_args': None, 'build_base': '/root/Dojo/build/robot_description', 'catkin_cmake_args': None, 'catkin_skip_building_tests': False, 'cmake_args': ['-DCMAKE_BUILD_TYPE=Release', '-DBUILD_TESTING=OFF'], 'cmake_clean_cache': False, 'cmake_clean_first': False, 'cmake_force_configure': False, 'cmake_target': None, 'cmake_target_skip_unavailable': False, 'install_base': '/root/Dojo/install/robot_description', 'merge_install': False, 'path': '/root/Dojo/src/robot_description', 'symlink_install': True, 'test_result_base': None}
[0.477s] Level 5:colcon.colcon_core.verb:set package 'robot_hardware' build argument 'cmake_args' from command line to '['-DCMAKE_BUILD_TYPE=Release', '-DBUILD_TESTING=OFF']'
[0.477s] Level 5:colcon.colcon_core.verb:set package 'robot_hardware' build argument 'cmake_target' from command line to 'None'
[0.477s] Level 5:colcon.colcon_core.verb:set package 'robot_hardware' build argument 'cmake_target_skip_unavailable' from command line to 'False'
[0.477s] Level 5:colcon.colcon_core.verb:set package 'robot_hardware' build argument 'cmake_clean_cache' from command line to 'False'
[0.477s] Level 5:colcon.colcon_core.verb:set package 'robot_hardware' build argument 'cmake_clean_first' from command line to 'False'
[0.477s] Level 5:colcon.colcon_core.verb:set package 'robot_hardware' build argument 'cmake_force_configure' from command line to 'False'
[0.477s] Level 5:colcon.colcon_core.verb:set package 'robot_hardware' build argument 'ament_cmake_args' from command line to 'None'
[0.477s] Level 5:colcon.colcon_core.verb:set package 'robot_hardware' build argument 'catkin_cmake_args' from command line to 'None'
[0.477s] Level 5:colcon.colcon_core.verb:set package 'robot_hardware' build argument 'catkin_skip_building_tests' from command line to 'False'
[0.477s] DEBUG:colcon.colcon_core.verb:Building package 'robot_hardware' with the following arguments: {'ament_cmake_args': None, 'build_base': '/root/Dojo/build/robot_hardware', 'catkin_cmake_args': None, 'catkin_skip_building_tests': False, 'cmake_args': ['-DCMAKE_BUILD_TYPE=Release', '-DBUILD_TESTING=OFF'], 'cmake_clean_cache': False, 'cmake_clean_first': False, 'cmake_force_configure': False, 'cmake_target': None, 'cmake_target_skip_unavailable': False, 'install_base': '/root/Dojo/install/robot_hardware', 'merge_install': False, 'path': '/root/Dojo/src/robot_hardware', 'symlink_install': True, 'test_result_base': None}
[0.477s] Level 5:colcon.colcon_core.verb:set package 'robot_interfaces' build argument 'cmake_args' from command line to '['-DCMAKE_BUILD_TYPE=Release', '-DBUILD_TESTING=OFF']'
[0.478s] Level 5:colcon.colcon_core.verb:set package 'robot_interfaces' build argument 'cmake_target' from command line to 'None'
[0.478s] Level 5:colcon.colcon_core.verb:set package 'robot_interfaces' build argument 'cmake_target_skip_unavailable' from command line to 'False'
[0.478s] Level 5:colcon.colcon_core.verb:set package 'robot_interfaces' build argument 'cmake_clean_cache' from command line to 'False'
[0.478s] Level 5:colcon.colcon_core.verb:set package 'robot_interfaces' build argument 'cmake_clean_first' from command line to 'False'
[0.478s] Level 5:colcon.colcon_core.verb:set package 'robot_interfaces' build argument 'cmake_force_configure' from command line to 'False'
[0.478s] Level 5:colcon.colcon_core.verb:set package 'robot_interfaces' build argument 'ament_cmake_args' from command line to 'None'
[0.478s] Level 5:colcon.colcon_core.verb:set package 'robot_interfaces' build argument 'catkin_cmake_args' from command line to 'None'
[0.478s] Level 5:colcon.colcon_core.verb:set package 'robot_interfaces' build argument 'catkin_skip_building_tests' from command line to 'False'
[0.478s] DEBUG:colcon.colcon_core.verb:Building package 'robot_interfaces' with the following arguments: {'ament_cmake_args': None, 'build_base': '/root/Dojo/build/robot_interfaces', 'catkin_cmake_args': None, 'catkin_skip_building_tests': False, 'cmake_args': ['-DCMAKE_BUILD_TYPE=Release', '-DBUILD_TESTING=OFF'], 'cmake_clean_cache': False, 'cmake_clean_first': False, 'cmake_force_configure': False, 'cmake_target': None, 'cmake_target_skip_unavailable': False, 'install_base': '/root/Dojo/install/robot_interfaces', 'merge_install': False, 'path': '/root/Dojo/src/robot_interfaces', 'symlink_install': True, 'test_result_base': None}
[0.478s] Level 5:colcon.colcon_core.verb:set package 'robot_perception' build argument 'cmake_args' from command line to '['-DCMAKE_BUILD_TYPE=Release', '-DBUILD_TESTING=OFF']'
[0.478s] Level 5:colcon.colcon_core.verb:set package 'robot_perception' build argument 'cmake_target' from command line to 'None'
[0.478s] Level 5:colcon.colcon_core.verb:set package 'robot_perception' build argument 'cmake_target_skip_unavailable' from command line to 'False'
[0.478s] Level 5:colcon.colcon_core.verb:set package 'robot_perception' build argument 'cmake_clean_cache' from command line to 'False'
[0.478s] Level 5:colcon.colcon_core.verb:set package 'robot_perception' build argument 'cmake_clean_first' from command line to 'False'
[0.478s] Level 5:colcon.colcon_core.verb:set package 'robot_perception' build argument 'cmake_force_configure' from command line to 'False'
[0.478s] Level 5:colcon.colcon_core.verb:set package 'robot_perception' build argument 'ament_cmake_args' from command line to 'None'
[0.478s] Level 5:colcon.colcon_core.verb:set package 'robot_perception' build argument 'catkin_cmake_args' from command line to 'None'
[0.478s] Level 5:colcon.colcon_core.verb:set package 'robot_perception' build argument 'catkin_skip_building_tests' from command line to 'False'
[0.478s] DEBUG:colcon.colcon_core.verb:Building package 'robot_perception' with the following arguments: {'ament_cmake_args': None, 'build_base': '/root/Dojo/build/robot_perception', 'catkin_cmake_args': None, 'catkin_skip_building_tests': False, 'cmake_args': ['-DCMAKE_BUILD_TYPE=Release', '-DBUILD_TESTING=OFF'], 'cmake_clean_cache': False, 'cmake_clean_first': False, 'cmake_force_configure': False, 'cmake_target': None, 'cmake_target_skip_unavailable': False, 'install_base': '/root/Dojo/install/robot_perception', 'merge_install': False, 'path': '/root/Dojo/src/robot_perception', 'symlink_install': True, 'test_result_base': None}
[0.478s] Level 5:colcon.colcon_core.verb:set package 'robot_sensors' build argument 'cmake_args' from command line to '['-DCMAKE_BUILD_TYPE=Release', '-DBUILD_TESTING=OFF']'
[0.478s] Level 5:colcon.colcon_core.verb:set package 'robot_sensors' build argument 'cmake_target' from command line to 'None'
[0.478s] Level 5:colcon.colcon_core.verb:set package 'robot_sensors' build argument 'cmake_target_skip_unavailable' from command line to 'False'
[0.478s] Level 5:colcon.colcon_core.verb:set package 'robot_sensors' build argument 'cmake_clean_cache' from command line to 'False'
[0.478s] Level 5:colcon.colcon_core.verb:set package 'robot_sensors' build argument 'cmake_clean_first' from command line to 'False'
[0.478s] Level 5:colcon.colcon_core.verb:set package 'robot_sensors' build argument 'cmake_force_configure' from command line to 'False'
[0.478s] Level 5:colcon.colcon_core.verb:set package 'robot_sensors' build argument 'ament_cmake_args' from command line to 'None'
[0.478s] Level 5:colcon.colcon_core.verb:set package 'robot_sensors' build argument 'catkin_cmake_args' from command line to 'None'
[0.478s] Level 5:colcon.colcon_core.verb:set package 'robot_sensors' build argument 'catkin_skip_building_tests' from command line to 'False'
[0.479s] DEBUG:colcon.colcon_core.verb:Building package 'robot_sensors' with the following arguments: {'ament_cmake_args': None, 'build_base': '/root/Dojo/build/robot_sensors', 'catkin_cmake_args': None, 'catkin_skip_building_tests': False, 'cmake_args': ['-DCMAKE_BUILD_TYPE=Release', '-DBUILD_TESTING=OFF'], 'cmake_clean_cache': False, 'cmake_clean_first': False, 'cmake_force_configure': False, 'cmake_target': None, 'cmake_target_skip_unavailable': False, 'install_base': '/root/Dojo/install/robot_sensors', 'merge_install': False, 'path': '/root/Dojo/backup_packages/robot_sensors', 'symlink_install': True, 'test_result_base': None}
[0.479s] Level 5:colcon.colcon_core.verb:set package 'ros2arduino_bridge' build argument 'cmake_args' from command line to '['-DCMAKE_BUILD_TYPE=Release', '-DBUILD_TESTING=OFF']'
[0.479s] Level 5:colcon.colcon_core.verb:set package 'ros2arduino_bridge' build argument 'cmake_target' from command line to 'None'
[0.479s] Level 5:colcon.colcon_core.verb:set package 'ros2arduino_bridge' build argument 'cmake_target_skip_unavailable' from command line to 'False'
[0.479s] Level 5:colcon.colcon_core.verb:set package 'ros2arduino_bridge' build argument 'cmake_clean_cache' from command line to 'False'
[0.479s] Level 5:colcon.colcon_core.verb:set package 'ros2arduino_bridge' build argument 'cmake_clean_first' from command line to 'False'
[0.479s] Level 5:colcon.colcon_core.verb:set package 'ros2arduino_bridge' build argument 'cmake_force_configure' from command line to 'False'
[0.479s] Level 5:colcon.colcon_core.verb:set package 'ros2arduino_bridge' build argument 'ament_cmake_args' from command line to 'None'
[0.479s] Level 5:colcon.colcon_core.verb:set package 'ros2arduino_bridge' build argument 'catkin_cmake_args' from command line to 'None'
[0.479s] Level 5:colcon.colcon_core.verb:set package 'ros2arduino_bridge' build argument 'catkin_skip_building_tests' from command line to 'False'
[0.479s] DEBUG:colcon.colcon_core.verb:Building package 'ros2arduino_bridge' with the following arguments: {'ament_cmake_args': None, 'build_base': '/root/Dojo/build/ros2arduino_bridge', 'catkin_cmake_args': None, 'catkin_skip_building_tests': False, 'cmake_args': ['-DCMAKE_BUILD_TYPE=Release', '-DBUILD_TESTING=OFF'], 'cmake_clean_cache': False, 'cmake_clean_first': False, 'cmake_force_configure': False, 'cmake_target': None, 'cmake_target_skip_unavailable': False, 'install_base': '/root/Dojo/install/ros2arduino_bridge', 'merge_install': False, 'path': '/root/Dojo/backup_packages/ros2arduino_bridge', 'symlink_install': True, 'test_result_base': None}
[0.479s] Level 5:colcon.colcon_core.verb:set package 'vision_system' build argument 'cmake_args' from command line to '['-DCMAKE_BUILD_TYPE=Release', '-DBUILD_TESTING=OFF']'
[0.479s] Level 5:colcon.colcon_core.verb:set package 'vision_system' build argument 'cmake_target' from command line to 'None'
[0.479s] Level 5:colcon.colcon_core.verb:set package 'vision_system' build argument 'cmake_target_skip_unavailable' from command line to 'False'
[0.479s] Level 5:colcon.colcon_core.verb:set package 'vision_system' build argument 'cmake_clean_cache' from command line to 'False'
[0.479s] Level 5:colcon.colcon_core.verb:set package 'vision_system' build argument 'cmake_clean_first' from command line to 'False'
[0.479s] Level 5:colcon.colcon_core.verb:set package 'vision_system' build argument 'cmake_force_configure' from command line to 'False'
[0.479s] Level 5:colcon.colcon_core.verb:set package 'vision_system' build argument 'ament_cmake_args' from command line to 'None'
[0.479s] Level 5:colcon.colcon_core.verb:set package 'vision_system' build argument 'catkin_cmake_args' from command line to 'None'
[0.479s] Level 5:colcon.colcon_core.verb:set package 'vision_system' build argument 'catkin_skip_building_tests' from command line to 'False'
[0.479s] DEBUG:colcon.colcon_core.verb:Building package 'vision_system' with the following arguments: {'ament_cmake_args': None, 'build_base': '/root/Dojo/build/vision_system', 'catkin_cmake_args': None, 'catkin_skip_building_tests': False, 'cmake_args': ['-DCMAKE_BUILD_TYPE=Release', '-DBUILD_TESTING=OFF'], 'cmake_clean_cache': False, 'cmake_clean_first': False, 'cmake_force_configure': False, 'cmake_target': None, 'cmake_target_skip_unavailable': False, 'install_base': '/root/Dojo/install/vision_system', 'merge_install': False, 'path': '/root/Dojo/backup_packages/vision_system', 'symlink_install': True, 'test_result_base': None}
[0.480s] Level 5:colcon.colcon_core.verb:set package 'robot_gazebo' build argument 'cmake_args' from command line to '['-DCMAKE_BUILD_TYPE=Release', '-DBUILD_TESTING=OFF']'
[0.480s] Level 5:colcon.colcon_core.verb:set package 'robot_gazebo' build argument 'cmake_target' from command line to 'None'
[0.480s] Level 5:colcon.colcon_core.verb:set package 'robot_gazebo' build argument 'cmake_target_skip_unavailable' from command line to 'False'
[0.480s] Level 5:colcon.colcon_core.verb:set package 'robot_gazebo' build argument 'cmake_clean_cache' from command line to 'False'
[0.480s] Level 5:colcon.colcon_core.verb:set package 'robot_gazebo' build argument 'cmake_clean_first' from command line to 'False'
[0.480s] Level 5:colcon.colcon_core.verb:set package 'robot_gazebo' build argument 'cmake_force_configure' from command line to 'False'
[0.480s] Level 5:colcon.colcon_core.verb:set package 'robot_gazebo' build argument 'ament_cmake_args' from command line to 'None'
[0.480s] Level 5:colcon.colcon_core.verb:set package 'robot_gazebo' build argument 'catkin_cmake_args' from command line to 'None'
[0.480s] Level 5:colcon.colcon_core.verb:set package 'robot_gazebo' build argument 'catkin_skip_building_tests' from command line to 'False'
[0.480s] DEBUG:colcon.colcon_core.verb:Building package 'robot_gazebo' with the following arguments: {'ament_cmake_args': None, 'build_base': '/root/Dojo/build/robot_gazebo', 'catkin_cmake_args': None, 'catkin_skip_building_tests': False, 'cmake_args': ['-DCMAKE_BUILD_TYPE=Release', '-DBUILD_TESTING=OFF'], 'cmake_clean_cache': False, 'cmake_clean_first': False, 'cmake_force_configure': False, 'cmake_target': None, 'cmake_target_skip_unavailable': False, 'install_base': '/root/Dojo/install/robot_gazebo', 'merge_install': False, 'path': '/root/Dojo/src/robot_gazebo', 'symlink_install': True, 'test_result_base': None}
[0.480s] Level 5:colcon.colcon_core.verb:set package 'robot_launch' build argument 'cmake_args' from command line to '['-DCMAKE_BUILD_TYPE=Release', '-DBUILD_TESTING=OFF']'
[0.480s] Level 5:colcon.colcon_core.verb:set package 'robot_launch' build argument 'cmake_target' from command line to 'None'
[0.480s] Level 5:colcon.colcon_core.verb:set package 'robot_launch' build argument 'cmake_target_skip_unavailable' from command line to 'False'
[0.480s] Level 5:colcon.colcon_core.verb:set package 'robot_launch' build argument 'cmake_clean_cache' from command line to 'False'
[0.480s] Level 5:colcon.colcon_core.verb:set package 'robot_launch' build argument 'cmake_clean_first' from command line to 'False'
[0.480s] Level 5:colcon.colcon_core.verb:set package 'robot_launch' build argument 'cmake_force_configure' from command line to 'False'
[0.480s] Level 5:colcon.colcon_core.verb:set package 'robot_launch' build argument 'ament_cmake_args' from command line to 'None'
[0.480s] Level 5:colcon.colcon_core.verb:set package 'robot_launch' build argument 'catkin_cmake_args' from command line to 'None'
[0.480s] Level 5:colcon.colcon_core.verb:set package 'robot_launch' build argument 'catkin_skip_building_tests' from command line to 'False'
[0.480s] DEBUG:colcon.colcon_core.verb:Building package 'robot_launch' with the following arguments: {'ament_cmake_args': None, 'build_base': '/root/Dojo/build/robot_launch', 'catkin_cmake_args': None, 'catkin_skip_building_tests': False, 'cmake_args': ['-DCMAKE_BUILD_TYPE=Release', '-DBUILD_TESTING=OFF'], 'cmake_clean_cache': False, 'cmake_clean_first': False, 'cmake_force_configure': False, 'cmake_target': None, 'cmake_target_skip_unavailable': False, 'install_base': '/root/Dojo/install/robot_launch', 'merge_install': False, 'path': '/root/Dojo/robot_launch', 'symlink_install': True, 'test_result_base': None}
[0.480s] Level 5:colcon.colcon_core.verb:set package 'robot_navigation' build argument 'cmake_args' from command line to '['-DCMAKE_BUILD_TYPE=Release', '-DBUILD_TESTING=OFF']'
[0.480s] Level 5:colcon.colcon_core.verb:set package 'robot_navigation' build argument 'cmake_target' from command line to 'None'
[0.480s] Level 5:colcon.colcon_core.verb:set package 'robot_navigation' build argument 'cmake_target_skip_unavailable' from command line to 'False'
[0.481s] Level 5:colcon.colcon_core.verb:set package 'robot_navigation' build argument 'cmake_clean_cache' from command line to 'False'
[0.481s] Level 5:colcon.colcon_core.verb:set package 'robot_navigation' build argument 'cmake_clean_first' from command line to 'False'
[0.481s] Level 5:colcon.colcon_core.verb:set package 'robot_navigation' build argument 'cmake_force_configure' from command line to 'False'
[0.481s] Level 5:colcon.colcon_core.verb:set package 'robot_navigation' build argument 'ament_cmake_args' from command line to 'None'
[0.481s] Level 5:colcon.colcon_core.verb:set package 'robot_navigation' build argument 'catkin_cmake_args' from command line to 'None'
[0.481s] Level 5:colcon.colcon_core.verb:set package 'robot_navigation' build argument 'catkin_skip_building_tests' from command line to 'False'
[0.481s] DEBUG:colcon.colcon_core.verb:Building package 'robot_navigation' with the following arguments: {'ament_cmake_args': None, 'build_base': '/root/Dojo/build/robot_navigation', 'catkin_cmake_args': None, 'catkin_skip_building_tests': False, 'cmake_args': ['-DCMAKE_BUILD_TYPE=Release', '-DBUILD_TESTING=OFF'], 'cmake_clean_cache': False, 'cmake_clean_first': False, 'cmake_force_configure': False, 'cmake_target': None, 'cmake_target_skip_unavailable': False, 'install_base': '/root/Dojo/install/robot_navigation', 'merge_install': False, 'path': '/root/Dojo/src/robot_navigation', 'symlink_install': True, 'test_result_base': None}
[0.481s] Level 5:colcon.colcon_core.verb:set package 'robot_bringup' build argument 'cmake_args' from command line to '['-DCMAKE_BUILD_TYPE=Release', '-DBUILD_TESTING=OFF']'
[0.481s] Level 5:colcon.colcon_core.verb:set package 'robot_bringup' build argument 'cmake_target' from command line to 'None'
[0.481s] Level 5:colcon.colcon_core.verb:set package 'robot_bringup' build argument 'cmake_target_skip_unavailable' from command line to 'False'
[0.481s] Level 5:colcon.colcon_core.verb:set package 'robot_bringup' build argument 'cmake_clean_cache' from command line to 'False'
[0.481s] Level 5:colcon.colcon_core.verb:set package 'robot_bringup' build argument 'cmake_clean_first' from command line to 'False'
[0.481s] Level 5:colcon.colcon_core.verb:set package 'robot_bringup' build argument 'cmake_force_configure' from command line to 'False'
[0.481s] Level 5:colcon.colcon_core.verb:set package 'robot_bringup' build argument 'ament_cmake_args' from command line to 'None'
[0.481s] Level 5:colcon.colcon_core.verb:set package 'robot_bringup' build argument 'catkin_cmake_args' from command line to 'None'
[0.481s] Level 5:colcon.colcon_core.verb:set package 'robot_bringup' build argument 'catkin_skip_building_tests' from command line to 'False'
[0.481s] DEBUG:colcon.colcon_core.verb:Building package 'robot_bringup' with the following arguments: {'ament_cmake_args': None, 'build_base': '/root/Dojo/build/robot_bringup', 'catkin_cmake_args': None, 'catkin_skip_building_tests': False, 'cmake_args': ['-DCMAKE_BUILD_TYPE=Release', '-DBUILD_TESTING=OFF'], 'cmake_clean_cache': False, 'cmake_clean_first': False, 'cmake_force_configure': False, 'cmake_target': None, 'cmake_target_skip_unavailable': False, 'install_base': '/root/Dojo/install/robot_bringup', 'merge_install': False, 'path': '/root/Dojo/src/robot_bringup', 'symlink_install': True, 'test_result_base': None}
[0.481s] INFO:colcon.colcon_core.executor:Executing jobs using 'parallel' executor
[0.482s] DEBUG:colcon.colcon_parallel_executor.executor.parallel:run_until_complete
[0.482s] INFO:colcon.colcon_ros.task.ament_cmake.build:Building ROS package in '/root/Dojo/src/robot_control' with build type 'ament_cmake'
[0.482s] INFO:colcon.colcon_cmake.task.cmake.build:Building CMake package in '/root/Dojo/src/robot_control'
[0.484s] INFO:colcon.colcon_core.plugin_system:Skipping extension 'colcon_core.shell.bat': Not used on non-Windows systems
[0.484s] INFO:colcon.colcon_core.shell:Skip shell extension 'powershell' for command environment: Not usable outside of PowerShell
[0.485s] DEBUG:colcon.colcon_core.shell:Skip shell extension 'dsv' for command environment
[0.489s] INFO:colcon.colcon_ros.task.ament_cmake.build:Building ROS package in '/root/Dojo/src/robot_description' with build type 'ament_cmake'
[0.489s] INFO:colcon.colcon_cmake.task.cmake.build:Building CMake package in '/root/Dojo/src/robot_description'
[0.489s] INFO:colcon.colcon_core.shell:Skip shell extension 'powershell' for command environment: Not usable outside of PowerShell
[0.489s] DEBUG:colcon.colcon_core.shell:Skip shell extension 'dsv' for command environment
[0.493s] INFO:colcon.colcon_ros.task.ament_python.build:Building ROS package in '/root/Dojo/src/robot_hardware' with build type 'ament_python'
[0.493s] Level 1:colcon.colcon_core.shell:create_environment_hook('robot_hardware', 'ament_prefix_path')
[0.493s] INFO:colcon.colcon_core.shell:Creating environment hook '/root/Dojo/install/robot_hardware/share/robot_hardware/hook/ament_prefix_path.ps1'
[0.494s] INFO:colcon.colcon_core.shell:Creating environment descriptor '/root/Dojo/install/robot_hardware/share/robot_hardware/hook/ament_prefix_path.dsv'
[0.494s] INFO:colcon.colcon_core.shell:Creating environment hook '/root/Dojo/install/robot_hardware/share/robot_hardware/hook/ament_prefix_path.sh'
[0.495s] INFO:colcon.colcon_core.shell:Skip shell extension 'powershell' for command environment: Not usable outside of PowerShell
[0.495s] DEBUG:colcon.colcon_core.shell:Skip shell extension 'dsv' for command environment
[0.498s] INFO:colcon.colcon_cmake.task.cmake.build:Building CMake package in '/root/Dojo/src/robot_perception'
[0.498s] INFO:colcon.colcon_core.shell:Skip shell extension 'powershell' for command environment: Not usable outside of PowerShell
[0.498s] DEBUG:colcon.colcon_core.shell:Skip shell extension 'dsv' for command environment
[0.501s] INFO:colcon.colcon_ros.task.ament_python.build:Building ROS package in '/root/Dojo/backup_packages/robot_sensors' with build type 'ament_python'
[0.501s] Level 1:colcon.colcon_core.shell:create_environment_hook('robot_sensors', 'ament_prefix_path')
[0.501s] INFO:colcon.colcon_core.shell:Creating environment hook '/root/Dojo/install/robot_sensors/share/robot_sensors/hook/ament_prefix_path.ps1'
[0.502s] INFO:colcon.colcon_core.shell:Creating environment descriptor '/root/Dojo/install/robot_sensors/share/robot_sensors/hook/ament_prefix_path.dsv'
[0.502s] INFO:colcon.colcon_core.shell:Creating environment hook '/root/Dojo/install/robot_sensors/share/robot_sensors/hook/ament_prefix_path.sh'
[0.502s] INFO:colcon.colcon_core.shell:Skip shell extension 'powershell' for command environment: Not usable outside of PowerShell
[0.502s] DEBUG:colcon.colcon_core.shell:Skip shell extension 'dsv' for command environment
[0.506s] INFO:colcon.colcon_ros.task.ament_python.build:Building ROS package in '/root/Dojo/backup_packages/ros2arduino_bridge' with build type 'ament_python'
[0.507s] Level 1:colcon.colcon_core.shell:create_environment_hook('ros2arduino_bridge', 'ament_prefix_path')
[0.507s] INFO:colcon.colcon_core.shell:Creating environment hook '/root/Dojo/install/ros2arduino_bridge/share/ros2arduino_bridge/hook/ament_prefix_path.ps1'
[0.508s] INFO:colcon.colcon_core.shell:Creating environment descriptor '/root/Dojo/install/ros2arduino_bridge/share/ros2arduino_bridge/hook/ament_prefix_path.dsv'
[0.508s] INFO:colcon.colcon_core.shell:Creating environment hook '/root/Dojo/install/ros2arduino_bridge/share/ros2arduino_bridge/hook/ament_prefix_path.sh'
[0.508s] INFO:colcon.colcon_core.shell:Skip shell extension 'powershell' for command environment: Not usable outside of PowerShell
[0.508s] DEBUG:colcon.colcon_core.shell:Skip shell extension 'dsv' for command environment
[0.511s] INFO:colcon.colcon_ros.task.ament_python.build:Building ROS package in '/root/Dojo/backup_packages/arduino_bridge' with build type 'ament_python'
[0.512s] Level 1:colcon.colcon_core.shell:create_environment_hook('arduino_bridge', 'ament_prefix_path')
[0.512s] INFO:colcon.colcon_core.shell:Creating environment hook '/root/Dojo/install/arduino_bridge/share/arduino_bridge/hook/ament_prefix_path.ps1'
[0.512s] INFO:colcon.colcon_core.shell:Creating environment descriptor '/root/Dojo/install/arduino_bridge/share/arduino_bridge/hook/ament_prefix_path.dsv'
[0.513s] INFO:colcon.colcon_core.shell:Creating environment hook '/root/Dojo/install/arduino_bridge/share/arduino_bridge/hook/ament_prefix_path.sh'
[0.513s] INFO:colcon.colcon_core.shell:Skip shell extension 'powershell' for command environment: Not usable outside of PowerShell
[0.513s] DEBUG:colcon.colcon_core.shell:Skip shell extension 'dsv' for command environment
[0.516s] INFO:colcon.colcon_ros.task.ament_cmake.build:Building ROS package in '/root/Dojo/backup_packages/camera_ws/src/camera_ros' with build type 'ament_cmake'
[0.516s] INFO:colcon.colcon_cmake.task.cmake.build:Building CMake package in '/root/Dojo/backup_packages/camera_ws/src/camera_ros'
[0.517s] INFO:colcon.colcon_core.shell:Skip shell extension 'powershell' for command environment: Not usable outside of PowerShell
[0.517s] DEBUG:colcon.colcon_core.shell:Skip shell extension 'dsv' for command environment
[0.520s] INFO:colcon.colcon_ros.task.ament_python.build:Building ROS package in '/root/Dojo/backup_packages/camera_ws/src/nv21_converter_pkg' with build type 'ament_python'
[0.520s] Level 1:colcon.colcon_core.shell:create_environment_hook('nv21_converter_pkg', 'ament_prefix_path')
[0.520s] INFO:colcon.colcon_core.shell:Creating environment hook '/root/Dojo/install/nv21_converter_pkg/share/nv21_converter_pkg/hook/ament_prefix_path.ps1'
[0.521s] INFO:colcon.colcon_core.shell:Creating environment descriptor '/root/Dojo/install/nv21_converter_pkg/share/nv21_converter_pkg/hook/ament_prefix_path.dsv'
[0.521s] INFO:colcon.colcon_core.shell:Creating environment hook '/root/Dojo/install/nv21_converter_pkg/share/nv21_converter_pkg/hook/ament_prefix_path.sh'
[0.522s] INFO:colcon.colcon_core.shell:Skip shell extension 'powershell' for command environment: Not usable outside of PowerShell
[0.522s] DEBUG:colcon.colcon_core.shell:Skip shell extension 'dsv' for command environment
[0.525s] INFO:colcon.colcon_ros.task.ament_cmake.build:Building ROS package in '/root/Dojo/src/robot_interfaces' with build type 'ament_cmake'
[0.525s] INFO:colcon.colcon_cmake.task.cmake.build:Building CMake package in '/root/Dojo/src/robot_interfaces'
[0.526s] INFO:colcon.colcon_core.shell:Skip shell extension 'powershell' for command environment: Not usable outside of PowerShell
[0.526s] DEBUG:colcon.colcon_core.shell:Skip shell extension 'dsv' for command environment
[0.529s] INFO:colcon.colcon_ros.task.ament_python.build:Building ROS package in '/root/Dojo/backup_packages/vision_system' with build type 'ament_python'
[0.529s] Level 1:colcon.colcon_core.shell:create_environment_hook('vision_system', 'ament_prefix_path')
[0.529s] INFO:colcon.colcon_core.shell:Creating environment hook '/root/Dojo/install/vision_system/share/vision_system/hook/ament_prefix_path.ps1'
[0.529s] INFO:colcon.colcon_core.shell:Creating environment descriptor '/root/Dojo/install/vision_system/share/vision_system/hook/ament_prefix_path.dsv'
[0.530s] INFO:colcon.colcon_core.shell:Creating environment hook '/root/Dojo/install/vision_system/share/vision_system/hook/ament_prefix_path.sh'
[0.530s] INFO:colcon.colcon_core.shell:Skip shell extension 'powershell' for command environment: Not usable outside of PowerShell
[0.530s] DEBUG:colcon.colcon_core.shell:Skip shell extension 'dsv' for command environment
[0.539s] DEBUG:colcon.colcon_core.event_handler.log_command:Invoking command in '/root/Dojo/build/robot_control': CMAKE_PREFIX_PATH=/opt/ros/humble /usr/bin/cmake /root/Dojo/src/robot_control -DCMAKE_BUILD_TYPE=Release -DBUILD_TESTING=OFF -DAMENT_CMAKE_SYMLINK_INSTALL=1 -DCMAKE_INSTALL_PREFIX=/root/Dojo/install/robot_control
[0.542s] DEBUG:colcon.colcon_core.event_handler.log_command:Invoking command in '/root/Dojo/build/robot_description': CMAKE_PREFIX_PATH=/opt/ros/humble /usr/bin/cmake /root/Dojo/src/robot_description -DCMAKE_BUILD_TYPE=Release -DBUILD_TESTING=OFF -DAMENT_CMAKE_SYMLINK_INSTALL=1 -DCMAKE_INSTALL_PREFIX=/root/Dojo/install/robot_description
[0.900s] INFO:colcon.colcon_core.task.python.build:Building Python package in '/root/Dojo/src/robot_hardware'
[0.901s] INFO:colcon.colcon_core.shell:Skip shell extension 'powershell' for command environment: Not usable outside of PowerShell
[0.901s] DEBUG:colcon.colcon_core.shell:Skip shell extension 'dsv' for command environment
[0.907s] DEBUG:colcon.colcon_core.event_handler.log_command:Invoking command in '/root/Dojo/build/robot_perception': /usr/bin/cmake /root/Dojo/src/robot_perception -DCMAKE_BUILD_TYPE=Release -DBUILD_TESTING=OFF -DCMAKE_INSTALL_PREFIX=/root/Dojo/install/robot_perception
[1.285s] INFO:colcon.colcon_core.task.python.build:Building Python package in '/root/Dojo/backup_packages/robot_sensors'
[1.286s] INFO:colcon.colcon_core.shell:Skip shell extension 'powershell' for command environment: Not usable outside of PowerShell
[1.286s] DEBUG:colcon.colcon_core.shell:Skip shell extension 'dsv' for command environment
[1.651s] INFO:colcon.colcon_core.task.python.build:Building Python package in '/root/Dojo/backup_packages/ros2arduino_bridge'
[1.652s] INFO:colcon.colcon_core.shell:Skip shell extension 'powershell' for command environment: Not usable outside of PowerShell
[1.652s] DEBUG:colcon.colcon_core.shell:Skip shell extension 'dsv' for command environment
[2.004s] INFO:colcon.colcon_core.task.python.build:Building Python package in '/root/Dojo/backup_packages/arduino_bridge'
[2.005s] INFO:colcon.colcon_core.shell:Skip shell extension 'powershell' for command environment: Not usable outside of PowerShell
[2.005s] DEBUG:colcon.colcon_core.shell:Skip shell extension 'dsv' for command environment
[2.011s] DEBUG:colcon.colcon_core.event_handler.log_command:Invoking command in '/root/Dojo/build/camera_ros': CMAKE_PREFIX_PATH=/opt/ros/humble /usr/bin/cmake /root/Dojo/backup_packages/camera_ws/src/camera_ros -DCMAKE_BUILD_TYPE=Release -DBUILD_TESTING=OFF -DAMENT_CMAKE_SYMLINK_INSTALL=1 -DCMAKE_INSTALL_PREFIX=/root/Dojo/install/camera_ros
[2.384s] INFO:colcon.colcon_core.task.python.build:Building Python package in '/root/Dojo/backup_packages/camera_ws/src/nv21_converter_pkg'
[2.385s] INFO:colcon.colcon_core.shell:Skip shell extension 'powershell' for command environment: Not usable outside of PowerShell
[2.385s] DEBUG:colcon.colcon_core.shell:Skip shell extension 'dsv' for command environment
[2.394s] DEBUG:colcon.colcon_core.event_handler.log_command:Invoking command in '/root/Dojo/build/robot_interfaces': CMAKE_PREFIX_PATH=/opt/ros/humble /usr/bin/cmake /root/Dojo/src/robot_interfaces -DCMAKE_BUILD_TYPE=Release -DBUILD_TESTING=OFF -DAMENT_CMAKE_SYMLINK_INSTALL=1 -DCMAKE_INSTALL_PREFIX=/root/Dojo/install/robot_interfaces
[2.833s] INFO:colcon.colcon_core.task.python.build:Building Python package in '/root/Dojo/backup_packages/vision_system'
[2.834s] INFO:colcon.colcon_core.shell:Skip shell extension 'powershell' for command environment: Not usable outside of PowerShell
[2.834s] DEBUG:colcon.colcon_core.shell:Skip shell extension 'dsv' for command environment
[2.839s] DEBUG:colcon.colcon_core.event_handler.log_command:Invoked command in '/root/Dojo/build/robot_perception' returned '0': /usr/bin/cmake /root/Dojo/src/robot_perception -DCMAKE_BUILD_TYPE=Release -DBUILD_TESTING=OFF -DCMAKE_INSTALL_PREFIX=/root/Dojo/install/robot_perception
[2.841s] DEBUG:colcon.colcon_core.event_handler.log_command:Invoking command in '/root/Dojo/build/robot_perception': /usr/bin/cmake --build /root/Dojo/build/robot_perception -- -j16 -l16
[3.778s] DEBUG:colcon.colcon_core.event_handler.log_command:Invoking command in '/root/Dojo/build/arduino_bridge': PYTHONPATH=/root/Dojo/build/arduino_bridge/prefix_override:/usr/lib/python3/dist-packages/colcon_core/task/python/colcon_distutils_commands:/root/Dojo/install/arduino_bridge/lib/python3.10/site-packages:${PYTHONPATH} /usr/bin/python3 -W ignore:setup.py install is deprecated -W ignore:easy_install command is deprecated setup.py develop --editable --build-directory /root/Dojo/build/arduino_bridge/build --no-deps symlink_data
[3.804s] DEBUG:colcon.colcon_core.event_handler.log_command:Invoked command in '/root/Dojo/build/robot_perception' returned '0': /usr/bin/cmake --build /root/Dojo/build/robot_perception -- -j16 -l16
[3.823s] DEBUG:colcon.colcon_core.event_handler.log_command:Invoking command in '/root/Dojo/build/robot_perception': /usr/bin/cmake --install /root/Dojo/build/robot_perception
[3.861s] DEBUG:colcon.colcon_core.event_handler.log_command:Invoking command in '/root/Dojo/build/ros2arduino_bridge': PYTHONPATH=/root/Dojo/build/ros2arduino_bridge/prefix_override:/usr/lib/python3/dist-packages/colcon_core/task/python/colcon_distutils_commands:/root/Dojo/install/ros2arduino_bridge/lib/python3.10/site-packages:${PYTHONPATH} /usr/bin/python3 -W ignore:setup.py install is deprecated -W ignore:easy_install command is deprecated setup.py develop --editable --build-directory /root/Dojo/build/ros2arduino_bridge/build --no-deps symlink_data
[3.867s] DEBUG:colcon.colcon_core.event_handler.log_command:Invoking command in '/root/Dojo/build/robot_sensors': PYTHONPATH=/root/Dojo/build/robot_sensors/prefix_override:/usr/lib/python3/dist-packages/colcon_core/task/python/colcon_distutils_commands:/root/Dojo/install/robot_sensors/lib/python3.10/site-packages:${PYTHONPATH} /usr/bin/python3 -W ignore:setup.py install is deprecated -W ignore:easy_install command is deprecated setup.py develop --editable --build-directory /root/Dojo/build/robot_sensors/build --no-deps symlink_data
[3.949s] DEBUG:colcon.colcon_core.event_handler.log_command:Invoking command in '/root/Dojo/build/robot_hardware': PYTHONPATH=/root/Dojo/build/robot_hardware/prefix_override:/usr/lib/python3/dist-packages/colcon_core/task/python/colcon_distutils_commands:/root/Dojo/install/robot_hardware/lib/python3.10/site-packages:${PYTHONPATH} /usr/bin/python3 -W ignore:setup.py install is deprecated -W ignore:easy_install command is deprecated setup.py develop --editable --build-directory /root/Dojo/build/robot_hardware/build --no-deps symlink_data
[3.952s] Level 1:colcon.colcon_core.environment:create_environment_scripts_only(robot_perception)
[3.953s] DEBUG:colcon.colcon_core.event_handler.log_command:Invoking command in '/root/Dojo/build/nv21_converter_pkg': PYTHONPATH=/root/Dojo/build/nv21_converter_pkg/prefix_override:/usr/lib/python3/dist-packages/colcon_core/task/python/colcon_distutils_commands:/root/Dojo/install/nv21_converter_pkg/lib/python3.10/site-packages:${PYTHONPATH} /usr/bin/python3 -W ignore:setup.py install is deprecated -W ignore:easy_install command is deprecated setup.py develop --editable --build-directory /root/Dojo/build/nv21_converter_pkg/build --no-deps symlink_data
[3.953s] DEBUG:colcon.colcon_core.event_handler.log_command:Invoked command in '/root/Dojo/build/robot_perception' returned '0': /usr/bin/cmake --install /root/Dojo/build/robot_perception
[3.957s] Level 1:colcon.colcon_core.environment:checking '/root/Dojo/install/robot_perception' for CMake module files
[3.958s] Level 1:colcon.colcon_core.environment:checking '/root/Dojo/install/robot_perception' for CMake config files
[3.958s] Level 1:colcon.colcon_core.shell:create_environment_hook('robot_perception', 'cmake_prefix_path')
[3.959s] INFO:colcon.colcon_core.shell:Creating environment hook '/root/Dojo/install/robot_perception/share/robot_perception/hook/cmake_prefix_path.ps1'
[3.960s] INFO:colcon.colcon_core.shell:Creating environment descriptor '/root/Dojo/install/robot_perception/share/robot_perception/hook/cmake_prefix_path.dsv'
[3.960s] INFO:colcon.colcon_core.shell:Creating environment hook '/root/Dojo/install/robot_perception/share/robot_perception/hook/cmake_prefix_path.sh'
[3.963s] Level 1:colcon.colcon_core.environment:checking '/root/Dojo/install/robot_perception/lib'
[3.963s] Level 1:colcon.colcon_core.environment:checking '/root/Dojo/install/robot_perception/bin'
[3.963s] Level 1:colcon.colcon_core.environment:checking '/root/Dojo/install/robot_perception/lib/pkgconfig/robot_perception.pc'
[3.964s] Level 1:colcon.colcon_core.environment:checking '/root/Dojo/install/robot_perception/lib/python3.10/site-packages'
[3.964s] Level 1:colcon.colcon_core.environment:checking '/root/Dojo/install/robot_perception/bin'
[3.965s] INFO:colcon.colcon_core.shell:Creating package script '/root/Dojo/install/robot_perception/share/robot_perception/package.ps1'
[3.966s] INFO:colcon.colcon_core.shell:Creating package descriptor '/root/Dojo/install/robot_perception/share/robot_perception/package.dsv'
[3.967s] INFO:colcon.colcon_core.shell:Creating package script '/root/Dojo/install/robot_perception/share/robot_perception/package.sh'
[3.969s] INFO:colcon.colcon_core.shell:Creating package script '/root/Dojo/install/robot_perception/share/robot_perception/package.bash'
[3.970s] INFO:colcon.colcon_core.shell:Creating package script '/root/Dojo/install/robot_perception/share/robot_perception/package.zsh'
[3.971s] Level 1:colcon.colcon_core.environment:create_file_with_runtime_dependencies(/root/Dojo/install/robot_perception/share/colcon-core/packages/robot_perception)
[3.983s] DEBUG:colcon.colcon_core.event_handler.log_command:Invoking command in '/root/Dojo/build/vision_system': PYTHONPATH=/root/Dojo/build/vision_system/prefix_override:/usr/lib/python3/dist-packages/colcon_core/task/python/colcon_distutils_commands:/root/Dojo/install/vision_system/lib/python3.10/site-packages:${PYTHONPATH} /usr/bin/python3 -W ignore:setup.py install is deprecated -W ignore:easy_install command is deprecated setup.py develop --editable --build-directory /root/Dojo/build/vision_system/build --no-deps symlink_data
[4.675s] DEBUG:colcon.colcon_core.event_handler.log_command:Invoked command in '/root/Dojo/build/robot_control' returned '0': CMAKE_PREFIX_PATH=/opt/ros/humble /usr/bin/cmake /root/Dojo/src/robot_control -DCMAKE_BUILD_TYPE=Release -DBUILD_TESTING=OFF -DAMENT_CMAKE_SYMLINK_INSTALL=1 -DCMAKE_INSTALL_PREFIX=/root/Dojo/install/robot_control
[4.676s] DEBUG:colcon.colcon_core.event_handler.log_command:Invoking command in '/root/Dojo/build/robot_control': CMAKE_PREFIX_PATH=/opt/ros/humble /usr/bin/cmake --build /root/Dojo/build/robot_control -- -j16 -l16
[4.751s] DEBUG:colcon.colcon_core.event_handler.log_command:Invoked command in '/root/Dojo/build/robot_control' returned '0': CMAKE_PREFIX_PATH=/opt/ros/humble /usr/bin/cmake --build /root/Dojo/build/robot_control -- -j16 -l16
[4.753s] DEBUG:colcon.colcon_core.event_handler.log_command:Invoking command in '/root/Dojo/build/robot_control': CMAKE_PREFIX_PATH=/opt/ros/humble /usr/bin/cmake --install /root/Dojo/build/robot_control
[4.755s] DEBUG:colcon.colcon_core.event_handler.log_command:Invoked command in '/root/Dojo/build/camera_ros' returned '0': CMAKE_PREFIX_PATH=/opt/ros/humble /usr/bin/cmake /root/Dojo/backup_packages/camera_ws/src/camera_ros -DCMAKE_BUILD_TYPE=Release -DBUILD_TESTING=OFF -DAMENT_CMAKE_SYMLINK_INSTALL=1 -DCMAKE_INSTALL_PREFIX=/root/Dojo/install/camera_ros
[4.756s] DEBUG:colcon.colcon_core.event_handler.log_command:Invoking command in '/root/Dojo/build/camera_ros': CMAKE_PREFIX_PATH=/opt/ros/humble /usr/bin/cmake --build /root/Dojo/build/camera_ros -- -j16 -l16
[4.782s] DEBUG:colcon.colcon_core.event_handler.log_command:Invoked command in '/root/Dojo/build/robot_description' returned '0': CMAKE_PREFIX_PATH=/opt/ros/humble /usr/bin/cmake /root/Dojo/src/robot_description -DCMAKE_BUILD_TYPE=Release -DBUILD_TESTING=OFF -DAMENT_CMAKE_SYMLINK_INSTALL=1 -DCMAKE_INSTALL_PREFIX=/root/Dojo/install/robot_description
[4.785s] DEBUG:colcon.colcon_core.event_handler.log_command:Invoking command in '/root/Dojo/build/robot_description': CMAKE_PREFIX_PATH=/opt/ros/humble /usr/bin/cmake --build /root/Dojo/build/robot_description -- -j16 -l16
[4.879s] DEBUG:colcon.colcon_core.event_handler.log_command:Invoked command in '/root/Dojo/build/robot_description' returned '0': CMAKE_PREFIX_PATH=/opt/ros/humble /usr/bin/cmake --build /root/Dojo/build/robot_description -- -j16 -l16
[4.889s] DEBUG:colcon.colcon_core.event_handler.log_command:Invoking command in '/root/Dojo/build/robot_description': CMAKE_PREFIX_PATH=/opt/ros/humble /usr/bin/cmake --install /root/Dojo/build/robot_description
[4.957s] Level 1:colcon.colcon_core.shell:create_environment_hook('arduino_bridge', 'pythonpath_develop')
[4.958s] INFO:colcon.colcon_core.shell:Creating environment hook '/root/Dojo/build/arduino_bridge/share/arduino_bridge/hook/pythonpath_develop.ps1'
[4.959s] DEBUG:colcon.colcon_core.event_handler.log_command:Invoked command in '/root/Dojo/build/arduino_bridge' returned '0': PYTHONPATH=/root/Dojo/build/arduino_bridge/prefix_override:/usr/lib/python3/dist-packages/colcon_core/task/python/colcon_distutils_commands:/root/Dojo/install/arduino_bridge/lib/python3.10/site-packages:${PYTHONPATH} /usr/bin/python3 -W ignore:setup.py install is deprecated -W ignore:easy_install command is deprecated setup.py develop --editable --build-directory /root/Dojo/build/arduino_bridge/build --no-deps symlink_data
[4.959s] INFO:colcon.colcon_core.shell:Creating environment descriptor '/root/Dojo/build/arduino_bridge/share/arduino_bridge/hook/pythonpath_develop.dsv'
[4.960s] INFO:colcon.colcon_core.shell:Creating environment hook '/root/Dojo/build/arduino_bridge/share/arduino_bridge/hook/pythonpath_develop.sh'
[4.960s] Level 1:colcon.colcon_core.environment:checking '/root/Dojo/install/arduino_bridge' for CMake module files
[4.961s] Level 1:colcon.colcon_core.environment:checking '/root/Dojo/install/arduino_bridge' for CMake config files
[4.962s] Level 1:colcon.colcon_core.environment:checking '/root/Dojo/install/arduino_bridge/lib'
[4.962s] Level 1:colcon.colcon_core.environment:checking '/root/Dojo/install/arduino_bridge/bin'
[4.962s] Level 1:colcon.colcon_core.environment:checking '/root/Dojo/install/arduino_bridge/lib/pkgconfig/arduino_bridge.pc'
[4.962s] Level 1:colcon.colcon_core.environment:checking '/root/Dojo/install/arduino_bridge/lib/python3.10/site-packages'
[4.962s] Level 1:colcon.colcon_core.shell:create_environment_hook('arduino_bridge', 'pythonpath')
[4.962s] INFO:colcon.colcon_core.shell:Creating environment hook '/root/Dojo/install/arduino_bridge/share/arduino_bridge/hook/pythonpath.ps1'
[4.968s] INFO:colcon.colcon_core.shell:Creating environment descriptor '/root/Dojo/install/arduino_bridge/share/arduino_bridge/hook/pythonpath.dsv'
[4.968s] INFO:colcon.colcon_core.shell:Creating environment hook '/root/Dojo/install/arduino_bridge/share/arduino_bridge/hook/pythonpath.sh'
[4.971s] Level 1:colcon.colcon_core.environment:checking '/root/Dojo/install/arduino_bridge/bin'
[4.973s] Level 1:colcon.colcon_core.environment:create_environment_scripts_only(arduino_bridge)
[4.975s] INFO:colcon.colcon_core.shell:Creating package script '/root/Dojo/install/arduino_bridge/share/arduino_bridge/package.ps1'
[4.976s] INFO:colcon.colcon_core.shell:Creating package descriptor '/root/Dojo/install/arduino_bridge/share/arduino_bridge/package.dsv'
[4.977s] INFO:colcon.colcon_core.shell:Creating package script '/root/Dojo/install/arduino_bridge/share/arduino_bridge/package.sh'
[4.980s] INFO:colcon.colcon_core.shell:Creating package script '/root/Dojo/install/arduino_bridge/share/arduino_bridge/package.bash'
[4.981s] INFO:colcon.colcon_core.shell:Creating package script '/root/Dojo/install/arduino_bridge/share/arduino_bridge/package.zsh'
[4.981s] Level 1:colcon.colcon_core.environment:create_file_with_runtime_dependencies(/root/Dojo/install/arduino_bridge/share/colcon-core/packages/arduino_bridge)
[4.990s] Level 1:colcon.colcon_core.shell:create_environment_hook('ros2arduino_bridge', 'pythonpath_develop')
[4.990s] INFO:colcon.colcon_core.shell:Creating environment hook '/root/Dojo/build/ros2arduino_bridge/share/ros2arduino_bridge/hook/pythonpath_develop.ps1'
[4.991s] DEBUG:colcon.colcon_core.event_handler.log_command:Invoked command in '/root/Dojo/build/ros2arduino_bridge' returned '0': PYTHONPATH=/root/Dojo/build/ros2arduino_bridge/prefix_override:/usr/lib/python3/dist-packages/colcon_core/task/python/colcon_distutils_commands:/root/Dojo/install/ros2arduino_bridge/lib/python3.10/site-packages:${PYTHONPATH} /usr/bin/python3 -W ignore:setup.py install is deprecated -W ignore:easy_install command is deprecated setup.py develop --editable --build-directory /root/Dojo/build/ros2arduino_bridge/build --no-deps symlink_data
[4.992s] INFO:colcon.colcon_core.shell:Creating environment descriptor '/root/Dojo/build/ros2arduino_bridge/share/ros2arduino_bridge/hook/pythonpath_develop.dsv'
[4.994s] INFO:colcon.colcon_core.shell:Creating environment hook '/root/Dojo/build/ros2arduino_bridge/share/ros2arduino_bridge/hook/pythonpath_develop.sh'
[5.003s] Level 1:colcon.colcon_core.environment:checking '/root/Dojo/install/ros2arduino_bridge' for CMake module files
[5.003s] Level 1:colcon.colcon_core.environment:checking '/root/Dojo/install/ros2arduino_bridge' for CMake config files
[5.004s] Level 1:colcon.colcon_core.environment:checking '/root/Dojo/install/ros2arduino_bridge/lib'
[5.004s] Level 1:colcon.colcon_core.environment:checking '/root/Dojo/install/ros2arduino_bridge/bin'
[5.005s] Level 1:colcon.colcon_core.environment:checking '/root/Dojo/install/ros2arduino_bridge/lib/pkgconfig/ros2arduino_bridge.pc'
[5.005s] Level 1:colcon.colcon_core.environment:checking '/root/Dojo/install/ros2arduino_bridge/lib/python3.10/site-packages'
[5.005s] Level 1:colcon.colcon_core.shell:create_environment_hook('ros2arduino_bridge', 'pythonpath')
[5.005s] INFO:colcon.colcon_core.shell:Creating environment hook '/root/Dojo/install/ros2arduino_bridge/share/ros2arduino_bridge/hook/pythonpath.ps1'
[5.007s] INFO:colcon.colcon_core.shell:Creating environment descriptor '/root/Dojo/install/ros2arduino_bridge/share/ros2arduino_bridge/hook/pythonpath.dsv'
[5.007s] INFO:colcon.colcon_core.shell:Creating environment hook '/root/Dojo/install/ros2arduino_bridge/share/ros2arduino_bridge/hook/pythonpath.sh'
[5.008s] Level 1:colcon.colcon_core.environment:checking '/root/Dojo/install/ros2arduino_bridge/bin'
[5.008s] Level 1:colcon.colcon_core.environment:create_environment_scripts_only(ros2arduino_bridge)
[5.009s] INFO:colcon.colcon_core.shell:Creating package script '/root/Dojo/install/ros2arduino_bridge/share/ros2arduino_bridge/package.ps1'
[5.010s] INFO:colcon.colcon_core.shell:Creating package descriptor '/root/Dojo/install/ros2arduino_bridge/share/ros2arduino_bridge/package.dsv'
[5.010s] INFO:colcon.colcon_core.shell:Creating package script '/root/Dojo/install/ros2arduino_bridge/share/ros2arduino_bridge/package.sh'
[5.011s] INFO:colcon.colcon_core.shell:Creating package script '/root/Dojo/install/ros2arduino_bridge/share/ros2arduino_bridge/package.bash'
[5.011s] INFO:colcon.colcon_core.shell:Creating package script '/root/Dojo/install/ros2arduino_bridge/share/ros2arduino_bridge/package.zsh'
[5.012s] Level 1:colcon.colcon_core.environment:create_file_with_runtime_dependencies(/root/Dojo/install/ros2arduino_bridge/share/colcon-core/packages/ros2arduino_bridge)
[5.015s] Level 1:colcon.colcon_core.shell:create_environment_hook('robot_sensors', 'pythonpath_develop')
[5.016s] INFO:colcon.colcon_core.shell:Creating environment hook '/root/Dojo/build/robot_sensors/share/robot_sensors/hook/pythonpath_develop.ps1'
[5.018s] DEBUG:colcon.colcon_core.event_handler.log_command:Invoked command in '/root/Dojo/build/robot_sensors' returned '0': PYTHONPATH=/root/Dojo/build/robot_sensors/prefix_override:/usr/lib/python3/dist-packages/colcon_core/task/python/colcon_distutils_commands:/root/Dojo/install/robot_sensors/lib/python3.10/site-packages:${PYTHONPATH} /usr/bin/python3 -W ignore:setup.py install is deprecated -W ignore:easy_install command is deprecated setup.py develop --editable --build-directory /root/Dojo/build/robot_sensors/build --no-deps symlink_data
[5.020s] INFO:colcon.colcon_core.shell:Creating environment descriptor '/root/Dojo/build/robot_sensors/share/robot_sensors/hook/pythonpath_develop.dsv'
[5.021s] INFO:colcon.colcon_core.shell:Creating environment hook '/root/Dojo/build/robot_sensors/share/robot_sensors/hook/pythonpath_develop.sh'
[5.023s] Level 1:colcon.colcon_core.environment:checking '/root/Dojo/install/robot_sensors' for CMake module files
[5.024s] Level 1:colcon.colcon_core.environment:checking '/root/Dojo/install/robot_sensors' for CMake config files
[5.025s] Level 1:colcon.colcon_core.environment:checking '/root/Dojo/install/robot_sensors/lib'
[5.025s] Level 1:colcon.colcon_core.environment:checking '/root/Dojo/install/robot_sensors/bin'
[5.025s] Level 1:colcon.colcon_core.environment:checking '/root/Dojo/install/robot_sensors/lib/pkgconfig/robot_sensors.pc'
[5.025s] Level 1:colcon.colcon_core.environment:checking '/root/Dojo/install/robot_sensors/lib/python3.10/site-packages'
[5.025s] Level 1:colcon.colcon_core.shell:create_environment_hook('robot_sensors', 'pythonpath')
[5.026s] INFO:colcon.colcon_core.shell:Creating environment hook '/root/Dojo/install/robot_sensors/share/robot_sensors/hook/pythonpath.ps1'
[5.026s] INFO:colcon.colcon_core.shell:Creating environment descriptor '/root/Dojo/install/robot_sensors/share/robot_sensors/hook/pythonpath.dsv'
[5.027s] INFO:colcon.colcon_core.shell:Creating environment hook '/root/Dojo/install/robot_sensors/share/robot_sensors/hook/pythonpath.sh'
[5.028s] Level 1:colcon.colcon_core.environment:checking '/root/Dojo/install/robot_sensors/bin'
[5.028s] Level 1:colcon.colcon_core.environment:create_environment_scripts_only(robot_sensors)
[5.028s] INFO:colcon.colcon_core.shell:Creating package script '/root/Dojo/install/robot_sensors/share/robot_sensors/package.ps1'
[5.029s] INFO:colcon.colcon_core.shell:Creating package descriptor '/root/Dojo/install/robot_sensors/share/robot_sensors/package.dsv'
[5.030s] INFO:colcon.colcon_core.shell:Creating package script '/root/Dojo/install/robot_sensors/share/robot_sensors/package.sh'
[5.031s] INFO:colcon.colcon_core.shell:Creating package script '/root/Dojo/install/robot_sensors/share/robot_sensors/package.bash'
[5.035s] INFO:colcon.colcon_core.shell:Creating package script '/root/Dojo/install/robot_sensors/share/robot_sensors/package.zsh'
[5.036s] Level 1:colcon.colcon_core.environment:create_file_with_runtime_dependencies(/root/Dojo/install/robot_sensors/share/colcon-core/packages/robot_sensors)
[5.041s] Level 1:colcon.colcon_core.shell:create_environment_hook('nv21_converter_pkg', 'pythonpath_develop')
[5.041s] INFO:colcon.colcon_core.shell:Creating environment hook '/root/Dojo/build/nv21_converter_pkg/share/nv21_converter_pkg/hook/pythonpath_develop.ps1'
[5.043s] DEBUG:colcon.colcon_core.event_handler.log_command:Invoked command in '/root/Dojo/build/nv21_converter_pkg' returned '0': PYTHONPATH=/root/Dojo/build/nv21_converter_pkg/prefix_override:/usr/lib/python3/dist-packages/colcon_core/task/python/colcon_distutils_commands:/root/Dojo/install/nv21_converter_pkg/lib/python3.10/site-packages:${PYTHONPATH} /usr/bin/python3 -W ignore:setup.py install is deprecated -W ignore:easy_install command is deprecated setup.py develop --editable --build-directory /root/Dojo/build/nv21_converter_pkg/build --no-deps symlink_data
[5.048s] INFO:colcon.colcon_core.shell:Creating environment descriptor '/root/Dojo/build/nv21_converter_pkg/share/nv21_converter_pkg/hook/pythonpath_develop.dsv'
[5.049s] INFO:colcon.colcon_core.shell:Creating environment hook '/root/Dojo/build/nv21_converter_pkg/share/nv21_converter_pkg/hook/pythonpath_develop.sh'
[5.050s] Level 1:colcon.colcon_core.environment:checking '/root/Dojo/install/nv21_converter_pkg' for CMake module files
[5.055s] Level 1:colcon.colcon_core.environment:checking '/root/Dojo/install/nv21_converter_pkg' for CMake config files
[5.056s] Level 1:colcon.colcon_core.environment:checking '/root/Dojo/install/nv21_converter_pkg/lib'
[5.056s] Level 1:colcon.colcon_core.environment:checking '/root/Dojo/install/nv21_converter_pkg/bin'
[5.056s] Level 1:colcon.colcon_core.environment:checking '/root/Dojo/install/nv21_converter_pkg/lib/pkgconfig/nv21_converter_pkg.pc'
[5.057s] Level 1:colcon.colcon_core.environment:checking '/root/Dojo/install/nv21_converter_pkg/lib/python3.10/site-packages'
[5.057s] Level 1:colcon.colcon_core.shell:create_environment_hook('nv21_converter_pkg', 'pythonpath')
[5.057s] INFO:colcon.colcon_core.shell:Creating environment hook '/root/Dojo/install/nv21_converter_pkg/share/nv21_converter_pkg/hook/pythonpath.ps1'
[5.058s] INFO:colcon.colcon_core.shell:Creating environment descriptor '/root/Dojo/install/nv21_converter_pkg/share/nv21_converter_pkg/hook/pythonpath.dsv'
[5.058s] INFO:colcon.colcon_core.shell:Creating environment hook '/root/Dojo/install/nv21_converter_pkg/share/nv21_converter_pkg/hook/pythonpath.sh'
[5.062s] Level 1:colcon.colcon_core.environment:checking '/root/Dojo/install/nv21_converter_pkg/bin'
[5.062s] Level 1:colcon.colcon_core.environment:create_environment_scripts_only(nv21_converter_pkg)
[5.064s] INFO:colcon.colcon_core.shell:Creating package script '/root/Dojo/install/nv21_converter_pkg/share/nv21_converter_pkg/package.ps1'
[5.066s] INFO:colcon.colcon_core.shell:Creating package descriptor '/root/Dojo/install/nv21_converter_pkg/share/nv21_converter_pkg/package.dsv'
[5.067s] INFO:colcon.colcon_core.shell:Creating package script '/root/Dojo/install/nv21_converter_pkg/share/nv21_converter_pkg/package.sh'
[5.068s] INFO:colcon.colcon_core.shell:Creating package script '/root/Dojo/install/nv21_converter_pkg/share/nv21_converter_pkg/package.bash'
[5.068s] INFO:colcon.colcon_core.shell:Creating package script '/root/Dojo/install/nv21_converter_pkg/share/nv21_converter_pkg/package.zsh'
[5.069s] Level 1:colcon.colcon_core.environment:create_file_with_runtime_dependencies(/root/Dojo/install/nv21_converter_pkg/share/colcon-core/packages/nv21_converter_pkg)
[5.101s] Level 1:colcon.colcon_core.shell:create_environment_hook('robot_hardware', 'pythonpath_develop')
[5.102s] DEBUG:colcon.colcon_core.event_handler.log_command:Invoked command in '/root/Dojo/build/robot_hardware' returned '0': PYTHONPATH=/root/Dojo/build/robot_hardware/prefix_override:/usr/lib/python3/dist-packages/colcon_core/task/python/colcon_distutils_commands:/root/Dojo/install/robot_hardware/lib/python3.10/site-packages:${PYTHONPATH} /usr/bin/python3 -W ignore:setup.py install is deprecated -W ignore:easy_install command is deprecated setup.py develop --editable --build-directory /root/Dojo/build/robot_hardware/build --no-deps symlink_data
[5.103s] INFO:colcon.colcon_core.shell:Creating environment hook '/root/Dojo/build/robot_hardware/share/robot_hardware/hook/pythonpath_develop.ps1'
[5.104s] INFO:colcon.colcon_core.shell:Creating environment descriptor '/root/Dojo/build/robot_hardware/share/robot_hardware/hook/pythonpath_develop.dsv'
[5.105s] INFO:colcon.colcon_core.shell:Creating environment hook '/root/Dojo/build/robot_hardware/share/robot_hardware/hook/pythonpath_develop.sh'
[5.106s] Level 1:colcon.colcon_core.environment:checking '/root/Dojo/install/robot_hardware' for CMake module files
[5.106s] Level 1:colcon.colcon_core.environment:checking '/root/Dojo/install/robot_hardware' for CMake config files
[5.109s] Level 1:colcon.colcon_core.environment:checking '/root/Dojo/install/robot_hardware/lib'
[5.109s] Level 1:colcon.colcon_core.environment:checking '/root/Dojo/install/robot_hardware/bin'
[5.109s] Level 1:colcon.colcon_core.environment:checking '/root/Dojo/install/robot_hardware/lib/pkgconfig/robot_hardware.pc'
[5.109s] Level 1:colcon.colcon_core.environment:checking '/root/Dojo/install/robot_hardware/lib/python3.10/site-packages'
[5.109s] Level 1:colcon.colcon_core.shell:create_environment_hook('robot_hardware', 'pythonpath')
[5.110s] INFO:colcon.colcon_core.shell:Creating environment hook '/root/Dojo/install/robot_hardware/share/robot_hardware/hook/pythonpath.ps1'
[5.110s] INFO:colcon.colcon_core.shell:Creating environment descriptor '/root/Dojo/install/robot_hardware/share/robot_hardware/hook/pythonpath.dsv'
[5.111s] INFO:colcon.colcon_core.shell:Creating environment hook '/root/Dojo/install/robot_hardware/share/robot_hardware/hook/pythonpath.sh'
[5.112s] Level 1:colcon.colcon_core.environment:checking '/root/Dojo/install/robot_hardware/bin'
[5.112s] Level 1:colcon.colcon_core.environment:create_environment_scripts_only(robot_hardware)
[5.112s] INFO:colcon.colcon_core.shell:Creating package script '/root/Dojo/install/robot_hardware/share/robot_hardware/package.ps1'
[5.113s] INFO:colcon.colcon_core.shell:Creating package descriptor '/root/Dojo/install/robot_hardware/share/robot_hardware/package.dsv'
[5.114s] INFO:colcon.colcon_core.shell:Creating package script '/root/Dojo/install/robot_hardware/share/robot_hardware/package.sh'
[5.114s] INFO:colcon.colcon_core.shell:Creating package script '/root/Dojo/install/robot_hardware/share/robot_hardware/package.bash'
[5.115s] INFO:colcon.colcon_core.shell:Creating package script '/root/Dojo/install/robot_hardware/share/robot_hardware/package.zsh'
[5.115s] Level 1:colcon.colcon_core.environment:create_file_with_runtime_dependencies(/root/Dojo/install/robot_hardware/share/colcon-core/packages/robot_hardware)
[5.119s] Level 1:colcon.colcon_core.shell:create_environment_hook('vision_system', 'pythonpath_develop')
[5.120s] DEBUG:colcon.colcon_core.event_handler.log_command:Invoked command in '/root/Dojo/build/vision_system' returned '0': PYTHONPATH=/root/Dojo/build/vision_system/prefix_override:/usr/lib/python3/dist-packages/colcon_core/task/python/colcon_distutils_commands:/root/Dojo/install/vision_system/lib/python3.10/site-packages:${PYTHONPATH} /usr/bin/python3 -W ignore:setup.py install is deprecated -W ignore:easy_install command is deprecated setup.py develop --editable --build-directory /root/Dojo/build/vision_system/build --no-deps symlink_data
[5.120s] INFO:colcon.colcon_core.shell:Creating environment hook '/root/Dojo/build/vision_system/share/vision_system/hook/pythonpath_develop.ps1'
[5.121s] INFO:colcon.colcon_core.shell:Creating environment descriptor '/root/Dojo/build/vision_system/share/vision_system/hook/pythonpath_develop.dsv'
[5.122s] INFO:colcon.colcon_core.shell:Creating environment hook '/root/Dojo/build/vision_system/share/vision_system/hook/pythonpath_develop.sh'
[5.124s] Level 1:colcon.colcon_core.environment:checking '/root/Dojo/install/vision_system' for CMake module files
[5.125s] Level 1:colcon.colcon_core.environment:checking '/root/Dojo/install/vision_system' for CMake config files
[5.126s] Level 1:colcon.colcon_core.environment:checking '/root/Dojo/install/vision_system/lib'
[5.126s] Level 1:colcon.colcon_core.environment:checking '/root/Dojo/install/vision_system/bin'
[5.126s] Level 1:colcon.colcon_core.environment:checking '/root/Dojo/install/vision_system/lib/pkgconfig/vision_system.pc'
[5.126s] Level 1:colcon.colcon_core.environment:checking '/root/Dojo/install/vision_system/lib/python3.10/site-packages'
[5.127s] Level 1:colcon.colcon_core.shell:create_environment_hook('vision_system', 'pythonpath')
[5.127s] INFO:colcon.colcon_core.shell:Creating environment hook '/root/Dojo/install/vision_system/share/vision_system/hook/pythonpath.ps1'
[5.127s] INFO:colcon.colcon_core.shell:Creating environment descriptor '/root/Dojo/install/vision_system/share/vision_system/hook/pythonpath.dsv'
[5.128s] INFO:colcon.colcon_core.shell:Creating environment hook '/root/Dojo/install/vision_system/share/vision_system/hook/pythonpath.sh'
[5.129s] Level 1:colcon.colcon_core.environment:checking '/root/Dojo/install/vision_system/bin'
[5.129s] Level 1:colcon.colcon_core.environment:create_environment_scripts_only(vision_system)
[5.129s] INFO:colcon.colcon_core.shell:Creating package script '/root/Dojo/install/vision_system/share/vision_system/package.ps1'
[5.130s] INFO:colcon.colcon_core.shell:Creating package descriptor '/root/Dojo/install/vision_system/share/vision_system/package.dsv'
[5.131s] INFO:colcon.colcon_core.shell:Creating package script '/root/Dojo/install/vision_system/share/vision_system/package.sh'
[5.132s] INFO:colcon.colcon_core.shell:Creating package script '/root/Dojo/install/vision_system/share/vision_system/package.bash'
[5.132s] INFO:colcon.colcon_core.shell:Creating package script '/root/Dojo/install/vision_system/share/vision_system/package.zsh'
[5.133s] Level 1:colcon.colcon_core.environment:create_file_with_runtime_dependencies(/root/Dojo/install/vision_system/share/colcon-core/packages/vision_system)
[5.260s] Level 1:colcon.colcon_core.environment:create_environment_scripts_only(robot_control)
[5.261s] Level 1:colcon.colcon_core.environment:checking '/root/Dojo/install/robot_control' for CMake module files
[5.261s] DEBUG:colcon.colcon_core.event_handler.log_command:Invoked command in '/root/Dojo/build/robot_control' returned '0': CMAKE_PREFIX_PATH=/opt/ros/humble /usr/bin/cmake --install /root/Dojo/build/robot_control
[5.262s] Level 1:colcon.colcon_core.environment:checking '/root/Dojo/install/robot_control' for CMake config files
[5.263s] Level 1:colcon.colcon_core.shell:create_environment_hook('robot_control', 'cmake_prefix_path')
[5.263s] INFO:colcon.colcon_core.shell:Creating environment hook '/root/Dojo/install/robot_control/share/robot_control/hook/cmake_prefix_path.ps1'
[5.264s] INFO:colcon.colcon_core.shell:Creating environment descriptor '/root/Dojo/install/robot_control/share/robot_control/hook/cmake_prefix_path.dsv'
[5.264s] INFO:colcon.colcon_core.shell:Creating environment hook '/root/Dojo/install/robot_control/share/robot_control/hook/cmake_prefix_path.sh'
[5.265s] Level 1:colcon.colcon_core.environment:checking '/root/Dojo/install/robot_control/bin'
[5.265s] Level 1:colcon.colcon_core.environment:checking '/root/Dojo/install/robot_control/lib/pkgconfig/robot_control.pc'
[5.266s] Level 1:colcon.colcon_core.environment:checking '/root/Dojo/install/robot_control/lib/python3.10/site-packages'
[5.266s] Level 1:colcon.colcon_core.environment:checking '/root/Dojo/install/robot_control/bin'
[5.267s] INFO:colcon.colcon_core.shell:Creating package script '/root/Dojo/install/robot_control/share/robot_control/package.ps1'
[5.267s] INFO:colcon.colcon_core.shell:Creating package descriptor '/root/Dojo/install/robot_control/share/robot_control/package.dsv'
[5.268s] INFO:colcon.colcon_core.shell:Creating package script '/root/Dojo/install/robot_control/share/robot_control/package.sh'
[5.269s] INFO:colcon.colcon_core.shell:Creating package script '/root/Dojo/install/robot_control/share/robot_control/package.bash'
[5.269s] INFO:colcon.colcon_core.shell:Creating package script '/root/Dojo/install/robot_control/share/robot_control/package.zsh'
[5.270s] Level 1:colcon.colcon_core.environment:create_file_with_runtime_dependencies(/root/Dojo/install/robot_control/share/colcon-core/packages/robot_control)
[5.271s] Level 1:colcon.colcon_core.environment:create_environment_scripts_only(robot_control)
[5.272s] Level 1:colcon.colcon_core.environment:checking '/root/Dojo/install/robot_control' for CMake module files
[5.273s] Level 1:colcon.colcon_core.environment:checking '/root/Dojo/install/robot_control' for CMake config files
[5.273s] Level 1:colcon.colcon_core.shell:create_environment_hook('robot_control', 'cmake_prefix_path')
[5.274s] INFO:colcon.colcon_core.shell:Creating environment hook '/root/Dojo/install/robot_control/share/robot_control/hook/cmake_prefix_path.ps1'
[5.275s] INFO:colcon.colcon_core.shell:Creating environment descriptor '/root/Dojo/install/robot_control/share/robot_control/hook/cmake_prefix_path.dsv'
[5.275s] INFO:colcon.colcon_core.shell:Creating environment hook '/root/Dojo/install/robot_control/share/robot_control/hook/cmake_prefix_path.sh'
[5.277s] Level 1:colcon.colcon_core.environment:checking '/root/Dojo/install/robot_control/bin'
[5.277s] Level 1:colcon.colcon_core.environment:checking '/root/Dojo/install/robot_control/lib/pkgconfig/robot_control.pc'
[5.278s] Level 1:colcon.colcon_core.environment:checking '/root/Dojo/install/robot_control/lib/python3.10/site-packages'
[5.278s] Level 1:colcon.colcon_core.environment:checking '/root/Dojo/install/robot_control/bin'
[5.279s] INFO:colcon.colcon_core.shell:Creating package script '/root/Dojo/install/robot_control/share/robot_control/package.ps1'
[5.280s] INFO:colcon.colcon_core.shell:Creating package descriptor '/root/Dojo/install/robot_control/share/robot_control/package.dsv'
[5.280s] INFO:colcon.colcon_core.shell:Creating package script '/root/Dojo/install/robot_control/share/robot_control/package.sh'
[5.281s] INFO:colcon.colcon_core.shell:Creating package script '/root/Dojo/install/robot_control/share/robot_control/package.bash'
[5.282s] INFO:colcon.colcon_core.shell:Creating package script '/root/Dojo/install/robot_control/share/robot_control/package.zsh'
[5.283s] Level 1:colcon.colcon_core.environment:create_file_with_runtime_dependencies(/root/Dojo/install/robot_control/share/colcon-core/packages/robot_control)
[5.570s] Level 1:colcon.colcon_core.environment:create_environment_scripts_only(robot_description)
[5.571s] Level 1:colcon.colcon_core.environment:checking '/root/Dojo/install/robot_description' for CMake module files
[5.571s] DEBUG:colcon.colcon_core.event_handler.log_command:Invoked command in '/root/Dojo/build/robot_description' returned '0': CMAKE_PREFIX_PATH=/opt/ros/humble /usr/bin/cmake --install /root/Dojo/build/robot_description
[5.572s] Level 1:colcon.colcon_core.environment:checking '/root/Dojo/install/robot_description' for CMake config files
[5.573s] Level 1:colcon.colcon_core.shell:create_environment_hook('robot_description', 'cmake_prefix_path')
[5.573s] INFO:colcon.colcon_core.shell:Creating environment hook '/root/Dojo/install/robot_description/share/robot_description/hook/cmake_prefix_path.ps1'
[5.575s] INFO:colcon.colcon_core.shell:Creating environment descriptor '/root/Dojo/install/robot_description/share/robot_description/hook/cmake_prefix_path.dsv'
[5.581s] INFO:colcon.colcon_core.shell:Creating environment hook '/root/Dojo/install/robot_description/share/robot_description/hook/cmake_prefix_path.sh'
[5.582s] Level 1:colcon.colcon_core.environment:checking '/root/Dojo/install/robot_description/lib'
[5.582s] Level 1:colcon.colcon_core.environment:checking '/root/Dojo/install/robot_description/bin'
[5.582s] Level 1:colcon.colcon_core.environment:checking '/root/Dojo/install/robot_description/lib/pkgconfig/robot_description.pc'
[5.588s] Level 1:colcon.colcon_core.environment:checking '/root/Dojo/install/robot_description/lib/python3.10/site-packages'
[5.588s] Level 1:colcon.colcon_core.environment:checking '/root/Dojo/install/robot_description/bin'
[5.589s] INFO:colcon.colcon_core.shell:Creating package script '/root/Dojo/install/robot_description/share/robot_description/package.ps1'
[5.590s] INFO:colcon.colcon_core.shell:Creating package descriptor '/root/Dojo/install/robot_description/share/robot_description/package.dsv'
[5.592s] INFO:colcon.colcon_core.shell:Creating package script '/root/Dojo/install/robot_description/share/robot_description/package.sh'
[5.593s] INFO:colcon.colcon_core.shell:Creating package script '/root/Dojo/install/robot_description/share/robot_description/package.bash'
[5.594s] INFO:colcon.colcon_core.shell:Creating package script '/root/Dojo/install/robot_description/share/robot_description/package.zsh'
[5.596s] Level 1:colcon.colcon_core.environment:create_file_with_runtime_dependencies(/root/Dojo/install/robot_description/share/colcon-core/packages/robot_description)
[5.598s] Level 1:colcon.colcon_core.environment:create_environment_scripts_only(robot_description)
[5.598s] Level 1:colcon.colcon_core.environment:checking '/root/Dojo/install/robot_description' for CMake module files
[5.600s] Level 1:colcon.colcon_core.environment:checking '/root/Dojo/install/robot_description' for CMake config files
[5.601s] Level 1:colcon.colcon_core.shell:create_environment_hook('robot_description', 'cmake_prefix_path')
[5.601s] INFO:colcon.colcon_core.shell:Creating environment hook '/root/Dojo/install/robot_description/share/robot_description/hook/cmake_prefix_path.ps1'
[5.602s] INFO:colcon.colcon_core.shell:Creating environment descriptor '/root/Dojo/install/robot_description/share/robot_description/hook/cmake_prefix_path.dsv'
[5.603s] INFO:colcon.colcon_core.shell:Creating environment hook '/root/Dojo/install/robot_description/share/robot_description/hook/cmake_prefix_path.sh'
[5.606s] Level 1:colcon.colcon_core.environment:checking '/root/Dojo/install/robot_description/lib'
[5.606s] Level 1:colcon.colcon_core.environment:checking '/root/Dojo/install/robot_description/bin'
[5.607s] Level 1:colcon.colcon_core.environment:checking '/root/Dojo/install/robot_description/lib/pkgconfig/robot_description.pc'
[5.607s] Level 1:colcon.colcon_core.environment:checking '/root/Dojo/install/robot_description/lib/python3.10/site-packages'
[5.608s] Level 1:colcon.colcon_core.environment:checking '/root/Dojo/install/robot_description/bin'
[5.608s] INFO:colcon.colcon_core.shell:Creating package script '/root/Dojo/install/robot_description/share/robot_description/package.ps1'
[5.610s] INFO:colcon.colcon_core.shell:Creating package descriptor '/root/Dojo/install/robot_description/share/robot_description/package.dsv'
[5.611s] INFO:colcon.colcon_core.shell:Creating package script '/root/Dojo/install/robot_description/share/robot_description/package.sh'
[5.613s] INFO:colcon.colcon_core.shell:Creating package script '/root/Dojo/install/robot_description/share/robot_description/package.bash'
[5.614s] INFO:colcon.colcon_core.shell:Creating package script '/root/Dojo/install/robot_description/share/robot_description/package.zsh'
[5.615s] Level 1:colcon.colcon_core.environment:create_file_with_runtime_dependencies(/root/Dojo/install/robot_description/share/colcon-core/packages/robot_description)
[5.616s] INFO:colcon.colcon_ros.task.ament_cmake.build:Building ROS package in '/root/Dojo/src/robot_navigation' with build type 'ament_cmake'
[5.617s] INFO:colcon.colcon_cmake.task.cmake.build:Building CMake package in '/root/Dojo/src/robot_navigation'
[5.617s] INFO:colcon.colcon_core.shell:Skip shell extension 'powershell' for command environment: Not usable outside of PowerShell
[5.617s] DEBUG:colcon.colcon_core.shell:Skip shell extension 'dsv' for command environment
[5.632s] INFO:colcon.colcon_ros.task.ament_cmake.build:Building ROS package in '/root/Dojo/src/robot_gazebo' with build type 'ament_cmake'
[5.632s] INFO:colcon.colcon_cmake.task.cmake.build:Building CMake package in '/root/Dojo/src/robot_gazebo'
[5.633s] INFO:colcon.colcon_core.shell:Skip shell extension 'powershell' for command environment: Not usable outside of PowerShell
[5.633s] DEBUG:colcon.colcon_core.shell:Skip shell extension 'dsv' for command environment
[5.642s] INFO:colcon.colcon_ros.task.ament_python.build:Building ROS package in '/root/Dojo/robot_launch' with build type 'ament_python'
[5.643s] Level 1:colcon.colcon_core.shell:create_environment_hook('robot_launch', 'ament_prefix_path')
[5.643s] INFO:colcon.colcon_core.shell:Creating environment hook '/root/Dojo/install/robot_launch/share/robot_launch/hook/ament_prefix_path.ps1'
[5.645s] INFO:colcon.colcon_core.shell:Creating environment descriptor '/root/Dojo/install/robot_launch/share/robot_launch/hook/ament_prefix_path.dsv'
[5.645s] INFO:colcon.colcon_core.shell:Creating environment hook '/root/Dojo/install/robot_launch/share/robot_launch/hook/ament_prefix_path.sh'
[5.646s] INFO:colcon.colcon_core.shell:Skip shell extension 'powershell' for command environment: Not usable outside of PowerShell
[5.646s] DEBUG:colcon.colcon_core.shell:Skip shell extension 'dsv' for command environment
[5.660s] DEBUG:colcon.colcon_core.event_handler.log_command:Invoking command in '/root/Dojo/build/robot_navigation': AMENT_PREFIX_PATH=/root/Dojo/install/robot_description:/root/Dojo/install/robot_control:${AMENT_PREFIX_PATH} CMAKE_PREFIX_PATH=/root/Dojo/install/robot_description:/root/Dojo/install/robot_control:/opt/ros/humble /usr/bin/cmake /root/Dojo/src/robot_navigation -DCMAKE_BUILD_TYPE=Release -DBUILD_TESTING=OFF -DAMENT_CMAKE_SYMLINK_INSTALL=1 -DCMAKE_INSTALL_PREFIX=/root/Dojo/install/robot_navigation
[5.664s] DEBUG:colcon.colcon_core.event_handler.log_command:Invoking command in '/root/Dojo/build/robot_gazebo': AMENT_PREFIX_PATH=/root/Dojo/install/robot_description:/root/Dojo/install/robot_control:${AMENT_PREFIX_PATH} CMAKE_PREFIX_PATH=/root/Dojo/install/robot_description:/root/Dojo/install/robot_control:/opt/ros/humble /usr/bin/cmake /root/Dojo/src/robot_gazebo -DCMAKE_BUILD_TYPE=Release -DBUILD_TESTING=OFF -DAMENT_CMAKE_SYMLINK_INSTALL=1 -DCMAKE_INSTALL_PREFIX=/root/Dojo/install/robot_gazebo
[6.441s] INFO:colcon.colcon_core.task.python.build:Building Python package in '/root/Dojo/robot_launch'
[6.442s] INFO:colcon.colcon_core.shell:Skip shell extension 'powershell' for command environment: Not usable outside of PowerShell
[6.442s] DEBUG:colcon.colcon_core.shell:Skip shell extension 'dsv' for command environment
[6.944s] DEBUG:colcon.colcon_core.event_handler.log_command:Invoked command in '/root/Dojo/build/robot_interfaces' returned '0': CMAKE_PREFIX_PATH=/opt/ros/humble /usr/bin/cmake /root/Dojo/src/robot_interfaces -DCMAKE_BUILD_TYPE=Release -DBUILD_TESTING=OFF -DAMENT_CMAKE_SYMLINK_INSTALL=1 -DCMAKE_INSTALL_PREFIX=/root/Dojo/install/robot_interfaces
[6.947s] DEBUG:colcon.colcon_core.event_handler.log_command:Invoking command in '/root/Dojo/build/robot_interfaces': CMAKE_PREFIX_PATH=/opt/ros/humble /usr/bin/cmake --build /root/Dojo/build/robot_interfaces -- -j16 -l16
[7.448s] DEBUG:colcon.colcon_core.event_handler.log_command:Invoking command in '/root/Dojo/build/robot_launch': AMENT_PREFIX_PATH=/root/Dojo/install/ros2arduino_bridge:/root/Dojo/install/robot_sensors:/root/Dojo/install/robot_description:/root/Dojo/install/robot_control:${AMENT_PREFIX_PATH} CMAKE_PREFIX_PATH=/root/Dojo/install/robot_description:/root/Dojo/install/robot_control PYTHONPATH=/root/Dojo/build/robot_launch/prefix_override:/usr/lib/python3/dist-packages/colcon_core/task/python/colcon_distutils_commands:/root/Dojo/install/robot_launch/lib/python3.10/site-packages:/root/Dojo/build/ros2arduino_bridge:/root/Dojo/install/ros2arduino_bridge/lib/python3.10/site-packages:/root/Dojo/build/robot_sensors:/root/Dojo/install/robot_sensors/lib/python3.10/site-packages:${PYTHONPATH} /usr/bin/python3 -W ignore:setup.py install is deprecated -W ignore:easy_install command is deprecated setup.py develop --editable --build-directory /root/Dojo/build/robot_launch/build --no-deps symlink_data
[8.524s] Level 1:colcon.colcon_core.shell:create_environment_hook('robot_launch', 'pythonpath_develop')
[8.525s] INFO:colcon.colcon_core.shell:Creating environment hook '/root/Dojo/build/robot_launch/share/robot_launch/hook/pythonpath_develop.ps1'
[8.526s] INFO:colcon.colcon_core.shell:Creating environment descriptor '/root/Dojo/build/robot_launch/share/robot_launch/hook/pythonpath_develop.dsv'
[8.526s] INFO:colcon.colcon_core.shell:Creating environment hook '/root/Dojo/build/robot_launch/share/robot_launch/hook/pythonpath_develop.sh'
[8.527s] DEBUG:colcon.colcon_core.event_handler.log_command:Invoked command in '/root/Dojo/build/robot_launch' returned '0': AMENT_PREFIX_PATH=/root/Dojo/install/ros2arduino_bridge:/root/Dojo/install/robot_sensors:/root/Dojo/install/robot_description:/root/Dojo/install/robot_control:${AMENT_PREFIX_PATH} CMAKE_PREFIX_PATH=/root/Dojo/install/robot_description:/root/Dojo/install/robot_control PYTHONPATH=/root/Dojo/build/robot_launch/prefix_override:/usr/lib/python3/dist-packages/colcon_core/task/python/colcon_distutils_commands:/root/Dojo/install/robot_launch/lib/python3.10/site-packages:/root/Dojo/build/ros2arduino_bridge:/root/Dojo/install/ros2arduino_bridge/lib/python3.10/site-packages:/root/Dojo/build/robot_sensors:/root/Dojo/install/robot_sensors/lib/python3.10/site-packages:${PYTHONPATH} /usr/bin/python3 -W ignore:setup.py install is deprecated -W ignore:easy_install command is deprecated setup.py develop --editable --build-directory /root/Dojo/build/robot_launch/build --no-deps symlink_data
[8.528s] Level 1:colcon.colcon_core.environment:checking '/root/Dojo/install/robot_launch' for CMake module files
[8.528s] Level 1:colcon.colcon_core.environment:checking '/root/Dojo/install/robot_launch' for CMake config files
[8.529s] Level 1:colcon.colcon_core.environment:checking '/root/Dojo/install/robot_launch/lib'
[8.529s] Level 1:colcon.colcon_core.environment:checking '/root/Dojo/install/robot_launch/bin'
[8.529s] Level 1:colcon.colcon_core.environment:checking '/root/Dojo/install/robot_launch/lib/pkgconfig/robot_launch.pc'
[8.530s] Level 1:colcon.colcon_core.environment:checking '/root/Dojo/install/robot_launch/lib/python3.10/site-packages'
[8.530s] Level 1:colcon.colcon_core.shell:create_environment_hook('robot_launch', 'pythonpath')
[8.530s] INFO:colcon.colcon_core.shell:Creating environment hook '/root/Dojo/install/robot_launch/share/robot_launch/hook/pythonpath.ps1'
[8.530s] INFO:colcon.colcon_core.shell:Creating environment descriptor '/root/Dojo/install/robot_launch/share/robot_launch/hook/pythonpath.dsv'
[8.531s] INFO:colcon.colcon_core.shell:Creating environment hook '/root/Dojo/install/robot_launch/share/robot_launch/hook/pythonpath.sh'
[8.532s] Level 1:colcon.colcon_core.environment:checking '/root/Dojo/install/robot_launch/bin'
[8.532s] Level 1:colcon.colcon_core.environment:create_environment_scripts_only(robot_launch)
[8.532s] INFO:colcon.colcon_core.shell:Creating package script '/root/Dojo/install/robot_launch/share/robot_launch/package.ps1'
[8.533s] INFO:colcon.colcon_core.shell:Creating package descriptor '/root/Dojo/install/robot_launch/share/robot_launch/package.dsv'
[8.533s] INFO:colcon.colcon_core.shell:Creating package script '/root/Dojo/install/robot_launch/share/robot_launch/package.sh'
[8.534s] INFO:colcon.colcon_core.shell:Creating package script '/root/Dojo/install/robot_launch/share/robot_launch/package.bash'
[8.534s] INFO:colcon.colcon_core.shell:Creating package script '/root/Dojo/install/robot_launch/share/robot_launch/package.zsh'
[8.535s] Level 1:colcon.colcon_core.environment:create_file_with_runtime_dependencies(/root/Dojo/install/robot_launch/share/colcon-core/packages/robot_launch)
[13.830s] DEBUG:colcon.colcon_core.event_handler.log_command:Invoked command in '/root/Dojo/build/robot_navigation' returned '0': AMENT_PREFIX_PATH=/root/Dojo/install/robot_description:/root/Dojo/install/robot_control:${AMENT_PREFIX_PATH} CMAKE_PREFIX_PATH=/root/Dojo/install/robot_description:/root/Dojo/install/robot_control:/opt/ros/humble /usr/bin/cmake /root/Dojo/src/robot_navigation -DCMAKE_BUILD_TYPE=Release -DBUILD_TESTING=OFF -DAMENT_CMAKE_SYMLINK_INSTALL=1 -DCMAKE_INSTALL_PREFIX=/root/Dojo/install/robot_navigation
[13.832s] DEBUG:colcon.colcon_core.event_handler.log_command:Invoking command in '/root/Dojo/build/robot_navigation': AMENT_PREFIX_PATH=/root/Dojo/install/robot_description:/root/Dojo/install/robot_control:${AMENT_PREFIX_PATH} CMAKE_PREFIX_PATH=/root/Dojo/install/robot_description:/root/Dojo/install/robot_control:/opt/ros/humble /usr/bin/cmake --build /root/Dojo/build/robot_navigation -- -j16 -l16
[13.886s] DEBUG:colcon.colcon_core.event_handler.log_command:Invoked command in '/root/Dojo/build/robot_navigation' returned '0': AMENT_PREFIX_PATH=/root/Dojo/install/robot_description:/root/Dojo/install/robot_control:${AMENT_PREFIX_PATH} CMAKE_PREFIX_PATH=/root/Dojo/install/robot_description:/root/Dojo/install/robot_control:/opt/ros/humble /usr/bin/cmake --build /root/Dojo/build/robot_navigation -- -j16 -l16
[13.888s] DEBUG:colcon.colcon_core.event_handler.log_command:Invoking command in '/root/Dojo/build/robot_navigation': AMENT_PREFIX_PATH=/root/Dojo/install/robot_description:/root/Dojo/install/robot_control:${AMENT_PREFIX_PATH} CMAKE_PREFIX_PATH=/root/Dojo/install/robot_description:/root/Dojo/install/robot_control:/opt/ros/humble /usr/bin/cmake --install /root/Dojo/build/robot_navigation
[13.995s] DEBUG:colcon.colcon_core.event_handler.log_command:Invoked command in '/root/Dojo/build/robot_gazebo' returned '0': AMENT_PREFIX_PATH=/root/Dojo/install/robot_description:/root/Dojo/install/robot_control:${AMENT_PREFIX_PATH} CMAKE_PREFIX_PATH=/root/Dojo/install/robot_description:/root/Dojo/install/robot_control:/opt/ros/humble /usr/bin/cmake /root/Dojo/src/robot_gazebo -DCMAKE_BUILD_TYPE=Release -DBUILD_TESTING=OFF -DAMENT_CMAKE_SYMLINK_INSTALL=1 -DCMAKE_INSTALL_PREFIX=/root/Dojo/install/robot_gazebo
[13.997s] DEBUG:colcon.colcon_core.event_handler.log_command:Invoking command in '/root/Dojo/build/robot_gazebo': AMENT_PREFIX_PATH=/root/Dojo/install/robot_description:/root/Dojo/install/robot_control:${AMENT_PREFIX_PATH} CMAKE_PREFIX_PATH=/root/Dojo/install/robot_description:/root/Dojo/install/robot_control:/opt/ros/humble /usr/bin/cmake --build /root/Dojo/build/robot_gazebo -- -j16 -l16
[14.065s] DEBUG:colcon.colcon_core.event_handler.log_command:Invoked command in '/root/Dojo/build/robot_gazebo' returned '0': AMENT_PREFIX_PATH=/root/Dojo/install/robot_description:/root/Dojo/install/robot_control:${AMENT_PREFIX_PATH} CMAKE_PREFIX_PATH=/root/Dojo/install/robot_description:/root/Dojo/install/robot_control:/opt/ros/humble /usr/bin/cmake --build /root/Dojo/build/robot_gazebo -- -j16 -l16
[14.067s] DEBUG:colcon.colcon_core.event_handler.log_command:Invoking command in '/root/Dojo/build/robot_gazebo': AMENT_PREFIX_PATH=/root/Dojo/install/robot_description:/root/Dojo/install/robot_control:${AMENT_PREFIX_PATH} CMAKE_PREFIX_PATH=/root/Dojo/install/robot_description:/root/Dojo/install/robot_control:/opt/ros/humble /usr/bin/cmake --install /root/Dojo/build/robot_gazebo
[14.314s] Level 1:colcon.colcon_core.environment:create_environment_scripts_only(robot_navigation)
[14.314s] Level 1:colcon.colcon_core.environment:checking '/root/Dojo/install/robot_navigation' for CMake module files
[14.314s] DEBUG:colcon.colcon_core.event_handler.log_command:Invoked command in '/root/Dojo/build/robot_navigation' returned '0': AMENT_PREFIX_PATH=/root/Dojo/install/robot_description:/root/Dojo/install/robot_control:${AMENT_PREFIX_PATH} CMAKE_PREFIX_PATH=/root/Dojo/install/robot_description:/root/Dojo/install/robot_control:/opt/ros/humble /usr/bin/cmake --install /root/Dojo/build/robot_navigation
[14.315s] Level 1:colcon.colcon_core.environment:checking '/root/Dojo/install/robot_navigation' for CMake config files
[14.315s] Level 1:colcon.colcon_core.shell:create_environment_hook('robot_navigation', 'cmake_prefix_path')
[14.316s] INFO:colcon.colcon_core.shell:Creating environment hook '/root/Dojo/install/robot_navigation/share/robot_navigation/hook/cmake_prefix_path.ps1'
[14.316s] INFO:colcon.colcon_core.shell:Creating environment descriptor '/root/Dojo/install/robot_navigation/share/robot_navigation/hook/cmake_prefix_path.dsv'
[14.317s] INFO:colcon.colcon_core.shell:Creating environment hook '/root/Dojo/install/robot_navigation/share/robot_navigation/hook/cmake_prefix_path.sh'
[14.317s] Level 1:colcon.colcon_core.environment:checking '/root/Dojo/install/robot_navigation/bin'
[14.317s] Level 1:colcon.colcon_core.environment:checking '/root/Dojo/install/robot_navigation/lib/pkgconfig/robot_navigation.pc'
[14.318s] Level 1:colcon.colcon_core.environment:checking '/root/Dojo/install/robot_navigation/lib/python3.10/site-packages'
[14.318s] Level 1:colcon.colcon_core.environment:checking '/root/Dojo/install/robot_navigation/bin'
[14.318s] INFO:colcon.colcon_core.shell:Creating package script '/root/Dojo/install/robot_navigation/share/robot_navigation/package.ps1'
[14.319s] INFO:colcon.colcon_core.shell:Creating package descriptor '/root/Dojo/install/robot_navigation/share/robot_navigation/package.dsv'
[14.319s] INFO:colcon.colcon_core.shell:Creating package script '/root/Dojo/install/robot_navigation/share/robot_navigation/package.sh'
[14.320s] INFO:colcon.colcon_core.shell:Creating package script '/root/Dojo/install/robot_navigation/share/robot_navigation/package.bash'
[14.320s] INFO:colcon.colcon_core.shell:Creating package script '/root/Dojo/install/robot_navigation/share/robot_navigation/package.zsh'
[14.321s] Level 1:colcon.colcon_core.environment:create_file_with_runtime_dependencies(/root/Dojo/install/robot_navigation/share/colcon-core/packages/robot_navigation)
[14.321s] Level 1:colcon.colcon_core.environment:create_environment_scripts_only(robot_navigation)
[14.322s] Level 1:colcon.colcon_core.environment:checking '/root/Dojo/install/robot_navigation' for CMake module files
[14.322s] Level 1:colcon.colcon_core.environment:checking '/root/Dojo/install/robot_navigation' for CMake config files
[14.323s] Level 1:colcon.colcon_core.shell:create_environment_hook('robot_navigation', 'cmake_prefix_path')
[14.323s] INFO:colcon.colcon_core.shell:Creating environment hook '/root/Dojo/install/robot_navigation/share/robot_navigation/hook/cmake_prefix_path.ps1'
[14.324s] INFO:colcon.colcon_core.shell:Creating environment descriptor '/root/Dojo/install/robot_navigation/share/robot_navigation/hook/cmake_prefix_path.dsv'
[14.324s] INFO:colcon.colcon_core.shell:Creating environment hook '/root/Dojo/install/robot_navigation/share/robot_navigation/hook/cmake_prefix_path.sh'
[14.325s] Level 1:colcon.colcon_core.environment:checking '/root/Dojo/install/robot_navigation/bin'
[14.325s] Level 1:colcon.colcon_core.environment:checking '/root/Dojo/install/robot_navigation/lib/pkgconfig/robot_navigation.pc'
[14.325s] Level 1:colcon.colcon_core.environment:checking '/root/Dojo/install/robot_navigation/lib/python3.10/site-packages'
[14.326s] Level 1:colcon.colcon_core.environment:checking '/root/Dojo/install/robot_navigation/bin'
[14.326s] INFO:colcon.colcon_core.shell:Creating package script '/root/Dojo/install/robot_navigation/share/robot_navigation/package.ps1'
[14.327s] INFO:colcon.colcon_core.shell:Creating package descriptor '/root/Dojo/install/robot_navigation/share/robot_navigation/package.dsv'
[14.327s] INFO:colcon.colcon_core.shell:Creating package script '/root/Dojo/install/robot_navigation/share/robot_navigation/package.sh'
[14.328s] INFO:colcon.colcon_core.shell:Creating package script '/root/Dojo/install/robot_navigation/share/robot_navigation/package.bash'
[14.329s] INFO:colcon.colcon_core.shell:Creating package script '/root/Dojo/install/robot_navigation/share/robot_navigation/package.zsh'
[14.329s] Level 1:colcon.colcon_core.environment:create_file_with_runtime_dependencies(/root/Dojo/install/robot_navigation/share/colcon-core/packages/robot_navigation)
[14.330s] INFO:colcon.colcon_ros.task.ament_cmake.build:Building ROS package in '/root/Dojo/src/robot_bringup' with build type 'ament_cmake'
[14.330s] INFO:colcon.colcon_cmake.task.cmake.build:Building CMake package in '/root/Dojo/src/robot_bringup'
[14.330s] INFO:colcon.colcon_core.shell:Skip shell extension 'powershell' for command environment: Not usable outside of PowerShell
[14.330s] DEBUG:colcon.colcon_core.shell:Skip shell extension 'dsv' for command environment
[14.347s] DEBUG:colcon.colcon_core.event_handler.log_command:Invoking command in '/root/Dojo/build/robot_bringup': AMENT_PREFIX_PATH=/root/Dojo/install/robot_navigation:/root/Dojo/install/robot_hardware:/root/Dojo/install/robot_description:/root/Dojo/install/robot_control:${AMENT_PREFIX_PATH} CMAKE_PREFIX_PATH=/root/Dojo/install/robot_navigation:/root/Dojo/install/robot_perception:/root/Dojo/install/robot_description:/root/Dojo/install/robot_control:/opt/ros/humble PYTHONPATH=/root/Dojo/build/robot_hardware:/root/Dojo/install/robot_hardware/lib/python3.10/site-packages:${PYTHONPATH} /usr/bin/cmake /root/Dojo/src/robot_bringup -DCMAKE_BUILD_TYPE=Release -DBUILD_TESTING=OFF -DAMENT_CMAKE_SYMLINK_INSTALL=1 -DCMAKE_INSTALL_PREFIX=/root/Dojo/install/robot_bringup
[15.197s] Level 1:colcon.colcon_core.environment:create_environment_scripts_only(robot_gazebo)
[15.197s] DEBUG:colcon.colcon_core.event_handler.log_command:Invoked command in '/root/Dojo/build/robot_gazebo' returned '0': AMENT_PREFIX_PATH=/root/Dojo/install/robot_description:/root/Dojo/install/robot_control:${AMENT_PREFIX_PATH} CMAKE_PREFIX_PATH=/root/Dojo/install/robot_description:/root/Dojo/install/robot_control:/opt/ros/humble /usr/bin/cmake --install /root/Dojo/build/robot_gazebo
[15.197s] Level 1:colcon.colcon_core.environment:checking '/root/Dojo/install/robot_gazebo' for CMake module files
[15.198s] Level 1:colcon.colcon_core.environment:checking '/root/Dojo/install/robot_gazebo' for CMake config files
[15.198s] Level 1:colcon.colcon_core.shell:create_environment_hook('robot_gazebo', 'cmake_prefix_path')
[15.199s] INFO:colcon.colcon_core.shell:Creating environment hook '/root/Dojo/install/robot_gazebo/share/robot_gazebo/hook/cmake_prefix_path.ps1'
[15.199s] INFO:colcon.colcon_core.shell:Creating environment descriptor '/root/Dojo/install/robot_gazebo/share/robot_gazebo/hook/cmake_prefix_path.dsv'
[15.199s] INFO:colcon.colcon_core.shell:Creating environment hook '/root/Dojo/install/robot_gazebo/share/robot_gazebo/hook/cmake_prefix_path.sh'
[15.200s] Level 1:colcon.colcon_core.environment:checking '/root/Dojo/install/robot_gazebo/lib'
[15.201s] Level 1:colcon.colcon_core.environment:checking '/root/Dojo/install/robot_gazebo/bin'
[15.201s] Level 1:colcon.colcon_core.environment:checking '/root/Dojo/install/robot_gazebo/lib/pkgconfig/robot_gazebo.pc'
[15.201s] Level 1:colcon.colcon_core.environment:checking '/root/Dojo/install/robot_gazebo/lib/python3.10/site-packages'
[15.201s] Level 1:colcon.colcon_core.environment:checking '/root/Dojo/install/robot_gazebo/bin'
[15.202s] INFO:colcon.colcon_core.shell:Creating package script '/root/Dojo/install/robot_gazebo/share/robot_gazebo/package.ps1'
[15.202s] INFO:colcon.colcon_core.shell:Creating package descriptor '/root/Dojo/install/robot_gazebo/share/robot_gazebo/package.dsv'
[15.203s] INFO:colcon.colcon_core.shell:Creating package script '/root/Dojo/install/robot_gazebo/share/robot_gazebo/package.sh'
[15.203s] INFO:colcon.colcon_core.shell:Creating package script '/root/Dojo/install/robot_gazebo/share/robot_gazebo/package.bash'
[15.204s] INFO:colcon.colcon_core.shell:Creating package script '/root/Dojo/install/robot_gazebo/share/robot_gazebo/package.zsh'
[15.204s] Level 1:colcon.colcon_core.environment:create_file_with_runtime_dependencies(/root/Dojo/install/robot_gazebo/share/colcon-core/packages/robot_gazebo)
[15.205s] Level 1:colcon.colcon_core.environment:create_environment_scripts_only(robot_gazebo)
[15.206s] Level 1:colcon.colcon_core.environment:checking '/root/Dojo/install/robot_gazebo' for CMake module files
[15.207s] Level 1:colcon.colcon_core.environment:checking '/root/Dojo/install/robot_gazebo' for CMake config files
[15.207s] Level 1:colcon.colcon_core.shell:create_environment_hook('robot_gazebo', 'cmake_prefix_path')
[15.207s] INFO:colcon.colcon_core.shell:Creating environment hook '/root/Dojo/install/robot_gazebo/share/robot_gazebo/hook/cmake_prefix_path.ps1'
[15.208s] INFO:colcon.colcon_core.shell:Creating environment descriptor '/root/Dojo/install/robot_gazebo/share/robot_gazebo/hook/cmake_prefix_path.dsv'
[15.209s] INFO:colcon.colcon_core.shell:Creating environment hook '/root/Dojo/install/robot_gazebo/share/robot_gazebo/hook/cmake_prefix_path.sh'
[15.209s] Level 1:colcon.colcon_core.environment:checking '/root/Dojo/install/robot_gazebo/lib'
[15.209s] Level 1:colcon.colcon_core.environment:checking '/root/Dojo/install/robot_gazebo/bin'
[15.209s] Level 1:colcon.colcon_core.environment:checking '/root/Dojo/install/robot_gazebo/lib/pkgconfig/robot_gazebo.pc'
[15.210s] Level 1:colcon.colcon_core.environment:checking '/root/Dojo/install/robot_gazebo/lib/python3.10/site-packages'
[15.210s] Level 1:colcon.colcon_core.environment:checking '/root/Dojo/install/robot_gazebo/bin'
[15.210s] INFO:colcon.colcon_core.shell:Creating package script '/root/Dojo/install/robot_gazebo/share/robot_gazebo/package.ps1'
[15.211s] INFO:colcon.colcon_core.shell:Creating package descriptor '/root/Dojo/install/robot_gazebo/share/robot_gazebo/package.dsv'
[15.211s] INFO:colcon.colcon_core.shell:Creating package script '/root/Dojo/install/robot_gazebo/share/robot_gazebo/package.sh'
[15.212s] INFO:colcon.colcon_core.shell:Creating package script '/root/Dojo/install/robot_gazebo/share/robot_gazebo/package.bash'
[15.212s] INFO:colcon.colcon_core.shell:Creating package script '/root/Dojo/install/robot_gazebo/share/robot_gazebo/package.zsh'
[15.213s] Level 1:colcon.colcon_core.environment:create_file_with_runtime_dependencies(/root/Dojo/install/robot_gazebo/share/colcon-core/packages/robot_gazebo)
[16.066s] DEBUG:colcon.colcon_core.event_handler.log_command:Invoked command in '/root/Dojo/build/robot_bringup' returned '0': AMENT_PREFIX_PATH=/root/Dojo/install/robot_navigation:/root/Dojo/install/robot_hardware:/root/Dojo/install/robot_description:/root/Dojo/install/robot_control:${AMENT_PREFIX_PATH} CMAKE_PREFIX_PATH=/root/Dojo/install/robot_navigation:/root/Dojo/install/robot_perception:/root/Dojo/install/robot_description:/root/Dojo/install/robot_control:/opt/ros/humble PYTHONPATH=/root/Dojo/build/robot_hardware:/root/Dojo/install/robot_hardware/lib/python3.10/site-packages:${PYTHONPATH} /usr/bin/cmake /root/Dojo/src/robot_bringup -DCMAKE_BUILD_TYPE=Release -DBUILD_TESTING=OFF -DAMENT_CMAKE_SYMLINK_INSTALL=1 -DCMAKE_INSTALL_PREFIX=/root/Dojo/install/robot_bringup
[16.068s] DEBUG:colcon.colcon_core.event_handler.log_command:Invoking command in '/root/Dojo/build/robot_bringup': AMENT_PREFIX_PATH=/root/Dojo/install/robot_navigation:/root/Dojo/install/robot_hardware:/root/Dojo/install/robot_description:/root/Dojo/install/robot_control:${AMENT_PREFIX_PATH} CMAKE_PREFIX_PATH=/root/Dojo/install/robot_navigation:/root/Dojo/install/robot_perception:/root/Dojo/install/robot_description:/root/Dojo/install/robot_control:/opt/ros/humble PYTHONPATH=/root/Dojo/build/robot_hardware:/root/Dojo/install/robot_hardware/lib/python3.10/site-packages:${PYTHONPATH} /usr/bin/cmake --build /root/Dojo/build/robot_bringup -- -j16 -l16
[16.123s] DEBUG:colcon.colcon_core.event_handler.log_command:Invoked command in '/root/Dojo/build/robot_bringup' returned '0': AMENT_PREFIX_PATH=/root/Dojo/install/robot_navigation:/root/Dojo/install/robot_hardware:/root/Dojo/install/robot_description:/root/Dojo/install/robot_control:${AMENT_PREFIX_PATH} CMAKE_PREFIX_PATH=/root/Dojo/install/robot_navigation:/root/Dojo/install/robot_perception:/root/Dojo/install/robot_description:/root/Dojo/install/robot_control:/opt/ros/humble PYTHONPATH=/root/Dojo/build/robot_hardware:/root/Dojo/install/robot_hardware/lib/python3.10/site-packages:${PYTHONPATH} /usr/bin/cmake --build /root/Dojo/build/robot_bringup -- -j16 -l16
[16.125s] DEBUG:colcon.colcon_core.event_handler.log_command:Invoking command in '/root/Dojo/build/robot_bringup': AMENT_PREFIX_PATH=/root/Dojo/install/robot_navigation:/root/Dojo/install/robot_hardware:/root/Dojo/install/robot_description:/root/Dojo/install/robot_control:${AMENT_PREFIX_PATH} CMAKE_PREFIX_PATH=/root/Dojo/install/robot_navigation:/root/Dojo/install/robot_perception:/root/Dojo/install/robot_description:/root/Dojo/install/robot_control:/opt/ros/humble PYTHONPATH=/root/Dojo/build/robot_hardware:/root/Dojo/install/robot_hardware/lib/python3.10/site-packages:${PYTHONPATH} /usr/bin/cmake --install /root/Dojo/build/robot_bringup
[16.307s] DEBUG:colcon.colcon_core.event_handler.log_command:Invoked command in '/root/Dojo/build/robot_interfaces' returned '0': CMAKE_PREFIX_PATH=/opt/ros/humble /usr/bin/cmake --build /root/Dojo/build/robot_interfaces -- -j16 -l16
[16.308s] DEBUG:colcon.colcon_core.event_handler.log_command:Invoking command in '/root/Dojo/build/robot_interfaces': CMAKE_PREFIX_PATH=/opt/ros/humble /usr/bin/cmake --install /root/Dojo/build/robot_interfaces
[16.404s] Level 1:colcon.colcon_core.environment:create_environment_scripts_only(robot_bringup)
[16.404s] Level 1:colcon.colcon_core.environment:checking '/root/Dojo/install/robot_bringup' for CMake module files
[16.405s] DEBUG:colcon.colcon_core.event_handler.log_command:Invoked command in '/root/Dojo/build/robot_bringup' returned '0': AMENT_PREFIX_PATH=/root/Dojo/install/robot_navigation:/root/Dojo/install/robot_hardware:/root/Dojo/install/robot_description:/root/Dojo/install/robot_control:${AMENT_PREFIX_PATH} CMAKE_PREFIX_PATH=/root/Dojo/install/robot_navigation:/root/Dojo/install/robot_perception:/root/Dojo/install/robot_description:/root/Dojo/install/robot_control:/opt/ros/humble PYTHONPATH=/root/Dojo/build/robot_hardware:/root/Dojo/install/robot_hardware/lib/python3.10/site-packages:${PYTHONPATH} /usr/bin/cmake --install /root/Dojo/build/robot_bringup
[16.406s] Level 1:colcon.colcon_core.environment:checking '/root/Dojo/install/robot_bringup' for CMake config files
[16.406s] Level 1:colcon.colcon_core.shell:create_environment_hook('robot_bringup', 'cmake_prefix_path')
[16.406s] INFO:colcon.colcon_core.shell:Creating environment hook '/root/Dojo/install/robot_bringup/share/robot_bringup/hook/cmake_prefix_path.ps1'
[16.407s] INFO:colcon.colcon_core.shell:Creating environment descriptor '/root/Dojo/install/robot_bringup/share/robot_bringup/hook/cmake_prefix_path.dsv'
[16.407s] INFO:colcon.colcon_core.shell:Creating environment hook '/root/Dojo/install/robot_bringup/share/robot_bringup/hook/cmake_prefix_path.sh'
[16.408s] Level 1:colcon.colcon_core.environment:checking '/root/Dojo/install/robot_bringup/bin'
[16.408s] Level 1:colcon.colcon_core.environment:checking '/root/Dojo/install/robot_bringup/lib/pkgconfig/robot_bringup.pc'
[16.409s] Level 1:colcon.colcon_core.environment:checking '/root/Dojo/install/robot_bringup/lib/python3.10/site-packages'
[16.409s] Level 1:colcon.colcon_core.environment:checking '/root/Dojo/install/robot_bringup/bin'
[16.409s] INFO:colcon.colcon_core.shell:Creating package script '/root/Dojo/install/robot_bringup/share/robot_bringup/package.ps1'
[16.410s] INFO:colcon.colcon_core.shell:Creating package descriptor '/root/Dojo/install/robot_bringup/share/robot_bringup/package.dsv'
[16.410s] INFO:colcon.colcon_core.shell:Creating package script '/root/Dojo/install/robot_bringup/share/robot_bringup/package.sh'
[16.411s] INFO:colcon.colcon_core.shell:Creating package script '/root/Dojo/install/robot_bringup/share/robot_bringup/package.bash'
[16.411s] INFO:colcon.colcon_core.shell:Creating package script '/root/Dojo/install/robot_bringup/share/robot_bringup/package.zsh'
[16.412s] Level 1:colcon.colcon_core.environment:create_file_with_runtime_dependencies(/root/Dojo/install/robot_bringup/share/colcon-core/packages/robot_bringup)
[16.413s] Level 1:colcon.colcon_core.environment:create_environment_scripts_only(robot_bringup)
[16.413s] Level 1:colcon.colcon_core.environment:checking '/root/Dojo/install/robot_bringup' for CMake module files
[16.413s] Level 1:colcon.colcon_core.environment:checking '/root/Dojo/install/robot_bringup' for CMake config files
[16.414s] Level 1:colcon.colcon_core.shell:create_environment_hook('robot_bringup', 'cmake_prefix_path')
[16.414s] INFO:colcon.colcon_core.shell:Creating environment hook '/root/Dojo/install/robot_bringup/share/robot_bringup/hook/cmake_prefix_path.ps1'
[16.414s] INFO:colcon.colcon_core.shell:Creating environment descriptor '/root/Dojo/install/robot_bringup/share/robot_bringup/hook/cmake_prefix_path.dsv'
[16.415s] INFO:colcon.colcon_core.shell:Creating environment hook '/root/Dojo/install/robot_bringup/share/robot_bringup/hook/cmake_prefix_path.sh'
[16.415s] Level 1:colcon.colcon_core.environment:checking '/root/Dojo/install/robot_bringup/bin'
[16.416s] Level 1:colcon.colcon_core.environment:checking '/root/Dojo/install/robot_bringup/lib/pkgconfig/robot_bringup.pc'
[16.416s] Level 1:colcon.colcon_core.environment:checking '/root/Dojo/install/robot_bringup/lib/python3.10/site-packages'
[16.416s] Level 1:colcon.colcon_core.environment:checking '/root/Dojo/install/robot_bringup/bin'
[16.417s] INFO:colcon.colcon_core.shell:Creating package script '/root/Dojo/install/robot_bringup/share/robot_bringup/package.ps1'
[16.417s] INFO:colcon.colcon_core.shell:Creating package descriptor '/root/Dojo/install/robot_bringup/share/robot_bringup/package.dsv'
[16.418s] INFO:colcon.colcon_core.shell:Creating package script '/root/Dojo/install/robot_bringup/share/robot_bringup/package.sh'
[16.419s] INFO:colcon.colcon_core.shell:Creating package script '/root/Dojo/install/robot_bringup/share/robot_bringup/package.bash'
[16.419s] INFO:colcon.colcon_core.shell:Creating package script '/root/Dojo/install/robot_bringup/share/robot_bringup/package.zsh'
[16.420s] Level 1:colcon.colcon_core.environment:create_file_with_runtime_dependencies(/root/Dojo/install/robot_bringup/share/colcon-core/packages/robot_bringup)
[19.140s] Level 1:colcon.colcon_core.environment:create_environment_scripts_only(robot_interfaces)
[19.140s] Level 1:colcon.colcon_core.environment:checking '/root/Dojo/install/robot_interfaces' for CMake module files
[19.141s] DEBUG:colcon.colcon_core.event_handler.log_command:Invoked command in '/root/Dojo/build/robot_interfaces' returned '0': CMAKE_PREFIX_PATH=/opt/ros/humble /usr/bin/cmake --install /root/Dojo/build/robot_interfaces
[19.141s] Level 1:colcon.colcon_core.environment:checking '/root/Dojo/install/robot_interfaces' for CMake config files
[19.142s] Level 1:colcon.colcon_core.shell:create_environment_hook('robot_interfaces', 'cmake_prefix_path')
[19.143s] INFO:colcon.colcon_core.shell:Creating environment hook '/root/Dojo/install/robot_interfaces/share/robot_interfaces/hook/cmake_prefix_path.ps1'
[19.143s] INFO:colcon.colcon_core.shell:Creating environment descriptor '/root/Dojo/install/robot_interfaces/share/robot_interfaces/hook/cmake_prefix_path.dsv'
[19.143s] INFO:colcon.colcon_core.shell:Creating environment hook '/root/Dojo/install/robot_interfaces/share/robot_interfaces/hook/cmake_prefix_path.sh'
[19.144s] Level 1:colcon.colcon_core.environment:checking '/root/Dojo/install/robot_interfaces/lib'
[19.144s] Level 1:colcon.colcon_core.shell:create_environment_hook('robot_interfaces', 'ld_library_path_lib')
[19.144s] INFO:colcon.colcon_core.shell:Creating environment hook '/root/Dojo/install/robot_interfaces/share/robot_interfaces/hook/ld_library_path_lib.ps1'
[19.144s] INFO:colcon.colcon_core.shell:Creating environment descriptor '/root/Dojo/install/robot_interfaces/share/robot_interfaces/hook/ld_library_path_lib.dsv'
[19.145s] INFO:colcon.colcon_core.shell:Creating environment hook '/root/Dojo/install/robot_interfaces/share/robot_interfaces/hook/ld_library_path_lib.sh'
[19.145s] Level 1:colcon.colcon_core.environment:checking '/root/Dojo/install/robot_interfaces/bin'
[19.145s] Level 1:colcon.colcon_core.environment:checking '/root/Dojo/install/robot_interfaces/lib/pkgconfig/robot_interfaces.pc'
[19.145s] Level 1:colcon.colcon_core.environment:checking '/root/Dojo/install/robot_interfaces/lib/python3.10/site-packages'
[19.145s] Level 1:colcon.colcon_core.environment:checking '/root/Dojo/install/robot_interfaces/bin'
[19.146s] INFO:colcon.colcon_core.shell:Creating package script '/root/Dojo/install/robot_interfaces/share/robot_interfaces/package.ps1'
[19.146s] INFO:colcon.colcon_core.shell:Creating package descriptor '/root/Dojo/install/robot_interfaces/share/robot_interfaces/package.dsv'
[19.146s] INFO:colcon.colcon_core.shell:Creating package script '/root/Dojo/install/robot_interfaces/share/robot_interfaces/package.sh'
[19.147s] INFO:colcon.colcon_core.shell:Creating package script '/root/Dojo/install/robot_interfaces/share/robot_interfaces/package.bash'
[19.147s] INFO:colcon.colcon_core.shell:Creating package script '/root/Dojo/install/robot_interfaces/share/robot_interfaces/package.zsh'
[19.147s] Level 1:colcon.colcon_core.environment:create_file_with_runtime_dependencies(/root/Dojo/install/robot_interfaces/share/colcon-core/packages/robot_interfaces)
[19.148s] Level 1:colcon.colcon_core.environment:create_environment_scripts_only(robot_interfaces)
[19.148s] Level 1:colcon.colcon_core.environment:checking '/root/Dojo/install/robot_interfaces' for CMake module files
[19.148s] Level 1:colcon.colcon_core.environment:checking '/root/Dojo/install/robot_interfaces' for CMake config files
[19.149s] Level 1:colcon.colcon_core.shell:create_environment_hook('robot_interfaces', 'cmake_prefix_path')
[19.150s] INFO:colcon.colcon_core.shell:Creating environment hook '/root/Dojo/install/robot_interfaces/share/robot_interfaces/hook/cmake_prefix_path.ps1'
[19.150s] INFO:colcon.colcon_core.shell:Creating environment descriptor '/root/Dojo/install/robot_interfaces/share/robot_interfaces/hook/cmake_prefix_path.dsv'
[19.150s] INFO:colcon.colcon_core.shell:Creating environment hook '/root/Dojo/install/robot_interfaces/share/robot_interfaces/hook/cmake_prefix_path.sh'
[19.151s] Level 1:colcon.colcon_core.environment:checking '/root/Dojo/install/robot_interfaces/lib'
[19.151s] Level 1:colcon.colcon_core.shell:create_environment_hook('robot_interfaces', 'ld_library_path_lib')
[19.151s] INFO:colcon.colcon_core.shell:Creating environment hook '/root/Dojo/install/robot_interfaces/share/robot_interfaces/hook/ld_library_path_lib.ps1'
[19.151s] INFO:colcon.colcon_core.shell:Creating environment descriptor '/root/Dojo/install/robot_interfaces/share/robot_interfaces/hook/ld_library_path_lib.dsv'
[19.151s] INFO:colcon.colcon_core.shell:Creating environment hook '/root/Dojo/install/robot_interfaces/share/robot_interfaces/hook/ld_library_path_lib.sh'
[19.152s] Level 1:colcon.colcon_core.environment:checking '/root/Dojo/install/robot_interfaces/bin'
[19.152s] Level 1:colcon.colcon_core.environment:checking '/root/Dojo/install/robot_interfaces/lib/pkgconfig/robot_interfaces.pc'
[19.152s] Level 1:colcon.colcon_core.environment:checking '/root/Dojo/install/robot_interfaces/lib/python3.10/site-packages'
[19.152s] Level 1:colcon.colcon_core.environment:checking '/root/Dojo/install/robot_interfaces/bin'
[19.152s] INFO:colcon.colcon_core.shell:Creating package script '/root/Dojo/install/robot_interfaces/share/robot_interfaces/package.ps1'
[19.153s] INFO:colcon.colcon_core.shell:Creating package descriptor '/root/Dojo/install/robot_interfaces/share/robot_interfaces/package.dsv'
[19.153s] INFO:colcon.colcon_core.shell:Creating package script '/root/Dojo/install/robot_interfaces/share/robot_interfaces/package.sh'
[19.153s] INFO:colcon.colcon_core.shell:Creating package script '/root/Dojo/install/robot_interfaces/share/robot_interfaces/package.bash'
[19.154s] INFO:colcon.colcon_core.shell:Creating package script '/root/Dojo/install/robot_interfaces/share/robot_interfaces/package.zsh'
[19.154s] Level 1:colcon.colcon_core.environment:create_file_with_runtime_dependencies(/root/Dojo/install/robot_interfaces/share/colcon-core/packages/robot_interfaces)
[25.882s] DEBUG:colcon.colcon_core.event_handler.log_command:Invoked command in '/root/Dojo/build/camera_ros' returned '0': CMAKE_PREFIX_PATH=/opt/ros/humble /usr/bin/cmake --build /root/Dojo/build/camera_ros -- -j16 -l16
[25.884s] DEBUG:colcon.colcon_core.event_handler.log_command:Invoking command in '/root/Dojo/build/camera_ros': CMAKE_PREFIX_PATH=/opt/ros/humble /usr/bin/cmake --install /root/Dojo/build/camera_ros
[26.099s] Level 1:colcon.colcon_core.environment:create_environment_scripts_only(camera_ros)
[26.099s] DEBUG:colcon.colcon_core.event_handler.log_command:Invoked command in '/root/Dojo/build/camera_ros' returned '0': CMAKE_PREFIX_PATH=/opt/ros/humble /usr/bin/cmake --install /root/Dojo/build/camera_ros
[26.099s] Level 1:colcon.colcon_core.environment:checking '/root/Dojo/install/camera_ros' for CMake module files
[26.100s] Level 1:colcon.colcon_core.environment:checking '/root/Dojo/install/camera_ros' for CMake config files
[26.100s] Level 1:colcon.colcon_core.shell:create_environment_hook('camera_ros', 'cmake_prefix_path')
[26.100s] INFO:colcon.colcon_core.shell:Creating environment hook '/root/Dojo/install/camera_ros/share/camera_ros/hook/cmake_prefix_path.ps1'
[26.101s] INFO:colcon.colcon_core.shell:Creating environment descriptor '/root/Dojo/install/camera_ros/share/camera_ros/hook/cmake_prefix_path.dsv'
[26.101s] INFO:colcon.colcon_core.shell:Creating environment hook '/root/Dojo/install/camera_ros/share/camera_ros/hook/cmake_prefix_path.sh'
[26.101s] Level 1:colcon.colcon_core.environment:checking '/root/Dojo/install/camera_ros/lib'
[26.101s] Level 1:colcon.colcon_core.shell:create_environment_hook('camera_ros', 'ld_library_path_lib')
[26.102s] INFO:colcon.colcon_core.shell:Creating environment hook '/root/Dojo/install/camera_ros/share/camera_ros/hook/ld_library_path_lib.ps1'
[26.102s] INFO:colcon.colcon_core.shell:Creating environment descriptor '/root/Dojo/install/camera_ros/share/camera_ros/hook/ld_library_path_lib.dsv'
[26.102s] INFO:colcon.colcon_core.shell:Creating environment hook '/root/Dojo/install/camera_ros/share/camera_ros/hook/ld_library_path_lib.sh'
[26.103s] Level 1:colcon.colcon_core.environment:checking '/root/Dojo/install/camera_ros/bin'
[26.103s] Level 1:colcon.colcon_core.environment:checking '/root/Dojo/install/camera_ros/lib/pkgconfig/camera_ros.pc'
[26.103s] Level 1:colcon.colcon_core.environment:checking '/root/Dojo/install/camera_ros/lib/python3.10/site-packages'
[26.103s] Level 1:colcon.colcon_core.environment:checking '/root/Dojo/install/camera_ros/bin'
[26.103s] INFO:colcon.colcon_core.shell:Creating package script '/root/Dojo/install/camera_ros/share/camera_ros/package.ps1'
[26.104s] INFO:colcon.colcon_core.shell:Creating package descriptor '/root/Dojo/install/camera_ros/share/camera_ros/package.dsv'
[26.104s] INFO:colcon.colcon_core.shell:Creating package script '/root/Dojo/install/camera_ros/share/camera_ros/package.sh'
[26.104s] INFO:colcon.colcon_core.shell:Creating package script '/root/Dojo/install/camera_ros/share/camera_ros/package.bash'
[26.105s] INFO:colcon.colcon_core.shell:Creating package script '/root/Dojo/install/camera_ros/share/camera_ros/package.zsh'
[26.105s] Level 1:colcon.colcon_core.environment:create_file_with_runtime_dependencies(/root/Dojo/install/camera_ros/share/colcon-core/packages/camera_ros)
[26.106s] Level 1:colcon.colcon_core.environment:create_environment_scripts_only(camera_ros)
[26.106s] Level 1:colcon.colcon_core.environment:checking '/root/Dojo/install/camera_ros' for CMake module files
[26.106s] Level 1:colcon.colcon_core.environment:checking '/root/Dojo/install/camera_ros' for CMake config files
[26.107s] Level 1:colcon.colcon_core.shell:create_environment_hook('camera_ros', 'cmake_prefix_path')
[26.107s] INFO:colcon.colcon_core.shell:Creating environment hook '/root/Dojo/install/camera_ros/share/camera_ros/hook/cmake_prefix_path.ps1'
[26.107s] INFO:colcon.colcon_core.shell:Creating environment descriptor '/root/Dojo/install/camera_ros/share/camera_ros/hook/cmake_prefix_path.dsv'
[26.107s] INFO:colcon.colcon_core.shell:Creating environment hook '/root/Dojo/install/camera_ros/share/camera_ros/hook/cmake_prefix_path.sh'
[26.108s] Level 1:colcon.colcon_core.environment:checking '/root/Dojo/install/camera_ros/lib'
[26.108s] Level 1:colcon.colcon_core.shell:create_environment_hook('camera_ros', 'ld_library_path_lib')
[26.108s] INFO:colcon.colcon_core.shell:Creating environment hook '/root/Dojo/install/camera_ros/share/camera_ros/hook/ld_library_path_lib.ps1'
[26.108s] INFO:colcon.colcon_core.shell:Creating environment descriptor '/root/Dojo/install/camera_ros/share/camera_ros/hook/ld_library_path_lib.dsv'
[26.109s] INFO:colcon.colcon_core.shell:Creating environment hook '/root/Dojo/install/camera_ros/share/camera_ros/hook/ld_library_path_lib.sh'
[26.109s] Level 1:colcon.colcon_core.environment:checking '/root/Dojo/install/camera_ros/bin'
[26.109s] Level 1:colcon.colcon_core.environment:checking '/root/Dojo/install/camera_ros/lib/pkgconfig/camera_ros.pc'
[26.109s] Level 1:colcon.colcon_core.environment:checking '/root/Dojo/install/camera_ros/lib/python3.10/site-packages'
[26.110s] Level 1:colcon.colcon_core.environment:checking '/root/Dojo/install/camera_ros/bin'
[26.110s] INFO:colcon.colcon_core.shell:Creating package script '/root/Dojo/install/camera_ros/share/camera_ros/package.ps1'
[26.110s] INFO:colcon.colcon_core.shell:Creating package descriptor '/root/Dojo/install/camera_ros/share/camera_ros/package.dsv'
[26.111s] INFO:colcon.colcon_core.shell:Creating package script '/root/Dojo/install/camera_ros/share/camera_ros/package.sh'
[26.111s] INFO:colcon.colcon_core.shell:Creating package script '/root/Dojo/install/camera_ros/share/camera_ros/package.bash'
[26.111s] INFO:colcon.colcon_core.shell:Creating package script '/root/Dojo/install/camera_ros/share/camera_ros/package.zsh'
[26.112s] Level 1:colcon.colcon_core.environment:create_file_with_runtime_dependencies(/root/Dojo/install/camera_ros/share/colcon-core/packages/camera_ros)
[26.112s] DEBUG:colcon.colcon_parallel_executor.executor.parallel:closing loop
[26.112s] DEBUG:colcon.colcon_parallel_executor.executor.parallel:loop closed
[26.112s] DEBUG:colcon.colcon_parallel_executor.executor.parallel:run_until_complete finished with '0'
[26.112s] DEBUG:colcon.colcon_core.event_reactor:joining thread
[26.118s] INFO:colcon.colcon_core.plugin_system:Skipping extension 'colcon_notification.desktop_notification.notify_send': Could not find 'notify-send'
[26.118s] INFO:colcon.colcon_core.plugin_system:Skipping extension 'colcon_notification.desktop_notification.terminal_notifier': Not used on non-Darwin systems
[26.118s] INFO:colcon.colcon_core.plugin_system:Skipping extension 'colcon_notification.desktop_notification.win32': Not used on non-Windows systems
[26.118s] INFO:colcon.colcon_notification.desktop_notification:Sending desktop notification using 'notify2'
[26.121s] DEBUG:colcon.colcon_notification.desktop_notification.notify2:Failed to initialize notify2: org.freedesktop.DBus.Error.Spawn.ExecFailed: /usr/bin/dbus-launch terminated abnormally without any error message
[26.122s] DEBUG:colcon.colcon_core.event_reactor:joined thread
[26.122s] INFO:colcon.colcon_core.shell:Creating prefix script '/root/Dojo/install/local_setup.ps1'
[26.124s] INFO:colcon.colcon_core.shell:Creating prefix util module '/root/Dojo/install/_local_setup_util_ps1.py'
[26.125s] INFO:colcon.colcon_core.shell:Creating prefix chain script '/root/Dojo/install/setup.ps1'
[26.125s] INFO:colcon.colcon_core.shell:Creating prefix script '/root/Dojo/install/local_setup.sh'
[26.126s] INFO:colcon.colcon_core.shell:Creating prefix util module '/root/Dojo/install/_local_setup_util_sh.py'
[26.126s] INFO:colcon.colcon_core.shell:Creating prefix chain script '/root/Dojo/install/setup.sh'
[26.127s] INFO:colcon.colcon_core.shell:Creating prefix script '/root/Dojo/install/local_setup.bash'
[26.128s] INFO:colcon.colcon_core.shell:Creating prefix chain script '/root/Dojo/install/setup.bash'
[26.128s] INFO:colcon.colcon_core.shell:Creating prefix script '/root/Dojo/install/local_setup.zsh'
[26.129s] INFO:colcon.colcon_core.shell:Creating prefix chain script '/root/Dojo/install/setup.zsh'
